{
    "last_scan_index": 425,
    "AAPL": {
        "close": 259.9507141113281,
        "sma200": 232.803904876709,
        "sma50": 272.5907958984375,
        "rsi_weekly": 63.04886287071741,
        "rsi_monthly": 65.05593439886373,
        "52w_high": 286.19000244140625,
        "52w_low": 0
    },
    "NVDA": {
        "close": 185.36000061035156,
        "sma200": 162.1752392196655,
        "sma50": 186.37893981933593,
        "rsi_weekly": 58.648705712566795,
        "rsi_monthly": 76.36247854071549,
        "52w_high": 207.02847290039062,
        "52w_low": 0
    },
    "TSLA": {
        "close": 444.9150085449219,
        "sma200": 364.7480751800537,
        "sma50": 444.2543017578125,
        "rsi_weekly": 56.31157929953819,
        "rsi_monthly": 70.21254147643917,
        "52w_high": 489.8800048828125,
        "52w_low": 0
    },
    "MSFT": {
        "close": 479.6000061035156,
        "sma200": 478.9713885498047,
        "sma50": 490.3912744140625,
        "rsi_weekly": 44.49072418276536,
        "rsi_monthly": 64.94485308255511,
        "52w_high": 541.057373046875,
        "52w_low": 0
    },
    "AMD": {
        "close": 203.8800048828125,
        "sma200": 165.76234981536865,
        "sma50": 223.99119934082032,
        "rsi_weekly": 60.71614808686848,
        "rsi_monthly": 69.38721493424931,
        "52w_high": 264.3299865722656,
        "52w_low": 0
    },
    "ROL": {
        "close": 60.98099899291992,
        "sma200": 57.00481307983399,
        "sma50": 59.563424835205076,
        "rsi_weekly": 54.367213531929345,
        "rsi_monthly": 72.2475842318474,
        "52w_high": 61.5,
        "52w_low": 0
    },
    "ROP": {
        "close": 434.1449890136719,
        "sma200": 516.8958436584472,
        "sma50": 444.20942138671876,
        "rsi_weekly": 26.19178732607533,
        "rsi_monthly": 36.59486927928452,
        "52w_high": 589.9105224609375,
        "52w_low": 0
    },
    "ROST": {
        "close": 191.3699951171875,
        "sma200": 149.6774996948242,
        "sma50": 173.92398132324217,
        "rsi_weekly": 76.52528043911,
        "rsi_monthly": 74.96832756539106,
        "52w_high": 191.3699951171875,
        "52w_low": 0
    },
    "RCL": {
        "close": 311.30499267578125,
        "sma200": 282.6600192260742,
        "sma50": 272.10203704833987,
        "rsi_weekly": 49.309652039384495,
        "rsi_monthly": 57.1899468109035,
        "52w_high": 363.48126220703125,
        "52w_low": 0
    },
    "SPGI": {
        "close": 543.4199829101562,
        "sma200": 509.0548107910156,
        "sma50": 504.0838812255859,
        "rsi_weekly": 52.373541128875935,
        "rsi_monthly": 47.47780308786032,
        "52w_high": 562.063232421875,
        "52w_low": 0
    },
    "CRM": {
        "close": 259.5350036621094,
        "sma200": 255.588249130249,
        "sma50": 250.27110412597656,
        "rsi_weekly": 49.79220217853954,
        "rsi_monthly": 61.20226868524411,
        "52w_high": 357.6153259277344,
        "52w_low": 0
    },
    "SBAC": {
        "close": 181.0800018310547,
        "sma200": 210.23012062072755,
        "sma50": 192.0837728881836,
        "rsi_weekly": 41.03896445479433,
        "rsi_monthly": 31.933399371780745,
        "52w_high": 239.70611572265625,
        "52w_low": 0
    },
    "SLB": {
        "close": 45.03499984741211,
        "sma200": 35.16610548019409,
        "sma50": 37.854108276367185,
        "rsi_weekly": 61.8781519489439,
        "rsi_monthly": 47.56523274670271,
        "52w_high": 45.03499984741211,
        "52w_low": 0
    },
    "STX": {
        "close": 305.2149963378906,
        "sma200": 179.65189414978028,
        "sma50": 276.7245376586914,
        "rsi_weekly": 68.84193381616947,
        "rsi_monthly": 89.80354231389258,
        "52w_high": 330.4200134277344,
        "52w_low": 0
    },
    "SRE": {
        "close": 88.875,
        "sma200": 81.03468549728393,
        "sma50": 89.99533920288086,
        "rsi_weekly": 57.82072518714391,
        "rsi_monthly": 58.777866443587314,
        "52w_high": 94.03408813476562,
        "52w_low": 0
    },
    "NOW": {
        "close": 141.6199951171875,
        "sma200": 180.82235946655274,
        "sma50": 163.79431915283203,
        "rsi_weekly": 32.763124657989955,
        "rsi_monthly": 42.4680627861414,
        "52w_high": 234.0780029296875,
        "52w_low": 0
    },
    "SHW": {
        "close": 353.54901123046875,
        "sma200": 343.1360893249512,
        "sma50": 333.87462524414065,
        "rsi_weekly": 43.831237545513865,
        "rsi_monthly": 60.753183572751134,
        "52w_high": 374.35516357421875,
        "52w_low": 0
    },
    "SPG": {
        "close": 184.7519989013672,
        "sma200": 167.7797304534912,
        "sma50": 181.75249572753907,
        "rsi_weekly": 59.47223468558642,
        "rsi_monthly": 72.6105157097802,
        "52w_high": 188.2899932861328,
        "52w_low": 0
    },
    "SWKS": {
        "close": 60.959999084472656,
        "sma200": 68.97043006896973,
        "sma50": 66.7094605255127,
        "rsi_weekly": 43.02241205668125,
        "rsi_monthly": 37.66629230723316,
        "52w_high": 90.16692352294922,
        "52w_low": 0
    },
    "SJM": {
        "close": 100.41500091552734,
        "sma200": 105.55288570404053,
        "sma50": 101.65528930664063,
        "rsi_weekly": 38.511308452958176,
        "rsi_monthly": 28.528017099328085,
        "52w_high": 115.06596374511719,
        "52w_low": 0
    },
    "SNA": {
        "close": 362.9200134277344,
        "sma200": 326.73455017089844,
        "sma50": 343.3590148925781,
        "rsi_weekly": 58.339872047615835,
        "rsi_monthly": 51.62137602001226,
        "52w_high": 362.9200134277344,
        "52w_low": 0
    },
    "SO": {
        "close": 87.12999725341797,
        "sma200": 90.2495276260376,
        "sma50": 88.44411178588867,
        "rsi_weekly": 43.31785413567513,
        "rsi_monthly": 51.19789578445181,
        "52w_high": 98.90631866455078,
        "52w_low": 0
    },
    "LUV": {
        "close": 44.76499938964844,
        "sma200": 32.66101435661316,
        "sma50": 36.653893852233885,
        "rsi_weekly": 70.55545889664594,
        "rsi_monthly": 75.95084162018959,
        "52w_high": 44.76499938964844,
        "52w_low": 0
    },
    "SWK": {
        "close": 82.2699966430664,
        "sma200": 68.64706357955933,
        "sma50": 71.2059016418457,
        "rsi_weekly": 57.019843384616244,
        "rsi_monthly": 41.7716002184137,
        "52w_high": 86.36911010742188,
        "52w_low": 0
    },
    "SBUX": {
        "close": 88.92500305175781,
        "sma200": 86.18558525085449,
        "sma50": 84.84705459594727,
        "rsi_weekly": 46.88367738985391,
        "rsi_monthly": 51.02710246356295,
        "52w_high": 113.42715454101562,
        "52w_low": 0
    },
    "STT": {
        "close": 132.58999633789062,
        "sma200": 107.10297142028809,
        "sma50": 122.39177185058594,
        "rsi_weekly": 70.21489059806044,
        "rsi_monthly": 84.0267007339447,
        "52w_high": 134.32000732421875,
        "52w_low": 0
    },
    "SYK": {
        "close": 369.2749938964844,
        "sma200": 372.6671520996094,
        "sma50": 359.5712371826172,
        "rsi_weekly": 38.99979825077301,
        "rsi_monthly": 56.4555443878475,
        "52w_high": 401.6130676269531,
        "52w_low": 0
    },
    "SYF": {
        "close": 87.25,
        "sma200": 68.29779668807983,
        "sma50": 79.49043762207032,
        "rsi_weekly": 69.55936280267265,
        "rsi_monthly": 77.20157742642068,
        "52w_high": 88.47000122070312,
        "52w_low": 0
    },
    "SNPS": {
        "close": 526.1699829101562,
        "sma200": 491.5118003845215,
        "sma50": 445.03419982910157,
        "rsi_weekly": 50.92149745633561,
        "rsi_monthly": 54.61157390579129,
        "52w_high": 645.3499755859375,
        "52w_low": 0
    }
}