{
    "last_scan_index": 350,
    "AAPL": {
        "close": 248.35000610351562,
        "sma200": 234.39857795715332,
        "sma50": 270.19619842529295,
        "rsi_weekly": 51.059659059930674,
        "rsi_monthly": 65.0559716318705,
        "52w_high": 286.19000244140625,
        "52w_low": 0
    },
    "NVDA": {
        "close": 184.83999633789062,
        "sma200": 165.2409197998047,
        "sma50": 184.0501092529297,
        "rsi_weekly": 56.61352268897057,
        "rsi_monthly": 76.36247262524995,
        "52w_high": 207.02847290039062,
        "52w_low": 0
    },
    "TSLA": {
        "close": 449.3599853515625,
        "sma200": 371.67680030822754,
        "sma50": 442.3198016357422,
        "rsi_weekly": 55.767272209839355,
        "rsi_monthly": 70.21254147643917,
        "52w_high": 489.8800048828125,
        "52w_low": 0
    },
    "MSFT": {
        "close": 451.1400146484375,
        "sma200": 482.25812576293947,
        "sma50": 481.6579150390625,
        "rsi_weekly": 40.972927642423855,
        "rsi_monthly": 64.94485530211402,
        "52w_high": 541.057373046875,
        "52w_low": 0
    },
    "AMD": {
        "close": 253.72999572753906,
        "sma200": 170.95559978485107,
        "sma50": 220.6750003051758,
        "rsi_weekly": 60.57175331207617,
        "rsi_monthly": 69.38721493424931,
        "52w_high": 264.3299865722656,
        "52w_low": 0
    },
    "MSI": {
        "close": 397.489990234375,
        "sma200": 419.0676190185547,
        "sma50": 377.8497601318359,
        "rsi_weekly": 47.68765510293291,
        "rsi_monthly": 51.60524814579457,
        "52w_high": 487.5675354003906,
        "52w_low": 0
    },
    "MSCI": {
        "close": 591.25,
        "sma200": 559.6134675598145,
        "sma50": 568.5440100097657,
        "rsi_weekly": 59.14356603364473,
        "rsi_monthly": 36.10725517951315,
        "52w_high": 620.4635009765625,
        "52w_low": 0
    },
    "NDAQ": {
        "close": 98.77999877929688,
        "sma200": 88.21725002288818,
        "sma50": 93.5451579284668,
        "rsi_weekly": 70.20978082017199,
        "rsi_monthly": 65.50111021193861,
        "52w_high": 100.9800033569336,
        "52w_low": 0
    },
    "NTAP": {
        "close": 99.25,
        "sma200": 106.43105682373047,
        "sma50": 109.10332962036132,
        "rsi_weekly": 42.45409354189254,
        "rsi_monthly": 54.730368087278464,
        "52w_high": 125.20184326171875,
        "52w_low": 0
    },
    "NFLX": {
        "close": 83.54000091552734,
        "sma200": 113.01033512115478,
        "sma50": 98.22482009887695,
        "rsi_weekly": 30.563350054521422,
        "rsi_monthly": 56.023247459645084,
        "52w_high": 133.91299438476562,
        "52w_low": 0
    },
    "NEM": {
        "close": 121.69000244140625,
        "sma200": 74.36506944656372,
        "sma50": 98.8280436706543,
        "rsi_weekly": 76.06149455825542,
        "rsi_monthly": 76.17404120889559,
        "52w_high": 121.69000244140625,
        "52w_low": 0
    },
    "NWL": {
        "close": 4.349999904632568,
        "sma200": 4.796548184156418,
        "sma50": 3.730462737083435,
        "rsi_weekly": 46.65369535955834,
        "rsi_monthly": 28.546729737367322,
        "52w_high": 10.08272933959961,
        "52w_low": 0
    },
    "NWS": {
        "close": 30.950000762939453,
        "sma200": 31.645804958343504,
        "sma50": 29.69020008087158,
        "rsi_weekly": 46.366568943661306,
        "rsi_monthly": 63.47158729663086,
        "52w_high": 35.061614990234375,
        "52w_low": 0
    },
    "NWSA": {
        "close": 26.729999542236328,
        "sma200": 27.67431573867798,
        "sma50": 26.069399948120118,
        "rsi_weekly": 43.08992086172229,
        "rsi_monthly": 62.059547536639855,
        "52w_high": 31.030000686645508,
        "52w_low": 0
    },
    "NEE": {
        "close": 85.06999969482422,
        "sma200": 74.96875387191773,
        "sma50": 82.33932846069337,
        "rsi_weekly": 59.55089611341578,
        "rsi_monthly": 53.790268989805114,
        "52w_high": 86.29000091552734,
        "52w_low": 0
    },
    "NKE": {
        "close": 65.45999908447266,
        "sma200": 66.04937789916993,
        "sma50": 63.8004923248291,
        "rsi_weekly": 47.62082626824989,
        "rsi_monthly": 44.08469121375803,
        "52w_high": 79.84435272216797,
        "52w_low": 0
    },
    "NI": {
        "close": 43.52000045776367,
        "sma200": 40.95035739898682,
        "sma50": 42.407000045776364,
        "rsi_weekly": 59.86145582586429,
        "rsi_monthly": 71.91681224669424,
        "52w_high": 44.130001068115234,
        "52w_low": 0
    },
    "NDSN": {
        "close": 273.94000244140625,
        "sma200": 220.60967109680175,
        "sma50": 243.0427618408203,
        "rsi_weekly": 76.34398881079042,
        "rsi_monthly": 65.82905669531723,
        "52w_high": 273.94000244140625,
        "52w_low": 0
    },
    "NSC": {
        "close": 289.0799865722656,
        "sma200": 268.63188674926755,
        "sma50": 289.3271990966797,
        "rsi_weekly": 59.17152408268747,
        "rsi_monthly": 70.52095254088543,
        "52w_high": 299.489990234375,
        "52w_low": 0
    },
    "NTRS": {
        "close": 153.1199951171875,
        "sma200": 122.065417137146,
        "sma50": 136.51170028686522,
        "rsi_weekly": 73.72386405645862,
        "rsi_monthly": 75.58429994968385,
        "52w_high": 153.1199951171875,
        "52w_low": 0
    },
    "NOC": {
        "close": 670.4400024414062,
        "sma200": 550.2340805053711,
        "sma50": 582.2385913085938,
        "rsi_weekly": 71.80143816978843,
        "rsi_monthly": 68.49367979357069,
        "52w_high": 670.4400024414062,
        "52w_low": 0
    },
    "NCLH": {
        "close": 20.81999969482422,
        "sma200": 21.328450016975403,
        "sma50": 20.760200157165528,
        "rsi_weekly": 50.029765913742985,
        "rsi_monthly": 58.01496446523557,
        "52w_high": 29.06999969482422,
        "52w_low": 0
    },
    "NRG": {
        "close": 151.08999633789062,
        "sma200": 152.0054050064087,
        "sma50": 160.27500061035155,
        "rsi_weekly": 47.53023346280839,
        "rsi_monthly": 70.21419339377877,
        "52w_high": 178.04299926757812,
        "52w_low": 0
    },
    "NUE": {
        "close": 180.27000427246094,
        "sma200": 138.4248503112793,
        "sma50": 161.12149444580078,
        "rsi_weekly": 67.66121459128095,
        "rsi_monthly": 59.899681269931776,
        "52w_high": 180.27000427246094,
        "52w_low": 0
    },
    "NVR": {
        "close": 7762.31005859375,
        "sma200": 7538.469196777343,
        "sma50": 7430.367783203125,
        "rsi_weekly": 49.687462123226155,
        "rsi_monthly": 58.86456260855224,
        "52w_high": 8543.0,
        "52w_low": 0
    },
    "NXPI": {
        "close": 236.75,
        "sma200": 212.4880322265625,
        "sma50": 218.9997946166992,
        "rsi_weekly": 59.104405267526914,
        "rsi_monthly": 70.08245843766628,
        "52w_high": 245.9499969482422,
        "52w_low": 0
    },
    "ORLY": {
        "close": 98.87999725341797,
        "sma200": 96.37324668884277,
        "sma50": 95.70039932250977,
        "rsi_weekly": 47.367688949641014,
        "rsi_monthly": 60.84178922226018,
        "52w_high": 107.81999969482422,
        "52w_low": 0
    },
    "OXY": {
        "close": 43.150001525878906,
        "sma200": 42.45987079620361,
        "sma50": 41.56997268676758,
        "rsi_weekly": 50.04606913035951,
        "rsi_monthly": 49.7378745479738,
        "52w_high": 50.96758270263672,
        "52w_low": 0
    },
    "ODFL": {
        "close": 178.25,
        "sma200": 152.65307415008544,
        "sma50": 153.63226943969727,
        "rsi_weekly": 65.94639983257518,
        "rsi_monthly": 62.712651691312786,
        "52w_high": 207.7945098876953,
        "52w_low": 0
    }
}