{
    "last_scan_index": 325,
    "AAPL": {
        "close": 259.2799987792969,
        "sma200": 233.59173805236816,
        "sma50": 271.8005102539062,
        "rsi_weekly": 53.761853252557245,
        "rsi_monthly": 65.05591445321468,
        "52w_high": 286.19000244140625,
        "52w_low": 0
    },
    "NVDA": {
        "close": 189.55999755859375,
        "sma200": 163.6741913986206,
        "sma50": 184.85285186767578,
        "rsi_weekly": 55.832537368512654,
        "rsi_monthly": 76.3624759371953,
        "52w_high": 207.02847290039062,
        "52w_low": 0
    },
    "TSLA": {
        "close": 442.989990234375,
        "sma200": 368.3008002471924,
        "sma50": 443.29240173339844,
        "rsi_weekly": 57.433070397524055,
        "rsi_monthly": 70.21254147643917,
        "52w_high": 489.8800048828125,
        "52w_low": 0
    },
    "MSFT": {
        "close": 457.8799133300781,
        "sma200": 480.66255477905275,
        "sma50": 485.7226135253906,
        "rsi_weekly": 46.924932970970275,
        "rsi_monthly": 64.94485424705637,
        "52w_high": 541.057373046875,
        "52w_low": 0
    },
    "AMD": {
        "close": 235.88999938964844,
        "sma200": 168.08554981231688,
        "sma50": 221.04119995117188,
        "rsi_weekly": 52.90812131363197,
        "rsi_monthly": 69.38721493424931,
        "52w_high": 264.3299865722656,
        "52w_low": 0
    },
    "MAS": {
        "close": 70.83000183105469,
        "sma200": 65.75083652496338,
        "sma50": 63.98137939453125,
        "rsi_weekly": 56.28142577897387,
        "rsi_monthly": 63.3300486330139,
        "52w_high": 80.34850311279297,
        "52w_low": 0
    },
    "MA": {
        "close": 541.8099975585938,
        "sma200": 560.7444502258301,
        "sma50": 555.9566809082031,
        "rsi_weekly": 54.6183312458964,
        "rsi_monthly": 71.24567432276521,
        "52w_high": 597.273193359375,
        "52w_low": 0
    },
    "MTCH": {
        "close": 31.735000610351562,
        "sma200": 32.455268440246584,
        "sma50": 32.5456192779541,
        "rsi_weekly": 46.888476379443965,
        "rsi_monthly": 36.58014239321739,
        "52w_high": 38.33238983154297,
        "52w_low": 0
    },
    "MKC": {
        "close": 68.30010223388672,
        "sma200": 69.30096454620362,
        "sma50": 66.20187782287597,
        "rsi_weekly": 49.47132664063798,
        "rsi_monthly": 48.96213457706033,
        "52w_high": 82.57147216796875,
        "52w_low": 0
    },
    "MCD": {
        "close": 307.44500732421875,
        "sma200": 303.46617919921874,
        "sma50": 307.4190594482422,
        "rsi_weekly": 52.084723679701206,
        "rsi_monthly": 58.176167618233464,
        "52w_high": 319.6499938964844,
        "52w_low": 0
    },
    "MCK": {
        "close": 839.6400146484375,
        "sma200": 745.376012878418,
        "sma50": 833.7102502441406,
        "rsi_weekly": 58.94068738129643,
        "rsi_monthly": 71.49638799910386,
        "52w_high": 888.4524536132812,
        "52w_low": 0
    },
    "MDT": {
        "close": 99.14920043945312,
        "sma200": 91.07786758422851,
        "sma50": 98.36598358154296,
        "rsi_weekly": 55.25321503019078,
        "rsi_monthly": 49.26090317857929,
        "52w_high": 105.3499984741211,
        "52w_low": 0
    },
    "MRK": {
        "close": 110.80999755859375,
        "sma200": 85.21454063415527,
        "sma50": 99.92387908935547,
        "rsi_weekly": 71.48229082302157,
        "rsi_monthly": 67.21382176071116,
        "52w_high": 111.01000213623047,
        "52w_low": 0
    },
    "MET": {
        "close": 78.27999877929688,
        "sma200": 77.66091220855714,
        "sma50": 78.7002001953125,
        "rsi_weekly": 51.337847061752775,
        "rsi_monthly": 57.018053608476954,
        "52w_high": 84.54906463623047,
        "52w_low": 0
    },
    "MTD": {
        "close": 1489.885009765625,
        "sma200": 1267.8951745605468,
        "sma50": 1432.1359008789063,
        "rsi_weekly": 63.015747584078845,
        "rsi_monthly": 60.78296128761418,
        "52w_high": 1506.02001953125,
        "52w_low": 0
    },
    "MGM": {
        "close": 35.255001068115234,
        "sma200": 34.18602499008179,
        "sma50": 34.84950004577637,
        "rsi_weekly": 48.40221973101226,
        "rsi_monthly": 48.11049773966102,
        "52w_high": 40.369998931884766,
        "52w_low": 0
    },
    "MCHP": {
        "close": 75.33000183105469,
        "sma200": 61.37762966156006,
        "sma50": 62.32834320068359,
        "rsi_weekly": 63.55736050810425,
        "rsi_monthly": 46.03963577660635,
        "52w_high": 75.33000183105469,
        "52w_low": 0
    },
    "MU": {
        "close": 342.2850036621094,
        "sma200": 159.90531833648683,
        "sma50": 263.2246142578125,
        "rsi_weekly": 83.49890738272342,
        "rsi_monthly": 85.13259296225186,
        "52w_high": 345.8699951171875,
        "52w_low": 0
    },
    "MAA": {
        "close": 135.16000366210938,
        "sma200": 142.30160152435303,
        "sma50": 133.90359939575194,
        "rsi_weekly": 46.87313357937248,
        "rsi_monthly": 49.27712273999221,
        "52w_high": 165.6918487548828,
        "52w_low": 0
    },
    "MRNA": {
        "close": 40.810001373291016,
        "sma200": 27.571799945831298,
        "sma50": 28.987399978637697,
        "rsi_weekly": 59.84390070369504,
        "rsi_monthly": 22.609479190243324,
        "52w_high": 44.939998626708984,
        "52w_low": 0
    },
    "MHK": {
        "close": 122.4749984741211,
        "sma200": 114.47347499847412,
        "sma50": 110.98550003051758,
        "rsi_weekly": 52.356764420677294,
        "rsi_monthly": 59.38509234588343,
        "52w_high": 139.75,
        "52w_low": 0
    },
    "MOH": {
        "close": 193.41000366210938,
        "sma200": 218.01065040588378,
        "sma50": 158.97939971923827,
        "rsi_weekly": 47.866895094977785,
        "rsi_monthly": 48.64172992303688,
        "52w_high": 353.239990234375,
        "52w_low": 0
    },
    "TAP": {
        "close": 50.34000015258789,
        "sma200": 49.20256763458252,
        "sma50": 46.49815773010254,
        "rsi_weekly": 51.23371409559852,
        "rsi_monthly": 45.65294733585965,
        "52w_high": 61.11589431762695,
        "52w_low": 0
    },
    "MDLZ": {
        "close": 57.40999984741211,
        "sma200": 61.473007926940916,
        "sma50": 54.925219955444334,
        "rsi_weekly": 38.08215950588793,
        "rsi_monthly": 27.354652950278545,
        "52w_high": 69.54491424560547,
        "52w_low": 0
    },
    "MPWR": {
        "close": 1021.7100219726562,
        "sma200": 811.0761659240723,
        "sma50": 942.7047485351562,
        "rsi_weekly": 58.55068298861913,
        "rsi_monthly": 72.97174567111189,
        "52w_high": 1103.1842041015625,
        "52w_low": 0
    },
    "MNST": {
        "close": 78.29499816894531,
        "sma200": 65.6930750465393,
        "sma50": 74.24149993896485,
        "rsi_weekly": 71.2951036965348,
        "rsi_monthly": 78.91304478658172,
        "52w_high": 78.43000030517578,
        "52w_low": 0
    },
    "MCO": {
        "close": 538.6950073242188,
        "sma200": 486.1902101135254,
        "sma50": 498.9399774169922,
        "rsi_weekly": 61.10705163298436,
        "rsi_monthly": 54.890932654730626,
        "52w_high": 538.6950073242188,
        "52w_low": 0
    },
    "MS": {
        "close": 191.17999267578125,
        "sma200": 146.8982484436035,
        "sma50": 173.9719985961914,
        "rsi_weekly": 75.56020810982157,
        "rsi_monthly": 80.31267271620273,
        "52w_high": 191.17999267578125,
        "52w_low": 0
    },
    "MOS": {
        "close": 27.56999969482422,
        "sma200": 30.464046897888185,
        "sma50": 24.777204704284667,
        "rsi_weekly": 43.77302023750557,
        "rsi_monthly": 42.49652274789351,
        "52w_high": 37.212406158447266,
        "52w_low": 0
    }
}