{
    "last_scan_index": 200,
    "AAPL": {
        "close": 259.9599914550781,
        "sma200": 233.18274032592774,
        "sma50": 272.1718621826172,
        "rsi_weekly": 53.761853327882406,
        "rsi_monthly": 65.05591386367873,
        "52w_high": 286.19000244140625,
        "52w_low": 0
    },
    "NVDA": {
        "close": 185.16000366210938,
        "sma200": 162.8974935531616,
        "sma50": 185.57279632568358,
        "rsi_weekly": 55.83253747131216,
        "rsi_monthly": 76.3624779742,
        "52w_high": 207.02847290039062,
        "52w_low": 0
    },
    "TSLA": {
        "close": 449.9649963378906,
        "sma200": 366.517225112915,
        "sma50": 444.20250122070314,
        "rsi_weekly": 57.433070397524055,
        "rsi_monthly": 70.21254147643917,
        "52w_high": 489.8800048828125,
        "52w_low": 0
    },
    "MSFT": {
        "close": 468.7300109863281,
        "sma200": 479.81739929199216,
        "sma50": 487.9967510986328,
        "rsi_weekly": 46.924932642723526,
        "rsi_monthly": 64.94487284404187,
        "52w_high": 541.057373046875,
        "52w_low": 0
    },
    "AMD": {
        "close": 218.58999633789062,
        "sma200": 166.80599975585938,
        "sma50": 222.11919952392577,
        "rsi_weekly": 52.90812131363197,
        "rsi_monthly": 69.38721493424931,
        "52w_high": 264.3299865722656,
        "52w_low": 0
    },
    "EQR": {
        "close": 59.5099983215332,
        "sma200": 63.69680400848389,
        "sma50": 60.342098770141604,
        "rsi_weekly": 43.49788833595503,
        "rsi_monthly": 48.42466036097246,
        "52w_high": 71.96407318115234,
        "52w_low": 0
    },
    "ESS": {
        "close": 248.55499267578125,
        "sma200": 264.5529714202881,
        "sma50": 255.28181518554686,
        "rsi_weekly": 43.089599427309324,
        "rsi_monthly": 48.80841662623891,
        "52w_high": 302.4346923828125,
        "52w_low": 0
    },
    "EL": {
        "close": 117.62999725341797,
        "sma200": 84.09201301574707,
        "sma50": 99.79403228759766,
        "rsi_weekly": 70.66970128600629,
        "rsi_monthly": 68.64617393700041,
        "52w_high": 117.62999725341797,
        "52w_low": 0
    },
    "ETR": {
        "close": 93.29499816894531,
        "sma200": 87.87282920837403,
        "sma50": 93.94989776611328,
        "rsi_weekly": 56.76022332653259,
        "rsi_monthly": 76.15064053372298,
        "52w_high": 97.5199966430664,
        "52w_low": 0
    },
    "EVRG": {
        "close": 73.45999908447266,
        "sma200": 70.53435619354248,
        "sma50": 74.40807037353515,
        "rsi_weekly": 51.331392300580696,
        "rsi_monthly": 62.14405008447699,
        "52w_high": 78.00737762451172,
        "52w_low": 0
    },
    "ES": {
        "close": 67.63400268554688,
        "sma200": 64.66304222106933,
        "sma50": 68.13261749267578,
        "rsi_weekly": 53.04981375169983,
        "rsi_monthly": 69.25085979119999,
        "52w_high": 74.04946899414062,
        "52w_low": 0
    },
    "EXC": {
        "close": 43.0099983215332,
        "sma200": 44.10898199081421,
        "sma50": 44.598884658813475,
        "rsi_weekly": 44.946436145415426,
        "rsi_monthly": 64.00483692514452,
        "52w_high": 47.82242965698242,
        "52w_low": 0
    },
    "EXPE": {
        "close": 296.5,
        "sma200": 206.5489153289795,
        "sma50": 266.95177856445315,
        "rsi_weekly": 76.12957562813504,
        "rsi_monthly": 68.73354181745748,
        "52w_high": 301.30999755859375,
        "52w_low": 0
    },
    "EXPD": {
        "close": 160.72999572753906,
        "sma200": 123.11034572601318,
        "sma50": 146.59554733276366,
        "rsi_weekly": 77.76657255527945,
        "rsi_monthly": 57.163970886267286,
        "52w_high": 161.1199951171875,
        "52w_low": 0
    },
    "EXR": {
        "close": 137.5800018310547,
        "sma200": 138.71858322143555,
        "sma50": 131.0577557373047,
        "rsi_weekly": 52.78373654139244,
        "rsi_monthly": 37.89414542352733,
        "52w_high": 154.12901306152344,
        "52w_low": 0
    },
    "XOM": {
        "close": 126.43000030517578,
        "sma200": 110.53856185913087,
        "sma50": 118.06199356079101,
        "rsi_weekly": 64.95666956155007,
        "rsi_monthly": 69.64757403356498,
        "52w_high": 126.43000030517578,
        "52w_low": 0
    },
    "FFIV": {
        "close": 269.5299987792969,
        "sma200": 285.2783515930176,
        "sma50": 250.596201171875,
        "rsi_weekly": 47.7122131044615,
        "rsi_monthly": 54.25150740359023,
        "52w_high": 343.1700134277344,
        "52w_low": 0
    },
    "FDS": {
        "close": 287.6099853515625,
        "sma200": 361.89387786865234,
        "sma50": 280.8894061279297,
        "rsi_weekly": 38.68183493621197,
        "rsi_monthly": 24.446319807457222,
        "52w_high": 469.9656982421875,
        "52w_low": 0
    },
    "FICO": {
        "close": 1620.0999755859375,
        "sma200": 1697.4603497314454,
        "sma50": 1729.6535961914062,
        "rsi_weekly": 47.791148397930556,
        "rsi_monthly": 56.750432779784276,
        "52w_high": 2206.010009765625,
        "52w_low": 0
    },
    "FAST": {
        "close": 41.790000915527344,
        "sma200": 42.93772752761841,
        "sma50": 41.05560020446777,
        "rsi_weekly": 47.80707300900923,
        "rsi_monthly": 61.33829579965377,
        "52w_high": 50.12940216064453,
        "52w_low": 0
    },
    "FRT": {
        "close": 101.23999786376953,
        "sma200": 94.68640171051025,
        "sma50": 97.96232177734375,
        "rsi_weekly": 58.68105435666094,
        "rsi_monthly": 50.9843473504045,
        "52w_high": 106.85189056396484,
        "52w_low": 0
    },
    "FDX": {
        "close": 310.79998779296875,
        "sma200": 238.1075023651123,
        "sma50": 278.5527960205078,
        "rsi_weekly": 75.37696276782319,
        "rsi_monthly": 66.61324023112168,
        "52w_high": 312.3599853515625,
        "52w_low": 0
    },
    "FIS": {
        "close": 64.44999694824219,
        "sma200": 71.21706317901611,
        "sma50": 65.44261192321777,
        "rsi_weekly": 46.58882259602499,
        "rsi_monthly": 60.575159441438,
        "52w_high": 81.56633758544922,
        "52w_low": 0
    },
    "FITB": {
        "close": 48.28499984741211,
        "sma200": 41.40745477676391,
        "sma50": 45.098485794067386,
        "rsi_weekly": 69.27417488828753,
        "rsi_monthly": 64.90442352109062,
        "52w_high": 49.81999969482422,
        "52w_low": 0
    },
    "FSLR": {
        "close": 242.0500030517578,
        "sma200": 199.26820049285888,
        "sma50": 260.98260101318357,
        "rsi_weekly": 52.29060658896504,
        "rsi_monthly": 68.47152006392845,
        "52w_high": 284.5899963378906,
        "52w_low": 0
    },
    "FE": {
        "close": 44.845001220703125,
        "sma200": 42.77369241714477,
        "sma50": 45.38415542602539,
        "rsi_weekly": 52.75154214931625,
        "rsi_monthly": 64.35218282625401,
        "52w_high": 47.720001220703125,
        "52w_low": 0
    },
    "FMC": {
        "close": 15.420000076293945,
        "sma200": 31.13785080909729,
        "sma50": 13.66918586730957,
        "rsi_weekly": 30.619469537566392,
        "rsi_monthly": 23.117848089153178,
        "52w_high": 53.595802307128906,
        "52w_low": 0
    },
    "F": {
        "close": 13.994999885559082,
        "sma200": 11.440605816841126,
        "sma50": 13.289800510406494,
        "rsi_weekly": 66.14459593764549,
        "rsi_monthly": 79.141723003994,
        "52w_high": 14.399999618530273,
        "52w_low": 0
    },
    "FTNT": {
        "close": 78.56529998779297,
        "sma200": 90.48007659912109,
        "sma50": 81.41410614013672,
        "rsi_weekly": 42.90815847713661,
        "rsi_monthly": 54.912633029532515,
        "52w_high": 114.56999969482422,
        "52w_low": 0
    }
}