{
    "last_scan_index": 300,
    "AAPL": {
        "close": 247.64999389648438,
        "sma200": 234.09551811218262,
        "sma50": 270.59339813232424,
        "rsi_weekly": 51.059659228305314,
        "rsi_monthly": 65.05591364667593,
        "52w_high": 286.19000244140625,
        "52w_low": 0
    },
    "NVDA": {
        "close": 183.32000732421875,
        "sma200": 164.78818393707274,
        "sma50": 184.11609985351564,
        "rsi_weekly": 56.61352281110408,
        "rsi_monthly": 76.36247518013492,
        "52w_high": 207.02847290039062,
        "52w_low": 0
    },
    "TSLA": {
        "close": 431.44000244140625,
        "sma200": 370.62715034484864,
        "sma50": 441.9230017089844,
        "rsi_weekly": 55.767272209839355,
        "rsi_monthly": 70.21254147643917,
        "52w_high": 489.8800048828125,
        "52w_low": 0
    },
    "MSFT": {
        "close": 444.1099853515625,
        "sma200": 481.7920323181152,
        "sma50": 482.55295227050783,
        "rsi_weekly": 40.9729282755812,
        "rsi_monthly": 64.94488819383693,
        "52w_high": 541.057373046875,
        "52w_low": 0
    },
    "AMD": {
        "close": 249.8000030517578,
        "sma200": 170.11574981689452,
        "sma50": 220.27120025634767,
        "rsi_weekly": 60.57175331207617,
        "rsi_monthly": 69.38721493424931,
        "52w_high": 264.3299865722656,
        "52w_low": 0
    },
    "KHC": {
        "close": 22.399999618530273,
        "sma200": 25.71651371002197,
        "sma50": 24.27760005950928,
        "rsi_weekly": 37.18093201154875,
        "rsi_monthly": 26.12325756588126,
        "52w_high": 30.794837951660156,
        "52w_low": 0
    },
    "KR": {
        "close": 63.91999816894531,
        "sma200": 67.10950700759888,
        "sma50": 63.662836151123045,
        "rsi_weekly": 45.85908683583664,
        "rsi_monthly": 64.22844665408819,
        "52w_high": 73.5816421508789,
        "52w_low": 0
    },
    "LHX": {
        "close": 347.80999755859375,
        "sma200": 267.9214126586914,
        "sma50": 297.76463012695314,
        "rsi_weekly": 81.3248938898893,
        "rsi_monthly": 72.32700226659811,
        "52w_high": 347.80999755859375,
        "52w_low": 0
    },
    "LH": {
        "close": 269.1400146484375,
        "sma200": 258.54250129699705,
        "sma50": 260.19432342529296,
        "rsi_weekly": 55.75441519345933,
        "rsi_monthly": 48.85781311052935,
        "52w_high": 290.1536865234375,
        "52w_low": 0
    },
    "LRCX": {
        "close": 228.38999938964844,
        "sma200": 120.59705930709839,
        "sma50": 173.67046173095704,
        "rsi_weekly": 84.80646013087545,
        "rsi_monthly": 86.0979948066832,
        "52w_high": 228.38999938964844,
        "52w_low": 0
    },
    "LW": {
        "close": 44.31999969482422,
        "sma200": 54.42109117507935,
        "sma50": 51.862999801635745,
        "rsi_weekly": 34.719453690926706,
        "rsi_monthly": 29.53032290780058,
        "52w_high": 66.17394256591797,
        "52w_low": 0
    },
    "LVS": {
        "close": 59.599998474121094,
        "sma200": 51.63855463027954,
        "sma50": 64.91119934082032,
        "rsi_weekly": 51.92832222582774,
        "rsi_monthly": 73.1766307314779,
        "52w_high": 69.48999786376953,
        "52w_low": 0
    },
    "LDOS": {
        "close": 192.1199951171875,
        "sma200": 172.03802223205565,
        "sma50": 189.35873016357422,
        "rsi_weekly": 60.165452946054586,
        "rsi_monthly": 76.45757987583536,
        "52w_high": 199.09774780273438,
        "52w_low": 0
    },
    "LEN": {
        "close": 118.0,
        "sma200": 117.20339973449707,
        "sma50": 117.29280044555664,
        "rsi_weekly": 49.09964029259469,
        "rsi_monthly": 46.58845143565965,
        "52w_high": 141.796142578125,
        "52w_low": 0
    },
    "LLY": {
        "close": 1078.52001953125,
        "sma200": 840.3811856079102,
        "sma50": 1047.2662939453126,
        "rsi_weekly": 62.43171617893335,
        "rsi_monthly": 75.41243457757258,
        "52w_high": 1109.93994140625,
        "52w_low": 0
    },
    "LIN": {
        "close": 439.3500061035156,
        "sma200": 449.0744161987305,
        "sma50": 420.4426806640625,
        "rsi_weekly": 50.16533546916286,
        "rsi_monthly": 66.37433930116833,
        "52w_high": 481.8155212402344,
        "52w_low": 0
    },
    "LYV": {
        "close": 139.7100067138672,
        "sma200": 146.70560009002685,
        "sma50": 139.50940124511717,
        "rsi_weekly": 48.7722456263887,
        "rsi_monthly": 63.96659478076111,
        "52w_high": 174.05999755859375,
        "52w_low": 0
    },
    "LKQ": {
        "close": 33.790000915527344,
        "sma200": 33.524300489425656,
        "sma50": 30.613499565124513,
        "rsi_weekly": 55.65493220627966,
        "rsi_monthly": 57.291998985325414,
        "52w_high": 42.58024978637695,
        "52w_low": 0
    },
    "LMT": {
        "close": 586.22998046875,
        "sma200": 466.9302224731445,
        "sma50": 486.15044494628904,
        "rsi_weekly": 75.66295042087967,
        "rsi_monthly": 55.564367588143654,
        "52w_high": 586.22998046875,
        "52w_low": 0
    },
    "L": {
        "close": 102.37999725341797,
        "sma200": 95.79962100982667,
        "sma50": 104.94248794555664,
        "rsi_weekly": 55.43409778601141,
        "rsi_monthly": 77.67722695492655,
        "52w_high": 108.26000213623047,
        "52w_low": 0
    },
    "LOW": {
        "close": 277.1099853515625,
        "sma200": 237.02347969055177,
        "sma50": 246.04940002441407,
        "rsi_weekly": 66.7046659323395,
        "rsi_monthly": 70.04805111466906,
        "52w_high": 277.54998779296875,
        "52w_low": 0
    },
    "LULU": {
        "close": 189.83999633789062,
        "sma200": 216.7758989715576,
        "sma50": 192.41739776611328,
        "rsi_weekly": 48.96737744482774,
        "rsi_monthly": 42.09858213970717,
        "52w_high": 421.1600036621094,
        "52w_low": 0
    },
    "LYB": {
        "close": 51.81999969482422,
        "sma200": 50.58532945632935,
        "sma50": 44.9597501373291,
        "rsi_weekly": 53.69843276589817,
        "rsi_monthly": 40.85130623513307,
        "52w_high": 71.61602020263672,
        "52w_low": 0
    },
    "MTB": {
        "close": 219.16000366210938,
        "sma200": 187.60509674072264,
        "sma50": 199.2011441040039,
        "rsi_weekly": 67.5242894188603,
        "rsi_monthly": 63.989293060100835,
        "52w_high": 219.16000366210938,
        "52w_low": 0
    },
    "MPC": {
        "close": 177.47999572753906,
        "sma200": 170.61292156219483,
        "sma50": 182.2149624633789,
        "rsi_weekly": 49.106586828804915,
        "rsi_monthly": 53.02913318370669,
        "52w_high": 199.1273956298828,
        "52w_low": 0
    },
    "MKTX": {
        "close": 171.92999267578125,
        "sma200": 192.22524307250976,
        "sma50": 172.74214660644532,
        "rsi_weekly": 46.33806315228461,
        "rsi_monthly": 36.24377969041516,
        "52w_high": 228.3568115234375,
        "52w_low": 0
    },
    "MAR": {
        "close": 320.55999755859375,
        "sma200": 271.50635398864745,
        "sma50": 304.7349609375,
        "rsi_weekly": 67.47695659121909,
        "rsi_monthly": 71.95655787630494,
        "52w_high": 328.17999267578125,
        "52w_low": 0
    },
    "MMC": {
        "close": 179.67999267578125,
        "sma200": 202.94287979125977,
        "sma50": 183.4203988647461,
        "rsi_weekly": 39.4425122904638,
        "rsi_monthly": 50.495946366243516,
        "52w_high": 242.1346435546875,
        "52w_low": 0
    },
    "MLM": {
        "close": 641.1400146484375,
        "sma200": 587.014669494629,
        "sma50": 625.5087658691406,
        "rsi_weekly": 63.596123755173785,
        "rsi_monthly": 75.61379278942798,
        "52w_high": 666.6699829101562,
        "52w_low": 0
    }
}