{
    "last_scan_index": 325,
    "AAPL": {
        "close": 258.2099914550781,
        "sma200": 233.58638801574708,
        "sma50": 271.7791101074219,
        "rsi_weekly": 53.761853239925415,
        "rsi_monthly": 65.05593174282114,
        "52w_high": 286.19000244140625,
        "52w_low": 0
    },
    "NVDA": {
        "close": 187.0500030517578,
        "sma200": 163.66164138793945,
        "sma50": 184.80265197753906,
        "rsi_weekly": 55.83253758303168,
        "rsi_monthly": 76.36247424195622,
        "52w_high": 207.02847290039062,
        "52w_low": 0
    },
    "TSLA": {
        "close": 438.57000732421875,
        "sma200": 368.2787003326416,
        "sma50": 443.2040020751953,
        "rsi_weekly": 57.433070397524055,
        "rsi_monthly": 70.21254147643917,
        "52w_high": 489.8800048828125,
        "52w_low": 0
    },
    "MSFT": {
        "close": 456.6600036621094,
        "sma200": 480.65645736694336,
        "sma50": 485.6982153320312,
        "rsi_weekly": 46.924932701405034,
        "rsi_monthly": 64.94484113555365,
        "52w_high": 541.057373046875,
        "52w_low": 0
    },
    "AMD": {
        "close": 227.9199981689453,
        "sma200": 168.04569980621338,
        "sma50": 220.88179992675782,
        "rsi_weekly": 52.90812131363197,
        "rsi_monthly": 69.38721493424931,
        "52w_high": 264.3299865722656,
        "52w_low": 0
    },
    "MAS": {
        "close": 71.20999908447266,
        "sma200": 65.75273651123047,
        "sma50": 63.98897933959961,
        "rsi_weekly": 56.28142550321857,
        "rsi_monthly": 63.33004184000093,
        "52w_high": 80.34850311279297,
        "52w_low": 0
    },
    "MA": {
        "close": 542.6500244140625,
        "sma200": 560.7486514282226,
        "sma50": 555.9734814453125,
        "rsi_weekly": 54.61833118706569,
        "rsi_monthly": 71.24570460689368,
        "52w_high": 597.273193359375,
        "52w_low": 0
    },
    "MTCH": {
        "close": 31.600000381469727,
        "sma200": 32.454593362808225,
        "sma50": 32.54291927337646,
        "rsi_weekly": 46.88847461527511,
        "rsi_monthly": 36.58011293677711,
        "52w_high": 38.3323860168457,
        "52w_low": 0
    },
    "MKC": {
        "close": 68.69999694824219,
        "sma200": 69.30296401977539,
        "sma50": 66.20987571716309,
        "rsi_weekly": 49.471326404467774,
        "rsi_monthly": 48.962012133407235,
        "52w_high": 82.57147216796875,
        "52w_low": 0
    },
    "MCD": {
        "close": 308.6199951171875,
        "sma200": 303.4720533752441,
        "sma50": 307.44255920410154,
        "rsi_weekly": 52.08472393953998,
        "rsi_monthly": 58.17615803271099,
        "52w_high": 319.6499938964844,
        "52w_low": 0
    },
    "MCK": {
        "close": 844.1300048828125,
        "sma200": 745.3984619140625,
        "sma50": 833.8000500488281,
        "rsi_weekly": 58.94068868522566,
        "rsi_monthly": 71.49638486029701,
        "52w_high": 888.4524536132812,
        "52w_low": 0
    },
    "MDT": {
        "close": 99.0,
        "sma200": 91.07712158203125,
        "sma50": 98.3629995727539,
        "rsi_weekly": 55.25321465662281,
        "rsi_monthly": 49.26090423984981,
        "52w_high": 105.3499984741211,
        "52w_low": 0
    },
    "MRK": {
        "close": 110.97000122070312,
        "sma200": 85.21533969879151,
        "sma50": 99.92707916259765,
        "rsi_weekly": 71.48228930372883,
        "rsi_monthly": 67.21382430406003,
        "52w_high": 111.01000213623047,
        "52w_low": 0
    },
    "MET": {
        "close": 77.9000015258789,
        "sma200": 77.65901195526124,
        "sma50": 78.69260025024414,
        "rsi_weekly": 51.3378471067308,
        "rsi_monthly": 57.01807589796203,
        "52w_high": 84.54906463623047,
        "52w_low": 0
    },
    "MTD": {
        "close": 1496.6099853515625,
        "sma200": 1267.9287994384765,
        "sma50": 1432.270400390625,
        "rsi_weekly": 63.015747584078845,
        "rsi_monthly": 60.78296128761418,
        "52w_high": 1506.02001953125,
        "52w_low": 0
    },
    "MGM": {
        "close": 35.40999984741211,
        "sma200": 34.18679998397827,
        "sma50": 34.852600021362306,
        "rsi_weekly": 48.40221973101226,
        "rsi_monthly": 48.11049773966102,
        "52w_high": 40.369998931884766,
        "52w_low": 0
    },
    "MCHP": {
        "close": 74.44999694824219,
        "sma200": 61.3732297706604,
        "sma50": 62.31074310302734,
        "rsi_weekly": 63.55736070867309,
        "rsi_monthly": 46.03959247740546,
        "52w_high": 75.22000122070312,
        "52w_low": 0
    },
    "MU": {
        "close": 336.6300048828125,
        "sma200": 159.8770434951782,
        "sma50": 263.11151428222655,
        "rsi_weekly": 83.49890472853899,
        "rsi_monthly": 85.13259792700134,
        "52w_high": 345.8699951171875,
        "52w_low": 0
    },
    "MAA": {
        "close": 135.44000244140625,
        "sma200": 140.71286628723144,
        "sma50": 132.43611694335937,
        "rsi_weekly": 46.87312963291459,
        "rsi_monthly": 49.277103744600296,
        "52w_high": 163.8314971923828,
        "52w_low": 0
    },
    "MRNA": {
        "close": 39.36000061035156,
        "sma200": 27.5645499420166,
        "sma50": 28.958399963378906,
        "rsi_weekly": 59.84390070369504,
        "rsi_monthly": 22.609479190243324,
        "52w_high": 44.939998626708984,
        "52w_low": 0
    },
    "MHK": {
        "close": 123.68000030517578,
        "sma200": 114.4795000076294,
        "sma50": 111.00960006713868,
        "rsi_weekly": 52.356764420677294,
        "rsi_monthly": 59.38509234588343,
        "52w_high": 139.75,
        "52w_low": 0
    },
    "MOH": {
        "close": 193.74000549316406,
        "sma200": 218.01230041503905,
        "sma50": 158.98599975585938,
        "rsi_weekly": 47.866895094977785,
        "rsi_monthly": 48.64172992303688,
        "52w_high": 353.239990234375,
        "52w_low": 0
    },
    "TAP": {
        "close": 50.63999938964844,
        "sma200": 49.204067630767824,
        "sma50": 46.50415771484375,
        "rsi_weekly": 51.23371333186928,
        "rsi_monthly": 45.65299352341631,
        "52w_high": 61.11589813232422,
        "52w_low": 0
    },
    "MDLZ": {
        "close": 57.29999923706055,
        "sma200": 61.472458057403564,
        "sma50": 54.92301994323731,
        "rsi_weekly": 38.08215908517164,
        "rsi_monthly": 27.3546377667611,
        "52w_high": 69.54491424560547,
        "52w_low": 0
    },
    "MPWR": {
        "close": 1009.5399780273438,
        "sma200": 811.0153173828126,
        "sma50": 942.46134765625,
        "rsi_weekly": 58.55068305972044,
        "rsi_monthly": 72.9717441086235,
        "52w_high": 1103.1842041015625,
        "52w_low": 0
    },
    "MNST": {
        "close": 77.91000366210938,
        "sma200": 65.69115007400512,
        "sma50": 74.23380004882813,
        "rsi_weekly": 71.2951036965348,
        "rsi_monthly": 78.91304478658172,
        "52w_high": 78.43000030517578,
        "52w_low": 0
    },
    "MCO": {
        "close": 539.6099853515625,
        "sma200": 486.1947833251953,
        "sma50": 498.9582769775391,
        "rsi_weekly": 61.10705194927331,
        "rsi_monthly": 54.89100217941021,
        "52w_high": 539.6099853515625,
        "52w_low": 0
    },
    "MS": {
        "close": 191.22999572753906,
        "sma200": 146.8984987258911,
        "sma50": 173.97299865722655,
        "rsi_weekly": 75.56020371111838,
        "rsi_monthly": 80.31266424931181,
        "52w_high": 191.22999572753906,
        "52w_low": 0
    },
    "MOS": {
        "close": 27.579999923706055,
        "sma200": 30.464096746444703,
        "sma50": 24.777404708862306,
        "rsi_weekly": 43.773020792404104,
        "rsi_monthly": 42.496510090746625,
        "52w_high": 37.212406158447266,
        "52w_low": 0
    }
}