{
    "last_scan_index": 300,
    "AAPL": {
        "close": 261.04998779296875,
        "sma200": 233.1881903076172,
        "sma50": 272.193662109375,
        "rsi_weekly": 53.76185330242998,
        "rsi_monthly": 65.05597177291646,
        "52w_high": 286.19000244140625,
        "52w_low": 0
    },
    "NVDA": {
        "close": 185.80999755859375,
        "sma200": 162.90074375152588,
        "sma50": 185.58579620361328,
        "rsi_weekly": 55.832537579558064,
        "rsi_monthly": 76.36247629843983,
        "52w_high": 207.02847290039062,
        "52w_low": 0
    },
    "TSLA": {
        "close": 447.20001220703125,
        "sma200": 366.50340019226076,
        "sma50": 444.14720153808594,
        "rsi_weekly": 57.433070397524055,
        "rsi_monthly": 70.21254147643917,
        "52w_high": 489.8800048828125,
        "52w_low": 0
    },
    "MSFT": {
        "close": 470.6700134277344,
        "sma200": 479.82709930419924,
        "sma50": 488.0355511474609,
        "rsi_weekly": 46.9249325759761,
        "rsi_monthly": 64.94485332692419,
        "52w_high": 541.057373046875,
        "52w_low": 0
    },
    "AMD": {
        "close": 220.97000122070312,
        "sma200": 166.81789978027345,
        "sma50": 222.16679962158204,
        "rsi_weekly": 52.90812131363197,
        "rsi_monthly": 69.38721493424931,
        "52w_high": 264.3299865722656,
        "52w_low": 0
    },
    "KHC": {
        "close": 23.510000228881836,
        "sma200": 25.85140820503235,
        "sma50": 24.296559410095213,
        "rsi_weekly": 36.1333570860138,
        "rsi_monthly": 26.123261239920954,
        "52w_high": 30.794836044311523,
        "52w_low": 0
    },
    "KR": {
        "close": 61.470001220703125,
        "sma200": 67.21053157806396,
        "sma50": 63.67315605163574,
        "rsi_weekly": 35.86523529191101,
        "rsi_monthly": 64.2284389037896,
        "52w_high": 73.58164978027344,
        "52w_low": 0
    },
    "LHX": {
        "close": 341.239990234375,
        "sma200": 264.4949639892578,
        "sma50": 292.0663299560547,
        "rsi_weekly": 79.20814980496779,
        "rsi_monthly": 72.32699697180793,
        "52w_high": 341.239990234375,
        "52w_low": 0
    },
    "LH": {
        "close": 253.97999572753906,
        "sma200": 257.61023361206054,
        "sma50": 258.51200408935546,
        "rsi_weekly": 44.12598084029883,
        "rsi_monthly": 48.85784948208307,
        "52w_high": 290.1536865234375,
        "52w_low": 0
    },
    "LRCX": {
        "close": 214.3800048828125,
        "sma200": 116.87179456710815,
        "sma50": 167.67810791015626,
        "rsi_weekly": 84.17096935262437,
        "rsi_monthly": 86.09799444879131,
        "52w_high": 220.39999389648438,
        "52w_low": 0
    },
    "LW": {
        "close": 41.869998931884766,
        "sma200": 54.67432115554809,
        "sma50": 53.71859970092773,
        "rsi_weekly": 30.89105608026905,
        "rsi_monthly": 29.530262265987737,
        "52w_high": 66.17394256591797,
        "52w_low": 0
    },
    "LVS": {
        "close": 59.880001068115234,
        "sma200": 51.09299060821533,
        "sma50": 65.10319206237793,
        "rsi_weekly": 51.936112057521406,
        "rsi_monthly": 73.17663731490356,
        "52w_high": 69.48999786376953,
        "52w_low": 0
    },
    "LDOS": {
        "close": 195.9600067138672,
        "sma200": 170.63598251342773,
        "sma50": 189.53423065185547,
        "rsi_weekly": 63.624675901034344,
        "rsi_monthly": 76.45757696207339,
        "52w_high": 199.09774780273438,
        "52w_low": 0
    },
    "LEN": {
        "close": 123.31999969482422,
        "sma200": 117.02554668426514,
        "sma50": 117.535400390625,
        "rsi_weekly": 49.52510363312826,
        "rsi_monthly": 46.58846561980135,
        "52w_high": 141.796142578125,
        "52w_low": 0
    },
    "LLY": {
        "close": 1077.18994140625,
        "sma200": 834.2480389404296,
        "sma50": 1032.4340466308595,
        "rsi_weekly": 65.91395826293483,
        "rsi_monthly": 75.41243159719323,
        "52w_high": 1109.93994140625,
        "52w_low": 0
    },
    "LIN": {
        "close": 442.8999938964844,
        "sma200": 449.6446385192871,
        "sma50": 418.09968994140627,
        "rsi_weekly": 52.62316237630666,
        "rsi_monthly": 66.37431581418299,
        "52w_high": 481.8155212402344,
        "52w_low": 0
    },
    "LYV": {
        "close": 146.02000427246094,
        "sma200": 146.36075008392334,
        "sma50": 139.61700134277345,
        "rsi_weekly": 50.27224029813544,
        "rsi_monthly": 63.96659478076111,
        "52w_high": 174.05999755859375,
        "52w_low": 0
    },
    "LKQ": {
        "close": 33.31999969482422,
        "sma200": 33.723422870635986,
        "sma50": 30.311354370117186,
        "rsi_weekly": 55.34766870482203,
        "rsi_monthly": 57.291989559137114,
        "52w_high": 42.58024597167969,
        "52w_low": 0
    },
    "LMT": {
        "close": 558.2999877929688,
        "sma200": 463.4352485656738,
        "sma50": 476.01873046875,
        "rsi_weekly": 69.97623636584493,
        "rsi_monthly": 55.564343950341076,
        "52w_high": 558.2999877929688,
        "52w_low": 0
    },
    "L": {
        "close": 102.7699966430664,
        "sma200": 95.51441623687744,
        "sma50": 104.70022720336914,
        "rsi_weekly": 61.0329320172412,
        "rsi_monthly": 77.67719491663313,
        "52w_high": 108.26000213623047,
        "52w_low": 0
    },
    "LOW": {
        "close": 274.25,
        "sma200": 235.8271329498291,
        "sma50": 242.09360046386718,
        "rsi_weekly": 62.94246677207102,
        "rsi_monthly": 70.04803991729216,
        "52w_high": 274.25,
        "52w_low": 0
    },
    "LULU": {
        "close": 211.89999389648438,
        "sma200": 218.80354904174806,
        "sma50": 189.2011981201172,
        "rsi_weekly": 49.883817431229666,
        "rsi_monthly": 42.09858213970717,
        "52w_high": 421.1600036621094,
        "52w_low": 0
    },
    "LYB": {
        "close": 48.66999816894531,
        "sma200": 50.906396560668945,
        "sma50": 44.21495819091797,
        "rsi_weekly": 50.179749789053815,
        "rsi_monthly": 40.85128146641854,
        "52w_high": 71.61602020263672,
        "52w_low": 0
    },
    "MTB": {
        "close": 209.16000366210938,
        "sma200": 186.5464402770996,
        "sma50": 196.0297705078125,
        "rsi_weekly": 67.23227939883766,
        "rsi_monthly": 63.98928850559791,
        "52w_high": 213.61000061035156,
        "52w_low": 0
    },
    "MPC": {
        "close": 175.85000610351562,
        "sma200": 169.68675971984862,
        "sma50": 183.4536376953125,
        "rsi_weekly": 49.44488520160611,
        "rsi_monthly": 53.02913354452785,
        "52w_high": 199.1273956298828,
        "52w_low": 0
    },
    "MKTX": {
        "close": 170.3699951171875,
        "sma200": 193.20196174621583,
        "sma50": 171.45800689697265,
        "rsi_weekly": 41.39991460926663,
        "rsi_monthly": 36.24376988968614,
        "52w_high": 228.35679626464844,
        "52w_low": 0
    },
    "MAR": {
        "close": 322.9599914550781,
        "sma200": 269.336767578125,
        "sma50": 299.7741937255859,
        "rsi_weekly": 68.85914539816528,
        "rsi_monthly": 71.95658122377564,
        "52w_high": 328.17999267578125,
        "52w_low": 0
    },
    "MMC": {
        "close": 182.6999969482422,
        "sma200": 204.42207870483398,
        "sma50": 183.06339904785156,
        "rsi_weekly": 42.21794018392615,
        "rsi_monthly": 50.4959457413537,
        "52w_high": 242.1346435546875,
        "52w_low": 0
    },
    "MLM": {
        "close": 665.7100219726562,
        "sma200": 583.0488114929199,
        "sma50": 622.9318200683593,
        "rsi_weekly": 70.5545389479456,
        "rsi_monthly": 75.61378248810104,
        "52w_high": 666.6699829101562,
        "52w_low": 0
    }
}