{
    "last_scan_index": 375,
    "AAPL": {
        "close": 260.57000732421875,
        "sma200": 233.4052532196045,
        "sma50": 272.0028991699219,
        "rsi_weekly": 53.76185303812586,
        "rsi_monthly": 65.05593511069831,
        "52w_high": 286.19000244140625,
        "52w_low": 0
    },
    "NVDA": {
        "close": 181.9199981689453,
        "sma200": 163.2620933151245,
        "sma50": 185.17462158203125,
        "rsi_weekly": 55.83253748317912,
        "rsi_monthly": 76.36247588196258,
        "52w_high": 207.02847290039062,
        "52w_low": 0
    },
    "TSLA": {
        "close": 443.1099853515625,
        "sma200": 367.4012001800537,
        "sma50": 443.8782012939453,
        "rsi_weekly": 57.433070397524055,
        "rsi_monthly": 70.21254147643917,
        "52w_high": 489.8800048828125,
        "52w_low": 0
    },
    "MSFT": {
        "close": 465.17669677734375,
        "sma200": 480.26908142089843,
        "sma50": 487.0022320556641,
        "rsi_weekly": 46.92493288728094,
        "rsi_monthly": 64.9448531221004,
        "52w_high": 541.057373046875,
        "52w_low": 0
    },
    "AMD": {
        "close": 219.99000549316406,
        "sma200": 167.40174980163573,
        "sma50": 221.44419982910156,
        "rsi_weekly": 52.90812131363197,
        "rsi_monthly": 69.38721493424931,
        "52w_high": 264.3299865722656,
        "52w_low": 0
    },
    "OMC": {
        "close": 79.83000183105469,
        "sma200": 74.2853023147583,
        "sma50": 75.68784759521485,
        "rsi_weekly": 54.900561987244444,
        "rsi_monthly": 45.466720476891275,
        "52w_high": 85.1419448852539,
        "52w_low": 0
    },
    "ON": {
        "close": 60.900001525878906,
        "sma200": 49.642650051116945,
        "sma50": 53.12020027160644,
        "rsi_weekly": 66.63842813991741,
        "rsi_monthly": 61.550226337426814,
        "52w_high": 62.45000076293945,
        "52w_low": 0
    },
    "OKE": {
        "close": 75.75,
        "sma200": 75.33761394500732,
        "sma50": 71.73999969482422,
        "rsi_weekly": 47.72022635622928,
        "rsi_monthly": 59.09154109296485,
        "52w_high": 104.35750579833984,
        "52w_low": 0
    },
    "ORCL": {
        "close": 197.13999938964844,
        "sma200": 216.32762668609618,
        "sma50": 208.0287301635742,
        "rsi_weekly": 42.60087531683575,
        "rsi_monthly": 53.69358151797371,
        "52w_high": 326.8970947265625,
        "52w_low": 0
    },
    "OTIS": {
        "close": 90.05000305175781,
        "sma200": 91.51952159881591,
        "sma50": 88.47549560546875,
        "rsi_weekly": 50.94193265151066,
        "rsi_monthly": 59.9075764703004,
        "52w_high": 102.87491607666016,
        "52w_low": 0
    },
    "PCAR": {
        "close": 119.59500122070312,
        "sma200": 97.17611316680909,
        "sma50": 106.49893493652344,
        "rsi_weekly": 72.59470940928152,
        "rsi_monthly": 72.91687015812431,
        "52w_high": 119.59500122070312,
        "52w_low": 0
    },
    "PKG": {
        "close": 219.69500732421875,
        "sma200": 198.2478161621094,
        "sma50": 202.60799926757812,
        "rsi_weekly": 61.98625984595872,
        "rsi_monthly": 66.40379411254489,
        "52w_high": 236.1614990234375,
        "52w_low": 0
    },
    "PANW": {
        "close": 191.4530029296875,
        "sma200": 192.69666526794433,
        "sma50": 194.1318603515625,
        "rsi_weekly": 47.43266878873063,
        "rsi_monthly": 41.463758262734274,
        "52w_high": 221.3800048828125,
        "52w_low": 0
    },
    "PH": {
        "close": 934.8099975585938,
        "sma200": 736.0345962524414,
        "sma50": 866.78708984375,
        "rsi_weekly": 76.77899978218927,
        "rsi_monthly": 85.16237271695185,
        "52w_high": 938.3499755859375,
        "52w_low": 0
    },
    "PAYX": {
        "close": 110.42500305175781,
        "sma200": 132.68397659301758,
        "sma50": 112.39631301879882,
        "rsi_weekly": 38.209166737182834,
        "rsi_monthly": 41.10535536715145,
        "52w_high": 157.05911254882812,
        "52w_low": 0
    },
    "PAYC": {
        "close": 157.00999450683594,
        "sma200": 209.7287590789795,
        "sma50": 163.13940307617187,
        "rsi_weekly": 31.328474435920047,
        "rsi_monthly": 34.3021643726696,
        "52w_high": 264.67041015625,
        "52w_low": 0
    },
    "PYPL": {
        "close": 57.209999084472656,
        "sma200": 67.37228839874268,
        "sma50": 61.348818435668946,
        "rsi_weekly": 33.85673439075665,
        "rsi_monthly": 38.232637776079414,
        "52w_high": 91.5982437133789,
        "52w_low": 0
    },
    "PNR": {
        "close": 103.4375,
        "sma200": 102.0973055267334,
        "sma50": 104.84815017700195,
        "rsi_weekly": 46.95492488539026,
        "rsi_monthly": 68.20960667493917,
        "52w_high": 112.33572387695312,
        "52w_low": 0
    },
    "PEP": {
        "close": 145.47000122070312,
        "sma200": 139.31356216430663,
        "sma50": 144.67356872558594,
        "rsi_weekly": 45.327536128807054,
        "rsi_monthly": 42.55348049055423,
        "52w_high": 152.22113037109375,
        "52w_low": 0
    },
    "PFE": {
        "close": 25.334999084472656,
        "sma200": 23.922875070571898,
        "sma50": 25.22343921661377,
        "rsi_weekly": 55.0716641889775,
        "rsi_monthly": 46.70496391746381,
        "52w_high": 26.896394729614258,
        "52w_low": 0
    },
    "PCG": {
        "close": 15.75,
        "sma200": 15.549316849708557,
        "sma50": 15.799031677246093,
        "rsi_weekly": 51.39526852764007,
        "rsi_monthly": 45.16953153486606,
        "52w_high": 17.753080368041992,
        "52w_low": 0
    },
    "PM": {
        "close": 168.07000732421875,
        "sma200": 161.91319610595704,
        "sma50": 154.99353118896485,
        "rsi_weekly": 54.815673454347284,
        "rsi_monthly": 63.33758860154867,
        "52w_high": 180.2153778076172,
        "52w_low": 0
    },
    "PSX": {
        "close": 142.14999389648438,
        "sma200": 124.11450187683106,
        "sma50": 136.128427734375,
        "rsi_weekly": 59.22342354079581,
        "rsi_monthly": 49.696692922667026,
        "52w_high": 144.22000122070312,
        "52w_low": 0
    },
    "PNW": {
        "close": 92.08999633789062,
        "sma200": 89.13612380981445,
        "sma50": 88.6770002746582,
        "rsi_weekly": 51.46898038938359,
        "rsi_monthly": 59.38415736308212,
        "52w_high": 92.81592559814453,
        "52w_low": 0
    },
    "PNC": {
        "close": 210.14999389648438,
        "sma200": 186.31457237243652,
        "sma50": 199.9293997192383,
        "rsi_weekly": 67.9824824346363,
        "rsi_monthly": 58.820430654338,
        "52w_high": 218.63999938964844,
        "52w_low": 0
    },
    "POOL": {
        "close": 265.0899963378906,
        "sma200": 288.0894659423828,
        "sma50": 241.59980224609376,
        "rsi_weekly": 41.66912261678981,
        "rsi_monthly": 45.12070464247944,
        "52w_high": 358.4319763183594,
        "52w_low": 0
    },
    "PPG": {
        "close": 108.75,
        "sma200": 105.51677822113037,
        "sma50": 100.81054595947266,
        "rsi_weekly": 54.82064938415964,
        "rsi_monthly": 39.60413212531441,
        "52w_high": 121.09014129638672,
        "52w_low": 0
    },
    "PPL": {
        "close": 35.279998779296875,
        "sma200": 35.101680297851566,
        "sma50": 35.16022979736328,
        "rsi_weekly": 46.063472538511306,
        "rsi_monthly": 63.58123103007893,
        "52w_high": 37.66332244873047,
        "52w_low": 0
    }
}