{
    "last_scan_index": 250,
    "AAPL": {
        "close": 259.0400085449219,
        "sma200": 232.61908889770507,
        "sma50": 272.7665710449219,
        "rsi_weekly": 63.0488619934433,
        "rsi_monthly": 65.05591506126925,
        "52w_high": 286.19000244140625,
        "52w_low": 0
    },
    "NVDA": {
        "close": 185.0399932861328,
        "sma200": 161.8517797470093,
        "sma50": 186.69211608886718,
        "rsi_weekly": 58.64870587498989,
        "rsi_monthly": 76.36247948573215,
        "52w_high": 207.02847290039062,
        "52w_low": 0
    },
    "TSLA": {
        "close": 435.79998779296875,
        "sma200": 363.9642002105713,
        "sma50": 444.56700134277344,
        "rsi_weekly": 56.31157929953819,
        "rsi_monthly": 70.21254147643917,
        "52w_high": 489.8800048828125,
        "52w_low": 0
    },
    "MSFT": {
        "close": 478.1099853515625,
        "sma200": 478.53865203857424,
        "sma50": 491.6204217529297,
        "rsi_weekly": 44.49072449703008,
        "rsi_monthly": 64.94485587422483,
        "52w_high": 541.057373046875,
        "52w_low": 0
    },
    "AMD": {
        "close": 204.67999267578125,
        "sma200": 165.31699977874757,
        "sma50": 225.07379943847656,
        "rsi_weekly": 60.71614808686848,
        "rsi_monthly": 69.38721493424931,
        "52w_high": 264.3299865722656,
        "52w_low": 0
    },
    "HSIC": {
        "close": 79.0,
        "sma200": 69.6908002281189,
        "sma50": 73.50019996643067,
        "rsi_weekly": 62.6148179972364,
        "rsi_monthly": 57.563536541611754,
        "52w_high": 81.91000366210938,
        "52w_low": 0
    },
    "HSY": {
        "close": 184.75,
        "sma200": 174.52248176574707,
        "sma50": 180.03491760253905,
        "rsi_weekly": 52.015360352796385,
        "rsi_monthly": 48.26483503925234,
        "52w_high": 194.06492614746094,
        "52w_low": 0
    },
    "HPE": {
        "close": 22.020000457763672,
        "sma200": 20.582098450660705,
        "sma50": 23.17092529296875,
        "rsi_weekly": 58.38228236553408,
        "rsi_monthly": 63.776886398047886,
        "52w_high": 26.093069076538086,
        "52w_low": 0
    },
    "HLT": {
        "close": 298.3299865722656,
        "sma200": 260.30134384155275,
        "sma50": 277.9350665283203,
        "rsi_weekly": 62.9641798668247,
        "rsi_monthly": 74.74448441407596,
        "52w_high": 298.3299865722656,
        "52w_low": 0
    },
    "HOLX": {
        "close": 74.87999725341797,
        "sma200": 66.61435024261475,
        "sma50": 74.57940048217773,
        "rsi_weekly": 67.24605686448218,
        "rsi_monthly": 52.631403956020975,
        "52w_high": 75.19000244140625,
        "52w_low": 0
    },
    "HD": {
        "close": 359.55999755859375,
        "sma200": 369.15918167114256,
        "sma50": 355.35827697753905,
        "rsi_weekly": 40.354482282992294,
        "rsi_monthly": 58.7027839113288,
        "52w_high": 420.69903564453125,
        "52w_low": 0
    },
    "HON": {
        "close": 205.24000549316406,
        "sma200": 200.5334238433838,
        "sma50": 195.62064636230468,
        "rsi_weekly": 48.12499069997767,
        "rsi_monthly": 45.861906639353776,
        "52w_high": 224.0632781982422,
        "52w_low": 0
    },
    "HRL": {
        "close": 22.8700008392334,
        "sma200": 26.63068034172058,
        "sma50": 23.039399948120117,
        "rsi_weekly": 40.21943470538986,
        "rsi_monthly": 63.52090236994589,
        "52w_high": 30.855510711669922,
        "52w_low": 0
    },
    "HST": {
        "close": 18.209999084472656,
        "sma200": 15.760292482376098,
        "sma50": 17.327593631744385,
        "rsi_weekly": 63.26942798111128,
        "rsi_monthly": 71.29018952207275,
        "52w_high": 18.283302307128906,
        "52w_low": 0
    },
    "HWM": {
        "close": 210.02000427246094,
        "sma200": 178.19402488708496,
        "sma50": 202.77471435546875,
        "rsi_weekly": 65.39629506817785,
        "rsi_monthly": 86.1135203518029,
        "52w_high": 214.69000244140625,
        "52w_low": 0
    },
    "HPQ": {
        "close": 21.389999389648438,
        "sma200": 25.331911468505858,
        "sma50": 24.243544692993165,
        "rsi_weekly": 36.39823379249081,
        "rsi_monthly": 32.64157993254646,
        "52w_high": 33.246681213378906,
        "52w_low": 0
    },
    "HUBB": {
        "close": 460.8699951171875,
        "sma200": 411.0090173339844,
        "sma50": 445.55960754394533,
        "rsi_weekly": 60.8513156224475,
        "rsi_monthly": 70.86339624520016,
        "52w_high": 477.4599914550781,
        "52w_low": 0
    },
    "HUM": {
        "close": 277.57000732421875,
        "sma200": 257.19106979370116,
        "sma50": 255.818095703125,
        "rsi_weekly": 51.19707273438917,
        "rsi_monthly": 35.12736573764813,
        "52w_high": 309.8533935546875,
        "52w_low": 0
    },
    "HBAN": {
        "close": 18.469999313354492,
        "sma200": 15.969865531921387,
        "sma50": 16.55742488861084,
        "rsi_weekly": 59.795835497657166,
        "rsi_monthly": 64.22570717975263,
        "52w_high": 18.469999313354492,
        "52w_low": 0
    },
    "HII": {
        "close": 378.4700012207031,
        "sma200": 266.10375717163083,
        "sma50": 323.70795776367186,
        "rsi_weekly": 75.91429712721394,
        "rsi_monthly": 77.3611684499846,
        "52w_high": 378.4700012207031,
        "52w_low": 0
    },
    "IBM": {
        "close": 302.7200012207031,
        "sma200": 270.87264251708984,
        "sma50": 303.7996875,
        "rsi_weekly": 54.30804164086908,
        "rsi_monthly": 67.61588762605125,
        "52w_high": 314.9800109863281,
        "52w_low": 0
    },
    "IEX": {
        "close": 184.74000549316406,
        "sma200": 171.91527465820312,
        "sma50": 173.92859985351564,
        "rsi_weekly": 56.147936748939884,
        "rsi_monthly": 64.96374069559572,
        "52w_high": 221.66676330566406,
        "52w_low": 0
    },
    "IDXX": {
        "close": 712.3900146484375,
        "sma200": 588.2967495727539,
        "sma50": 700.656396484375,
        "rsi_weekly": 55.40804772770139,
        "rsi_monthly": 73.80787068804858,
        "52w_high": 766.6799926757812,
        "52w_low": 0
    },
    "ITW": {
        "close": 253.72999572753906,
        "sma200": 247.4964286804199,
        "sma50": 246.7595309448242,
        "rsi_weekly": 49.933090051612574,
        "rsi_monthly": 50.41933959224558,
        "52w_high": 267.7597961425781,
        "52w_low": 0
    },
    "ILMN": {
        "close": 145.8300018310547,
        "sma200": 100.11550037384033,
        "sma50": 127.52140060424804,
        "rsi_weekly": 66.99072124334448,
        "rsi_monthly": 52.99594791379708,
        "52w_high": 150.13999938964844,
        "52w_low": 0
    },
    "INCY": {
        "close": 105.91999816894531,
        "sma200": 80.05294994354249,
        "sma50": 101.23260025024415,
        "rsi_weekly": 62.475067266583046,
        "rsi_monthly": 71.27031840388001,
        "52w_high": 110.56999969482422,
        "52w_low": 0
    },
    "IR": {
        "close": 84.37000274658203,
        "sma200": 79.9698397064209,
        "sma50": 79.0439988708496,
        "rsi_weekly": 49.19961709727033,
        "rsi_monthly": 64.30776600455516,
        "52w_high": 94.13667297363281,
        "52w_low": 0
    },
    "PODD": {
        "close": 292.8900146484375,
        "sma200": 303.64140007019046,
        "sma50": 308.49680297851563,
        "rsi_weekly": 38.83319434342129,
        "rsi_monthly": 43.354514287478466,
        "52w_high": 352.82000732421875,
        "52w_low": 0
    },
    "INTC": {
        "close": 41.11000061035156,
        "sma200": 27.855149965286255,
        "sma50": 38.214400100708005,
        "rsi_weekly": 63.18378168338073,
        "rsi_monthly": 58.60245325814752,
        "52w_high": 43.7599983215332,
        "52w_low": 0
    }
}