{
    "last_scan_index": 425,
    "AAPL": {
        "close": 248.35000610351562,
        "sma200": 234.39857803344728,
        "sma50": 270.19619842529295,
        "rsi_weekly": 51.059659014032555,
        "rsi_monthly": 65.0559306423065,
        "52w_high": 286.19000244140625,
        "52w_low": 0
    },
    "NVDA": {
        "close": 184.83999633789062,
        "sma200": 165.24091957092284,
        "sma50": 184.0501092529297,
        "rsi_weekly": 56.61352273225846,
        "rsi_monthly": 76.36247672280591,
        "52w_high": 207.02847290039062,
        "52w_low": 0
    },
    "TSLA": {
        "close": 449.3599853515625,
        "sma200": 371.67680030822754,
        "sma50": 442.3198016357422,
        "rsi_weekly": 55.767272209839355,
        "rsi_monthly": 70.21254147643917,
        "52w_high": 489.8800048828125,
        "52w_low": 0
    },
    "MSFT": {
        "close": 451.1400146484375,
        "sma200": 482.25812744140626,
        "sma50": 481.6579150390625,
        "rsi_weekly": 40.972928122803324,
        "rsi_monthly": 64.94487470028655,
        "52w_high": 541.057373046875,
        "52w_low": 0
    },
    "AMD": {
        "close": 253.72999572753906,
        "sma200": 170.95559978485107,
        "sma50": 220.6750003051758,
        "rsi_weekly": 60.57175331207617,
        "rsi_monthly": 69.38721493424931,
        "52w_high": 264.3299865722656,
        "52w_low": 0
    },
    "ROL": {
        "close": 63.31999969482422,
        "sma200": 57.36391845703125,
        "sma50": 60.28879997253418,
        "rsi_weekly": 65.28779690462511,
        "rsi_monthly": 72.24761412932413,
        "52w_high": 63.31999969482422,
        "52w_low": 0
    },
    "ROP": {
        "close": 407.4800109863281,
        "sma200": 510.4436163330078,
        "sma50": 439.5327307128906,
        "rsi_weekly": 22.057094396103235,
        "rsi_monthly": 36.594833666853894,
        "52w_high": 589.9105834960938,
        "52w_low": 0
    },
    "ROST": {
        "close": 187.00999450683594,
        "sma200": 152.2154503631592,
        "sma50": 178.9874710083008,
        "rsi_weekly": 80.9396310105855,
        "rsi_monthly": 74.96831452395146,
        "52w_high": 193.7899932861328,
        "52w_low": 0
    },
    "RCL": {
        "close": 285.54998779296875,
        "sma200": 285.85042388916014,
        "sma50": 274.38892639160156,
        "rsi_weekly": 47.33950480167788,
        "rsi_monthly": 57.18995408064084,
        "52w_high": 363.48126220703125,
        "52w_low": 0
    },
    "SPGI": {
        "close": 539.7999877929688,
        "sma200": 510.7618580627441,
        "sma50": 511.8453735351562,
        "rsi_weekly": 62.65452116521249,
        "rsi_monthly": 47.47776048365847,
        "52w_high": 562.063232421875,
        "52w_low": 0
    },
    "CRM": {
        "close": 228.08999633789062,
        "sma200": 254.33725860595703,
        "sma50": 247.42978485107423,
        "rsi_weekly": 40.48715655113556,
        "rsi_monthly": 61.20227085343427,
        "52w_high": 357.6153564453125,
        "52w_low": 0
    },
    "SBAC": {
        "close": 185.2899932861328,
        "sma200": 209.11430519104005,
        "sma50": 191.41290954589843,
        "rsi_weekly": 46.09484755072312,
        "rsi_monthly": 31.933414672110917,
        "52w_high": 239.70611572265625,
        "52w_low": 0
    },
    "SLB": {
        "close": 49.31999969482422,
        "sma200": 35.45117027282715,
        "sma50": 39.57697151184082,
        "rsi_weekly": 72.86036182410302,
        "rsi_monthly": 47.56524924013617,
        "52w_high": 49.31999969482422,
        "52w_low": 0
    },
    "STX": {
        "close": 346.5299987792969,
        "sma200": 189.49266021728516,
        "sma50": 286.335,
        "rsi_weekly": 74.94780001589504,
        "rsi_monthly": 89.80354270477204,
        "52w_high": 346.5299987792969,
        "52w_low": 0
    },
    "SRE": {
        "close": 85.75,
        "sma200": 81.85897523880004,
        "sma50": 89.5906900024414,
        "rsi_weekly": 62.12463577351666,
        "rsi_monthly": 58.77792291490528,
        "52w_high": 94.03408813476562,
        "52w_low": 0
    },
    "NOW": {
        "close": 128.55999755859375,
        "sma200": 179.69765949249268,
        "sma50": 156.19215927124023,
        "rsi_weekly": 25.709552729998446,
        "rsi_monthly": 42.4680627861414,
        "52w_high": 234.0780029296875,
        "52w_low": 0
    },
    "SHW": {
        "close": 350.6300048828125,
        "sma200": 343.62596252441404,
        "sma50": 335.9778594970703,
        "rsi_weekly": 57.9440474851636,
        "rsi_monthly": 60.753169854006394,
        "52w_high": 374.35516357421875,
        "52w_low": 0
    },
    "SPG": {
        "close": 185.10000610351562,
        "sma200": 168.8962730407715,
        "sma50": 183.07823822021484,
        "rsi_weekly": 60.38247470157515,
        "rsi_monthly": 72.61052129457211,
        "52w_high": 188.2899932861328,
        "52w_low": 0
    },
    "SWKS": {
        "close": 59.66999816894531,
        "sma200": 68.8796967124939,
        "sma50": 64.25286849975586,
        "rsi_weekly": 36.242218986994224,
        "rsi_monthly": 37.66629018840771,
        "52w_high": 88.78504943847656,
        "52w_low": 0
    },
    "SJM": {
        "close": 102.08000183105469,
        "sma200": 105.11000720977783,
        "sma50": 101.59906326293945,
        "rsi_weekly": 47.61871976376573,
        "rsi_monthly": 28.528023573512545,
        "52w_high": 115.06596374511719,
        "52w_low": 0
    },
    "SNA": {
        "close": 372.2699890136719,
        "sma200": 328.2567292785645,
        "sma50": 347.71972106933595,
        "rsi_weekly": 62.317217895014664,
        "rsi_monthly": 51.621419384018836,
        "52w_high": 372.2699890136719,
        "52w_low": 0
    },
    "SO": {
        "close": 87.51000213623047,
        "sma200": 90.2321626663208,
        "sma50": 87.83524154663085,
        "rsi_weekly": 48.42019545175385,
        "rsi_monthly": 51.19794220453622,
        "52w_high": 98.90631866455078,
        "52w_low": 0
    },
    "LUV": {
        "close": 42.439998626708984,
        "sma200": 33.12863136291504,
        "sma50": 38.605607185363766,
        "rsi_weekly": 69.99163046464649,
        "rsi_monthly": 75.9508379565509,
        "52w_high": 44.52000045776367,
        "52w_low": 0
    },
    "SWK": {
        "close": 83.7300033569336,
        "sma200": 69.13126586914062,
        "sma50": 73.76410766601562,
        "rsi_weekly": 64.94506414021289,
        "rsi_monthly": 41.77162235937007,
        "52w_high": 86.36911010742188,
        "52w_low": 0
    },
    "SBUX": {
        "close": 95.83000183105469,
        "sma200": 86.179712600708,
        "sma50": 86.62954940795899,
        "rsi_weekly": 58.385725139211374,
        "rsi_monthly": 51.02712926855884,
        "52w_high": 113.42715454101562,
        "52w_low": 0
    },
    "STT": {
        "close": 128.4600067138672,
        "sma200": 108.91624771118164,
        "sma50": 124.76606369018555,
        "rsi_weekly": 64.68510495418714,
        "rsi_monthly": 84.0266971885637,
        "52w_high": 136.2899932861328,
        "52w_low": 0
    },
    "SYK": {
        "close": 358.6700134277344,
        "sma200": 372.50851150512693,
        "sma50": 359.6994299316406,
        "rsi_weekly": 48.56577700349779,
        "rsi_monthly": 56.45560046023047,
        "52w_high": 401.61309814453125,
        "52w_low": 0
    },
    "SYF": {
        "close": 78.0999984741211,
        "sma200": 69.38122400283814,
        "sma50": 80.21559997558593,
        "rsi_weekly": 57.39856994609787,
        "rsi_monthly": 77.2015728241371,
        "52w_high": 88.47000122070312,
        "52w_low": 0
    },
    "SNPS": {
        "close": 509.4700012207031,
        "sma200": 494.877550201416,
        "sma50": 459.1065997314453,
        "rsi_weekly": 55.95480495607484,
        "rsi_monthly": 54.61157390579129,
        "52w_high": 645.3499755859375,
        "52w_low": 0
    }
}