{
    "last_scan_index": 150,
    "AAPL": {
        "close": 248.35000610351562,
        "sma200": 234.39857803344728,
        "sma50": 270.19619842529295,
        "rsi_weekly": 51.05965893416749,
        "rsi_monthly": 65.05591480914252,
        "52w_high": 286.19000244140625,
        "52w_low": 0
    },
    "NVDA": {
        "close": 184.83999633789062,
        "sma200": 165.24091957092284,
        "sma50": 184.0501092529297,
        "rsi_weekly": 56.61352266708122,
        "rsi_monthly": 76.36247606263136,
        "52w_high": 207.02847290039062,
        "52w_low": 0
    },
    "TSLA": {
        "close": 449.3599853515625,
        "sma200": 371.67680030822754,
        "sma50": 442.3198016357422,
        "rsi_weekly": 55.767272209839355,
        "rsi_monthly": 70.21254147643917,
        "52w_high": 489.8800048828125,
        "52w_low": 0
    },
    "MSFT": {
        "close": 451.1400146484375,
        "sma200": 482.25812744140626,
        "sma50": 481.6579150390625,
        "rsi_weekly": 40.972927969722804,
        "rsi_monthly": 64.94485377061466,
        "52w_high": 541.057373046875,
        "52w_low": 0
    },
    "AMD": {
        "close": 253.72999572753906,
        "sma200": 170.95559978485107,
        "sma50": 220.6750003051758,
        "rsi_weekly": 60.57175331207617,
        "rsi_monthly": 69.38721493424931,
        "52w_high": 264.3299865722656,
        "52w_low": 0
    },
    "COO": {
        "close": 82.80000305175781,
        "sma200": 74.56080005645752,
        "sma50": 79.30080001831055,
        "rsi_weekly": 60.01173953955393,
        "rsi_monthly": 48.46041333422471,
        "52w_high": 99.44999694824219,
        "52w_low": 0
    },
    "CPRT": {
        "close": 41.27000045776367,
        "sma200": 47.3583500289917,
        "sma50": 39.68080001831055,
        "rsi_weekly": 41.56802250211671,
        "rsi_monthly": 51.94995856135763,
        "52w_high": 63.84000015258789,
        "52w_low": 0
    },
    "GLW": {
        "close": 94.27999877929688,
        "sma200": 68.1192092704773,
        "sma50": 87.2407469177246,
        "rsi_weekly": 70.97226814815427,
        "rsi_monthly": 83.83170420573504,
        "52w_high": 95.97000122070312,
        "52w_low": 0
    },
    "CPAY": {
        "close": 327.1400146484375,
        "sma200": 311.9297003173828,
        "sma50": 304.70760009765627,
        "rsi_weekly": 54.66410817347483,
        "rsi_monthly": 42.64298440673572,
        "52w_high": 389.54998779296875,
        "52w_low": 0
    },
    "CTVA": {
        "close": 71.55999755859375,
        "sma200": 67.9019514465332,
        "sma50": 66.9605776977539,
        "rsi_weekly": 57.35792717705351,
        "rsi_monthly": 72.06120123333615,
        "52w_high": 76.72764587402344,
        "52w_low": 0
    },
    "CSGP": {
        "close": 66.26000213623047,
        "sma200": 78.00125,
        "sma50": 66.16019989013672,
        "rsi_weekly": 40.06247250037753,
        "rsi_monthly": 47.61567195546935,
        "52w_high": 96.83000183105469,
        "52w_low": 0
    },
    "COST": {
        "close": 976.1699829101562,
        "sma200": 949.2736511230469,
        "sma50": 900.2970007324219,
        "rsi_weekly": 57.332281730280556,
        "rsi_monthly": 59.51777502831698,
        "52w_high": 1072.4534912109375,
        "52w_low": 0
    },
    "CTRA": {
        "close": 27.280000686645508,
        "sma200": 24.602418069839477,
        "sma50": 26.082645072937012,
        "rsi_weekly": 52.85458410188367,
        "rsi_monthly": 61.894146634343386,
        "52w_high": 28.59429359436035,
        "52w_low": 0
    },
    "CCI": {
        "close": 86.19000244140625,
        "sma200": 95.33918598175049,
        "sma50": 88.43622421264648,
        "rsi_weekly": 48.33940099823615,
        "rsi_monthly": 46.95329466450341,
        "52w_high": 111.32425689697266,
        "52w_low": 0
    },
    "CSX": {
        "close": 35.779998779296875,
        "sma200": 33.45607935905456,
        "sma50": 35.73627151489258,
        "rsi_weekly": 56.62556618016945,
        "rsi_monthly": 66.84469956321455,
        "52w_high": 37.38999938964844,
        "52w_low": 0
    },
    "CMI": {
        "close": 583.0700073242188,
        "sma200": 398.925290222168,
        "sma50": 514.3179400634766,
        "rsi_weekly": 85.00670949518158,
        "rsi_monthly": 85.26034301332493,
        "52w_high": 583.0700073242188,
        "52w_low": 0
    },
    "CVS": {
        "close": 82.68000030517578,
        "sma200": 70.53583555221557,
        "sma50": 78.3416358947754,
        "rsi_weekly": 57.311971637935095,
        "rsi_monthly": 62.2223293707139,
        "52w_high": 82.68000030517578,
        "52w_low": 0
    },
    "DHR": {
        "close": 240.0800018310547,
        "sma200": 206.24104850769044,
        "sma50": 228.62340087890624,
        "rsi_weekly": 61.83553566779477,
        "rsi_monthly": 64.20378697489747,
        "52w_high": 249.02561950683594,
        "52w_low": 0
    },
    "DRI": {
        "close": 205.16000366210938,
        "sma200": 195.74041511535646,
        "sma50": 185.57995025634764,
        "rsi_weekly": 65.89056369737166,
        "rsi_monthly": 62.03542486320276,
        "52w_high": 220.76190185546875,
        "52w_low": 0
    },
    "DVA": {
        "close": 109.16999816894531,
        "sma200": 131.3543500137329,
        "sma50": 115.52559997558593,
        "rsi_weekly": 28.38043221343732,
        "rsi_monthly": 58.53862959030401,
        "52w_high": 177.35000610351562,
        "52w_low": 0
    },
    "DAY": {
        "close": 69.26000213623047,
        "sma200": 63.383449954986574,
        "sma50": 69.13420013427735,
        "rsi_weekly": 59.5840032633321,
        "rsi_monthly": 55.44195534123394,
        "52w_high": 74.08000183105469,
        "52w_low": 0
    },
    "DEW": {
        "close": 63.84000015258789,
        "sma200": 57.79176427841187,
        "sma50": 61.335015869140626,
        "rsi_weekly": 74.11826263872167,
        "rsi_monthly": 82.4191990966967,
        "52w_high": 63.84000015258789,
        "52w_low": 0
    },
    "DE": {
        "close": 522.3800048828125,
        "sma200": 482.43018493652346,
        "sma50": 480.4372735595703,
        "rsi_weekly": 62.07267111845499,
        "rsi_monthly": 42.40461600987328,
        "52w_high": 529.510009765625,
        "52w_low": 0
    },
    "DAL": {
        "close": 68.94999694824219,
        "sma200": 56.4131512260437,
        "sma50": 66.73899932861327,
        "rsi_weekly": 65.62533665630082,
        "rsi_monthly": 69.74173425830504,
        "52w_high": 72.30999755859375,
        "52w_low": 0
    },
    "XRAY": {
        "close": 13.0,
        "sma200": 13.28232177734375,
        "sma50": 11.327417240142822,
        "rsi_weekly": 47.761458396505965,
        "rsi_monthly": 15.909465820467119,
        "52w_high": 19.363664627075195,
        "52w_low": 0
    },
    "DVN": {
        "close": 37.97999954223633,
        "sma200": 33.444188575744626,
        "sma50": 36.279006805419925,
        "rsi_weekly": 54.10829025065961,
        "rsi_monthly": 58.25889695152818,
        "52w_high": 38.164306640625,
        "52w_low": 0
    },
    "DXCM": {
        "close": 73.91999816894531,
        "sma200": 73.90755014419555,
        "sma50": 65.45500015258789,
        "rsi_weekly": 50.30622864893874,
        "rsi_monthly": 32.1728819719612,
        "52w_high": 90.75,
        "52w_low": 0
    },
    "FANG": {
        "close": 151.85000610351562,
        "sma200": 141.90218063354493,
        "sma50": 150.43232666015626,
        "rsi_weekly": 53.48215933889372,
        "rsi_monthly": 73.00640392513134,
        "52w_high": 172.68716430664062,
        "52w_low": 0
    },
    "DLR": {
        "close": 158.7100067138672,
        "sma200": 164.09241371154786,
        "sma50": 157.163662109375,
        "rsi_weekly": 51.271594009768705,
        "rsi_monthly": 56.82890027548269,
        "52w_high": 178.0225067138672,
        "52w_low": 0
    }
}