{
    "last_scan_index": 325,
    "AAPL": {
        "close": 259.0400085449219,
        "sma200": 232.61908897399903,
        "sma50": 272.7665710449219,
        "rsi_weekly": 63.04886221995256,
        "rsi_monthly": 65.0559318430102,
        "52w_high": 286.19000244140625,
        "52w_low": 0
    },
    "NVDA": {
        "close": 185.0399932861328,
        "sma200": 161.8517797470093,
        "sma50": 186.69211608886718,
        "rsi_weekly": 58.64870586060974,
        "rsi_monthly": 76.3624744331709,
        "52w_high": 207.02847290039062,
        "52w_low": 0
    },
    "TSLA": {
        "close": 435.79998779296875,
        "sma200": 363.9642002105713,
        "sma50": 444.56700134277344,
        "rsi_weekly": 56.31157929953819,
        "rsi_monthly": 70.21254147643917,
        "52w_high": 489.8800048828125,
        "52w_low": 0
    },
    "MSFT": {
        "close": 478.1099853515625,
        "sma200": 478.53865295410156,
        "sma50": 491.6204217529297,
        "rsi_weekly": 44.49072426659348,
        "rsi_monthly": 64.94484397571546,
        "52w_high": 541.057373046875,
        "52w_low": 0
    },
    "AMD": {
        "close": 204.67999267578125,
        "sma200": 165.31699977874757,
        "sma50": 225.07379943847656,
        "rsi_weekly": 60.71614808686848,
        "rsi_monthly": 69.38721493424931,
        "52w_high": 264.3299865722656,
        "52w_low": 0
    },
    "MAS": {
        "close": 67.22000122070312,
        "sma200": 65.72503150939941,
        "sma50": 63.498322067260744,
        "rsi_weekly": 46.140275054811255,
        "rsi_monthly": 63.33004169613678,
        "52w_high": 80.34850311279297,
        "52w_low": 0
    },
    "MA": {
        "close": 580.0700073242188,
        "sma200": 561.3331446838379,
        "sma50": 556.6045971679688,
        "rsi_weekly": 50.574250831243496,
        "rsi_monthly": 71.24568238002664,
        "52w_high": 598.1703491210938,
        "52w_low": 0
    },
    "MTCH": {
        "close": 32.650001525878906,
        "sma200": 32.422604932785035,
        "sma50": 32.56977188110351,
        "rsi_weekly": 43.83610362884554,
        "rsi_monthly": 36.58013842834951,
        "52w_high": 38.3323860168457,
        "52w_low": 0
    },
    "MKC": {
        "close": 67.12999725341797,
        "sma200": 69.58743534088134,
        "sma50": 65.8190372467041,
        "rsi_weekly": 48.36572944974714,
        "rsi_monthly": 48.96207532864377,
        "52w_high": 82.57147216796875,
        "52w_low": 0
    },
    "MCD": {
        "close": 308.8800048828125,
        "sma200": 303.40085662841796,
        "sma50": 306.5772955322266,
        "rsi_weekly": 48.76273978295624,
        "rsi_monthly": 58.17616379949888,
        "52w_high": 319.6499938964844,
        "52w_low": 0
    },
    "MCK": {
        "close": 814.6300048828125,
        "sma200": 741.2936065673828,
        "sma50": 832.2329113769531,
        "rsi_weekly": 60.8708366496712,
        "rsi_monthly": 71.49638867321067,
        "52w_high": 888.4524536132812,
        "52w_low": 0
    },
    "MDT": {
        "close": 98.69000244140625,
        "sma200": 90.80526992797851,
        "sma50": 97.72679977416992,
        "rsi_weekly": 52.77620169293912,
        "rsi_monthly": 49.26088899327514,
        "52w_high": 105.3499984741211,
        "52w_low": 0
    },
    "MRK": {
        "close": 110.98999786376953,
        "sma200": 84.61663776397705,
        "sma50": 97.42247573852539,
        "rsi_weekly": 68.58347982454816,
        "rsi_monthly": 67.21380822481915,
        "52w_high": 110.98999786376953,
        "52w_low": 0
    },
    "MET": {
        "close": 79.77999877929688,
        "sma200": 77.70841567993165,
        "sma50": 78.71391357421875,
        "rsi_weekly": 53.28777782733723,
        "rsi_monthly": 57.0180712033252,
        "52w_high": 84.54905700683594,
        "52w_low": 0
    },
    "MTD": {
        "close": 1465.199951171875,
        "sma200": 1260.3957989501953,
        "sma50": 1423.3678002929687,
        "rsi_weekly": 57.1618669932194,
        "rsi_monthly": 60.78296128761418,
        "52w_high": 1506.02001953125,
        "52w_low": 0
    },
    "MGM": {
        "close": 35.150001525878906,
        "sma200": 34.09694997787476,
        "sma50": 34.53859996795654,
        "rsi_weekly": 55.02680572544634,
        "rsi_monthly": 48.11049773966102,
        "52w_high": 40.369998931884766,
        "52w_low": 0
    },
    "MCHP": {
        "close": 73.52999877929688,
        "sma200": 60.74689710617066,
        "sma50": 61.080170135498044,
        "rsi_weekly": 53.96195607062781,
        "rsi_monthly": 46.03959259143398,
        "52w_high": 74.87000274658203,
        "52w_low": 0
    },
    "MU": {
        "close": 327.0199890136719,
        "sma200": 153.6388614654541,
        "sma50": 251.74137969970704,
        "rsi_weekly": 80.88648715436723,
        "rsi_monthly": 85.13259708155768,
        "52w_high": 343.42999267578125,
        "52w_low": 0
    },
    "MAA": {
        "close": 138.5399932861328,
        "sma200": 142.92658054351807,
        "sma50": 133.2159992980957,
        "rsi_weekly": 51.74059876664745,
        "rsi_monthly": 49.27712305220371,
        "52w_high": 165.6918487548828,
        "52w_low": 0
    },
    "MRNA": {
        "close": 33.86000061035156,
        "sma200": 27.41074993133545,
        "sma50": 27.809999961853027,
        "rsi_weekly": 54.211725399258874,
        "rsi_monthly": 22.609479190243324,
        "52w_high": 47.529998779296875,
        "52w_low": 0
    },
    "MHK": {
        "close": 114.26000213623047,
        "sma200": 114.3604999923706,
        "sma50": 110.50719985961913,
        "rsi_weekly": 44.092537245494746,
        "rsi_monthly": 59.38509234588343,
        "52w_high": 139.75,
        "52w_low": 0
    },
    "MOH": {
        "close": 183.5,
        "sma200": 221.42635047912597,
        "sma50": 155.9347994995117,
        "rsi_weekly": 46.6036803075798,
        "rsi_monthly": 48.64172992303688,
        "52w_high": 353.239990234375,
        "52w_low": 0
    },
    "TAP": {
        "close": 47.25,
        "sma200": 49.432900199890135,
        "sma50": 45.899315185546875,
        "rsi_weekly": 49.0183779052212,
        "rsi_monthly": 45.65296168367426,
        "52w_high": 61.11589431762695,
        "52w_low": 0
    },
    "MDLZ": {
        "close": 53.9900016784668,
        "sma200": 61.691650581359866,
        "sma50": 55.0595189666748,
        "rsi_weekly": 31.590821835441833,
        "rsi_monthly": 27.354633050790397,
        "52w_high": 69.54491424560547,
        "52w_low": 0
    },
    "MPWR": {
        "close": 959.0900268554688,
        "sma200": 801.3608050537109,
        "sma50": 949.7707495117188,
        "rsi_weekly": 56.478383142909415,
        "rsi_monthly": 72.97173975116552,
        "52w_high": 1103.1842041015625,
        "52w_low": 0
    },
    "MNST": {
        "close": 76.5999984741211,
        "sma200": 65.19940006256104,
        "sma50": 73.17139999389649,
        "rsi_weekly": 69.50447641973618,
        "rsi_monthly": 78.91304478658172,
        "52w_high": 77.66999816894531,
        "52w_low": 0
    },
    "MCO": {
        "close": 531.1699829101562,
        "sma200": 484.4588247680664,
        "sma50": 493.47208801269534,
        "rsi_weekly": 52.85077497544967,
        "rsi_monthly": 54.89091553221693,
        "52w_high": 532.9000244140625,
        "52w_low": 0
    },
    "MS": {
        "close": 184.67999267578125,
        "sma200": 145.1900676727295,
        "sma50": 171.80295349121093,
        "rsi_weekly": 73.32866237858363,
        "rsi_monthly": 80.31265946168561,
        "52w_high": 187.75,
        "52w_low": 0
    },
    "MOS": {
        "close": 26.479999542236328,
        "sma200": 30.463896293640136,
        "sma50": 24.898278923034667,
        "rsi_weekly": 40.54430945052685,
        "rsi_monthly": 42.496509978420406,
        "52w_high": 37.212406158447266,
        "52w_low": 0
    }
}