{
    "last_scan_index": 25,
    "AAPL": {
        "close": 259.9599914550781,
        "sma200": 233.4022031402588,
        "sma50": 271.9906988525391,
        "rsi_weekly": 53.7618533387931,
        "rsi_monthly": 65.05595183173901,
        "52w_high": 286.19000244140625,
        "52w_low": 0
    },
    "NVDA": {
        "close": 183.13999938964844,
        "sma200": 163.26819328308105,
        "sma50": 185.1990216064453,
        "rsi_weekly": 55.83253757520632,
        "rsi_monthly": 76.36247378779846,
        "52w_high": 207.02847290039062,
        "52w_low": 0
    },
    "TSLA": {
        "close": 439.20001220703125,
        "sma200": 367.38165031433107,
        "sma50": 443.8000018310547,
        "rsi_weekly": 57.433070397524055,
        "rsi_monthly": 70.21254147643917,
        "52w_high": 489.8800048828125,
        "52w_low": 0
    },
    "MSFT": {
        "close": 459.3800048828125,
        "sma200": 480.24009887695314,
        "sma50": 486.88629821777346,
        "rsi_weekly": 46.92493259916153,
        "rsi_monthly": 64.94484263038012,
        "52w_high": 541.057373046875,
        "52w_low": 0
    },
    "AMD": {
        "close": 223.60000610351562,
        "sma200": 167.4197998046875,
        "sma50": 221.51639984130858,
        "rsi_weekly": 52.90812131363197,
        "rsi_monthly": 69.38721493424931,
        "52w_high": 264.3299865722656,
        "52w_low": 0
    },
    "MMM": {
        "close": 169.99000549316406,
        "sma200": 153.18276401519776,
        "sma50": 165.72377197265624,
        "rsi_weekly": 56.62397582789198,
        "rsi_monthly": 66.94032799710935,
        "52w_high": 173.08999633789062,
        "52w_low": 0
    },
    "AOS": {
        "close": 71.18000030517578,
        "sma200": 67.75741859436035,
        "sma50": 67.06460037231446,
        "rsi_weekly": 55.93863579778552,
        "rsi_monthly": 58.8206429604318,
        "52w_high": 73.89897918701172,
        "52w_low": 0
    },
    "ABT": {
        "close": 125.0,
        "sma200": 129.3292465209961,
        "sma50": 126.03719955444336,
        "rsi_weekly": 46.28191052146528,
        "rsi_monthly": 62.307539122185936,
        "52w_high": 138.33462524414062,
        "52w_low": 0
    },
    "ABBV": {
        "close": 221.88999938964844,
        "sma200": 205.1548477935791,
        "sma50": 226.1059997558594,
        "rsi_weekly": 52.3752272808573,
        "rsi_monthly": 74.25425131458469,
        "52w_high": 242.630859375,
        "52w_low": 0
    },
    "ACN": {
        "close": 288.5400085449219,
        "sma200": 272.54504417419435,
        "sma50": 261.46540008544923,
        "rsi_weekly": 57.51892426360019,
        "rsi_monthly": 46.79370412452489,
        "52w_high": 394.31280517578125,
        "52w_low": 0
    },
    "ADBE": {
        "close": 304.44000244140625,
        "sma200": 359.76534942626955,
        "sma50": 335.58460021972655,
        "rsi_weekly": 42.65774486200828,
        "rsi_monthly": 22.841396768378708,
        "52w_high": 464.1099853515625,
        "52w_low": 0
    },
    "AES": {
        "close": 14.0,
        "sma200": 12.49653462409973,
        "sma50": 13.98619997024536,
        "rsi_weekly": 57.7268553159558,
        "rsi_monthly": 41.76982177809489,
        "52w_high": 15.17705249786377,
        "52w_low": 0
    },
    "AFL": {
        "close": 110.18000030517578,
        "sma200": 106.1189151763916,
        "sma50": 110.41606002807617,
        "rsi_weekly": 52.585079138729064,
        "rsi_monthly": 53.162568982338804,
        "52w_high": 114.41313171386719,
        "52w_low": 0
    },
    "A": {
        "close": 145.9199981689453,
        "sma200": 125.6986462020874,
        "sma50": 144.54247802734375,
        "rsi_weekly": 61.20131536766729,
        "rsi_monthly": 59.24975532014593,
        "52w_high": 156.91954040527344,
        "52w_low": 0
    },
    "APD": {
        "close": 267.25,
        "sma200": 268.1951071929932,
        "sma50": 251.0628820800781,
        "rsi_weekly": 50.65602766910469,
        "rsi_monthly": 35.15970865424847,
        "52w_high": 329.2906494140625,
        "52w_low": 0
    },
    "ABNB": {
        "close": 132.7899932861328,
        "sma200": 127.27915008544922,
        "sma50": 127.0195997619629,
        "rsi_weekly": 59.28611905759668,
        "rsi_monthly": 64.48632187152391,
        "52w_high": 161.4199981689453,
        "52w_low": 0
    },
    "AKAM": {
        "close": 90.6500015258789,
        "sma200": 79.43634963989258,
        "sma50": 86.59299957275391,
        "rsi_weekly": 58.04833152690319,
        "rsi_monthly": 28.03165935349632,
        "52w_high": 102.0999984741211,
        "52w_low": 0
    },
    "ALB": {
        "close": 177.5500030517578,
        "sma200": 86.44581712722778,
        "sma50": 130.79117416381837,
        "rsi_weekly": 77.88089099707062,
        "rsi_monthly": 78.91608613549532,
        "52w_high": 177.5500030517578,
        "52w_low": 0
    },
    "ARE": {
        "close": 56.13999938964844,
        "sma200": 68.19957433700561,
        "sma50": 50.10744873046875,
        "rsi_weekly": 39.695732030623944,
        "rsi_monthly": 31.177534150620765,
        "52w_high": 96.58305358886719,
        "52w_low": 0
    },
    "ALGN": {
        "close": 169.22999572753906,
        "sma200": 159.06554985046387,
        "sma50": 152.65659881591796,
        "rsi_weekly": 59.698774277085,
        "rsi_monthly": 57.06397118369214,
        "52w_high": 234.88999938964844,
        "52w_low": 0
    },
    "ALLE": {
        "close": 161.6199951171875,
        "sma200": 156.35995422363283,
        "sma50": 162.40220123291016,
        "rsi_weekly": 51.810121599553625,
        "rsi_monthly": 65.98129056195957,
        "52w_high": 179.47000122070312,
        "52w_low": 0
    },
    "LNT": {
        "close": 66.86000061035156,
        "sma200": 63.721536293029786,
        "sma50": 66.31539932250976,
        "rsi_weekly": 49.6973858072146,
        "rsi_monthly": 58.692820406819244,
        "52w_high": 69.47000122070312,
        "52w_low": 0
    },
    "ALL": {
        "close": 196.02000427246094,
        "sma200": 200.6754978942871,
        "sma50": 206.41172637939454,
        "rsi_weekly": 57.36333820575086,
        "rsi_monthly": 63.846924335569305,
        "52w_high": 213.64215087890625,
        "52w_low": 0
    },
    "GOOGL": {
        "close": 335.8399963378906,
        "sma200": 224.3542714691162,
        "sma50": 307.23705993652345,
        "rsi_weekly": 78.81484500248567,
        "rsi_monthly": 79.4027508616484,
        "52w_high": 335.9700012207031,
        "52w_low": 0
    },
    "GOOG": {
        "close": 336.30999755859375,
        "sma200": 225.33733894348146,
        "sma50": 307.9319561767578,
        "rsi_weekly": 79.04037015077482,
        "rsi_monthly": 79.24078834936421,
        "52w_high": 336.42999267578125,
        "52w_low": 0
    },
    "MO": {
        "close": 61.470001220703125,
        "sma200": 58.86228748321533,
        "sma50": 57.32752960205078,
        "rsi_weekly": 45.621869254901966,
        "rsi_monthly": 63.972661616953154,
        "52w_high": 65.45215606689453,
        "52w_low": 0
    },
    "AMZN": {
        "close": 236.64999389648438,
        "sma200": 218.748800201416,
        "sma50": 233.88800018310548,
        "rsi_weekly": 60.90414428011612,
        "rsi_monthly": 71.52946981803966,
        "52w_high": 254.0,
        "52w_low": 0
    },
    "AMCR": {
        "close": 44.099998474121094,
        "sma200": 42.96613939285278,
        "sma50": 41.71896682739258,
        "rsi_weekly": 54.8723077359556,
        "rsi_monthly": 39.803716544592405,
        "52w_high": 49.207244873046875,
        "52w_low": 0
    },
    "AEE": {
        "close": 102.54000091552734,
        "sma200": 98.68401176452636,
        "sma50": 101.08130599975586,
        "rsi_weekly": 50.11678098419223,
        "rsi_monthly": 68.7618142362412,
        "52w_high": 105.5897445678711,
        "52w_low": 0
    }
}