{
    "last_scan_index": 200,
    "AAPL": {
        "close": 261.04998779296875,
        "sma200": 233.1881903076172,
        "sma50": 272.193662109375,
        "rsi_weekly": 53.7618530625169,
        "rsi_monthly": 65.05593517301142,
        "52w_high": 286.19000244140625,
        "52w_low": 0
    },
    "NVDA": {
        "close": 185.80999755859375,
        "sma200": 162.90074375152588,
        "sma50": 185.58579620361328,
        "rsi_weekly": 55.83253745802891,
        "rsi_monthly": 76.36247615557237,
        "52w_high": 207.02847290039062,
        "52w_low": 0
    },
    "TSLA": {
        "close": 447.20001220703125,
        "sma200": 366.50340019226076,
        "sma50": 444.14720153808594,
        "rsi_weekly": 57.433070397524055,
        "rsi_monthly": 70.21254147643917,
        "52w_high": 489.8800048828125,
        "52w_low": 0
    },
    "MSFT": {
        "close": 470.6700134277344,
        "sma200": 479.82709930419924,
        "sma50": 488.0355511474609,
        "rsi_weekly": 46.92493250903937,
        "rsi_monthly": 64.94486496308735,
        "52w_high": 541.057373046875,
        "52w_low": 0
    },
    "AMD": {
        "close": 220.97000122070312,
        "sma200": 166.81789978027345,
        "sma50": 222.16679962158204,
        "rsi_weekly": 52.90812131363197,
        "rsi_monthly": 69.38721493424931,
        "52w_high": 264.3299865722656,
        "52w_low": 0
    },
    "EQR": {
        "close": 60.189998626708984,
        "sma200": 63.700203819274904,
        "sma50": 60.35569877624512,
        "rsi_weekly": 43.49789004100839,
        "rsi_monthly": 48.42462339436224,
        "52w_high": 71.96407318115234,
        "52w_low": 0
    },
    "ESS": {
        "close": 249.9199981689453,
        "sma200": 264.55979568481445,
        "sma50": 255.30911529541015,
        "rsi_weekly": 43.089597328142375,
        "rsi_monthly": 48.808416795962714,
        "52w_high": 302.4346618652344,
        "52w_low": 0
    },
    "EL": {
        "close": 115.37000274658203,
        "sma200": 84.08071285247803,
        "sma50": 99.74883239746094,
        "rsi_weekly": 70.66970082014114,
        "rsi_monthly": 68.64618428222664,
        "52w_high": 115.37000274658203,
        "52w_low": 0
    },
    "ETR": {
        "close": 94.37000274658203,
        "sma200": 87.87820434570312,
        "sma50": 93.97139785766602,
        "rsi_weekly": 56.76022366234301,
        "rsi_monthly": 76.15064696685404,
        "52w_high": 97.5199966430664,
        "52w_low": 0
    },
    "EVRG": {
        "close": 73.93000030517578,
        "sma200": 70.53670637130737,
        "sma50": 74.41747039794922,
        "rsi_weekly": 51.331392065195274,
        "rsi_monthly": 62.14406897895359,
        "52w_high": 78.00737762451172,
        "52w_low": 0
    },
    "ES": {
        "close": 68.4000015258789,
        "sma200": 64.66687225341796,
        "sma50": 68.14793746948243,
        "rsi_weekly": 53.049814088292756,
        "rsi_monthly": 69.25083725497761,
        "52w_high": 74.04946899414062,
        "52w_low": 0
    },
    "EXC": {
        "close": 43.31999969482422,
        "sma200": 44.110532188415526,
        "sma50": 44.6050846862793,
        "rsi_weekly": 44.946435123463985,
        "rsi_monthly": 64.00484772375859,
        "52w_high": 47.82242965698242,
        "52w_low": 0
    },
    "EXPE": {
        "close": 299.9700012207031,
        "sma200": 206.56626533508302,
        "sma50": 267.0211785888672,
        "rsi_weekly": 76.12957562813504,
        "rsi_monthly": 68.73354181745748,
        "52w_high": 301.30999755859375,
        "52w_low": 0
    },
    "EXPD": {
        "close": 160.69000244140625,
        "sma200": 123.11014575958252,
        "sma50": 146.594747467041,
        "rsi_weekly": 77.76657268319164,
        "rsi_monthly": 57.16398476163317,
        "52w_high": 161.1199951171875,
        "52w_low": 0
    },
    "EXR": {
        "close": 140.5,
        "sma200": 138.73318340301515,
        "sma50": 131.1161557006836,
        "rsi_weekly": 52.78373648880723,
        "rsi_monthly": 37.894123289776765,
        "52w_high": 154.1289825439453,
        "52w_low": 0
    },
    "XOM": {
        "close": 126.54000091552734,
        "sma200": 110.53911201477051,
        "sma50": 118.06419357299805,
        "rsi_weekly": 64.95666859210489,
        "rsi_monthly": 69.64757162579755,
        "52w_high": 126.54000091552734,
        "52w_low": 0
    },
    "FFIV": {
        "close": 269.80999755859375,
        "sma200": 285.2797515869141,
        "sma50": 250.60180114746095,
        "rsi_weekly": 47.7122131044615,
        "rsi_monthly": 54.25150740359023,
        "52w_high": 343.1700134277344,
        "52w_low": 0
    },
    "FDS": {
        "close": 291.7699890136719,
        "sma200": 361.91467788696286,
        "sma50": 280.97260620117186,
        "rsi_weekly": 38.68183576668566,
        "rsi_monthly": 24.44630209495074,
        "52w_high": 469.9656982421875,
        "52w_low": 0
    },
    "FICO": {
        "close": 1623.1800537109375,
        "sma200": 1697.4757501220704,
        "sma50": 1729.7151977539063,
        "rsi_weekly": 47.791148397930556,
        "rsi_monthly": 56.750432779784276,
        "52w_high": 2206.010009765625,
        "52w_low": 0
    },
    "FAST": {
        "close": 42.41999816894531,
        "sma200": 42.94087741851806,
        "sma50": 41.06820014953613,
        "rsi_weekly": 47.80707317779269,
        "rsi_monthly": 61.33827213444348,
        "52w_high": 50.12940216064453,
        "52w_low": 0
    },
    "FRT": {
        "close": 102.08999633789062,
        "sma200": 94.69065166473389,
        "sma50": 97.97932174682617,
        "rsi_weekly": 58.6810544430353,
        "rsi_monthly": 50.984320381489574,
        "52w_high": 106.85189056396484,
        "52w_low": 0
    },
    "FDX": {
        "close": 309.6600036621094,
        "sma200": 238.101802444458,
        "sma50": 278.5299963378906,
        "rsi_weekly": 75.37696285140551,
        "rsi_monthly": 66.61323092399724,
        "52w_high": 312.3599853515625,
        "52w_low": 0
    },
    "FIS": {
        "close": 64.2300033569336,
        "sma200": 71.21596328735352,
        "sma50": 65.4382120513916,
        "rsi_weekly": 46.5888220935422,
        "rsi_monthly": 60.575172340316875,
        "52w_high": 81.56632995605469,
        "52w_low": 0
    },
    "FITB": {
        "close": 48.130001068115234,
        "sma200": 41.40667978286743,
        "sma50": 45.09538581848145,
        "rsi_weekly": 69.2741761079088,
        "rsi_monthly": 64.90444696897849,
        "52w_high": 49.81999969482422,
        "52w_low": 0
    },
    "FSLR": {
        "close": 241.36000061035156,
        "sma200": 199.26475048065186,
        "sma50": 260.96880096435547,
        "rsi_weekly": 52.29060658896504,
        "rsi_monthly": 68.47152006392845,
        "52w_high": 284.5899963378906,
        "52w_low": 0
    },
    "FE": {
        "close": 45.29999923706055,
        "sma200": 42.77596746444702,
        "sma50": 45.393255386352536,
        "rsi_weekly": 52.751541530981676,
        "rsi_monthly": 64.35216892677806,
        "52w_high": 47.720001220703125,
        "52w_low": 0
    },
    "FMC": {
        "close": 15.3100004196167,
        "sma200": 31.137300810813905,
        "sma50": 13.666985874176026,
        "rsi_weekly": 30.619469837497583,
        "rsi_monthly": 23.117879259232982,
        "52w_high": 53.595802307128906,
        "52w_low": 0
    },
    "F": {
        "close": 13.979999542236328,
        "sma200": 11.440530786514282,
        "sma50": 13.289500503540038,
        "rsi_weekly": 66.14459574671469,
        "rsi_monthly": 79.14171058648746,
        "52w_high": 14.399999618530273,
        "52w_low": 0
    },
    "FTNT": {
        "close": 78.33000183105469,
        "sma200": 90.4789001083374,
        "sma50": 81.40940017700196,
        "rsi_weekly": 42.90815847713661,
        "rsi_monthly": 54.912633029532515,
        "52w_high": 114.56999969482422,
        "52w_low": 0
    }
}