{
    "last_scan_index": 425,
    "AAPL": {
        "close": 255.52999877929688,
        "sma200": 233.7518910217285,
        "sma50": 271.494140625,
        "rsi_weekly": 53.7618533017982,
        "rsi_monthly": 65.05591729367802,
        "52w_high": 286.19000244140625,
        "52w_low": 0
    },
    "NVDA": {
        "close": 186.22999572753906,
        "sma200": 164.0421413421631,
        "sma50": 184.55367309570312,
        "rsi_weekly": 55.83253745437882,
        "rsi_monthly": 76.36247778385145,
        "52w_high": 207.02847290039062,
        "52w_low": 0
    },
    "TSLA": {
        "close": 437.5,
        "sma200": 369.1239003753662,
        "sma50": 443.0688018798828,
        "rsi_weekly": 57.433070397524055,
        "rsi_monthly": 70.21254147643917,
        "52w_high": 489.8800048828125,
        "52w_low": 0
    },
    "MSFT": {
        "close": 459.8599853515625,
        "sma200": 481.05499618530274,
        "sma50": 484.6280310058594,
        "rsi_weekly": 46.92493281184055,
        "rsi_monthly": 64.94486672251448,
        "52w_high": 541.057373046875,
        "52w_low": 0
    },
    "AMD": {
        "close": 231.8300018310547,
        "sma200": 168.69094982147217,
        "sma50": 220.51739990234375,
        "rsi_weekly": 52.90812131363197,
        "rsi_monthly": 69.38721493424931,
        "52w_high": 264.3299865722656,
        "52w_low": 0
    },
    "ROL": {
        "close": 62.72999954223633,
        "sma200": 57.22228788375855,
        "sma50": 60.02175132751465,
        "rsi_weekly": 59.77475400095402,
        "rsi_monthly": 72.2475874532528,
        "52w_high": 62.72999954223633,
        "52w_low": 0
    },
    "ROP": {
        "close": 416.1400146484375,
        "sma200": 512.8710440063477,
        "sma50": 441.9072503662109,
        "rsi_weekly": 26.32089914363863,
        "rsi_monthly": 36.594876040743756,
        "52w_high": 589.9105834960938,
        "52w_low": 0
    },
    "ROST": {
        "close": 192.36000061035156,
        "sma200": 151.32449058532714,
        "sma50": 177.25589050292967,
        "rsi_weekly": 80.57225240658515,
        "rsi_monthly": 74.96833783654745,
        "52w_high": 193.7899932861328,
        "52w_low": 0
    },
    "RCL": {
        "close": 276.010009765625,
        "sma200": 284.5501889801025,
        "sma50": 272.9944253540039,
        "rsi_weekly": 56.7202292919757,
        "rsi_monthly": 57.18995100149667,
        "52w_high": 363.48126220703125,
        "52w_low": 0
    },
    "SPGI": {
        "close": 546.3499755859375,
        "sma200": 510.045786895752,
        "sma50": 509.6575549316406,
        "rsi_weekly": 61.490035146044164,
        "rsi_monthly": 47.477786168259634,
        "52w_high": 562.0632934570312,
        "52w_low": 0
    },
    "CRM": {
        "close": 227.11000061035156,
        "sma200": 254.8013173675537,
        "sma50": 248.64799743652344,
        "rsi_weekly": 52.4132226211165,
        "rsi_monthly": 61.202259159132645,
        "52w_high": 357.6153564453125,
        "52w_low": 0
    },
    "SBAC": {
        "close": 194.11000061035156,
        "sma200": 209.6275563812256,
        "sma50": 191.96097534179688,
        "rsi_weekly": 32.94280080677289,
        "rsi_monthly": 31.933400544982096,
        "52w_high": 239.7061004638672,
        "52w_low": 0
    },
    "SLB": {
        "close": 46.72999954223633,
        "sma200": 35.2967141532898,
        "sma50": 38.865394592285156,
        "rsi_weekly": 70.88016239548148,
        "rsi_monthly": 47.56525022908627,
        "52w_high": 46.970001220703125,
        "52w_low": 0
    },
    "STX": {
        "close": 326.2300109863281,
        "sma200": 185.51554889678954,
        "sma50": 282.62837463378906,
        "rsi_weekly": 71.66555365014614,
        "rsi_monthly": 89.80353937619248,
        "52w_high": 330.4200134277344,
        "52w_low": 0
    },
    "SRE": {
        "close": 92.55000305175781,
        "sma200": 81.58151441574097,
        "sma50": 89.92489822387695,
        "rsi_weekly": 55.654598894471285,
        "rsi_monthly": 58.777896370862415,
        "52w_high": 94.03408813476562,
        "52w_low": 0
    },
    "NOW": {
        "close": 127.30999755859375,
        "sma200": 180.12110946655272,
        "sma50": 159.00803894042969,
        "rsi_weekly": 30.539893970185155,
        "rsi_monthly": 42.4680627861414,
        "52w_high": 234.0780029296875,
        "52w_low": 0
    },
    "SHW": {
        "close": 357.8299865722656,
        "sma200": 343.45411849975585,
        "sma50": 335.0445825195313,
        "rsi_weekly": 56.138689123580306,
        "rsi_monthly": 60.75319484264136,
        "52w_high": 374.35516357421875,
        "52w_low": 0
    },
    "SPG": {
        "close": 184.9199981689453,
        "sma200": 168.38597229003906,
        "sma50": 182.7686083984375,
        "rsi_weekly": 60.1939751890551,
        "rsi_monthly": 72.61051943348146,
        "52w_high": 188.2899932861328,
        "52w_low": 0
    },
    "SWKS": {
        "close": 57.77000045776367,
        "sma200": 68.84686126708985,
        "sma50": 64.96582748413086,
        "rsi_weekly": 38.540187556276365,
        "rsi_monthly": 37.66629002764973,
        "52w_high": 90.16691589355469,
        "52w_low": 0
    },
    "SJM": {
        "close": 102.05000305175781,
        "sma200": 105.281025390625,
        "sma50": 101.73118774414063,
        "rsi_weekly": 45.3189522655504,
        "rsi_monthly": 28.52802366431373,
        "52w_high": 115.06596374511719,
        "52w_low": 0
    },
    "SNA": {
        "close": 361.3599853515625,
        "sma200": 327.53755615234377,
        "sma50": 345.95468994140623,
        "rsi_weekly": 62.840279429979205,
        "rsi_monthly": 51.62137252713057,
        "52w_high": 363.45001220703125,
        "52w_low": 0
    },
    "SO": {
        "close": 88.9000015258789,
        "sma200": 90.23579364776612,
        "sma50": 87.95596755981445,
        "rsi_weekly": 42.973194350181046,
        "rsi_monthly": 51.197943378748185,
        "52w_high": 98.90631866455078,
        "52w_low": 0
    },
    "LUV": {
        "close": 43.119998931884766,
        "sma200": 32.916492471694944,
        "sma50": 37.95551197052002,
        "rsi_weekly": 75.433896969932,
        "rsi_monthly": 75.95085259027537,
        "52w_high": 44.52000045776367,
        "52w_low": 0
    },
    "SWK": {
        "close": 84.61000061035156,
        "sma200": 68.87784080505371,
        "sma50": 72.86344299316406,
        "rsi_weekly": 62.975271650309395,
        "rsi_monthly": 41.77159014650687,
        "52w_high": 86.36910247802734,
        "52w_low": 0
    },
    "SBUX": {
        "close": 92.98999786376953,
        "sma200": 86.07120944976806,
        "sma50": 85.88859024047852,
        "rsi_weekly": 53.60715324534252,
        "rsi_monthly": 51.02708916988742,
        "52w_high": 113.42715454101562,
        "52w_low": 0
    },
    "STT": {
        "close": 128.02000427246094,
        "sma200": 108.23039333343506,
        "sma50": 124.15616241455078,
        "rsi_weekly": 72.91805090054497,
        "rsi_monthly": 84.02666475182757,
        "52w_high": 136.2899932861328,
        "52w_low": 0
    },
    "SYK": {
        "close": 363.7799987792969,
        "sma200": 372.52194427490235,
        "sma50": 359.37217407226564,
        "rsi_weekly": 50.33518208973174,
        "rsi_monthly": 56.45559918497275,
        "52w_high": 401.6130676269531,
        "52w_low": 0
    },
    "SYF": {
        "close": 80.19000244140625,
        "sma200": 68.94166910171509,
        "sma50": 80.01160018920899,
        "rsi_weekly": 71.9701928293928,
        "rsi_monthly": 77.2015823483951,
        "52w_high": 88.47000122070312,
        "52w_low": 0
    },
    "SNPS": {
        "close": 516.3099975585938,
        "sma200": 493.3878001403809,
        "sma50": 452.2323992919922,
        "rsi_weekly": 57.56032531814409,
        "rsi_monthly": 54.61157390579129,
        "52w_high": 645.3499755859375,
        "52w_low": 0
    }
}