{
    "last_scan_index": 75,
    "AAPL": {
        "close": 261.04998779296875,
        "sma200": 233.1881903076172,
        "sma50": 272.193662109375,
        "rsi_weekly": 53.76185329927991,
        "rsi_monthly": 65.0559509617252,
        "52w_high": 286.19000244140625,
        "52w_low": 0
    },
    "NVDA": {
        "close": 185.80999755859375,
        "sma200": 162.90074378967284,
        "sma50": 185.58579620361328,
        "rsi_weekly": 55.832537452200945,
        "rsi_monthly": 76.36247453596546,
        "52w_high": 207.02847290039062,
        "52w_low": 0
    },
    "TSLA": {
        "close": 447.20001220703125,
        "sma200": 366.50340019226076,
        "sma50": 444.14720153808594,
        "rsi_weekly": 57.433070397524055,
        "rsi_monthly": 70.21254147643917,
        "52w_high": 489.8800048828125,
        "52w_low": 0
    },
    "MSFT": {
        "close": 470.6700134277344,
        "sma200": 479.82709930419924,
        "sma50": 488.0355511474609,
        "rsi_weekly": 46.92493253065247,
        "rsi_monthly": 64.94485129772391,
        "52w_high": 541.057373046875,
        "52w_low": 0
    },
    "AMD": {
        "close": 220.97000122070312,
        "sma200": 166.81789978027345,
        "sma50": 222.16679962158204,
        "rsi_weekly": 52.90812131363197,
        "rsi_monthly": 69.38721493424931,
        "52w_high": 264.3299865722656,
        "52w_low": 0
    },
    "ADP": {
        "close": 257.07000732421875,
        "sma200": 287.17637214660647,
        "sma50": 256.8576541137695,
        "rsi_weekly": 44.64445748166759,
        "rsi_monthly": 48.93978415266726,
        "52w_high": 321.4271240234375,
        "52w_low": 0
    },
    "AZO": {
        "close": 3505.75,
        "sma200": 3807.7339453125,
        "sma50": 3615.1184033203126,
        "rsi_weekly": 38.794882181113415,
        "rsi_monthly": 59.03724331970976,
        "52w_high": 4354.5400390625,
        "52w_low": 0
    },
    "AVB": {
        "close": 178.80999755859375,
        "sma200": 189.7025830078125,
        "sma50": 177.8754803466797,
        "rsi_weekly": 43.434348865190735,
        "rsi_monthly": 42.12836159153908,
        "52w_high": 220.14422607421875,
        "52w_low": 0
    },
    "AVY": {
        "close": 187.72999572753906,
        "sma200": 172.42138664245604,
        "sma50": 177.01758728027343,
        "rsi_weekly": 63.25881854685347,
        "rsi_monthly": 66.34417840747936,
        "52w_high": 191.8097381591797,
        "52w_low": 0
    },
    "AXON": {
        "close": 641.510009765625,
        "sma200": 682.2251496887206,
        "sma50": 579.1382019042969,
        "rsi_weekly": 49.00436041366448,
        "rsi_monthly": 60.67064340685401,
        "52w_high": 870.969970703125,
        "52w_low": 0
    },
    "BKR": {
        "close": 48.970001220703125,
        "sma200": 43.113123741149906,
        "sma50": 47.795221939086915,
        "rsi_weekly": 60.63793184826239,
        "rsi_monthly": 63.89122520199557,
        "52w_high": 50.61000061035156,
        "52w_low": 0
    },
    "BALL": {
        "close": 55.5,
        "sma200": 51.611103229522705,
        "sma50": 50.191339111328126,
        "rsi_weekly": 61.67262550901508,
        "rsi_monthly": 67.95235035060834,
        "52w_high": 59.233028411865234,
        "52w_low": 0
    },
    "BAC": {
        "close": 54.540000915527344,
        "sma200": 47.81737565994263,
        "sma50": 53.99553108215332,
        "rsi_weekly": 67.01206093964464,
        "rsi_monthly": 79.28783393876971,
        "52w_high": 57.25,
        "52w_low": 0
    },
    "BK": {
        "close": 122.93000030517578,
        "sma200": 99.45008090972901,
        "sma50": 113.80319961547852,
        "rsi_weekly": 72.2113311697282,
        "rsi_monthly": 86.438178538224,
        "52w_high": 122.93000030517578,
        "52w_low": 0
    },
    "BBWI": {
        "close": 22.979999542236328,
        "sma200": 26.362805795669555,
        "sma50": 20.319726715087892,
        "rsi_weekly": 48.655585115654645,
        "rsi_monthly": 45.01090291406394,
        "52w_high": 39.98191833496094,
        "52w_low": 0
    },
    "BAX": {
        "close": 19.649999618530273,
        "sma200": 24.913693647384644,
        "sma50": 18.847745666503908,
        "rsi_weekly": 45.392174661502374,
        "rsi_monthly": 42.3100363563363,
        "52w_high": 36.09501647949219,
        "52w_low": 0
    },
    "BDX": {
        "close": 201.52000427246094,
        "sma200": 185.815595703125,
        "sma50": 192.57741821289062,
        "rsi_weekly": 59.591793084399825,
        "rsi_monthly": 40.808575282468475,
        "52w_high": 243.80543518066406,
        "52w_low": 0
    },
    "BBY": {
        "close": 67.4800033569336,
        "sma200": 70.3125889968872,
        "sma50": 73.38065673828125,
        "rsi_weekly": 46.5359587829313,
        "rsi_monthly": 57.73042207348307,
        "52w_high": 86.45199584960938,
        "52w_low": 0
    },
    "BIO": {
        "close": 322.1700134277344,
        "sma200": 275.47479942321775,
        "sma50": 312.7611987304688,
        "rsi_weekly": 58.6040900729729,
        "rsi_monthly": 52.914979021456986,
        "52w_high": 367.0,
        "52w_low": 0
    },
    "TECH": {
        "close": 66.36000061035156,
        "sma200": 55.218756732940676,
        "sma50": 60.88005317687988,
        "rsi_weekly": 59.03788079503318,
        "rsi_monthly": 52.77787827891507,
        "52w_high": 78.30477142333984,
        "52w_low": 0
    },
    "BIIB": {
        "close": 178.3000030517578,
        "sma200": 142.8348003387451,
        "sma50": 172.72340057373046,
        "rsi_weekly": 69.8578919844878,
        "rsi_monthly": 30.505703427542805,
        "52w_high": 187.6199951171875,
        "52w_low": 0
    },
    "BLK": {
        "close": 1089.5400390625,
        "sma200": 1045.7212985229492,
        "sma50": 1065.958466796875,
        "rsi_weekly": 52.31745619905276,
        "rsi_monthly": 67.76743090568756,
        "52w_high": 1196.7647705078125,
        "52w_low": 0
    },
    "BX": {
        "close": 155.25,
        "sma200": 152.2506870651245,
        "sma50": 149.56660003662108,
        "rsi_weekly": 52.56792431858827,
        "rsi_monthly": 58.1128803709244,
        "52w_high": 187.02017211914062,
        "52w_low": 0
    },
    "BA": {
        "close": 244.5500030517578,
        "sma200": 207.5347003173828,
        "sma50": 205.22880096435546,
        "rsi_weekly": 62.485385716632614,
        "rsi_monthly": 50.75980119696621,
        "52w_high": 244.5500030517578,
        "52w_low": 0
    },
    "BKNG": {
        "close": 5314.7099609375,
        "sma200": 5265.363908691406,
        "sma50": 5155.17634765625,
        "rsi_weekly": 57.16983636801877,
        "rsi_monthly": 59.503816717933184,
        "52w_high": 5794.83740234375,
        "52w_low": 0
    },
    "BWA": {
        "close": 48.150001525878906,
        "sma200": 38.282093648910525,
        "sma50": 44.65696151733398,
        "rsi_weekly": 71.88561737120828,
        "rsi_monthly": 55.54676629431492,
        "52w_high": 48.27000045776367,
        "52w_low": 0
    },
    "BSX": {
        "close": 94.13999938964844,
        "sma200": 100.74225013732911,
        "sma50": 97.5531999206543,
        "rsi_weekly": 48.14556723363362,
        "rsi_monthly": 64.00956665114143,
        "52w_high": 108.13999938964844,
        "52w_low": 0
    },
    "BMY": {
        "close": 55.91999816894531,
        "sma200": 47.187092018127444,
        "sma50": 50.42435920715332,
        "rsi_weekly": 71.24680691771745,
        "rsi_monthly": 63.23715395295715,
        "52w_high": 60.075191497802734,
        "52w_low": 0
    },
    "AVGO": {
        "close": 354.6099853515625,
        "sma200": 294.4973086547852,
        "sma50": 358.88913879394534,
        "rsi_weekly": 54.56206726956259,
        "rsi_monthly": 72.81598295809313,
        "52w_high": 412.18133544921875,
        "52w_low": 0
    }
}