{
    "last_scan_index": 275,
    "AAPL": {
        "close": 260.3299865722656,
        "sma200": 232.42377784729004,
        "sma50": 272.95676391601563,
        "rsi_weekly": 63.04886231659304,
        "rsi_monthly": 65.05591543203532,
        "52w_high": 286.19000244140625,
        "52w_low": 0
    },
    "NVDA": {
        "close": 189.11000061035156,
        "sma200": 161.533519821167,
        "sma50": 186.8209030151367,
        "rsi_weekly": 58.64870587999178,
        "rsi_monthly": 76.36247453596546,
        "52w_high": 207.02847290039062,
        "52w_low": 0
    },
    "TSLA": {
        "close": 431.4100036621094,
        "sma200": 363.17715034484866,
        "sma50": 444.89940185546874,
        "rsi_weekly": 56.31157929953819,
        "rsi_monthly": 70.21254147643917,
        "52w_high": 489.8800048828125,
        "52w_low": 0
    },
    "MSFT": {
        "close": 483.4700012207031,
        "sma200": 478.10302276611327,
        "sma50": 492.66876403808595,
        "rsi_weekly": 44.490724364864406,
        "rsi_monthly": 64.94487381932525,
        "52w_high": 541.057373046875,
        "52w_low": 0
    },
    "AMD": {
        "close": 210.02000427246094,
        "sma200": 164.86284980773925,
        "sma50": 226.1735998535156,
        "rsi_weekly": 60.71614808686848,
        "rsi_monthly": 69.38721493424931,
        "52w_high": 264.3299865722656,
        "52w_low": 0
    },
    "ICE": {
        "close": 161.9199981689453,
        "sma200": 168.17876510620118,
        "sma50": 156.20184783935548,
        "rsi_weekly": 46.718150170963405,
        "rsi_monthly": 64.72607526595125,
        "52w_high": 187.36590576171875,
        "52w_low": 0
    },
    "IFF": {
        "close": 67.30000305175781,
        "sma200": 68.95922437667846,
        "sma50": 65.50589904785156,
        "rsi_weekly": 51.221245845383685,
        "rsi_monthly": 29.921273068604144,
        "52w_high": 85.71450805664062,
        "52w_low": 0
    },
    "INTU": {
        "close": 651.1500244140625,
        "sma200": 681.8262741088868,
        "sma50": 657.8820007324218,
        "rsi_weekly": 41.79638956951136,
        "rsi_monthly": 59.6522880818351,
        "52w_high": 805.9171142578125,
        "52w_low": 0
    },
    "ISRG": {
        "close": 592.27001953125,
        "sma200": 512.7393997192382,
        "sma50": 562.1092041015625,
        "rsi_weekly": 57.475695648565015,
        "rsi_monthly": 63.82447224376114,
        "52w_high": 610.4500122070312,
        "52w_low": 0
    },
    "IVZ": {
        "close": 27.690000534057617,
        "sma200": 19.688422770500182,
        "sma50": 25.036484756469726,
        "rsi_weekly": 78.10774436014063,
        "rsi_monthly": 75.09772346908991,
        "52w_high": 28.25,
        "52w_low": 0
    },
    "INVH": {
        "close": 26.40999984741211,
        "sma200": 30.159732465744018,
        "sma50": 27.43164264678955,
        "rsi_weekly": 42.61157020136107,
        "rsi_monthly": 48.21642650857371,
        "52w_high": 34.426910400390625,
        "52w_low": 0
    },
    "IQV": {
        "close": 244.2899932861328,
        "sma200": 184.60899993896484,
        "sma50": 222.7263998413086,
        "rsi_weekly": 62.55828026341485,
        "rsi_monthly": 73.87981808116163,
        "52w_high": 244.2899932861328,
        "52w_low": 0
    },
    "IRM": {
        "close": 87.05000305175781,
        "sma200": 92.73613582611084,
        "sma50": 88.32923950195313,
        "rsi_weekly": 38.841081432988645,
        "rsi_monthly": 59.968796468605404,
        "52w_high": 107.43501281738281,
        "52w_low": 0
    },
    "JBHT": {
        "close": 203.82000732421875,
        "sma200": 151.78235569000245,
        "sma50": 181.86524505615233,
        "rsi_weekly": 72.69356490557509,
        "rsi_monthly": 65.6722403663705,
        "52w_high": 205.5399932861328,
        "52w_low": 0
    },
    "JBL": {
        "close": 224.4499969482422,
        "sma200": 196.92100185394287,
        "sma50": 217.45271850585937,
        "rsi_weekly": 65.66726673860195,
        "rsi_monthly": 77.63877018249242,
        "52w_high": 240.38999938964844,
        "52w_low": 0
    },
    "JKHY": {
        "close": 185.97000122070312,
        "sma200": 169.50044570922853,
        "sma50": 172.91920349121094,
        "rsi_weekly": 57.34045768411696,
        "rsi_monthly": 67.0849189861162,
        "52w_high": 189.35499572753906,
        "52w_low": 0
    },
    "J": {
        "close": 136.8000030517578,
        "sma200": 137.02347415924072,
        "sma50": 142.03011596679687,
        "rsi_weekly": 45.11226467455957,
        "rsi_monthly": 64.20391016984827,
        "52w_high": 164.04388427734375,
        "52w_low": 0
    },
    "JNJ": {
        "close": 207.49000549316406,
        "sma200": 172.95200019836426,
        "sma50": 200.5088333129883,
        "rsi_weekly": 70.24054606779715,
        "rsi_monthly": 80.19774284685018,
        "52w_high": 214.1699981689453,
        "52w_low": 0
    },
    "JCI": {
        "close": 112.41000366210938,
        "sma200": 104.18463207244874,
        "sma50": 117.09739974975587,
        "rsi_weekly": 66.63293308718585,
        "rsi_monthly": 88.83884318098441,
        "52w_high": 122.66000366210938,
        "52w_low": 0
    },
    "JPM": {
        "close": 326.989990234375,
        "sma200": 284.72736824035644,
        "sma50": 312.2480133056641,
        "rsi_weekly": 64.88717108891775,
        "rsi_monthly": 84.61118392723932,
        "52w_high": 334.6099853515625,
        "52w_low": 0
    },
    "K": {
        "close": 83.44000244140625,
        "sma200": 80.34924015045166,
        "sma50": 82.65304901123046,
        "rsi_weekly": 68.16700231706473,
        "rsi_monthly": 86.62425193007586,
        "52w_high": 83.44999694824219,
        "52w_low": 0
    },
    "KVUE": {
        "close": 16.739999771118164,
        "sma200": 19.512947402000428,
        "sma50": 16.590704364776613,
        "rsi_weekly": 45.702711281626385,
        "rsi_monthly": 35.656804526156655,
        "52w_high": 23.699586868286133,
        "52w_low": 0
    },
    "KDP": {
        "close": 27.25,
        "sma200": 30.350626888275148,
        "sma50": 27.566521606445313,
        "rsi_weekly": 44.856844579500354,
        "rsi_monthly": 32.299312025524756,
        "52w_high": 34.8560791015625,
        "52w_low": 0
    },
    "KEY": {
        "close": 21.299999237060547,
        "sma200": 17.296237182617187,
        "sma50": 19.021366119384766,
        "rsi_weekly": 69.07992063110872,
        "rsi_monthly": 67.78411742002473,
        "52w_high": 21.56999969482422,
        "52w_low": 0
    },
    "KEYS": {
        "close": 212.32000732421875,
        "sma200": 168.80699981689452,
        "sma50": 193.9432000732422,
        "rsi_weekly": 65.99396521112257,
        "rsi_monthly": 71.44103933425825,
        "52w_high": 214.13999938964844,
        "52w_low": 0
    },
    "KMB": {
        "close": 97.55999755859375,
        "sma200": 122.13582378387451,
        "sma50": 103.78920211791993,
        "rsi_weekly": 30.922192486129596,
        "rsi_monthly": 35.427418276897264,
        "52w_high": 142.86663818359375,
        "52w_low": 0
    },
    "KIM": {
        "close": 20.309999465942383,
        "sma200": 20.63244068145752,
        "sma50": 20.262627143859863,
        "rsi_weekly": 44.15998896600374,
        "rsi_monthly": 44.2678888323297,
        "52w_high": 22.46935272216797,
        "52w_low": 0
    },
    "KMI": {
        "close": 27.0,
        "sma200": 26.91269546508789,
        "sma50": 26.835222969055177,
        "rsi_weekly": 55.02174877470851,
        "rsi_monthly": 67.71467858227734,
        "52w_high": 29.90215492248535,
        "52w_low": 0
    },
    "KLAC": {
        "close": 1359.68994140625,
        "sma200": 952.5954989624023,
        "sma50": 1212.4916162109375,
        "rsi_weekly": 69.12683866171668,
        "rsi_monthly": 84.62336226788287,
        "52w_high": 1395.0,
        "52w_low": 0
    }
}