{
    "last_scan_index": 25,
    "AAPL": {
        "close": 257.5899963378906,
        "sma200": 233.39035316467286,
        "sma50": 271.9432989501953,
        "rsi_weekly": 53.76185330205935,
        "rsi_monthly": 65.05599307158955,
        "52w_high": 286.19000244140625,
        "52w_low": 0
    },
    "NVDA": {
        "close": 182.10499572753906,
        "sma200": 163.2630182647705,
        "sma50": 185.17832153320313,
        "rsi_weekly": 55.832537454942916,
        "rsi_monthly": 76.36247585997035,
        "52w_high": 207.02847290039062,
        "52w_low": 0
    },
    "TSLA": {
        "close": 436.2300109863281,
        "sma200": 367.36680030822754,
        "sma50": 443.7406018066406,
        "rsi_weekly": 57.433070397524055,
        "rsi_monthly": 70.21254147643917,
        "52w_high": 489.8800048828125,
        "52w_low": 0
    },
    "MSFT": {
        "close": 462.0849914550781,
        "sma200": 480.25362182617187,
        "sma50": 486.9403979492188,
        "rsi_weekly": 46.92493309291373,
        "rsi_monthly": 64.94487324294495,
        "52w_high": 541.057373046875,
        "52w_low": 0
    },
    "AMD": {
        "close": 221.4385986328125,
        "sma200": 167.40899276733398,
        "sma50": 221.47317169189452,
        "rsi_weekly": 52.90812131363197,
        "rsi_monthly": 69.38721493424931,
        "52w_high": 264.3299865722656,
        "52w_low": 0
    },
    "MMM": {
        "close": 168.9499969482422,
        "sma200": 153.17756397247314,
        "sma50": 165.70297180175783,
        "rsi_weekly": 56.62397562573438,
        "rsi_monthly": 66.94035742194298,
        "52w_high": 173.08999633789062,
        "52w_low": 0
    },
    "AOS": {
        "close": 71.27999877929688,
        "sma200": 67.75791868209839,
        "sma50": 67.06660034179687,
        "rsi_weekly": 55.93863643356614,
        "rsi_monthly": 58.820611589226,
        "52w_high": 73.89897918701172,
        "52w_low": 0
    },
    "ABT": {
        "close": 123.6500015258789,
        "sma200": 129.3224965286255,
        "sma50": 126.01019958496094,
        "rsi_weekly": 46.28191072751844,
        "rsi_monthly": 62.30757993318346,
        "52w_high": 138.33462524414062,
        "52w_low": 0
    },
    "ABBV": {
        "close": 219.27000427246094,
        "sma200": 205.14174781799318,
        "sma50": 226.05359985351564,
        "rsi_weekly": 52.37522711537026,
        "rsi_monthly": 74.25424276264138,
        "52w_high": 242.630859375,
        "52w_low": 0
    },
    "ACN": {
        "close": 289.07000732421875,
        "sma200": 272.5476941680908,
        "sma50": 261.47600006103517,
        "rsi_weekly": 57.518924093736544,
        "rsi_monthly": 46.793703583682394,
        "52w_high": 394.31280517578125,
        "52w_low": 0
    },
    "ADBE": {
        "close": 305.1700134277344,
        "sma200": 359.76899948120115,
        "sma50": 335.5992004394531,
        "rsi_weekly": 42.65774486200828,
        "rsi_monthly": 22.841396768378708,
        "52w_high": 464.1099853515625,
        "52w_low": 0
    },
    "AES": {
        "close": 14.194999694824219,
        "sma200": 12.497509603500367,
        "sma50": 13.990099964141846,
        "rsi_weekly": 57.72685539254406,
        "rsi_monthly": 41.76981582332508,
        "52w_high": 15.17705249786377,
        "52w_low": 0
    },
    "AFL": {
        "close": 109.66999816894531,
        "sma200": 106.11636505126953,
        "sma50": 110.40585998535157,
        "rsi_weekly": 52.58507823170984,
        "rsi_monthly": 53.162606892197594,
        "52w_high": 114.41313171386719,
        "52w_low": 0
    },
    "A": {
        "close": 146.61000061035156,
        "sma200": 125.70209629058837,
        "sma50": 144.55627807617188,
        "rsi_weekly": 61.201316392565154,
        "rsi_monthly": 59.24972646703792,
        "52w_high": 156.91954040527344,
        "52w_low": 0
    },
    "APD": {
        "close": 268.1838073730469,
        "sma200": 268.1997783660889,
        "sma50": 251.08155822753906,
        "rsi_weekly": 50.65602706105547,
        "rsi_monthly": 35.15969911750506,
        "52w_high": 329.2906494140625,
        "52w_low": 0
    },
    "ABNB": {
        "close": 131.21499633789062,
        "sma200": 127.27127510070801,
        "sma50": 126.98809982299805,
        "rsi_weekly": 59.28611905759668,
        "rsi_monthly": 64.48632187152391,
        "52w_high": 161.4199981689453,
        "52w_low": 0
    },
    "AKAM": {
        "close": 90.73149871826172,
        "sma200": 79.4367571258545,
        "sma50": 86.59462951660156,
        "rsi_weekly": 58.04833152690319,
        "rsi_monthly": 28.03165935349632,
        "52w_high": 102.0999984741211,
        "52w_low": 0
    },
    "ALB": {
        "close": 176.6699981689453,
        "sma200": 86.44141710281372,
        "sma50": 130.7735740661621,
        "rsi_weekly": 77.88089103217145,
        "rsi_monthly": 78.916087918738,
        "52w_high": 176.8800048828125,
        "52w_low": 0
    },
    "ARE": {
        "close": 55.650001525878906,
        "sma200": 68.19712434768677,
        "sma50": 50.097648773193356,
        "rsi_weekly": 39.69573205067346,
        "rsi_monthly": 31.1775678291876,
        "52w_high": 96.58305358886719,
        "52w_low": 0
    },
    "ALGN": {
        "close": 170.6199951171875,
        "sma200": 159.0724998474121,
        "sma50": 152.68439880371093,
        "rsi_weekly": 59.698774277085,
        "rsi_monthly": 57.06397118369214,
        "52w_high": 234.88999938964844,
        "52w_low": 0
    },
    "ALLE": {
        "close": 162.00999450683594,
        "sma200": 156.36190422058107,
        "sma50": 162.41000122070312,
        "rsi_weekly": 51.81012110764748,
        "rsi_monthly": 65.98129851632211,
        "52w_high": 179.47000122070312,
        "52w_low": 0
    },
    "LNT": {
        "close": 66.79000091552734,
        "sma200": 63.721186294555665,
        "sma50": 66.31399932861328,
        "rsi_weekly": 49.69738593051872,
        "rsi_monthly": 58.69284747216688,
        "52w_high": 69.47000122070312,
        "52w_low": 0
    },
    "ALL": {
        "close": 196.36000061035156,
        "sma200": 200.67719795227052,
        "sma50": 206.41852630615233,
        "rsi_weekly": 57.36333835567421,
        "rsi_monthly": 63.84693464852825,
        "52w_high": 213.64215087890625,
        "52w_low": 0
    },
    "GOOGL": {
        "close": 333.67999267578125,
        "sma200": 224.34347160339357,
        "sma50": 307.19385986328126,
        "rsi_weekly": 78.81484364321581,
        "rsi_monthly": 79.4027277094218,
        "52w_high": 335.9700012207031,
        "52w_low": 0
    },
    "GOOG": {
        "close": 334.0899963378906,
        "sma200": 225.3262390899658,
        "sma50": 307.88755615234373,
        "rsi_weekly": 79.0403689801705,
        "rsi_monthly": 79.24083374889663,
        "52w_high": 336.42999267578125,
        "52w_low": 0
    },
    "MO": {
        "close": 61.244998931884766,
        "sma200": 58.86116241455078,
        "sma50": 57.32302955627441,
        "rsi_weekly": 45.62187049648354,
        "rsi_monthly": 63.97267371979298,
        "52w_high": 65.45215606689453,
        "52w_low": 0
    },
    "AMZN": {
        "close": 237.24000549316406,
        "sma200": 218.75175025939942,
        "sma50": 233.89980041503907,
        "rsi_weekly": 60.90414428011612,
        "rsi_monthly": 71.52946981803966,
        "52w_high": 254.0,
        "52w_low": 0
    },
    "AMCR": {
        "close": 8.885000228881836,
        "sma200": 8.593552877902985,
        "sma50": 8.345093383789063,
        "rsi_weekly": 54.872300847258195,
        "rsi_monthly": 39.80370254129016,
        "52w_high": 9.841449737548828,
        "52w_low": 0
    },
    "AEE": {
        "close": 102.5510025024414,
        "sma200": 98.68406681060792,
        "sma50": 101.08152603149414,
        "rsi_weekly": 50.11678107302735,
        "rsi_monthly": 68.76179212016393,
        "52w_high": 105.5897445678711,
        "52w_low": 0
    }
}