{
    "last_scan_index": 475,
    "AAPL": {
        "close": 259.3699951171875,
        "sma200": 232.80100151062013,
        "sma50": 272.57918151855466,
        "rsi_weekly": 63.04886212520115,
        "rsi_monthly": 65.05591334704705,
        "52w_high": 286.19000244140625,
        "52w_low": 0
    },
    "NVDA": {
        "close": 184.86000061035156,
        "sma200": 162.17273937225343,
        "sma50": 186.36893981933594,
        "rsi_weekly": 58.64870587778704,
        "rsi_monthly": 76.36247451228151,
        "52w_high": 207.02847290039062,
        "52w_low": 0
    },
    "TSLA": {
        "close": 445.010009765625,
        "sma200": 364.7485501861572,
        "sma50": 444.2562017822266,
        "rsi_weekly": 56.31157929953819,
        "rsi_monthly": 70.21254147643917,
        "52w_high": 489.8800048828125,
        "52w_low": 0
    },
    "MSFT": {
        "close": 479.2799987792969,
        "sma200": 478.9697885131836,
        "sma50": 490.38487426757814,
        "rsi_weekly": 44.49072411626685,
        "rsi_monthly": 64.94484520024035,
        "52w_high": 541.057373046875,
        "52w_low": 0
    },
    "AMD": {
        "close": 203.1699981689453,
        "sma200": 165.75879978179933,
        "sma50": 223.97699920654296,
        "rsi_weekly": 60.71614808686848,
        "rsi_monthly": 69.38721493424931,
        "52w_high": 264.3299865722656,
        "52w_low": 0
    },
    "ULTA": {
        "close": 666.1799926757812,
        "sma200": 494.8048013305664,
        "sma50": 564.8984051513672,
        "rsi_weekly": 73.18246316171124,
        "rsi_monthly": 75.1755326241503,
        "52w_high": 666.1799926757812,
        "52w_low": 0
    },
    "UNP": {
        "close": 228.44000244140625,
        "sma200": 223.40491523742676,
        "sma50": 228.19271270751952,
        "rsi_weekly": 54.334545204458344,
        "rsi_monthly": 60.285977180095706,
        "52w_high": 248.4905242919922,
        "52w_low": 0
    },
    "UAL": {
        "close": 117.31999969482422,
        "sma200": 90.87895011901855,
        "sma50": 103.97899932861328,
        "rsi_weekly": 65.57691143447056,
        "rsi_monthly": 72.20676528285428,
        "52w_high": 117.52999877929688,
        "52w_low": 0
    },
    "UPS": {
        "close": 108.05999755859375,
        "sma200": 92.28911808013916,
        "sma50": 97.29938919067382,
        "rsi_weekly": 60.99733589708803,
        "rsi_monthly": 55.44916359380632,
        "52w_high": 127.49671936035156,
        "52w_low": 0
    },
    "URI": {
        "close": 938.7899780273438,
        "sma200": 807.4730801391602,
        "sma50": 829.8748498535156,
        "rsi_weekly": 50.81266602287241,
        "rsi_monthly": 64.85713146608549,
        "52w_high": 1017.8645629882812,
        "52w_low": 0
    },
    "UNH": {
        "close": 343.9800109863281,
        "sma200": 340.2613645172119,
        "sma50": 329.43121826171875,
        "rsi_weekly": 49.22556493737422,
        "rsi_monthly": 35.61750538847417,
        "52w_high": 587.5621948242188,
        "52w_low": 0
    },
    "UHS": {
        "close": 207.02999877929688,
        "sma200": 194.1444226074219,
        "sma50": 226.12827026367188,
        "rsi_weekly": 56.032738989576096,
        "rsi_monthly": 62.124051527733656,
        "52w_high": 243.9795379638672,
        "52w_low": 0
    },
    "VLO": {
        "close": 185.27999877929688,
        "sma200": 147.25478393554687,
        "sma50": 172.8345733642578,
        "rsi_weekly": 55.06663490832211,
        "rsi_monthly": 62.031574783281,
        "52w_high": 191.32000732421875,
        "52w_low": 0
    },
    "VTR": {
        "close": 74.9000015258789,
        "sma200": 68.65596984863281,
        "sma50": 77.45787368774414,
        "rsi_weekly": 63.783558749985616,
        "rsi_monthly": 58.01723120636803,
        "52w_high": 80.50691223144531,
        "52w_low": 0
    },
    "VRSN": {
        "close": 248.94000244140625,
        "sma200": 264.9514002227783,
        "sma50": 245.76248901367188,
        "rsi_weekly": 40.31494765247501,
        "rsi_monthly": 51.360455433958535,
        "52w_high": 304.1607360839844,
        "52w_low": 0
    },
    "VRSK": {
        "close": 224.8699951171875,
        "sma200": 265.6652973175049,
        "sma50": 219.15269256591796,
        "rsi_weekly": 32.584830352899615,
        "rsi_monthly": 37.16342903357536,
        "52w_high": 319.65484619140625,
        "52w_low": 0
    },
    "VZ": {
        "close": 40.459999084472656,
        "sma200": 41.58167413711548,
        "sma50": 40.482799682617184,
        "rsi_weekly": 46.764345056691745,
        "rsi_monthly": 38.81494110790967,
        "52w_high": 44.29851531982422,
        "52w_low": 0
    },
    "VRTX": {
        "close": 463.8599853515625,
        "sma200": 438.3567485046387,
        "sma50": 441.7605993652344,
        "rsi_weekly": 55.8418814446091,
        "rsi_monthly": 46.594517356502074,
        "52w_high": 513.760009765625,
        "52w_low": 0
    },
    "V": {
        "close": 349.7699890136719,
        "sma200": 344.41153747558593,
        "sma50": 339.73212829589846,
        "rsi_weekly": 52.81714488020114,
        "rsi_monthly": 70.78074125122909,
        "52w_high": 371.9176025390625,
        "52w_low": 0
    },
    "VICI": {
        "close": 27.760000228881836,
        "sma200": 30.55027003288269,
        "sma50": 28.485609245300292,
        "rsi_weekly": 38.49166748401938,
        "rsi_monthly": 43.10208042570855,
        "52w_high": 32.929752349853516,
        "52w_low": 0
    },
    "VMC": {
        "close": 311.6199951171875,
        "sma200": 277.45034439086913,
        "sma50": 291.5314685058594,
        "rsi_weekly": 55.74154399680544,
        "rsi_monthly": 72.26486188906331,
        "52w_high": 311.6199951171875,
        "52w_low": 0
    },
    "WRB": {
        "close": 68.44000244140625,
        "sma200": 70.78501825332641,
        "sma50": 71.57348968505859,
        "rsi_weekly": 47.142353332929055,
        "rsi_monthly": 60.24334221021407,
        "52w_high": 77.22645568847656,
        "52w_low": 0
    },
    "WAB": {
        "close": 224.4199981689453,
        "sma200": 198.42796020507814,
        "sma50": 210.54204498291017,
        "rsi_weekly": 61.80032126357905,
        "rsi_monthly": 74.2280296991865,
        "52w_high": 224.4199981689453,
        "52w_low": 0
    },
    "WMT": {
        "close": 114.52999877929688,
        "sma200": 100.54281337738037,
        "sma50": 109.06679489135742,
        "rsi_weekly": 62.59288511158574,
        "rsi_monthly": 83.11047390641772,
        "52w_high": 116.79000091552734,
        "52w_low": 0
    },
    "DIS": {
        "close": 115.87999725341797,
        "sma200": 109.74101428985595,
        "sma50": 109.43782043457031,
        "rsi_weekly": 52.7808963552347,
        "rsi_monthly": 69.0833030531173,
        "52w_high": 123.17660522460938,
        "52w_low": 0
    },
    "WBD": {
        "close": 28.889999389648438,
        "sma200": 15.801850044727326,
        "sma50": 25.697600021362305,
        "rsi_weekly": 75.48975912491645,
        "rsi_monthly": 74.44514014960353,
        "52w_high": 29.979999542236328,
        "52w_low": 0
    },
    "WM": {
        "close": 220.91000366210938,
        "sma200": 221.87463813781739,
        "sma50": 212.2009619140625,
        "rsi_weekly": 50.957707493351116,
        "rsi_monthly": 69.27546082067428,
        "52w_high": 239.43455505371094,
        "52w_low": 0
    },
    "WAT": {
        "close": 396.75,
        "sma200": 340.0836503601074,
        "sma50": 383.77880004882815,
        "rsi_weekly": 59.20052509952757,
        "rsi_monthly": 62.65981477757844,
        "52w_high": 417.2799987792969,
        "52w_low": 0
    },
    "WEC": {
        "close": 104.6500015258789,
        "sma200": 107.13123611450196,
        "sma50": 107.99311569213867,
        "rsi_weekly": 47.04466408745762,
        "rsi_monthly": 56.76684733399335,
        "52w_high": 116.56096649169922,
        "52w_low": 0
    }
}