{
    "last_scan_index": 225,
    "AAPL": {
        "close": 258.4200134277344,
        "sma200": 232.79625144958496,
        "sma50": 272.5601818847656,
        "rsi_weekly": 63.04886240109006,
        "rsi_monthly": 65.05595324826423,
        "52w_high": 286.19000244140625,
        "52w_low": 0
    },
    "NVDA": {
        "close": 185.02999877929688,
        "sma200": 162.17358921051024,
        "sma50": 186.37233978271485,
        "rsi_weekly": 58.648705740388664,
        "rsi_monthly": 76.36247785745314,
        "52w_high": 207.02847290039062,
        "52w_low": 0
    },
    "TSLA": {
        "close": 443.8999938964844,
        "sma200": 364.7430001068115,
        "sma50": 444.23400146484374,
        "rsi_weekly": 56.31157929953819,
        "rsi_monthly": 70.21254147643917,
        "52w_high": 489.8800048828125,
        "52w_low": 0
    },
    "MSFT": {
        "close": 477.45001220703125,
        "sma200": 478.9606378173828,
        "sma50": 490.3482745361328,
        "rsi_weekly": 44.49072397646249,
        "rsi_monthly": 64.94484269530291,
        "52w_high": 541.057373046875,
        "52w_low": 0
    },
    "AMD": {
        "close": 206.41000366210938,
        "sma200": 165.77499980926513,
        "sma50": 224.04179931640624,
        "rsi_weekly": 60.71614808686848,
        "rsi_monthly": 69.38721493424931,
        "52w_high": 264.3299865722656,
        "52w_low": 0
    },
    "FTV": {
        "close": 54.59000015258789,
        "sma200": 51.26875429153442,
        "sma50": 53.2517056274414,
        "rsi_weekly": 62.960435219283674,
        "rsi_monthly": 66.79453101638923,
        "52w_high": 62.253089904785156,
        "52w_low": 0
    },
    "FOXA": {
        "close": 75.55500030517578,
        "sma200": 59.00113143920898,
        "sma50": 68.86850036621094,
        "rsi_weekly": 74.34342812570756,
        "rsi_monthly": 72.54536932786537,
        "52w_high": 76.11000061035156,
        "52w_low": 0
    },
    "FOX": {
        "close": 67.61000061035156,
        "sma200": 53.569528121948245,
        "sma50": 61.4694002532959,
        "rsi_weekly": 73.03122977895755,
        "rsi_monthly": 68.72104026678093,
        "52w_high": 67.76000213623047,
        "52w_low": 0
    },
    "BEN": {
        "close": 25.575000762939453,
        "sma200": 22.201438660621644,
        "sma50": 22.947581329345702,
        "rsi_weekly": 58.78089732963252,
        "rsi_monthly": 61.44886042465045,
        "52w_high": 25.575000762939453,
        "52w_low": 0
    },
    "FCX": {
        "close": 56.064998626708984,
        "sma200": 41.79215850830078,
        "sma50": 45.55370018005371,
        "rsi_weekly": 66.82485341903079,
        "rsi_monthly": 55.83357307766154,
        "52w_high": 56.150001525878906,
        "52w_low": 0
    },
    "GRMN": {
        "close": 212.99000549316406,
        "sma200": 213.9670337677002,
        "sma50": 202.00563995361327,
        "rsi_weekly": 43.76355282656026,
        "rsi_monthly": 64.9160161145724,
        "52w_high": 258.6608581542969,
        "52w_low": 0
    },
    "IT": {
        "close": 249.6999969482422,
        "sma200": 315.83215042114256,
        "sma50": 238.26940032958984,
        "rsi_weekly": 35.08419297670527,
        "rsi_monthly": 33.00686951680514,
        "52w_high": 548.3800048828125,
        "52w_low": 0
    },
    "GE": {
        "close": 320.4949951171875,
        "sma200": 264.98506393432615,
        "sma50": 303.2110150146484,
        "rsi_weekly": 66.96813781101814,
        "rsi_monthly": 86.92090979255936,
        "52w_high": 327.5400085449219,
        "52w_low": 0
    },
    "GEV": {
        "close": 623.0,
        "sma200": 543.1613284301758,
        "sma50": 616.8045642089844,
        "rsi_weekly": 68.70366262491915,
        "rsi_monthly": 81.47095541717346,
        "52w_high": 722.468017578125,
        "52w_low": 0
    },
    "GEHC": {
        "close": 87.12000274658203,
        "sma200": 74.53412433624267,
        "sma50": 79.9281997680664,
        "rsi_weekly": 58.227796874979745,
        "rsi_monthly": 77.22895167604342,
        "52w_high": 93.34632873535156,
        "52w_low": 0
    },
    "GEN": {
        "close": 26.635000228881836,
        "sma200": 27.799751415252686,
        "sma50": 26.716331939697266,
        "rsi_weekly": 41.88745520226186,
        "rsi_monthly": 40.5295978183496,
        "52w_high": 31.882293701171875,
        "52w_low": 0
    },
    "GNRC": {
        "close": 151.5500030517578,
        "sma200": 152.49669998168946,
        "sma50": 151.8097994995117,
        "rsi_weekly": 41.307934264939504,
        "rsi_monthly": 46.472430900903376,
        "52w_high": 202.85000610351562,
        "52w_low": 0
    },
    "GD": {
        "close": 354.6400146484375,
        "sma200": 309.8169518280029,
        "sma50": 342.5408013916016,
        "rsi_weekly": 64.7452123099969,
        "rsi_monthly": 76.93099443160519,
        "52w_high": 360.7099914550781,
        "52w_low": 0
    },
    "GIS": {
        "close": 44.185001373291016,
        "sma200": 50.15784284591675,
        "sma50": 46.540300064086914,
        "rsi_weekly": 36.73057405595905,
        "rsi_monthly": 26.67504655915686,
        "52w_high": 63.063690185546875,
        "52w_low": 0
    },
    "GM": {
        "close": 81.9749984741211,
        "sma200": 58.32300649642944,
        "sma50": 75.7093327331543,
        "rsi_weekly": 76.72826786730138,
        "rsi_monthly": 85.7924912863373,
        "52w_high": 85.12999725341797,
        "52w_low": 0
    },
    "GPC": {
        "close": 127.65010070800781,
        "sma200": 126.13044006347656,
        "sma50": 126.50672119140626,
        "rsi_weekly": 43.71604135600806,
        "rsi_monthly": 59.507122273282434,
        "52w_high": 141.64169311523438,
        "52w_low": 0
    },
    "GILD": {
        "close": 121.04000091552734,
        "sma200": 112.78680572509765,
        "sma50": 122.35832870483398,
        "rsi_weekly": 57.11917122152603,
        "rsi_monthly": 60.169331939846906,
        "52w_high": 127.22968292236328,
        "52w_low": 0
    },
    "GPN": {
        "close": 79.66000366210938,
        "sma200": 81.10077060699463,
        "sma50": 77.65487350463867,
        "rsi_weekly": 42.285403709918434,
        "rsi_monthly": 29.923186644687117,
        "52w_high": 111.5788803100586,
        "52w_low": 0
    },
    "GL": {
        "close": 142.39100646972656,
        "sma200": 130.6658129119873,
        "sma50": 135.52450653076173,
        "rsi_weekly": 56.493808047746356,
        "rsi_monthly": 67.28474229647674,
        "52w_high": 145.98092651367188,
        "52w_low": 0
    },
    "GS": {
        "close": 940.4400024414062,
        "sma200": 711.7764717102051,
        "sma50": 845.7074450683593,
        "rsi_weekly": 78.03730241628686,
        "rsi_monthly": 84.55574801338868,
        "52w_high": 955.469970703125,
        "52w_low": 0
    },
    "HAL": {
        "close": 32.44499969482422,
        "sma200": 23.220018091201784,
        "sma50": 27.773720359802248,
        "rsi_weekly": 65.2342358888927,
        "rsi_monthly": 48.84583883324996,
        "52w_high": 32.44499969482422,
        "52w_low": 0
    },
    "HIG": {
        "close": 137.97999572753906,
        "sma200": 127.50885208129883,
        "sma50": 133.77815734863282,
        "rsi_weekly": 59.92046690309135,
        "rsi_monthly": 75.928948301316,
        "52w_high": 139.72000122070312,
        "52w_low": 0
    },
    "HAS": {
        "close": 87.75,
        "sma200": 72.3280290222168,
        "sma50": 80.51417785644531,
        "rsi_weekly": 65.64099311056205,
        "rsi_monthly": 73.03066184940238,
        "52w_high": 89.13999938964844,
        "52w_low": 0
    },
    "HCA": {
        "close": 470.3500061035156,
        "sma200": 404.27626205444335,
        "sma50": 478.1283135986328,
        "rsi_weekly": 61.28304722215891,
        "rsi_monthly": 66.51809642160798,
        "52w_high": 515.0838012695312,
        "52w_low": 0
    }
}