{
    "last_scan_index": 450,
    "AAPL": {
        "close": 248.0399932861328,
        "sma200": 234.73456985473632,
        "sma50": 269.7683984375,
        "rsi_weekly": 51.05965933568741,
        "rsi_monthly": 65.05595172958536,
        "52w_high": 286.19000244140625,
        "52w_low": 0
    },
    "NVDA": {
        "close": 187.6699981689453,
        "sma200": 165.69115810394288,
        "sma50": 183.82273071289063,
        "rsi_weekly": 56.61352279167807,
        "rsi_monthly": 76.36247204743127,
        "52w_high": 207.02847290039062,
        "52w_low": 0
    },
    "TSLA": {
        "close": 449.05999755859375,
        "sma200": 372.75565032958986,
        "sma50": 442.3964013671875,
        "rsi_weekly": 55.767272209839355,
        "rsi_monthly": 70.21254147643917,
        "52w_high": 489.8800048828125,
        "52w_low": 0
    },
    "MSFT": {
        "close": 465.95001220703125,
        "sma200": 482.8081169128418,
        "sma50": 480.8758209228516,
        "rsi_weekly": 40.972927606011766,
        "rsi_monthly": 64.94485347180577,
        "52w_high": 541.057373046875,
        "52w_low": 0
    },
    "AMD": {
        "close": 259.67999267578125,
        "sma200": 171.83579975128174,
        "sma50": 220.9890002441406,
        "rsi_weekly": 60.57175331207617,
        "rsi_monthly": 69.38721493424931,
        "52w_high": 264.3299865722656,
        "52w_low": 0
    },
    "SYY": {
        "close": 76.20999908447266,
        "sma200": 75.29739471435546,
        "sma50": 74.54271453857422,
        "rsi_weekly": 58.17707902820585,
        "rsi_monthly": 47.01136360999757,
        "52w_high": 82.12374877929688,
        "52w_low": 0
    },
    "TMUS": {
        "close": 186.02999877929688,
        "sma200": 227.4302279663086,
        "sma50": 201.0424932861328,
        "rsi_weekly": 30.47088986216225,
        "rsi_monthly": 49.89463343078645,
        "52w_high": 269.53662109375,
        "52w_low": 0
    },
    "TROW": {
        "close": 105.62999725341797,
        "sma200": 98.94954067230225,
        "sma50": 103.35565505981445,
        "rsi_weekly": 59.73051196891994,
        "rsi_monthly": 60.48360075709956,
        "52w_high": 111.02996826171875,
        "52w_low": 0
    },
    "TTWO": {
        "close": 245.72999572753906,
        "sma200": 238.83340019226074,
        "sma50": 245.69040069580078,
        "rsi_weekly": 49.243094906042806,
        "rsi_monthly": 52.059212934817936,
        "52w_high": 262.2900085449219,
        "52w_low": 0
    },
    "TPR": {
        "close": 130.0399932861328,
        "sma200": 101.20586256027222,
        "sma50": 120.38938034057617,
        "rsi_weekly": 66.8738517243355,
        "rsi_monthly": 84.18371379390226,
        "52w_high": 134.3800048828125,
        "52w_low": 0
    },
    "TRGP": {
        "close": 191.5,
        "sma200": 167.1588108062744,
        "sma50": 179.0286001586914,
        "rsi_weekly": 58.96085400747791,
        "rsi_monthly": 70.66238051794055,
        "52w_high": 206.80960083007812,
        "52w_low": 0
    },
    "TGT": {
        "close": 108.0999984741211,
        "sma200": 94.80676898956298,
        "sma50": 96.9970002746582,
        "rsi_weekly": 69.34310090340013,
        "rsi_monthly": 58.731942318254404,
        "52w_high": 136.47891235351562,
        "52w_low": 0
    },
    "TEL": {
        "close": 223.83999633789062,
        "sma200": 199.01386562347412,
        "sma50": 231.77419952392577,
        "rsi_weekly": 66.68325498381407,
        "rsi_monthly": 74.7103885369048,
        "52w_high": 249.0,
        "52w_low": 0
    },
    "TDY": {
        "close": 610.6599731445312,
        "sma200": 523.8632496643066,
        "sma50": 524.4773962402344,
        "rsi_weekly": 65.1844708432563,
        "rsi_monthly": 58.290777462975825,
        "52w_high": 621.7899780273438,
        "52w_low": 0
    },
    "TFX": {
        "close": 103.4000015258789,
        "sma200": 121.05023498535157,
        "sma50": 115.77849761962891,
        "rsi_weekly": 37.087264438616714,
        "rsi_monthly": 19.834890206875283,
        "52w_high": 181.6382293701172,
        "52w_low": 0
    },
    "TER": {
        "close": 229.17999267578125,
        "sma200": 129.4153737640381,
        "sma50": 197.53539031982422,
        "rsi_weekly": 77.14281287368725,
        "rsi_monthly": 76.62605506056154,
        "52w_high": 231.88999938964844,
        "52w_low": 0
    },
    "TXN": {
        "close": 193.30999755859375,
        "sma200": 180.6592162322998,
        "sma50": 176.54760070800782,
        "rsi_weekly": 58.492318941492975,
        "rsi_monthly": 54.35193982303832,
        "52w_high": 217.718994140625,
        "52w_low": 0
    },
    "TXT": {
        "close": 95.0,
        "sma200": 80.512884349823,
        "sma50": 87.12504577636719,
        "rsi_weekly": 68.9209456932222,
        "rsi_monthly": 65.20718897740545,
        "52w_high": 96.31999969482422,
        "52w_low": 0
    },
    "TMO": {
        "close": 625.97998046875,
        "sma200": 493.68711853027344,
        "sma50": 589.9289038085938,
        "rsi_weekly": 71.4856870995679,
        "rsi_monthly": 64.82255848509132,
        "52w_high": 639.4500122070312,
        "52w_low": 0
    },
    "TJX": {
        "close": 153.24000549316406,
        "sma200": 137.2442082977295,
        "sma50": 153.2256851196289,
        "rsi_weekly": 71.3280276118212,
        "rsi_monthly": 81.40957923312546,
        "52w_high": 158.25,
        "52w_low": 0
    },
    "TSCO": {
        "close": 54.689998626708984,
        "sma200": 54.12622638702393,
        "sma50": 52.529109191894534,
        "rsi_weekly": 40.535504255898886,
        "rsi_monthly": 62.82305005778843,
        "52w_high": 62.37771224975586,
        "52w_low": 0
    },
    "TT": {
        "close": 386.2200012207031,
        "sma200": 411.47672805786135,
        "sma50": 398.1743994140625,
        "rsi_weekly": 43.69393185634008,
        "rsi_monthly": 65.48619477738316,
        "52w_high": 471.4648742675781,
        "52w_low": 0
    },
    "TDG": {
        "close": 1419.18994140625,
        "sma200": 1337.8567596435546,
        "sma50": 1346.8365991210937,
        "rsi_weekly": 63.40682414855344,
        "rsi_monthly": 69.26931932618686,
        "52w_high": 1516.55029296875,
        "52w_low": 0
    },
    "TRV": {
        "close": 277.7200012207031,
        "sma200": 270.2940934753418,
        "sma50": 284.7420733642578,
        "rsi_weekly": 46.016190498683095,
        "rsi_monthly": 74.05469810651742,
        "52w_high": 293.8399963378906,
        "52w_low": 0
    },
    "TRU": {
        "close": 83.93000030517578,
        "sma200": 85.44718292236328,
        "sma50": 84.22547454833985,
        "rsi_weekly": 51.06770341366742,
        "rsi_monthly": 65.62875279290064,
        "52w_high": 99.71392822265625,
        "52w_low": 0
    },
    "TYL": {
        "close": 434.760009765625,
        "sma200": 526.773698425293,
        "sma50": 455.7589996337891,
        "rsi_weekly": 30.23398140464292,
        "rsi_monthly": 44.96701049555504,
        "52w_high": 646.739990234375,
        "52w_low": 0
    },
    "TSN": {
        "close": 61.65999984741211,
        "sma200": 55.22393407821655,
        "sma50": 57.44428611755371,
        "rsi_weekly": 63.04595263576564,
        "rsi_monthly": 54.655957794093,
        "52w_high": 62.12738037109375,
        "52w_low": 0
    },
    "USB": {
        "close": 55.470001220703125,
        "sma200": 46.219517650604246,
        "sma50": 51.799463806152346,
        "rsi_weekly": 67.26960386243701,
        "rsi_monthly": 70.08459525602571,
        "52w_high": 56.18000030517578,
        "52w_low": 0
    },
    "UDR": {
        "close": 37.720001220703125,
        "sma200": 37.541006088256836,
        "sma50": 35.685825424194334,
        "rsi_weekly": 55.93594412971824,
        "rsi_monthly": 43.74824117569097,
        "52w_high": 44.02199172973633,
        "52w_low": 0
    }
}