{
    "last_scan_index": 100,
    "AAPL": {
        "close": 259.3699951171875,
        "sma200": 232.80100151062013,
        "sma50": 272.57918151855466,
        "rsi_weekly": 63.048862120679686,
        "rsi_monthly": 65.05594861254106,
        "52w_high": 286.19000244140625,
        "52w_low": 0
    },
    "NVDA": {
        "close": 184.86000061035156,
        "sma200": 162.17273921966552,
        "sma50": 186.36893981933594,
        "rsi_weekly": 58.648705844574025,
        "rsi_monthly": 76.3624767394648,
        "52w_high": 207.02847290039062,
        "52w_low": 0
    },
    "TSLA": {
        "close": 445.010009765625,
        "sma200": 364.7485501861572,
        "sma50": 444.2562017822266,
        "rsi_weekly": 56.31157929953819,
        "rsi_monthly": 70.21254147643917,
        "52w_high": 489.8800048828125,
        "52w_low": 0
    },
    "MSFT": {
        "close": 479.2799987792969,
        "sma200": 478.96978759765625,
        "sma50": 490.38487426757814,
        "rsi_weekly": 44.49072457862006,
        "rsi_monthly": 64.9448730343928,
        "52w_high": 541.057373046875,
        "52w_low": 0
    },
    "AMD": {
        "close": 203.1699981689453,
        "sma200": 165.75879978179933,
        "sma50": 223.97699920654296,
        "rsi_weekly": 60.71614808686848,
        "rsi_monthly": 69.38721493424931,
        "52w_high": 264.3299865722656,
        "52w_low": 0
    },
    "BR": {
        "close": 223.36000061035156,
        "sma200": 236.09927207946777,
        "sma50": 224.8456365966797,
        "rsi_weekly": 40.11177311826796,
        "rsi_monthly": 49.669901522565105,
        "52w_high": 264.7299499511719,
        "52w_low": 0
    },
    "BRO": {
        "close": 80.63999938964844,
        "sma200": 97.29667636871338,
        "sma50": 79.75900192260742,
        "rsi_weekly": 30.278574058870813,
        "rsi_monthly": 51.392258247663904,
        "52w_high": 123.80648040771484,
        "52w_low": 0
    },
    "BLDR": {
        "close": 124.66000366210938,
        "sma200": 120.04354984283447,
        "sma50": 107.17000061035156,
        "rsi_weekly": 39.80996091729159,
        "rsi_monthly": 52.584272979150995,
        "52w_high": 173.50999450683594,
        "52w_low": 0
    },
    "BG": {
        "close": 99.98999786376953,
        "sma200": 82.97632991790772,
        "sma50": 93.5228515625,
        "rsi_weekly": 57.10685007464219,
        "rsi_monthly": 65.71324182935021,
        "52w_high": 99.98999786376953,
        "52w_low": 0
    },
    "CDNS": {
        "close": 327.30999755859375,
        "sma200": 319.29270011901855,
        "sma50": 320.09380004882814,
        "rsi_weekly": 45.76889704194139,
        "rsi_monthly": 60.02370140142533,
        "52w_high": 373.3699951171875,
        "52w_low": 0
    },
    "CZR": {
        "close": 24.6299991607666,
        "sma200": 25.533375034332277,
        "sma50": 22.318500137329103,
        "rsi_weekly": 46.1542652000782,
        "rsi_monthly": 31.691570134862843,
        "52w_high": 39.7599983215332,
        "52w_low": 0
    },
    "CPT": {
        "close": 108.80000305175781,
        "sma200": 107.87320747375489,
        "sma50": 104.3116487121582,
        "rsi_weekly": 57.29825972319,
        "rsi_monthly": 56.13708562894579,
        "52w_high": 120.87232971191406,
        "52w_low": 0
    },
    "CPB": {
        "close": 26.43000030517578,
        "sma200": 31.56702896118164,
        "sma50": 28.914449768066405,
        "rsi_weekly": 31.081777380447843,
        "rsi_monthly": 19.080504429324936,
        "52w_high": 40.01108932495117,
        "52w_low": 0
    },
    "COF": {
        "close": 249.1999969482422,
        "sma200": 209.25383110046386,
        "sma50": 229.27069458007813,
        "rsi_weekly": 66.92699067125412,
        "rsi_monthly": 75.8634514909102,
        "52w_high": 257.94000244140625,
        "52w_low": 0
    },
    "CAH": {
        "close": 201.11000061035156,
        "sma200": 163.66642211914063,
        "sma50": 202.02133850097655,
        "rsi_weekly": 72.25833029150702,
        "rsi_monthly": 79.62822382624967,
        "52w_high": 213.1985321044922,
        "52w_low": 0
    },
    "KMX": {
        "close": 45.22999954223633,
        "sma200": 55.55034976005554,
        "sma50": 38.48619998931885,
        "rsi_weekly": 36.320197288685186,
        "rsi_monthly": 45.538095683895804,
        "52w_high": 89.19000244140625,
        "52w_low": 0
    },
    "CCL": {
        "close": 32.130001068115234,
        "sma200": 26.578150100708008,
        "sma50": 27.983400192260742,
        "rsi_weekly": 60.634551787002906,
        "rsi_monthly": 59.18996459797011,
        "52w_high": 32.4900016784668,
        "52w_low": 0
    },
    "CARR": {
        "close": 56.25,
        "sma200": 63.18244119644165,
        "sma50": 54.38620018005371,
        "rsi_weekly": 37.00810871718774,
        "rsi_monthly": 41.20506397756409,
        "52w_high": 80.42076873779297,
        "52w_low": 0
    },
    "CAT": {
        "close": 617.6199951171875,
        "sma200": 441.3682987976074,
        "sma50": 579.7357983398438,
        "rsi_weekly": 72.43171707909136,
        "rsi_monthly": 81.48118603774135,
        "52w_high": 625.6099853515625,
        "52w_low": 0
    },
    "CBOE": {
        "close": 260.95001220703125,
        "sma200": 237.4253643798828,
        "sma50": 253.1945999145508,
        "rsi_weekly": 53.373653814921234,
        "rsi_monthly": 76.10913264145523,
        "52w_high": 260.95001220703125,
        "52w_low": 0
    },
    "CBRE": {
        "close": 165.4600067138672,
        "sma200": 146.58625030517578,
        "sma50": 158.27880035400392,
        "rsi_weekly": 56.43922971152136,
        "rsi_monthly": 73.58677674784748,
        "52w_high": 166.9199981689453,
        "52w_low": 0
    },
    "CDW": {
        "close": 133.49000549316406,
        "sma200": 160.4002066040039,
        "sma50": 142.51860229492186,
        "rsi_weekly": 33.92653177502685,
        "rsi_monthly": 49.7565193257491,
        "52w_high": 203.0680389404297,
        "52w_low": 0
    },
    "CE": {
        "close": 45.56999969482422,
        "sma200": 46.85338863372803,
        "sma50": 40.68140007019043,
        "rsi_weekly": 44.56943927147708,
        "rsi_monthly": 36.9657735392076,
        "52w_high": 73.93795776367188,
        "52w_low": 0
    },
    "COR": {
        "close": 335.69000244140625,
        "sma200": 307.48196502685545,
        "sma50": 348.99046447753904,
        "rsi_weekly": 58.97588374193007,
        "rsi_monthly": 69.12059656716771,
        "52w_high": 374.75,
        "52w_low": 0
    },
    "CNC": {
        "close": 46.61000061035156,
        "sma200": 42.38949997901916,
        "sma50": 38.91660011291504,
        "rsi_weekly": 54.69628179193523,
        "rsi_monthly": 43.935138280302226,
        "52w_high": 65.88999938964844,
        "52w_low": 0
    },
    "CNP": {
        "close": 37.88999938964844,
        "sma200": 37.59106632232666,
        "sma50": 38.62699920654297,
        "rsi_weekly": 55.4415963750594,
        "rsi_monthly": 64.44411843881286,
        "52w_high": 39.996612548828125,
        "52w_low": 0
    },
    "CF": {
        "close": 82.5999984741211,
        "sma200": 84.45000991821288,
        "sma50": 79.8380209350586,
        "rsi_weekly": 45.798082884759644,
        "rsi_monthly": 58.06336372592915,
        "52w_high": 101.27503967285156,
        "52w_low": 0
    },
    "CHRW": {
        "close": 170.77000427246094,
        "sma200": 120.07558250427246,
        "sma50": 157.12948760986328,
        "rsi_weekly": 73.05904561128719,
        "rsi_monthly": 65.22846153162601,
        "52w_high": 170.77000427246094,
        "52w_low": 0
    },
    "CRL": {
        "close": 220.91000366210938,
        "sma200": 159.71925006866456,
        "sma50": 186.2556002807617,
        "rsi_weekly": 63.24574742443261,
        "rsi_monthly": 69.54139212632656,
        "52w_high": 220.91000366210938,
        "52w_low": 0
    }
}