{
    "last_scan_index": 175,
    "AAPL": {
        "close": 260.3299865722656,
        "sma200": 232.42377777099608,
        "sma50": 272.95676391601563,
        "rsi_weekly": 63.04886187545126,
        "rsi_monthly": 65.05593279271716,
        "52w_high": 286.19000244140625,
        "52w_low": 0
    },
    "NVDA": {
        "close": 189.11000061035156,
        "sma200": 161.53351959228516,
        "sma50": 186.8209030151367,
        "rsi_weekly": 58.64870589397611,
        "rsi_monthly": 76.36247393867013,
        "52w_high": 207.02847290039062,
        "52w_low": 0
    },
    "TSLA": {
        "close": 431.4100036621094,
        "sma200": 363.17715034484866,
        "sma50": 444.89940185546874,
        "rsi_weekly": 56.31157929953819,
        "rsi_monthly": 70.21254147643917,
        "52w_high": 489.8800048828125,
        "52w_low": 0
    },
    "MSFT": {
        "close": 483.4700012207031,
        "sma200": 478.10302185058595,
        "sma50": 492.66876403808595,
        "rsi_weekly": 44.4907244923145,
        "rsi_monthly": 64.94487608202967,
        "52w_high": 541.057373046875,
        "52w_low": 0
    },
    "AMD": {
        "close": 210.02000427246094,
        "sma200": 164.86284980773925,
        "sma50": 226.1735998535156,
        "rsi_weekly": 60.71614808686848,
        "rsi_monthly": 69.38721493424931,
        "52w_high": 264.3299865722656,
        "52w_low": 0
    },
    "DG": {
        "close": 143.50999450683594,
        "sma200": 105.85073608398437,
        "sma50": 116.90798370361328,
        "rsi_weekly": 73.7784948583989,
        "rsi_monthly": 72.08827888664887,
        "52w_high": 144.69000244140625,
        "52w_low": 0
    },
    "DLTR": {
        "close": 131.55999755859375,
        "sma200": 100.05075004577637,
        "sma50": 113.9727996826172,
        "rsi_weekly": 68.83190213665095,
        "rsi_monthly": 72.23544045212721,
        "52w_high": 133.77999877929688,
        "52w_low": 0
    },
    "D": {
        "close": 57.08000183105469,
        "sma200": 57.004009342193605,
        "sma50": 59.440128326416016,
        "rsi_weekly": 52.09601221272429,
        "rsi_monthly": 69.14497264544097,
        "52w_high": 62.06929016113281,
        "52w_low": 0
    },
    "DPZ": {
        "close": 405.5,
        "sma200": 443.0827645874023,
        "sma50": 414.70928344726565,
        "rsi_weekly": 48.15175671912432,
        "rsi_monthly": 54.82107927502158,
        "52w_high": 491.7031555175781,
        "52w_low": 0
    },
    "DOV": {
        "close": 199.3800048828125,
        "sma200": 178.25701766967774,
        "sma50": 188.80109466552733,
        "rsi_weekly": 61.572248567025476,
        "rsi_monthly": 72.21393983671719,
        "52w_high": 204.13925170898438,
        "52w_low": 0
    },
    "DOW": {
        "close": 24.799999237060547,
        "sma200": 25.186723079681396,
        "sma50": 23.151321792602538,
        "rsi_weekly": 49.23285538504844,
        "rsi_monthly": 39.846719555564114,
        "52w_high": 39.004295349121094,
        "52w_low": 0
    },
    "DHI": {
        "close": 139.30999755859375,
        "sma200": 143.39025608062744,
        "sma50": 148.84409698486328,
        "rsi_weekly": 46.347069090182586,
        "rsi_monthly": 54.4571076280521,
        "52w_high": 183.47286987304688,
        "52w_low": 0
    },
    "DTE": {
        "close": 128.25999450683594,
        "sma200": 133.56924369812012,
        "sma50": 132.44760925292968,
        "rsi_weekly": 44.203551513310735,
        "rsi_monthly": 62.681495431784995,
        "52w_high": 142.03366088867188,
        "52w_low": 0
    },
    "DUK": {
        "close": 116.19000244140625,
        "sma200": 118.82243907928466,
        "sma50": 119.89032791137696,
        "rsi_weekly": 45.238192881550816,
        "rsi_monthly": 51.122259824033534,
        "52w_high": 127.91812133789062,
        "52w_low": 0
    },
    "DD": {
        "close": 43.22999954223633,
        "sma200": 32.18089308738708,
        "sma50": 39.40474555969238,
        "rsi_weekly": 70.69921462052066,
        "rsi_monthly": 79.4105109871964,
        "52w_high": 43.439998626708984,
        "52w_low": 0
    },
    "EMN": {
        "close": 66.25,
        "sma200": 68.7697497177124,
        "sma50": 61.39844711303711,
        "rsi_weekly": 47.80149654618305,
        "rsi_monthly": 46.11038934738754,
        "52w_high": 98.89759063720703,
        "52w_low": 0
    },
    "ETN": {
        "close": 322.6700134277344,
        "sma200": 339.7802495574951,
        "sma50": 344.9468017578125,
        "rsi_weekly": 42.942300237727835,
        "rsi_monthly": 63.999089461672924,
        "52w_high": 391.6195373535156,
        "52w_low": 0
    },
    "EBAY": {
        "close": 90.1500015258789,
        "sma200": 81.32782655715943,
        "sma50": 84.71387237548828,
        "rsi_weekly": 54.26753233620813,
        "rsi_monthly": 78.55948006154175,
        "52w_high": 100.10193634033203,
        "52w_low": 0
    },
    "ECL": {
        "close": 268.75,
        "sma200": 262.59141372680665,
        "sma50": 262.594196472168,
        "rsi_weekly": 48.58598751374939,
        "rsi_monthly": 71.9033143249953,
        "52w_high": 283.9881286621094,
        "52w_low": 0
    },
    "EIX": {
        "close": 58.459999084472656,
        "sma200": 53.867176666259766,
        "sma50": 57.38687255859375,
        "rsi_weekly": 61.90848420567987,
        "rsi_monthly": 50.73289414337952,
        "52w_high": 73.02197265625,
        "52w_low": 0
    },
    "EW": {
        "close": 84.83000183105469,
        "sma200": 78.22580013275146,
        "sma50": 84.73919998168945,
        "rsi_weekly": 58.50741983235858,
        "rsi_monthly": 70.0985485603512,
        "52w_high": 86.94000244140625,
        "52w_low": 0
    },
    "EA": {
        "close": 204.5,
        "sma200": 171.5550807952881,
        "sma50": 202.43002380371092,
        "rsi_weekly": 77.49164011412529,
        "rsi_monthly": 73.75149844893198,
        "52w_high": 204.7899932861328,
        "52w_low": 0
    },
    "ELV": {
        "close": 366.69000244140625,
        "sma200": 349.28750930786134,
        "sma50": 334.9222088623047,
        "rsi_weekly": 54.635780055945084,
        "rsi_monthly": 44.346812282305244,
        "52w_high": 445.9587097167969,
        "52w_low": 0
    },
    "EMR": {
        "close": 142.14999389648438,
        "sma200": 127.0726501083374,
        "sma50": 133.75732345581054,
        "rsi_weekly": 55.00583746378648,
        "rsi_monthly": 71.20908850063637,
        "52w_high": 148.39813232421875,
        "52w_low": 0
    },
    "ENPH": {
        "close": 34.689998626708984,
        "sma200": 39.106400117874145,
        "sma50": 31.05319999694824,
        "rsi_weekly": 44.629281240762246,
        "rsi_monthly": 57.780371298458256,
        "52w_high": 73.51000213623047,
        "52w_low": 0
    },
    "EOG": {
        "close": 102.55000305175781,
        "sma200": 112.63550857543946,
        "sma50": 106.75459991455078,
        "rsi_weekly": 45.62343754995524,
        "rsi_monthly": 43.56587310165475,
        "52w_high": 133.43553161621094,
        "52w_low": 0
    },
    "EPAM": {
        "close": 218.1999969482422,
        "sma200": 170.85560012817382,
        "sma50": 191.03640045166014,
        "rsi_weekly": 60.22219603839754,
        "rsi_monthly": 60.32420314482,
        "52w_high": 267.6300048828125,
        "52w_low": 0
    },
    "EQT": {
        "close": 54.4900016784668,
        "sma200": 54.06432811737061,
        "sma50": 56.40701431274414,
        "rsi_weekly": 47.74786341278795,
        "rsi_monthly": 62.600798044869954,
        "52w_high": 61.16999816894531,
        "52w_low": 0
    },
    "EFX": {
        "close": 213.5,
        "sma200": 240.0719644165039,
        "sma50": 213.38532928466796,
        "rsi_weekly": 40.05294119001902,
        "rsi_monthly": 59.09308140793968,
        "52w_high": 278.7853698730469,
        "52w_low": 0
    },
    "EQIX": {
        "close": 776.5499877929688,