{
    "last_scan_index": 350,
    "AAPL": {
        "close": 259.9739990234375,
        "sma200": 233.4022731781006,
        "sma50": 271.99097900390626,
        "rsi_weekly": 53.761853367764566,
        "rsi_monthly": 65.0559338414584,
        "52w_high": 286.19000244140625,
        "52w_low": 0
    },
    "NVDA": {
        "close": 182.625,
        "sma200": 163.26561805725098,
        "sma50": 185.18872161865235,
        "rsi_weekly": 55.83253750488649,
        "rsi_monthly": 76.36247781082558,
        "52w_high": 207.02847290039062,
        "52w_low": 0
    },
    "TSLA": {
        "close": 439.4100036621094,
        "sma200": 367.38270027160644,
        "sma50": 443.80420166015625,
        "rsi_weekly": 57.433070397524055,
        "rsi_monthly": 70.21254147643917,
        "52w_high": 489.8800048828125,
        "52w_low": 0
    },
    "MSFT": {
        "close": 464.6050109863281,
        "sma200": 480.2662229919434,
        "sma50": 486.99079833984376,
        "rsi_weekly": 46.924932918688306,
        "rsi_monthly": 64.94484616685878,
        "52w_high": 541.057373046875,
        "52w_low": 0
    },
    "AMD": {
        "close": 216.5050048828125,
        "sma200": 167.38432479858398,
        "sma50": 221.37449981689454,
        "rsi_weekly": 52.90812131363197,
        "rsi_monthly": 69.38721493424931,
        "52w_high": 264.3299865722656,
        "52w_low": 0
    },
    "MSI": {
        "close": 386.6700134277344,
        "sma200": 419.81601516723634,
        "sma50": 377.29869750976565,
        "rsi_weekly": 39.13361331529361,
        "rsi_monthly": 51.60522118459483,
        "52w_high": 487.5675354003906,
        "52w_low": 0
    },
    "MSCI": {
        "close": 588.9099731445312,
        "sma200": 558.4343077087402,
        "sma50": 566.7816748046876,
        "rsi_weekly": 54.63520258609397,
        "rsi_monthly": 36.107208171667565,
        "52w_high": 620.4635009765625,
        "52w_low": 0
    },
    "NDAQ": {
        "close": 98.66999816894531,
        "sma200": 87.57350952148437,
        "sma50": 92.19076583862305,
        "rsi_weekly": 66.75233767665851,
        "rsi_monthly": 65.50113624134481,
        "52w_high": 100.69000244140625,
        "52w_low": 0
    },
    "NTAP": {
        "close": 107.75,
        "sma200": 106.00499137878418,
        "sma50": 110.44971099853515,
        "rsi_weekly": 44.02393575269083,
        "rsi_monthly": 54.73037914036442,
        "52w_high": 125.20184326171875,
        "52w_low": 0
    },
    "NFLX": {
        "close": 89.08000183105469,
        "sma200": 113.13660507202148,
        "sma50": 100.57559997558593,
        "rsi_weekly": 31.622205696637952,
        "rsi_monthly": 56.023247459645084,
        "52w_high": 133.91299438476562,
        "52w_low": 0
    },
    "NEM": {
        "close": 114.26000213623047,
        "sma200": 72.60243768692017,
        "sma50": 95.21059295654297,
        "rsi_weekly": 73.71547839487455,
        "rsi_monthly": 76.17405729855327,
        "52w_high": 114.62999725341797,
        "52w_low": 0
    },
    "NWL": {
        "close": 4.304999828338623,
        "sma200": 4.830142477750778,
        "sma50": 3.6167392110824585,
        "rsi_weekly": 46.59019890205544,
        "rsi_monthly": 28.54672806244062,
        "52w_high": 10.082728385925293,
        "52w_low": 0
    },
    "NWS": {
        "close": 30.75,
        "sma200": 31.624069423675536,
        "sma50": 29.58780002593994,
        "rsi_weekly": 45.73671684187332,
        "rsi_monthly": 63.471585604021726,
        "52w_high": 35.061614990234375,
        "52w_low": 0
    },
    "NWSA": {
        "close": 26.739999771118164,
        "sma200": 27.6730735206604,
        "sma50": 26.01939987182617,
        "rsi_weekly": 44.72352610024153,
        "rsi_monthly": 62.059547926710366,
        "52w_high": 31.030000686645508,
        "52w_low": 0
    },
    "NEE": {
        "close": 82.15499877929688,
        "sma200": 74.5959760093689,
        "sma50": 82.1532682800293,
        "rsi_weekly": 53.09069184941011,
        "rsi_monthly": 53.790269858370266,
        "52w_high": 86.29000091552734,
        "52w_low": 0
    },
    "NKE": {
        "close": 67.03500366210938,
        "sma200": 65.94194967269897,
        "sma50": 63.5005916595459,
        "rsi_weekly": 49.628577511561915,
        "rsi_monthly": 44.08470882929892,
        "52w_high": 79.84435272216797,
        "52w_low": 0
    },
    "NI": {
        "close": 42.40999984741211,
        "sma200": 40.825547466278074,
        "sma50": 42.31859992980957,
        "rsi_weekly": 52.37993090392362,
        "rsi_monthly": 71.91684779845443,
        "52w_high": 44.130001068115234,
        "52w_low": 0
    },
    "NDSN": {
        "close": 265.5799865722656,
        "sma200": 218.61378547668457,
        "sma50": 238.9335238647461,
        "rsi_weekly": 72.54795862814183,
        "rsi_monthly": 65.82907825574178,
        "52w_high": 265.5799865722656,
        "52w_low": 0
    },
    "NSC": {
        "close": 288.7099914550781,
        "sma200": 267.0727577972412,
        "sma50": 288.7283569335938,
        "rsi_weekly": 56.42313888928358,
        "rsi_monthly": 70.52094122822804,
        "52w_high": 299.489990234375,
        "52w_low": 0
    },
    "NTRS": {
        "close": 144.5012969970703,
        "sma200": 120.7081428527832,
        "sma50": 134.58085494995117,
        "rsi_weekly": 74.09771491146715,
        "rsi_monthly": 75.5843039335984,
        "52w_high": 146.1699981689453,
        "52w_low": 0
    },
    "NOC": {
        "close": 631.0831298828125,
        "sma200": 546.0859495544433,
        "sma50": 572.5704602050781,
        "rsi_weekly": 64.31113439438955,
        "rsi_monthly": 68.49367446109223,
        "52w_high": 635.374755859375,
        "52w_low": 0
    },
    "NCLH": {
        "close": 23.280000686645508,
        "sma200": 21.242299995422364,
        "sma50": 20.563000144958497,
        "rsi_weekly": 59.75104708712637,
        "rsi_monthly": 58.01496446523557,
        "52w_high": 29.06999969482422,
        "52w_low": 0
    },
    "NRG": {
        "close": 149.33999633789062,
        "sma200": 150.5413338470459,
        "sma50": 162.20580078125,
        "rsi_weekly": 45.71022014440221,
        "rsi_monthly": 70.21420269261473,
        "52w_high": 178.04299926757812,
        "52w_low": 0
    },
    "NUE": {
        "close": 172.1649932861328,
        "sma200": 136.8502236557007,
        "sma50": 157.91881164550782,
        "rsi_weekly": 62.28920688324692,
        "rsi_monthly": 59.899702081157976,
        "52w_high": 172.1649932861328,
        "52w_low": 0
    },
    "NVR": {
        "close": 7675.10009765625,
        "sma200": 7528.946452636719,
        "sma50": 7383.5869921875,
        "rsi_weekly": 50.12122302797184,
        "rsi_monthly": 58.86456260855224,
        "52w_high": 8543.0,
        "52w_low": 0
    },
    "NXPI": {
        "close": 240.24000549316406,
        "sma200": 211.0711855316162,
        "sma50": 216.0838424682617,
        "rsi_weekly": 61.27976614967127,
        "rsi_monthly": 70.08245298866271,
        "52w_high": 245.9499969482422,
        "52w_low": 0
    },
    "ORLY": {
        "close": 94.33000183105469,
        "sma200": 96.33464672088623,
        "sma50": 95.51299957275391,
        "rsi_weekly": 45.75618079075488,
        "rsi_monthly": 60.84178922226018,
        "52w_high": 107.81999969482422,
        "52w_low": 0
    },
    "OXY": {
        "close": 44.51100158691406,
        "sma200": 42.5293501663208,
        "sma50": 41.30221534729004,
        "rsi_weekly": 50.602271735454735,
        "rsi_monthly": 49.737860878671626,
        "52w_high": 51.56443786621094,
        "52w_low": 0
    },
    "ODFL": {
        "close": 173.63999938964844,
        "sma200": 152.28086612701415,
        "sma50": 149.94166732788085,
        "rsi_weekly": 64.72499379051868,
        "rsi_monthly": 62.71264307467953,
        "52w_high": 207.7945098876953,
        "52w_low": 0
    }
}