{
    "last_scan_index": 475,
    "AAPL": {
        "close": 257.3900146484375,
        "sma200": 232.61083869934083,
        "sma50": 272.7335711669922,
        "rsi_weekly": 63.04886155198747,
        "rsi_monthly": 65.05593393013245,
        "52w_high": 286.19000244140625,
        "52w_low": 0
    },
    "NVDA": {
        "close": 184.7899932861328,
        "sma200": 161.8505297088623,
        "sma50": 186.68711608886719,
        "rsi_weekly": 58.64870583832935,
        "rsi_monthly": 76.36247388167786,
        "52w_high": 207.02847290039062,
        "52w_low": 0
    },
    "TSLA": {
        "close": 433.92999267578125,
        "sma200": 363.9548502349854,
        "sma50": 444.5296014404297,
        "rsi_weekly": 56.31157929953819,
        "rsi_monthly": 70.21254147643917,
        "52w_high": 489.8800048828125,
        "52w_low": 0
    },
    "MSFT": {
        "close": 477.7699890136719,
        "sma200": 478.5369529724121,
        "sma50": 491.6136218261719,
        "rsi_weekly": 44.49072409966625,
        "rsi_monthly": 64.9448551620225,
        "52w_high": 541.057373046875,
        "52w_low": 0
    },
    "AMD": {
        "close": 204.21499633789062,
        "sma200": 165.3146747970581,
        "sma50": 225.06449951171874,
        "rsi_weekly": 60.71614808686848,
        "rsi_monthly": 69.38721493424931,
        "52w_high": 264.3299865722656,
        "52w_low": 0
    },
    "ULTA": {
        "close": 658.1900024414062,
        "sma200": 493.33130126953125,
        "sma50": 561.9652044677734,
        "rsi_weekly": 73.18246316171124,
        "rsi_monthly": 75.1755326241503,
        "52w_high": 658.1900024414062,
        "52w_low": 0
    },
    "UNP": {
        "close": 230.25,
        "sma200": 223.42251945495605,
        "sma50": 227.95840362548827,
        "rsi_weekly": 54.33454501820527,
        "rsi_monthly": 60.28595436410839,
        "52w_high": 248.49053955078125,
        "52w_low": 0
    },
    "UAL": {
        "close": 116.33999633789062,
        "sma200": 90.69120010375977,
        "sma50": 103.54879928588868,
        "rsi_weekly": 65.57691143447056,
        "rsi_monthly": 72.20676528285428,
        "52w_high": 117.52999877929688,
        "52w_low": 0
    },
    "UPS": {
        "close": 107.61329650878906,
        "sma200": 92.27379085540771,
        "sma50": 97.04532531738282,
        "rsi_weekly": 60.99733526006274,
        "rsi_monthly": 55.44915283221428,
        "52w_high": 127.49671936035156,
        "52w_low": 0
    },
    "URI": {
        "close": 921.3250122070312,
        "sma200": 806.0421389770507,
        "sma50": 828.6450854492188,
        "rsi_weekly": 50.8126656520591,
        "rsi_monthly": 64.85713140702502,
        "52w_high": 1017.8645629882812,
        "52w_low": 0
    },
    "UNH": {
        "close": 345.6499938964844,
        "sma200": 341.0516202545166,
        "sma50": 329.83528503417966,
        "rsi_weekly": 49.22556530023065,
        "rsi_monthly": 35.61749316747403,
        "52w_high": 587.5621948242188,
        "52w_low": 0
    },
    "UHS": {
        "close": 211.2899932861328,
        "sma200": 194.03681198120117,
        "sma50": 226.37346923828125,
        "rsi_weekly": 56.032738889065484,
        "rsi_monthly": 62.12405978172964,
        "52w_high": 243.9795379638672,
        "52w_low": 0
    },
    "VLO": {
        "close": 190.40460205078125,
        "sma200": 146.96888080596923,
        "sma50": 172.47624237060546,
        "rsi_weekly": 55.06663547430742,
        "rsi_monthly": 62.03157407218349,
        "52w_high": 190.40460205078125,
        "52w_low": 0
    },
    "VTR": {
        "close": 74.6050033569336,
        "sma200": 68.60799518585205,
        "sma50": 77.3428451538086,
        "rsi_weekly": 63.78355791565675,
        "rsi_monthly": 58.01724230010231,
        "52w_high": 80.50691223144531,
        "52w_low": 0
    },
    "VRSN": {
        "close": 246.10000610351562,
        "sma200": 264.9199698638916,
        "sma50": 245.555693359375,
        "rsi_weekly": 40.31494809255804,
        "rsi_monthly": 51.36045353589154,
        "52w_high": 304.1607360839844,
        "52w_low": 0
    },
    "VRSK": {
        "close": 222.3699951171875,
        "sma200": 265.9698468780518,
        "sma50": 219.27867126464844,
        "rsi_weekly": 32.584834094896316,
        "rsi_monthly": 37.163388238099216,
        "52w_high": 319.65484619140625,
        "52w_low": 0
    },
    "VZ": {
        "close": 40.564998626708984,
        "sma200": 41.58639728546142,
        "sma50": 40.45989967346191,
        "rsi_weekly": 46.76434533103709,
        "rsi_monthly": 38.81490672934889,
        "52w_high": 44.29851531982422,
        "52w_low": 0
    },
    "VRTX": {
        "close": 471.31500244140625,
        "sma200": 438.5908236694336,
        "sma50": 440.9639001464844,
        "rsi_weekly": 55.8418814446091,
        "rsi_monthly": 46.594517356502074,
        "52w_high": 513.760009765625,
        "52w_low": 0
    },
    "V": {
        "close": 352.6050109863281,
        "sma200": 344.3783906555176,
        "sma50": 339.66851318359375,
        "rsi_weekly": 52.8171450536856,
        "rsi_monthly": 70.78072565001897,
        "52w_high": 371.9176025390625,
        "52w_low": 0
    },
    "VICI": {
        "close": 28.165000915527344,
        "sma200": 30.56447449684143,
        "sma50": 28.534057540893556,
        "rsi_weekly": 38.49166591979656,
        "rsi_monthly": 43.10207878906882,
        "52w_high": 32.92975616455078,
        "52w_low": 0
    },
    "VMC": {
        "close": 298.5299987792969,
        "sma200": 277.0879299163818,
        "sma50": 291.12888793945314,
        "rsi_weekly": 55.74154425948459,
        "rsi_monthly": 72.26486870460717,
        "52w_high": 308.5428771972656,
        "52w_low": 0
    },
    "WRB": {
        "close": 70.26000213623047,
        "sma200": 70.75703226089477,
        "sma50": 71.63445831298829,
        "rsi_weekly": 47.14235277321371,
        "rsi_monthly": 60.24334054586155,
        "52w_high": 77.22645568847656,
        "52w_low": 0
    },
    "WAB": {
        "close": 222.46499633789062,
        "sma200": 198.25044174194335,
        "sma50": 210.00918426513672,
        "rsi_weekly": 61.80031832929788,
        "rsi_monthly": 74.22803065144635,
        "52w_high": 222.46499633789062,
        "52w_low": 0
    },
    "WMT": {
        "close": 113.42500305175781,
        "sma200": 100.39287326812745,
        "sma50": 108.84249740600586,
        "rsi_weekly": 62.5928869128004,
        "rsi_monthly": 83.11046302476383,
        "52w_high": 116.79000091552734,
        "52w_low": 0
    },
    "DIS": {
        "close": 114.70500183105469,
        "sma200": 109.66678218841552,
        "sma50": 109.34891387939453,
        "rsi_weekly": 52.78089635278078,
        "rsi_monthly": 69.08330228467679,
        "52w_high": 123.17660522460938,
        "52w_low": 0
    },
    "WBD": {
        "close": 28.399999618530273,
        "sma200": 15.712700045108795,
        "sma50": 25.54120002746582,
        "rsi_weekly": 75.48975912491645,
        "rsi_monthly": 74.44514014960353,
        "52w_high": 29.979999542236328,
        "52w_low": 0
    },
    "WM": {
        "close": 217.9149932861328,
        "sma200": 221.89321327209473,
        "sma50": 211.85272888183593,
        "rsi_weekly": 50.957707180936936,
        "rsi_monthly": 69.27547984559045,
        "52w_high": 239.43455505371094,
        "52w_low": 0
    },
    "WAT": {
        "close": 398.2049865722656,
        "sma200": 339.9503253173828,
        "sma50": 382.79390014648436,
        "rsi_weekly": 59.20052509952757,
        "rsi_monthly": 62.65981477757844,
        "52w_high": 417.2799987792969,
        "52w_low": 0
    },
    "WEC": {
        "close": 105.98999786376953,
        "sma200": 107.1205408859253,
        "sma50": 108.20129928588867,
        "rsi_weekly": 47.044663253706496,
        "rsi_monthly": 56.766798867828584,
        "52w_high": 116.56096649169922,
        "52w_low": 0
    }
}