{
    "last_scan_index": 300,
    "AAPL": {
        "close": 249.88999938964844,
        "sma200": 234.40627784729003,
        "sma50": 270.2269982910156,
        "rsi_weekly": 51.05965902543088,
        "rsi_monthly": 65.05595211586706,
        "52w_high": 286.19000244140625,
        "52w_low": 0
    },
    "NVDA": {
        "close": 184.1083984375,
        "sma200": 165.23726181030273,
        "sma50": 184.03547729492186,
        "rsi_weekly": 56.61352267012386,
        "rsi_monthly": 76.36247375018966,
        "52w_high": 207.02847290039062,
        "52w_low": 0
    },
    "TSLA": {
        "close": 432.9100036621094,
        "sma200": 371.59455039978025,
        "sma50": 441.9908020019531,
        "rsi_weekly": 55.767272209839355,
        "rsi_monthly": 70.21254147643917,
        "52w_high": 489.8800048828125,
        "52w_low": 0
    },
    "MSFT": {
        "close": 446.3299865722656,
        "sma200": 482.2340762329102,
        "sma50": 481.56171447753906,
        "rsi_weekly": 40.9729283669093,
        "rsi_monthly": 64.94485580241333,
        "52w_high": 541.057373046875,
        "52w_low": 0
    },
    "AMD": {
        "close": 251.61000061035156,
        "sma200": 170.94499980926514,
        "sma50": 220.63260040283203,
        "rsi_weekly": 60.57175331207617,
        "rsi_monthly": 69.38721493424931,
        "52w_high": 264.3299865722656,
        "52w_low": 0
    },
    "KHC": {
        "close": 22.524999618530273,
        "sma200": 25.68730273246765,
        "sma50": 24.250087547302247,
        "rsi_weekly": 37.18093322360594,
        "rsi_monthly": 26.123271421591205,
        "52w_high": 30.794836044311523,
        "52w_low": 0
    },
    "KR": {
        "close": 62.790000915527344,
        "sma200": 67.09263233184815,
        "sma50": 63.627323608398434,
        "rsi_weekly": 45.85908667806903,
        "rsi_monthly": 64.22844668687989,
        "52w_high": 73.58164978027344,
        "52w_low": 0
    },
    "LHX": {
        "close": 349.8399963378906,
        "sma200": 268.67386894226075,
        "sma50": 298.97233520507814,
        "rsi_weekly": 81.32489467875713,
        "rsi_monthly": 72.32698427785311,
        "52w_high": 349.8399963378906,
        "52w_low": 0
    },
    "LH": {
        "close": 269.53369140625,
        "sma200": 258.77432525634765,
        "sma50": 260.54408386230466,
        "rsi_weekly": 55.754415385396975,
        "rsi_monthly": 48.8578224830483,
        "52w_high": 290.1536865234375,
        "52w_low": 0
    },
    "LRCX": {
        "close": 224.17999267578125,
        "sma200": 121.4243065071106,
        "sma50": 174.9722994995117,
        "rsi_weekly": 84.80645926593601,
        "rsi_monthly": 86.09798819949688,
        "52w_high": 228.38999938964844,
        "52w_low": 0
    },
    "LW": {
        "close": 44.189998626708984,
        "sma200": 54.35276597976684,
        "sma50": 51.498399810791014,
        "rsi_weekly": 34.7194536560674,
        "rsi_monthly": 29.530302889767995,
        "52w_high": 66.17394256591797,
        "52w_low": 0
    },
    "LVS": {
        "close": 60.09000015258789,
        "sma200": 51.77470247268677,
        "sma50": 64.80879936218261,
        "rsi_weekly": 51.92832220669777,
        "rsi_monthly": 73.17662799223247,
        "52w_high": 69.48999786376953,
        "52w_low": 0
    },
    "LDOS": {
        "close": 193.52999877929688,
        "sma200": 172.34470352172852,
        "sma50": 189.2986590576172,
        "rsi_weekly": 60.16545251164161,
        "rsi_monthly": 76.45758323486754,
        "52w_high": 199.09774780273438,
        "52w_low": 0
    },
    "LEN": {
        "close": 117.73999786376953,
        "sma200": 117.24425090789795,
        "sma50": 117.21660034179688,
        "rsi_weekly": 49.09964044554066,
        "rsi_monthly": 46.58843551434876,
        "52w_high": 141.796142578125,
        "52w_low": 0
    },
    "LLY": {
        "close": 1080.2900390625,
        "sma200": 842.1125997924805,
        "sma50": 1050.4118054199218,
        "rsi_weekly": 62.431715203698424,
        "rsi_monthly": 75.41243028307021,
        "52w_high": 1109.93994140625,
        "52w_low": 0
    },
    "LIN": {
        "close": 441.42999267578125,
        "sma200": 449.11365234375,
        "sma50": 420.8919403076172,
        "rsi_weekly": 50.165335367904575,
        "rsi_monthly": 66.37432080377492,
        "52w_high": 481.8155212402344,
        "52w_low": 0
    },
    "LYV": {
        "close": 140.47000122070312,
        "sma200": 146.80375011444093,
        "sma50": 139.50860137939452,
        "rsi_weekly": 48.7722456263887,
        "rsi_monthly": 63.96659478076111,
        "52w_high": 174.05999755859375,
        "52w_low": 0
    },
    "LKQ": {
        "close": 34.13999938964844,
        "sma200": 33.49402147293091,
        "sma50": 30.695055618286133,
        "rsi_weekly": 55.65493233440275,
        "rsi_monthly": 57.29197821425244,
        "52w_high": 42.58024978637695,
        "52w_low": 0
    },
    "LMT": {
        "close": 587.7598876953125,
        "sma200": 467.7546482849121,
        "sma50": 488.80771606445313,
        "rsi_weekly": 75.66295108504615,
        "rsi_monthly": 55.56435692717607,
        "52w_high": 587.7598876953125,
        "52w_low": 0
    },
    "L": {
        "close": 102.22989654541016,
        "sma200": 95.89597938537598,
        "sma50": 104.93648330688477,
        "rsi_weekly": 55.43409866824793,
        "rsi_monthly": 77.67720688597892,
        "52w_high": 108.26000213623047,
        "52w_low": 0
    },
    "LOW": {
        "close": 277.7799987792969,
        "sma200": 236.26446174621583,
        "sma50": 245.88735412597657,
        "rsi_weekly": 66.70466558554311,
        "rsi_monthly": 70.04805241934989,
        "52w_high": 277.7799987792969,
        "52w_low": 0
    },
    "LULU": {
        "close": 194.1699981689453,
        "sma200": 216.4282489013672,
        "sma50": 192.97819763183594,
        "rsi_weekly": 48.96737744482774,
        "rsi_monthly": 42.09858213970717,
        "52w_high": 421.1600036621094,
        "52w_low": 0
    },
    "LYB": {
        "close": 52.43619918823242,
        "sma200": 50.57896114349365,
        "sma50": 45.17213508605957,
        "rsi_weekly": 53.69843243454355,
        "rsi_monthly": 40.85132626680359,
        "52w_high": 71.61602020263672,
        "52w_low": 0
    },
    "MTB": {
        "close": 219.9949951171875,
        "sma200": 187.93767097473145,
        "sma50": 199.91315643310546,
        "rsi_weekly": 67.52428958092422,
        "rsi_monthly": 63.989289412559,
        "52w_high": 219.9949951171875,
        "52w_low": 0
    },
    "MPC": {
        "close": 177.4499969482422,
        "sma200": 170.9045630645752,
        "sma50": 181.90817626953125,
        "rsi_weekly": 49.106586823513396,
        "rsi_monthly": 53.029133687215854,
        "52w_high": 199.1273956298828,
        "52w_low": 0
    },
    "MKTX": {
        "close": 172.59500122070312,
        "sma200": 192.03611106872557,
        "sma50": 172.86334564208985,
        "rsi_weekly": 46.3380633047772,
        "rsi_monthly": 36.243771828974594,
        "52w_high": 228.3568115234375,
        "52w_low": 0
    },
    "MAR": {
        "close": 325.2300109863281,
        "sma200": 272.06759895324706,
        "sma50": 305.43008911132813,
        "rsi_weekly": 67.47695678261857,
        "rsi_monthly": 71.95656583793317,
        "52w_high": 328.17999267578125,
        "52w_low": 0
    },
    "MMC": {
        "close": 179.67999267578125,
        "sma200": 202.94287979125977,
        "sma50": 183.4203988647461,
        "rsi_weekly": 39.442512470903544,
        "rsi_monthly": 50.4959612624627,
        "52w_high": 242.1346435546875,
        "52w_low": 0
    },
    "MLM": {
        "close": 648.0999755859375,
        "sma200": 587.911354675293,
        "sma50": 626.2742297363282,
        "rsi_weekly": 63.596124478308795,
        "rsi_monthly": 75.6137738721132,
        "52w_high": 666.6699829101562,
        "52w_low": 0
    }
}