{
    "last_scan_index": 500,
    "AAPL": {
        "close": 256.7445068359375,
        "sma200": 232.6076113128662,
        "sma50": 272.72066101074216,
        "rsi_weekly": 63.04886288048466,
        "rsi_monthly": 65.05595337566191,
        "52w_high": 286.19000244140625,
        "52w_low": 0
    },
    "NVDA": {
        "close": 183.9499969482422,
        "sma200": 161.84632972717284,
        "sma50": 186.67031616210937,
        "rsi_weekly": 58.64870585807663,
        "rsi_monthly": 76.3624779742,
        "52w_high": 207.02847290039062,
        "52w_low": 0
    },
    "TSLA": {
        "close": 433.0,
        "sma200": 363.95020027160643,
        "sma50": 444.51100158691406,
        "rsi_weekly": 56.31157929953819,
        "rsi_monthly": 70.21254147643917,
        "52w_high": 489.8800048828125,
        "52w_low": 0
    },
    "MSFT": {
        "close": 476.57000732421875,
        "sma200": 478.5309516906738,
        "sma50": 491.5896221923828,
        "rsi_weekly": 44.490724403772404,
        "rsi_monthly": 64.94486882014243,
        "52w_high": 541.057373046875,
        "52w_low": 0
    },
    "AMD": {
        "close": 203.62510681152344,
        "sma200": 165.31172534942627,
        "sma50": 225.0527017211914,
        "rsi_weekly": 60.71614808686848,
        "rsi_monthly": 69.38721493424931,
        "52w_high": 264.3299865722656,
        "52w_low": 0
    },
    "WFC": {
        "close": 95.62000274658203,
        "sma200": 79.69926404953003,
        "sma50": 89.19208129882813,
        "rsi_weekly": 68.37683356989625,
        "rsi_monthly": 85.74286472597072,
        "52w_high": 96.38999938964844,
        "52w_low": 0
    },
    "WELL": {
        "close": 183.83999633789062,
        "sma200": 166.16409072875976,
        "sma50": 191.4704724121094,
        "rsi_weekly": 58.294223122750566,
        "rsi_monthly": 76.39006701315598,
        "52w_high": 208.22000122070312,
        "52w_low": 0
    },
    "WST": {
        "close": 274.17999267578125,
        "sma200": 243.8760852050781,
        "sma50": 274.01137390136716,
        "rsi_weekly": 55.96709340937572,
        "rsi_monthly": 37.31547550190334,
        "52w_high": 346.7433776855469,
        "52w_low": 0
    },
    "WDC": {
        "close": 183.5449981689453,
        "sma200": 95.25180830955506,
        "sma50": 166.69951217651368,
        "rsi_weekly": 78.60052685188504,
        "rsi_monthly": 90.96429343798859,
        "52w_high": 219.3800048828125,
        "52w_low": 0
    },
    "WY": {
        "close": 24.200000762939453,
        "sma200": 24.65843032836914,
        "sma50": 22.730805473327635,
        "rsi_weekly": 48.47139973351452,
        "rsi_monthly": 50.91973313644922,
        "52w_high": 30.380916595458984,
        "52w_low": 0
    },
    "WHR": {
        "close": 81.3550033569336,
        "sma200": 81.35513484954834,
        "sma50": 73.47340728759765,
        "rsi_weekly": 45.252281751836406,
        "rsi_monthly": 41.2144866244352,
        "52w_high": 125.28579711914062,
        "52w_low": 0
    },
    "WMB": {
        "close": 61.41460037231445,
        "sma200": 58.573662185668944,
        "sma50": 59.45232482910156,
        "rsi_weekly": 54.23499287783533,
        "rsi_monthly": 68.941402783622,
        "52w_high": 63.950782775878906,
        "52w_low": 0
    },
    "WTW": {
        "close": 335.4599914550781,
        "sma200": 319.5675440979004,
        "sma50": 323.26617736816405,
        "rsi_weekly": 51.73873188159817,
        "rsi_monthly": 72.65668494315274,
        "52w_high": 348.96490478515625,
        "52w_low": 0
    },
    "WYNN": {
        "close": 118.8499984741211,
        "sma200": 107.61150760650635,
        "sma50": 123.78815490722656,
        "rsi_weekly": 54.974285690537315,
        "rsi_monthly": 71.07336913492962,
        "52w_high": 133.08999633789062,
        "52w_low": 0
    },
    "XEL": {
        "close": 73.76000213623047,
        "sma200": 72.44807609558106,
        "sma50": 77.1259504699707,
        "rsi_weekly": 49.84441384581814,
        "rsi_monthly": 40.88570260408067,
        "52w_high": 81.4811019897461,
        "52w_low": 0
    },
    "XYL": {
        "close": 140.41000366210938,
        "sma200": 133.87827613830567,
        "sma50": 141.9148797607422,
        "rsi_weekly": 47.557808826151565,
        "rsi_monthly": 70.20166237802098,
        "52w_high": 152.51864624023438,
        "52w_low": 0
    },
    "YUM": {
        "close": 153.0500030517578,
        "sma200": 146.33687438964844,
        "sma50": 148.87897674560546,
        "rsi_weekly": 53.34689938190115,
        "rsi_monthly": 68.39963594836954,
        "52w_high": 160.19668579101562,
        "52w_low": 0
    },
    "ZBRA": {
        "close": 252.92999267578125,
        "sma200": 285.39349983215334,
        "sma50": 254.10159912109376,
        "rsi_weekly": 39.05972641457557,
        "rsi_monthly": 56.08681742013676,
        "52w_high": 421.1099853515625,
        "52w_low": 0
    },
    "ZBH": {
        "close": 94.38999938964844,
        "sma200": 96.65157112121582,
        "sma50": 92.43619583129883,
        "rsi_weekly": 43.06472956546473,
        "rsi_monthly": 35.430307764998645,
        "52w_high": 112.31305694580078,
        "52w_low": 0
    },
    "ZTS": {
        "close": 127.43499755859375,
        "sma200": 145.87506107330321,
        "sma50": 124.69902084350586,
        "rsi_weekly": 38.82470493491669,
        "rsi_monthly": 45.49906262652926,
        "52w_high": 173.89024353027344,
        "52w_low": 0
    }
}