{
    "last_scan_index": 25,
    "AAPL": {
        "close": 246.6999969482422,
        "sma200": 233.86975593566893,
        "sma50": 271.0305728149414,
        "rsi_weekly": 51.05965900200631,
        "rsi_monthly": 65.0559360952916,
        "52w_high": 286.19000244140625,
        "52w_low": 0
    },
    "NVDA": {
        "close": 178.07000732421875,
        "sma200": 164.38049186706542,
        "sma50": 184.2110903930664,
        "rsi_weekly": 56.61352267913226,
        "rsi_monthly": 76.36246914481175,
        "52w_high": 207.02847290039062,
        "52w_low": 0
    },
    "TSLA": {
        "close": 419.25,
        "sma200": 369.8063503265381,
        "sma50": 442.21240173339845,
        "rsi_weekly": 55.767272209839355,
        "rsi_monthly": 70.21254147643917,
        "52w_high": 489.8800048828125,
        "52w_low": 0
    },
    "MSFT": {
        "close": 454.5199890136719,
        "sma200": 481.42708450317383,
        "sma50": 483.5941796875,
        "rsi_weekly": 40.972927382244535,
        "rsi_monthly": 64.9448563594302,
        "52w_high": 541.057373046875,
        "52w_low": 0
    },
    "AMD": {
        "close": 231.9199981689453,
        "sma200": 169.33574981689452,
        "sma50": 220.02920013427735,
        "rsi_weekly": 60.57175331207617,
        "rsi_monthly": 69.38721493424931,
        "52w_high": 264.3299865722656,
        "52w_low": 0
    },
    "MMM": {
        "close": 156.1199951171875,
        "sma200": 153.47668674468994,
        "sma50": 165.92385345458985,
        "rsi_weekly": 58.88716583802192,
        "rsi_monthly": 66.94035738182959,
        "52w_high": 173.08999633789062,
        "52w_low": 0
    },
    "AOS": {
        "close": 70.55999755859375,
        "sma200": 67.86214012145996,
        "sma50": 67.42840026855468,
        "rsi_weekly": 60.312195028151265,
        "rsi_monthly": 58.82060989012777,
        "52w_high": 73.89897918701172,
        "52w_low": 0
    },
    "ABT": {
        "close": 121.13999938964844,
        "sma200": 128.56472198486327,
        "sma50": 125.2846907043457,
        "rsi_weekly": 40.56840063033534,
        "rsi_monthly": 62.307565900415334,
        "52w_high": 137.6374053955078,
        "52w_low": 0
    },
    "ABBV": {
        "close": 214.0399932861328,
        "sma200": 203.73032302856444,
        "sma50": 224.38002655029297,
        "rsi_weekly": 49.16451783963521,
        "rsi_monthly": 74.25422398674579,
        "52w_high": 240.6942901611328,
        "52w_low": 0
    },
    "ACN": {
        "close": 272.7099914550781,
        "sma200": 272.11530586242674,
        "sma50": 263.6159994506836,
        "rsi_weekly": 59.76401508858691,
        "rsi_monthly": 46.79376155986871,
        "52w_high": 394.31280517578125,
        "52w_low": 0
    },
    "ADBE": {
        "close": 290.3699951171875,
        "sma200": 358.45569931030275,
        "sma50": 333.22919982910156,
        "rsi_weekly": 33.0315900848949,
        "rsi_monthly": 22.841396768378708,
        "52w_high": 464.1099853515625,
        "52w_low": 0
    },
    "AES": {
        "close": 13.770000457763672,
        "sma200": 12.5301820230484,
        "sma50": 14.008599967956544,
        "rsi_weekly": 56.36665734291465,
        "rsi_monthly": 41.76981519532145,
        "52w_high": 15.17705249786377,
        "52w_low": 0
    },
    "AFL": {
        "close": 109.26000213623047,
        "sma200": 106.1081734085083,
        "sma50": 110.47720291137695,
        "rsi_weekly": 53.06385962040362,
        "rsi_monthly": 53.16258654107845,
        "52w_high": 114.41313171386719,
        "52w_low": 0
    },
    "A": {
        "close": 135.8300018310547,
        "sma200": 126.07647811889649,
        "sma50": 144.21329010009765,
        "rsi_weekly": 52.80448110294356,
        "rsi_monthly": 59.249713464167456,
        "52w_high": 156.91954040527344,
        "52w_low": 0
    },
    "APD": {
        "close": 258.17999267578125,
        "sma200": 267.83410446166994,
        "sma50": 252.64689514160156,
        "rsi_weekly": 52.51956511393485,
        "rsi_monthly": 35.159692205118404,
        "52w_high": 329.2906494140625,
        "52w_low": 0
    },
    "ABNB": {
        "close": 130.72999572753906,
        "sma200": 127.431900100708,
        "sma50": 127.4663998413086,
        "rsi_weekly": 51.78294664503753,
        "rsi_monthly": 64.48632187152391,
        "52w_high": 161.4199981689453,
        "52w_low": 0
    },
    "AKAM": {
        "close": 89.5999984741211,
        "sma200": 79.59579963684082,
        "sma50": 87.69579940795899,
        "rsi_weekly": 63.71372599367118,
        "rsi_monthly": 28.03165935349632,
        "52w_high": 102.0999984741211,
        "52w_low": 0
    },
    "ALB": {
        "close": 172.5399932861328,
        "sma200": 87.92817588806152,
        "sma50": 135.45624099731447,
        "rsi_weekly": 78.25271505871449,
        "rsi_monthly": 78.9160782625719,
        "52w_high": 177.5500030517578,
        "52w_low": 0
    },
    "ARE": {
        "close": 57.52000045776367,
        "sma200": 67.74840482711792,
        "sma50": 50.32563034057617,
        "rsi_weekly": 44.7970470071339,
        "rsi_monthly": 31.177568490258817,
        "52w_high": 96.58303833007812,
        "52w_low": 0
    },
    "ALGN": {
        "close": 165.5500030517578,
        "sma200": 159.20349990844727,
        "sma50": 154.59859893798827,
        "rsi_weekly": 58.898416332269164,
        "rsi_monthly": 57.06397118369214,
        "52w_high": 234.88999938964844,
        "52w_low": 0
    },
    "ALLE": {
        "close": 163.00999450683594,
        "sma200": 156.8565923309326,
        "sma50": 162.3112014770508,
        "rsi_weekly": 54.4838328799322,
        "rsi_monthly": 65.98129511140903,
        "52w_high": 179.47000122070312,
        "52w_low": 0
    },
    "LNT": {
        "close": 67.27999877929688,
        "sma200": 63.786160182952884,
        "sma50": 66.3507992553711,
        "rsi_weekly": 57.784348487778345,
        "rsi_monthly": 58.69282392501539,
        "52w_high": 69.47000122070312,
        "52w_low": 0
    },
    "ALL": {
        "close": 193.5500030517578,
        "sma200": 200.52645233154297,
        "sma50": 206.46711059570313,
        "rsi_weekly": 43.13954040382852,
        "rsi_monthly": 63.84695856799197,
        "52w_high": 213.64215087890625,
        "52w_low": 0
    },
    "GOOGL": {
        "close": 322.0,
        "sma200": 226.94087631225585,
        "sma50": 310.032314453125,
        "rsi_weekly": 79.03233167815252,
        "rsi_monthly": 79.40273368008548,
        "52w_high": 335.9700012207031,
        "52w_low": 0
    },
    "GOOG": {
        "close": 322.1600036621094,
        "sma200": 227.90229057312013,
        "sma50": 310.7176007080078,
        "rsi_weekly": 79.21188058029018,
        "rsi_monthly": 79.24076877063577,
        "52w_high": 336.42999267578125,
        "52w_low": 0
    },
    "MO": {
        "close": 61.150001525878906,
        "sma200": 58.94913286209106,
        "sma50": 57.65604476928711,
        "rsi_weekly": 59.14780748669387,
        "rsi_monthly": 63.97264054431311,
        "52w_high": 65.45215606689453,
        "52w_low": 0
    },
    "AMZN": {
        "close": 231.0,
        "sma200": 219.39810020446777,
        "sma50": 232.9835998535156,
        "rsi_weekly": 56.10425910324884,
        "rsi_monthly": 71.52946981803966,
        "52w_high": 254.0,
        "52w_low": 0
    },
    "AMCR": {
        "close": 41.16999816894531,
        "sma200": 43.81234020233154,
        "sma50": 42.09139953613281,
        "rsi_weekly": 42.7831703704346,
        "rsi_monthly": 37.63833243451119,
        "52w_high": 50.73261260986328,
        "52w_low": 0
    },
    "AEE": {
        "close": 103.7300033569336,
        "sma200": 98.76175888061523,
        "sma50": 101.24967391967773,
        "rsi_weekly": 58.373316568096335,
        "rsi_monthly": 68.76178316577081,
        "52w_high": 105.5897445678711,
        "52w_low": 0
    }
}