{
    "last_scan_index": 450,
    "AAPL": {
        "close": 248.35000610351562,
        "sma200": 234.39857795715332,
        "sma50": 270.19619842529295,
        "rsi_weekly": 51.059659152088535,
        "rsi_monthly": 65.05593195223975,
        "52w_high": 286.19000244140625,
        "52w_low": 0
    },
    "NVDA": {
        "close": 184.83999633789062,
        "sma200": 165.24091957092284,
        "sma50": 184.0501092529297,
        "rsi_weekly": 56.613522609247845,
        "rsi_monthly": 76.36247732859955,
        "52w_high": 207.02847290039062,
        "52w_low": 0
    },
    "TSLA": {
        "close": 449.3599853515625,
        "sma200": 371.67680030822754,
        "sma50": 442.3198016357422,
        "rsi_weekly": 55.767272209839355,
        "rsi_monthly": 70.21254147643917,
        "52w_high": 489.8800048828125,
        "52w_low": 0
    },
    "MSFT": {
        "close": 451.1400146484375,
        "sma200": 482.25812561035156,
        "sma50": 481.6579150390625,
        "rsi_weekly": 40.97292777155028,
        "rsi_monthly": 64.94487063412684,
        "52w_high": 541.057373046875,
        "52w_low": 0
    },
    "AMD": {
        "close": 253.72999572753906,
        "sma200": 170.95559978485107,
        "sma50": 220.6750003051758,
        "rsi_weekly": 60.57175331207617,
        "rsi_monthly": 69.38721493424931,
        "52w_high": 264.3299865722656,
        "52w_low": 0
    },
    "SYY": {
        "close": 76.83999633789062,
        "sma200": 75.25648254394531,
        "sma50": 74.49918411254883,
        "rsi_weekly": 58.17707822962443,
        "rsi_monthly": 47.01144103448508,
        "52w_high": 82.12374877929688,
        "52w_low": 0
    },
    "TMUS": {
        "close": 185.38999938964844,
        "sma200": 227.7185400390625,
        "sma50": 201.41899475097657,
        "rsi_weekly": 30.470889608564768,
        "rsi_monthly": 49.89461860438035,
        "52w_high": 269.53662109375,
        "52w_low": 0
    },
    "TROW": {
        "close": 107.0999984741211,
        "sma200": 98.81454654693603,
        "sma50": 103.2781150817871,
        "rsi_weekly": 59.7305131406469,
        "rsi_monthly": 60.48358948756864,
        "52w_high": 111.02996063232422,
        "52w_low": 0
    },
    "TTWO": {
        "close": 241.10000610351562,
        "sma200": 238.59240020751952,
        "sma50": 245.45700073242188,
        "rsi_weekly": 49.243094906042806,
        "rsi_monthly": 52.059212934817936,
        "52w_high": 262.2900085449219,
        "52w_low": 0
    },
    "TPR": {
        "close": 129.52000427246094,
        "sma200": 100.86694953918457,
        "sma50": 119.90280487060546,
        "rsi_weekly": 66.87384975705832,
        "rsi_monthly": 84.18371470651266,
        "52w_high": 134.3800048828125,
        "52w_low": 0
    },
    "TRGP": {
        "close": 191.4600067138672,
        "sma200": 167.01277015686034,
        "sma50": 178.58820007324218,
        "rsi_weekly": 58.960853969993096,
        "rsi_monthly": 70.66238050176149,
        "52w_high": 206.80960083007812,
        "52w_low": 0
    },
    "TGT": {
        "close": 106.5,
        "sma200": 94.72208435058593,
        "sma50": 96.62701202392579,
        "rsi_weekly": 69.34309772621846,
        "rsi_monthly": 58.731940687417385,
        "52w_high": 136.47891235351562,
        "52w_low": 0
    },
    "TEL": {
        "close": 231.35000610351562,
        "sma200": 198.50729511260985,
        "sma50": 232.25259948730468,
        "rsi_weekly": 66.68325487536605,
        "rsi_monthly": 74.71037955738784,
        "52w_high": 249.0,
        "52w_low": 0
    },
    "TDY": {
        "close": 621.6199951171875,
        "sma200": 522.9994497680664,
        "sma50": 522.667197265625,
        "rsi_weekly": 65.1844708432563,
        "rsi_monthly": 58.290777462975825,
        "52w_high": 621.7899780273438,
        "52w_low": 0
    },
    "TFX": {
        "close": 105.08999633789062,
        "sma200": 121.18110801696777,
        "sma50": 115.86318893432617,
        "rsi_weekly": 37.08726457023251,
        "rsi_monthly": 19.834910721027562,
        "52w_high": 181.6382293701172,
        "52w_low": 0
    },
    "TER": {
        "close": 229.13999938964844,
        "sma200": 128.63263034820557,
        "sma50": 196.6306103515625,
        "rsi_weekly": 77.1428127168629,
        "rsi_monthly": 76.62605513393699,
        "52w_high": 231.88999938964844,
        "52w_low": 0
    },
    "TXN": {
        "close": 194.99000549316406,
        "sma200": 180.44396781921387,
        "sma50": 175.89300079345702,
        "rsi_weekly": 58.49231899306108,
        "rsi_monthly": 54.35192816305597,
        "52w_high": 217.718994140625,
        "52w_low": 0
    },
    "TXT": {
        "close": 96.02999877929688,
        "sma200": 80.34311120986939,
        "sma50": 86.86586776733398,
        "rsi_weekly": 68.92094611694348,
        "rsi_monthly": 65.20721768411735,
        "52w_high": 96.31999969482422,
        "52w_low": 0
    },
    "TMO": {
        "close": 639.4500122070312,
        "sma200": 492.74069915771486,
        "sma50": 588.9276428222656,
        "rsi_weekly": 71.48568709489955,
        "rsi_monthly": 64.82259643509946,
        "52w_high": 639.4500122070312,
        "52w_low": 0
    },
    "TJX": {
        "close": 153.4199981689453,
        "sma200": 137.06814403533934,
        "sma50": 153.0868374633789,
        "rsi_weekly": 71.32802821350803,
        "rsi_monthly": 81.40956843525233,
        "52w_high": 158.25,
        "52w_low": 0
    },
    "TSCO": {
        "close": 53.400001525878906,
        "sma200": 54.09641929626465,
        "sma50": 52.539688415527344,
        "rsi_weekly": 40.53550367185273,
        "rsi_monthly": 62.823041474238444,
        "52w_high": 62.37771224975586,
        "52w_low": 0
    },
    "TT": {
        "close": 390.1300048828125,
        "sma200": 411.1194398498535,
        "sma50": 399.11999938964846,
        "rsi_weekly": 43.693931850454995,
        "rsi_monthly": 65.48620449150076,
        "52w_high": 471.4648742675781,
        "52w_low": 0
    },
    "TDG": {
        "close": 1420.52001953125,
        "sma200": 1336.606597290039,
        "sma50": 1344.2310009765624,
        "rsi_weekly": 63.40682415545306,
        "rsi_monthly": 69.26932000078428,
        "52w_high": 1516.55029296875,
        "52w_low": 0
    },
    "TRV": {
        "close": 278.4800109863281,
        "sma200": 270.06058891296385,
        "sma50": 284.81321899414064,
        "rsi_weekly": 46.01619068809326,
        "rsi_monthly": 74.05468904055368,
        "52w_high": 293.8399963378906,
        "52w_low": 0
    },
    "TRU": {
        "close": 85.80000305175781,
        "sma200": 85.37927028656006,
        "sma50": 84.15338287353515,
        "rsi_weekly": 51.067703265724866,
        "rsi_monthly": 65.62878088499629,
        "52w_high": 99.71392822265625,
        "52w_low": 0
    },
    "TYL": {
        "close": 440.5799865722656,
        "sma200": 527.2750485229492,
        "sma50": 456.3533996582031,
        "rsi_weekly": 30.23398140464292,
        "rsi_monthly": 44.96701049555504,
        "52w_high": 646.739990234375,
        "52w_low": 0
    },
    "TSN": {
        "close": 61.119998931884766,
        "sma200": 55.199106540679935,
        "sma50": 57.279615325927736,
        "rsi_weekly": 63.04595336404818,
        "rsi_monthly": 54.655986574513186,
        "52w_high": 62.127384185791016,
        "52w_low": 0
    },
    "USB": {
        "close": 56.18000030517578,
        "sma200": 46.12050146102905,
        "sma50": 51.63255256652832,
        "rsi_weekly": 67.26960528546168,
        "rsi_monthly": 70.0845795952605,
        "52w_high": 56.18000030517578,
        "52w_low": 0
    },
    "UDR": {
        "close": 37.54999923706055,
        "sma200": 37.53971950531006,
        "sma50": 35.614750900268554,
        "rsi_weekly": 55.935945841266154,
        "rsi_monthly": 43.748175171041,
        "52w_high": 44.02199172973633,
        "52w_low": 0
    }
}