{
    "last_scan_index": 250,
    "AAPL": {
        "close": 247.74000549316406,
        "sma200": 234.73306983947754,
        "sma50": 269.7623986816406,
        "rsi_weekly": 51.05965932182588,
        "rsi_monthly": 65.0559711011824,
        "52w_high": 286.19000244140625,
        "52w_low": 0
    },
    "NVDA": {
        "close": 187.6199951171875,
        "sma200": 165.69090835571288,
        "sma50": 183.82173065185546,
        "rsi_weekly": 56.61352279744859,
        "rsi_monthly": 76.36247056622534,
        "52w_high": 207.02847290039062,
        "52w_low": 0
    },
    "TSLA": {
        "close": 447.4198913574219,
        "sma200": 372.747449798584,
        "sma50": 442.36359924316406,
        "rsi_weekly": 55.767272209839355,
        "rsi_monthly": 70.21254147643917,
        "52w_high": 489.8800048828125,
        "52w_low": 0
    },
    "MSFT": {
        "close": 469.05499267578125,
        "sma200": 482.82364349365236,
        "sma50": 480.93792053222654,
        "rsi_weekly": 40.9729281332017,
        "rsi_monthly": 64.94486647029117,
        "52w_high": 541.057373046875,
        "52w_low": 0
    },
    "AMD": {
        "close": 257.773193359375,
        "sma200": 171.8262657546997,
        "sma50": 220.9508642578125,
        "rsi_weekly": 60.57175331207617,
        "rsi_monthly": 69.38721493424931,
        "52w_high": 264.3299865722656,
        "52w_low": 0
    },
    "HSIC": {
        "close": 77.19000244140625,
        "sma200": 70.1703503227234,
        "sma50": 75.52800018310546,
        "rsi_weekly": 67.59872606462515,
        "rsi_monthly": 57.563536541611754,
        "52w_high": 81.91000366210938,
        "52w_low": 0
    },
    "HSY": {
        "close": 190.21749877929688,
        "sma200": 176.12191413879395,
        "sma50": 185.28764739990234,
        "rsi_weekly": 61.80088185991767,
        "rsi_monthly": 48.264816905761826,
        "52w_high": 201.07000732421875,
        "52w_low": 0
    },
    "HPE": {
        "close": 21.084999084472656,
        "sma200": 20.918932538032532,
        "sma50": 22.720503196716308,
        "rsi_weekly": 46.212839847881234,
        "rsi_monthly": 63.776872760567514,
        "52w_high": 26.093069076538086,
        "52w_low": 0
    },
    "HLT": {
        "close": 296.7300109863281,
        "sma200": 264.0178133392334,
        "sma50": 284.95615966796873,
        "rsi_weekly": 66.11334620848962,
        "rsi_monthly": 74.74448320805847,
        "52w_high": 301.8599853515625,
        "52w_low": 0
    },
    "HOLX": {
        "close": 75.07499694824219,
        "sma200": 67.29807527542114,
        "sma50": 74.76770034790039,
        "rsi_weekly": 68.40177441048473,
        "rsi_monthly": 52.631403956020975,
        "52w_high": 75.19000244140625,
        "52w_low": 0
    },
    "HD": {
        "close": 383.6300048828125,
        "sma200": 370.4393670654297,
        "sma50": 356.24666198730466,
        "rsi_weekly": 54.07653147418525,
        "rsi_monthly": 58.702746022333336,
        "52w_high": 420.69903564453125,
        "52w_low": 0
    },
    "HON": {
        "close": 222.17999267578125,
        "sma200": 201.67101821899413,
        "sma50": 199.27993103027345,
        "rsi_weekly": 64.44394614038109,
        "rsi_monthly": 45.861924817071134,
        "52w_high": 224.0632781982422,
        "52w_low": 0
    },
    "HRL": {
        "close": 24.434999465942383,
        "sma200": 26.04504994392395,
        "sma50": 23.243370475769044,
        "rsi_weekly": 48.16651559670601,
        "rsi_monthly": 63.52091484659981,
        "52w_high": 30.466331481933594,
        "52w_low": 0
    },
    "HST": {
        "close": 18.719999313354492,
        "sma200": 16.01407636642456,
        "sma50": 17.762697830200196,
        "rsi_weekly": 65.99835474120104,
        "rsi_monthly": 71.29014864103846,
        "52w_high": 18.809999465942383,
        "52w_low": 0
    },
    "HWM": {
        "close": 215.7100067138672,
        "sma200": 182.8247165298462,
        "sma50": 205.8697998046875,
        "rsi_weekly": 70.88641149090923,
        "rsi_monthly": 86.11352576102398,
        "52w_high": 225.0,
        "52w_low": 0
    },
    "HPQ": {
        "close": 19.251800537109375,
        "sma200": 25.059012660980226,
        "sma50": 23.018930015563964,
        "rsi_weekly": 31.556587466258016,
        "rsi_monthly": 32.64159283391283,
        "52w_high": 33.246681213378906,
        "52w_low": 0
    },
    "HUBB": {
        "close": 484.989990234375,
        "sma200": 418.4926899719238,
        "sma50": 448.8577673339844,
        "rsi_weekly": 67.01453495183493,
        "rsi_monthly": 70.86340169637886,
        "52w_high": 489.30999755859375,
        "52w_low": 0
    },
    "HUM": {
        "close": 268.8699951171875,
        "sma200": 257.76532821655275,
        "sma50": 256.2643713378906,
        "rsi_weekly": 53.756902086638085,
        "rsi_monthly": 35.1273652175155,
        "52w_high": 309.8533935546875,
        "52w_low": 0
    },
    "HBAN": {
        "close": 17.424999237060547,
        "sma200": 16.162966809272767,
        "sma50": 17.080474739074706,
        "rsi_weekly": 62.401468945122076,
        "rsi_monthly": 64.22569828207321,
        "52w_high": 18.770000457763672,
        "52w_low": 0
    },
    "HII": {
        "close": 417.4200134277344,
        "sma200": 276.9571784210205,
        "sma50": 344.4702655029297,
        "rsi_weekly": 86.02609258451267,
        "rsi_monthly": 77.36116197420043,
        "52w_high": 425.8999938964844,
        "52w_low": 0
    },
    "IBM": {
        "close": 292.3900146484375,
        "sma200": 273.96023178100586,
        "sma50": 302.69600158691406,
        "rsi_weekly": 60.43901947391094,
        "rsi_monthly": 67.61588748250797,
        "52w_high": 314.9800109863281,
        "52w_low": 0
    },
    "IEX": {
        "close": 194.08999633789062,
        "sma200": 172.1692780303955,
        "sma50": 178.05772827148436,
        "rsi_weekly": 69.16814678976883,
        "rsi_monthly": 64.96372206090219,
        "52w_high": 220.8609161376953,
        "52w_low": 0
    },
    "IDXX": {
        "close": 692.6300048828125,
        "sma200": 602.9679992675781,
        "sma50": 705.4395959472656,
        "rsi_weekly": 62.05196739796288,
        "rsi_monthly": 73.80787068804858,
        "52w_high": 766.6799926757812,
        "52w_low": 0
    },
    "ITW": {
        "close": 257.32000732421875,
        "sma200": 248.43722618103027,
        "sma50": 249.86190185546874,
        "rsi_weekly": 60.78390155041211,
        "rsi_monthly": 50.419320232350266,
        "52w_high": 267.7597961425781,
        "52w_low": 0
    },
    "ILMN": {
        "close": 148.36000061035156,
        "sma200": 103.46655044555663,
        "sma50": 134.06320053100586,
        "rsi_weekly": 70.69362856682675,
        "rsi_monthly": 52.99594791379708,
        "52w_high": 153.9499969482422,
        "52w_low": 0
    },
    "INCY": {
        "close": 101.96499633789062,
        "sma200": 82.2359749031067,
        "sma50": 102.29450012207032,
        "rsi_weekly": 65.60612082620649,
        "rsi_monthly": 71.27031840388001,
        "52w_high": 110.56999969482422,
        "52w_low": 0
    },
    "IR": {
        "close": 87.32550048828125,
        "sma200": 80.42631546020507,
        "sma50": 80.86851226806641,
        "rsi_weekly": 60.35224076898732,
        "rsi_monthly": 64.30777533002265,
        "52w_high": 93.96683502197266,
        "52w_low": 0
    },
    "PODD": {
        "close": 267.6300048828125,
        "sma200": 304.69070037841794,
        "sma50": 301.2400030517578,
        "rsi_weekly": 41.63950708478216,
        "rsi_monthly": 43.354514287478466,
        "52w_high": 352.82000732421875,
        "52w_low": 0
    },
    "INTC": {
        "close": 44.54999923706055,
        "sma200": 29.155349979400636,
        "sma50": 40.03100006103516,
        "rsi_weekly": 71.91904706311092,
        "rsi_monthly": 58.60245325814752,
        "52w_high": 54.31999969482422,
        "52w_low": 0
    }
}