{
    "last_scan_index": 450,
    "AAPL": {
        "close": 250.66000366210938,
        "sma200": 233.88955596923827,
        "sma50": 271.1097729492187,
        "rsi_weekly": 51.05965941468754,
        "rsi_monthly": 65.05595001192196,
        "52w_high": 286.19000244140625,
        "52w_low": 0
    },
    "NVDA": {
        "close": 179.97000122070312,
        "sma200": 164.38999156951905,
        "sma50": 184.2490902709961,
        "rsi_weekly": 56.61352272456033,
        "rsi_monthly": 76.3624731020475,
        "52w_high": 207.02847290039062,
        "52w_low": 0
    },
    "TSLA": {
        "close": 426.3800048828125,
        "sma200": 369.84200035095216,
        "sma50": 442.35500183105466,
        "rsi_weekly": 55.767272209839355,
        "rsi_monthly": 70.21254147643917,
        "52w_high": 489.8800048828125,
        "52w_low": 0
    },
    "MSFT": {
        "close": 454.0450134277344,
        "sma200": 481.42470962524413,
        "sma50": 483.5846801757813,
        "rsi_weekly": 40.97292758172544,
        "rsi_monthly": 64.94484501788358,
        "52w_high": 541.057373046875,
        "52w_low": 0
    },
    "AMD": {
        "close": 236.5800018310547,
        "sma200": 169.35904983520507,
        "sma50": 220.12240020751952,
        "rsi_weekly": 60.57175331207617,
        "rsi_monthly": 69.38721493424931,
        "52w_high": 264.3299865722656,
        "52w_low": 0
    },
    "SYY": {
        "close": 77.31999969482422,
        "sma200": 75.20824417114258,
        "sma50": 74.37988037109375,
        "rsi_weekly": 58.17707762234377,
        "rsi_monthly": 47.01140036741545,
        "52w_high": 82.12374877929688,
        "52w_low": 0
    },
    "TMUS": {
        "close": 185.36000061035156,
        "sma200": 228.43099708557128,
        "sma50": 202.19336547851563,
        "rsi_weekly": 30.47088946445414,
        "rsi_monthly": 49.894647565625306,
        "52w_high": 269.53662109375,
        "52w_low": 0
    },
    "TROW": {
        "close": 104.41999816894531,
        "sma200": 98.56488910675048,
        "sma50": 103.0749234008789,
        "rsi_weekly": 59.730512141535215,
        "rsi_monthly": 60.48358991075804,
        "52w_high": 111.02996063232422,
        "52w_low": 0
    },
    "TTWO": {
        "close": 240.6300048828125,
        "sma200": 238.21340019226074,
        "sma50": 245.5588006591797,
        "rsi_weekly": 49.243094906042806,
        "rsi_monthly": 52.059212934817936,
        "52w_high": 262.2900085449219,
        "52w_low": 0
    },
    "TPR": {
        "close": 129.60000610351562,
        "sma200": 100.19305507659912,
        "sma50": 118.71212585449219,
        "rsi_weekly": 66.87385109152609,
        "rsi_monthly": 84.1837088255754,
        "52w_high": 134.3800048828125,
        "52w_low": 0
    },
    "TRGP": {
        "close": 185.8000030517578,
        "sma200": 166.7874626159668,
        "sma50": 177.8111999511719,
        "rsi_weekly": 58.960853036739955,
        "rsi_monthly": 70.66237154520134,
        "52w_high": 212.51329040527344,
        "52w_low": 0
    },
    "TGT": {
        "close": 109.30999755859375,
        "sma200": 94.57685310363769,
        "sma50": 95.93850173950196,
        "rsi_weekly": 69.34309740839474,
        "rsi_monthly": 58.73193914392587,
        "52w_high": 136.4789276123047,
        "52w_low": 0
    },
    "TEL": {
        "close": 237.3800048828125,
        "sma200": 197.46605667114258,
        "sma50": 232.7861993408203,
        "rsi_weekly": 66.68325523021,
        "rsi_monthly": 74.71038688233321,
        "52w_high": 249.0,
        "52w_low": 0
    },
    "TDY": {
        "close": 577.3649291992188,
        "sma200": 521.3789247131348,
        "sma50": 518.4186962890625,
        "rsi_weekly": 65.1844708432563,
        "rsi_monthly": 58.290777462975825,
        "52w_high": 593.6199951171875,
        "52w_low": 0
    },
    "TFX": {
        "close": 101.4749984741211,
        "sma200": 121.4846150970459,
        "sma50": 116.06954940795899,
        "rsi_weekly": 37.08726441308967,
        "rsi_monthly": 19.83490633443761,
        "52w_high": 181.6382293701172,
        "52w_low": 0
    },
    "TER": {
        "close": 224.1699981689453,
        "sma200": 127.04512462615966,
        "sma50": 194.75426330566407,
        "rsi_weekly": 77.14281277956945,
        "rsi_monthly": 76.62605009544477,
        "52w_high": 230.19000244140625,
        "52w_low": 0
    },
    "TXN": {
        "close": 190.58999633789062,
        "sma200": 180.0415993499756,
        "sma50": 174.56360076904298,
        "rsi_weekly": 58.49231893688814,
        "rsi_monthly": 54.35192809092413,
        "52w_high": 217.718994140625,
        "52w_low": 0
    },
    "TXT": {
        "close": 93.39579772949219,
        "sma200": 80.02002447128297,
        "sma50": 86.27203552246094,
        "rsi_weekly": 68.92094570670162,
        "rsi_monthly": 65.20719680594092,
        "52w_high": 94.2300033569336,
        "52w_low": 0
    },
    "TMO": {
        "close": 620.3049926757812,
        "sma200": 490.8959515380859,
        "sma50": 586.1892333984375,
        "rsi_weekly": 71.48568943584718,
        "rsi_monthly": 64.8225876326245,
        "52w_high": 624.6500244140625,
        "52w_low": 0
    },
    "TJX": {
        "close": 156.4250030517578,
        "sma200": 136.7500086212158,
        "sma50": 152.65933349609375,
        "rsi_weekly": 71.32802887565106,
        "rsi_monthly": 81.40956420590348,
        "52w_high": 158.25,
        "52w_low": 0
    },
    "TSCO": {
        "close": 50.540000915527344,
        "sma200": 54.095459117889405,
        "sma50": 52.537755432128904,
        "rsi_weekly": 40.53550371484183,
        "rsi_monthly": 62.8230500823756,
        "52w_high": 62.37771224975586,
        "52w_low": 0
    },
    "TT": {
        "close": 384.6700134277344,
        "sma200": 410.41013931274415,
        "sma50": 400.75960021972656,
        "rsi_weekly": 43.693931954762945,
        "rsi_monthly": 65.48620002198204,
        "52w_high": 471.4648742675781,
        "52w_low": 0
    },
    "TDG": {
        "close": 1445.875,
        "sma200": 1334.4102801513673,
        "sma50": 1337.8946997070314,
        "rsi_weekly": 63.40682415545306,
        "rsi_monthly": 69.26932000078428,
        "52w_high": 1516.55029296875,
        "52w_low": 0
    },
    "TRV": {
        "close": 270.06500244140625,
        "sma200": 269.80363883972166,
        "sma50": 284.8772967529297,
        "rsi_weekly": 46.01619054928854,
        "rsi_monthly": 74.05470590519958,
        "52w_high": 293.8399963378906,
        "52w_low": 0
    },
    "TRU": {
        "close": 84.3499984741211,
        "sma200": 85.27333709716797,
        "sma50": 83.9984375,
        "rsi_weekly": 51.06770322428147,
        "rsi_monthly": 65.62876324217925,
        "52w_high": 99.71392822265625,
        "52w_low": 0
    },
    "TYL": {
        "close": 433.8399963378906,
        "sma200": 528.4669485473632,
        "sma50": 457.5314001464844,
        "rsi_weekly": 30.23398140464292,
        "rsi_monthly": 44.96701049555504,
        "52w_high": 646.739990234375,
        "52w_low": 0
    },
    "TSN": {
        "close": 60.5,
        "sma200": 55.19214059829712,
        "sma50": 56.918476333618166,
        "rsi_weekly": 63.04595434315667,
        "rsi_monthly": 54.65598723238433,
        "52w_high": 62.12738037109375,
        "52w_low": 0
    },
    "USB": {
        "close": 54.869998931884766,
        "sma200": 45.931158180236814,
        "sma50": 51.27471954345703,
        "rsi_weekly": 67.26960276418365,
        "rsi_monthly": 70.08456286656687,
        "52w_high": 56.08000183105469,
        "52w_low": 0
    },
    "UDR": {
        "close": 37.20000076293945,
        "sma200": 37.5660795211792,
        "sma50": 35.46001220703125,
        "rsi_weekly": 55.935945971584744,
        "rsi_monthly": 43.74821709936544,
        "52w_high": 44.02199172973633,
        "52w_low": 0
    }
}