{
    "last_scan_index": 400,
    "AAPL": {
        "close": 260.25,
        "sma200": 232.99837615966797,
        "sma50": 272.3954052734375,
        "rsi_weekly": 53.761853276749015,
        "rsi_monthly": 65.05593298369003,
        "52w_high": 286.19000244140625,
        "52w_low": 0
    },
    "NVDA": {
        "close": 184.94000244140625,
        "sma200": 162.52874267578125,
        "sma50": 185.92717041015624,
        "rsi_weekly": 55.832537444847574,
        "rsi_monthly": 76.36246964387333,
        "52w_high": 207.02847290039062,
        "52w_low": 0
    },
    "TSLA": {
        "close": 448.9599914550781,
        "sma200": 365.63305015563964,
        "sma50": 444.0052014160156,
        "rsi_weekly": 57.433070397524055,
        "rsi_monthly": 70.21254147643917,
        "52w_high": 489.8800048828125,
        "52w_low": 0
    },
    "MSFT": {
        "close": 477.17999267578125,
        "sma200": 479.4162356567383,
        "sma50": 489.1177075195312,
        "rsi_weekly": 46.92493263587155,
        "rsi_monthly": 64.94485415107947,
        "52w_high": 541.057373046875,
        "52w_low": 0
    },
    "AMD": {
        "close": 207.69000244140625,
        "sma200": 166.2462997817993,
        "sma50": 222.8441995239258,
        "rsi_weekly": 52.90812131363197,
        "rsi_monthly": 69.38721493424931,
        "52w_high": 264.3299865722656,
        "52w_low": 0
    },
    "PFG": {
        "close": 90.19999694824219,
        "sma200": 79.59656650543212,
        "sma50": 86.315234375,
        "rsi_weekly": 67.82052168706842,
        "rsi_monthly": 65.68603985448156,
        "52w_high": 91.80000305175781,
        "52w_low": 0
    },
    "PG": {
        "close": 143.4600067138672,
        "sma200": 153.92221000671387,
        "sma50": 145.09700073242186,
        "rsi_weekly": 36.321182962770635,
        "rsi_monthly": 42.97753212691644,
        "52w_high": 172.77017211914062,
        "52w_low": 0
    },
    "PGR": {
        "close": 216.5,
        "sma200": 233.3132703399658,
        "sma50": 210.68631134033203,
        "rsi_weekly": 45.82805220110322,
        "rsi_monthly": 56.73480633744686,
        "52w_high": 273.5130615234375,
        "52w_low": 0
    },
    "PLD": {
        "close": 129.05999755859375,
        "sma200": 112.12654983520508,
        "sma50": 126.36095504760742,
        "rsi_weekly": 65.77904970424864,
        "rsi_monthly": 67.48233722644521,
        "52w_high": 129.69000244140625,
        "52w_low": 0
    },
    "PRU": {
        "close": 117.73999786376953,
        "sma200": 103.92185878753662,
        "sma50": 110.4327313232422,
        "rsi_weekly": 67.12976086344385,
        "rsi_monthly": 65.30449674121391,
        "52w_high": 118.72000122070312,
        "52w_low": 0
    },
    "PEG": {
        "close": 78.5999984741211,
        "sma200": 80.8278254699707,
        "sma50": 80.4187059020996,
        "rsi_weekly": 44.53562714070466,
        "rsi_monthly": 65.55412647873712,
        "52w_high": 88.72160339355469,
        "52w_low": 0
    },
    "PTC": {
        "close": 171.42999267578125,
        "sma200": 183.06399993896486,
        "sma50": 176.91580078125,
        "rsi_weekly": 39.644030050351866,
        "rsi_monthly": 48.49976701847694,
        "52w_high": 216.52999877929688,
        "52w_low": 0
    },
    "PSA": {
        "close": 279.20001220703125,
        "sma200": 281.6399189758301,
        "sma50": 268.314287109375,
        "rsi_weekly": 50.53658962933495,
        "rsi_monthly": 43.13083785698077,
        "52w_high": 308.3981628417969,
        "52w_low": 0
    },
    "PHM": {
        "close": 133.22999572753906,
        "sma200": 115.72032516479493,
        "sma50": 121.61508682250977,
        "rsi_weekly": 60.1576174237603,
        "rsi_monthly": 55.68627295842453,
        "52w_high": 140.8990936279297,
        "52w_low": 0
    },
    "QRVO": {
        "close": 80.45999908447266,
        "sma200": 83.15052488327026,
        "sma50": 86.38339950561523,
        "rsi_weekly": 44.91832072989048,
        "rsi_monthly": 64.763389588317,
        "52w_high": 97.41999816894531,
        "52w_low": 0
    },
    "PWR": {
        "close": 432.6600036621094,
        "sma200": 383.22972831726076,
        "sma50": 441.44244995117185,
        "rsi_weekly": 53.46819940335849,
        "rsi_monthly": 75.22279490327045,
        "52w_high": 466.7882995605469,
        "52w_low": 0
    },
    "QCOM": {
        "close": 169.27000427246094,
        "sma200": 158.40219291687012,
        "sma50": 173.17028900146485,
        "rsi_weekly": 58.483743379255706,
        "rsi_monthly": 63.868189269361466,
        "52w_high": 186.72589111328125,
        "52w_low": 0
    },
    "DGX": {
        "close": 175.94000244140625,
        "sma200": 176.78275588989257,
        "sma50": 181.0422006225586,
        "rsi_weekly": 45.39943166780444,
        "rsi_monthly": 52.7281335641202,
        "52w_high": 192.35000610351562,
        "52w_low": 0
    },
    "RL": {
        "close": 363.25,
        "sma200": 295.67062187194824,
        "sma50": 349.59134765625,
        "rsi_weekly": 71.59066604323506,
        "rsi_monthly": 84.52631815895586,
        "52w_high": 370.76129150390625,
        "52w_low": 0
    },
    "RJF": {
        "close": 170.88999938964844,
        "sma200": 156.09552295684816,
        "sma50": 160.98592224121094,
        "rsi_weekly": 57.833485241028114,
        "rsi_monthly": 68.49608451971876,
        "52w_high": 175.32736206054688,
        "52w_low": 0
    },
    "RTX": {
        "close": 193.85000610351562,
        "sma200": 154.24319652557372,
        "sma50": 178.12920501708984,
        "rsi_weekly": 72.64915850969105,
        "rsi_monthly": 82.7318204948244,
        "52w_high": 193.85000610351562,
        "52w_low": 0
    },
    "O": {
        "close": 58.88999938964844,
        "sma200": 56.29390361785889,
        "sma50": 56.838845596313476,
        "rsi_weekly": 55.352383097935416,
        "rsi_monthly": 45.68035775343769,
        "52w_high": 59.78767013549805,
        "52w_low": 0
    },
    "REG": {
        "close": 70.19000244140625,
        "sma200": 69.65169183731079,
        "sma50": 68.85564727783203,
        "rsi_weekly": 51.027389093834145,
        "rsi_monthly": 51.84997044405215,
        "52w_high": 74.66251373291016,
        "52w_low": 0
    },
    "REGN": {
        "close": 768.0,
        "sma200": 607.1087393188477,
        "sma50": 732.7281323242188,
        "rsi_weekly": 67.56241161976351,
        "rsi_monthly": 54.97003913823421,
        "52w_high": 812.27001953125,
        "52w_low": 0
    },
    "RF": {
        "close": 28.260000228881836,
        "sma200": 23.980309495925905,
        "sma50": 26.15099662780762,
        "rsi_weekly": 69.17070000255674,
        "rsi_monthly": 65.8548759652533,
        "52w_high": 28.84000015258789,
        "52w_low": 0
    },
    "RSG": {
        "close": 210.85000610351562,
        "sma200": 230.26361099243164,
        "sma50": 211.34731109619142,
        "rsi_weekly": 40.297454216927036,
        "rsi_monthly": 61.44735252304033,
        "52w_high": 255.99310302734375,
        "52w_low": 0
    },
    "RMD": {
        "close": 257.8399963378906,
        "sma200": 254.4635093688965,
        "sma50": 248.7205352783203,
        "rsi_weekly": 48.39329206677883,
        "rsi_monthly": 41.17322010312289,
        "52w_high": 293.03302001953125,
        "52w_low": 0
    },
    "RVTY": {
        "close": 103.88999938964844,
        "sma200": 94.08982360839843,
        "sma50": 97.88379974365235,
        "rsi_weekly": 57.74559464974428,
        "rsi_monthly": 49.667255116761844,
        "52w_high": 126.55814361572266,
        "52w_low": 0
    },
    "RHI": {
        "close": 29.059999465942383,
        "sma200": 35.90011352539062,
        "sma50": 26.96467388153076,
        "rsi_weekly": 38.198031401415015,
        "rsi_monthly": 25.484743544969586,
        "52w_high": 67.13591766357422,
        "52w_low": 0
    },
    "ROK": {
        "close": 414.1300048828125,