{
    "last_scan_index": 250,
    "AAPL": {
        "close": 260.3299865722656,
        "sma200": 232.42377784729004,
        "sma50": 272.95676391601563,
        "rsi_weekly": 63.048862401155525,
        "rsi_monthly": 65.05593675654964,
        "52w_high": 286.19000244140625,
        "52w_low": 0
    },
    "NVDA": {
        "close": 189.11000061035156,
        "sma200": 161.533519821167,
        "sma50": 186.8209030151367,
        "rsi_weekly": 58.64870588653045,
        "rsi_monthly": 76.36247256826869,
        "52w_high": 207.02847290039062,
        "52w_low": 0
    },
    "TSLA": {
        "close": 431.4100036621094,
        "sma200": 363.17715034484866,
        "sma50": 444.89940185546874,
        "rsi_weekly": 56.31157929953819,
        "rsi_monthly": 70.21254147643917,
        "52w_high": 489.8800048828125,
        "52w_low": 0
    },
    "MSFT": {
        "close": 483.4700012207031,
        "sma200": 478.1030215454102,
        "sma50": 492.66876403808595,
        "rsi_weekly": 44.49072425747019,
        "rsi_monthly": 64.9448538700318,
        "52w_high": 541.057373046875,
        "52w_low": 0
    },
    "AMD": {
        "close": 210.02000427246094,
        "sma200": 164.86284980773925,
        "sma50": 226.1735998535156,
        "rsi_weekly": 60.71614808686848,
        "rsi_monthly": 69.38721493424931,
        "52w_high": 264.3299865722656,
        "52w_low": 0
    },
    "HSIC": {
        "close": 78.13999938964844,
        "sma200": 69.64960023880005,
        "sma50": 73.19099998474121,
        "rsi_weekly": 62.6148179972364,
        "rsi_monthly": 57.563536541611754,
        "52w_high": 81.91000366210938,
        "52w_low": 0
    },
    "HSY": {
        "close": 180.07000732421875,
        "sma200": 174.41910011291503,
        "sma50": 179.94117370605468,
        "rsi_weekly": 52.01536061081987,
        "rsi_monthly": 48.26486783971651,
        "52w_high": 194.06492614746094,
        "52w_low": 0
    },
    "HPE": {
        "close": 22.43000030517578,
        "sma200": 20.5528835105896,
        "sma50": 23.21123420715332,
        "rsi_weekly": 58.38228245191227,
        "rsi_monthly": 63.776884977006446,
        "52w_high": 26.093069076538086,
        "52w_low": 0
    },
    "HLT": {
        "close": 293.5,
        "sma200": 259.97049667358397,
        "sma50": 277.28984497070314,
        "rsi_weekly": 62.96418013722299,
        "rsi_monthly": 74.74447210099949,
        "52w_high": 293.5,
        "52w_low": 0
    },
    "HOLX": {
        "close": 74.95999908447266,
        "sma200": 66.5494002532959,
        "sma50": 74.56080047607422,
        "rsi_weekly": 67.24605686448218,
        "rsi_monthly": 52.631403956020975,
        "52w_high": 75.19000244140625,
        "52w_low": 0
    },
    "HD": {
        "close": 349.05999755859375,
        "sma200": 369.14725006103515,
        "sma50": 355.8229602050781,
        "rsi_weekly": 40.354481892433604,
        "rsi_monthly": 58.702785926755055,
        "52w_high": 420.69903564453125,
        "52w_low": 0
    },
    "HON": {
        "close": 199.50999450683594,
        "sma200": 200.48947257995604,
        "sma50": 195.5458087158203,
        "rsi_weekly": 48.12499027550993,
        "rsi_monthly": 45.86192492866869,
        "52w_high": 224.0632781982422,
        "52w_low": 0
    },
    "HRL": {
        "close": 22.34000015258789,
        "sma200": 26.658085918426515,
        "sma50": 23.05679992675781,
        "rsi_weekly": 40.219434778562494,
        "rsi_monthly": 63.52092147133669,
        "52w_high": 30.855510711669922,
        "52w_low": 0
    },
    "HST": {
        "close": 17.790000915527344,
        "sma200": 15.740128378868103,
        "sma50": 17.289825115203858,
        "rsi_weekly": 63.2694290676905,
        "rsi_monthly": 71.29016368883124,
        "52w_high": 18.283302307128906,
        "52w_low": 0
    },
    "HWM": {
        "close": 210.89999389648438,
        "sma200": 177.8231470489502,
        "sma50": 202.60875946044922,
        "rsi_weekly": 65.39629507417303,
        "rsi_monthly": 86.11351690997384,
        "52w_high": 214.69000244140625,
        "52w_low": 0
    },
    "HPQ": {
        "close": 21.09000015258789,
        "sma200": 25.365224838256836,
        "sma50": 24.367572746276856,
        "rsi_weekly": 36.398233547774915,
        "rsi_monthly": 32.641602280068625,
        "52w_high": 33.24667739868164,
        "52w_low": 0
    },
    "HUBB": {
        "close": 468.20001220703125,
        "sma200": 410.4354441833496,
        "sma50": 444.99304260253905,
        "rsi_weekly": 60.851316585795935,
        "rsi_monthly": 70.86338312731344,
        "52w_high": 477.4599914550781,
        "52w_low": 0
    },
    "HUM": {
        "close": 275.05999755859375,
        "sma200": 257.14309494018556,
        "sma50": 256.0935363769531,
        "rsi_weekly": 51.19707270591884,
        "rsi_monthly": 35.127373048083456,
        "52w_high": 309.8533935546875,
        "52w_low": 0
    },
    "HBAN": {
        "close": 18.139999389648438,
        "sma200": 15.952174344062804,
        "sma50": 16.49809341430664,
        "rsi_weekly": 59.79583732193282,
        "rsi_monthly": 64.22571315107443,
        "52w_high": 18.299999237060547,
        "52w_low": 0
    },
    "HII": {
        "close": 356.45001220703125,
        "sma200": 265.22515419006345,
        "sma50": 322.1458660888672,
        "rsi_weekly": 75.91429631236235,
        "rsi_monthly": 77.36116862901447,
        "52w_high": 367.6000061035156,
        "52w_low": 0
    },
    "IBM": {
        "close": 296.7300109863281,
        "sma200": 270.57807189941406,
        "sma50": 303.9727514648437,
        "rsi_weekly": 54.308041485324296,
        "rsi_monthly": 67.61587606220142,
        "52w_high": 314.9800109863281,
        "52w_low": 0
    },
    "IEX": {
        "close": 180.49000549316406,
        "sma200": 171.90616920471192,
        "sma50": 173.58579986572266,
        "rsi_weekly": 56.14793571623253,
        "rsi_monthly": 64.96374997610043,
        "52w_high": 221.66676330566406,
        "52w_low": 0
    },
    "IDXX": {
        "close": 714.5499877929688,
        "sma200": 586.8527995300293,
        "sma50": 699.3565966796875,
        "rsi_weekly": 55.40804772770139,
        "rsi_monthly": 73.80787068804858,
        "52w_high": 766.6799926757812,
        "52w_low": 0
    },
    "ITW": {
        "close": 246.99000549316406,
        "sma200": 247.47468460083007,
        "sma50": 246.60931854248048,
        "rsi_weekly": 49.9330882155109,
        "rsi_monthly": 50.41936280080542,
        "52w_high": 267.75982666015625,
        "52w_low": 0
    },
    "ILMN": {
        "close": 150.13999938964844,
        "sma200": 99.82645034790039,
        "sma50": 126.61180053710937,
        "rsi_weekly": 66.99072124334448,
        "rsi_monthly": 52.99594791379708,
        "52w_high": 150.13999938964844,
        "52w_low": 0
    },
    "INCY": {
        "close": 110.56999969482422,
        "sma200": 79.83724994659424,
        "sma50": 100.97580032348633,
        "rsi_weekly": 62.475067266583046,
        "rsi_monthly": 71.27031840388001,
        "52w_high": 110.56999969482422,
        "52w_low": 0
    },
    "IR": {
        "close": 81.33000183105469,
        "sma200": 79.95883369445801,
        "sma50": 78.96098571777344,
        "rsi_weekly": 49.19961702597504,
        "rsi_monthly": 64.3078005476911,
        "52w_high": 94.13668060302734,
        "52w_low": 0
    },
    "PODD": {
        "close": 299.1700134277344,
        "sma200": 303.54715003967283,
        "sma50": 309.1550024414062,
        "rsi_weekly": 38.83319434342129,
        "rsi_monthly": 43.354514287478466,
        "52w_high": 352.82000732421875,
        "52w_low": 0
    },
    "INTC": {
        "close": 42.630001068115234,
        "sma200": 27.77069995880127,
        "sma50": 38.18300010681153,
        "rsi_weekly": 63.18378168338073,
        "rsi_monthly": 58.60245325814752,
        "52w_high": 43.7599983215332,
        "52w_low": 0
    }
}