{
    "last_scan_index": 325,
    "AAPL": {
        "close": 259.0400085449219,
        "sma200": 232.61908889770507,
        "sma50": 272.7665710449219,
        "rsi_weekly": 63.04886147536964,
        "rsi_monthly": 65.05591426887351,
        "52w_high": 286.19000244140625,
        "52w_low": 0
    },
    "NVDA": {
        "close": 185.0399932861328,
        "sma200": 161.8517797088623,
        "sma50": 186.69211608886718,
        "rsi_weekly": 58.64870592148841,
        "rsi_monthly": 76.36247499971556,
        "52w_high": 207.02847290039062,
        "52w_low": 0
    },
    "TSLA": {
        "close": 435.79998779296875,
        "sma200": 363.9642002105713,
        "sma50": 444.56700134277344,
        "rsi_weekly": 56.31157929953819,
        "rsi_monthly": 70.21254147643917,
        "52w_high": 489.8800048828125,
        "52w_low": 0
    },
    "MSFT": {
        "close": 478.1099853515625,
        "sma200": 478.53865158081055,
        "sma50": 491.6204217529297,
        "rsi_weekly": 44.490724305706955,
        "rsi_monthly": 64.944845601974,
        "52w_high": 541.057373046875,
        "52w_low": 0
    },
    "AMD": {
        "close": 204.67999267578125,
        "sma200": 165.31699977874757,
        "sma50": 225.07379943847656,
        "rsi_weekly": 60.71614808686848,
        "rsi_monthly": 69.38721493424931,
        "52w_high": 264.3299865722656,
        "52w_low": 0
    },
    "MAS": {
        "close": 67.22000122070312,
        "sma200": 65.72503150939941,
        "sma50": 63.498322067260744,
        "rsi_weekly": 46.14027478929703,
        "rsi_monthly": 63.33006112727399,
        "52w_high": 80.34850311279297,
        "52w_low": 0
    },
    "MA": {
        "close": 580.0700073242188,
        "sma200": 561.3331442260742,
        "sma50": 556.6045971679688,
        "rsi_weekly": 50.57425059137868,
        "rsi_monthly": 71.24567904221477,
        "52w_high": 598.1703491210938,
        "52w_low": 0
    },
    "MTCH": {
        "close": 32.650001525878906,
        "sma200": 32.42260502815247,
        "sma50": 32.56977188110351,
        "rsi_weekly": 43.83610518711421,
        "rsi_monthly": 36.580122580428615,
        "52w_high": 38.33238983154297,
        "52w_low": 0
    },
    "MKC": {
        "close": 67.12999725341797,
        "sma200": 69.58743522644043,
        "sma50": 65.8190372467041,
        "rsi_weekly": 48.36573050539842,
        "rsi_monthly": 48.96204358940665,
        "52w_high": 82.57147216796875,
        "52w_low": 0
    },
    "MCD": {
        "close": 308.8800048828125,
        "sma200": 303.4008576965332,
        "sma50": 306.5772955322266,
        "rsi_weekly": 48.76273941044599,
        "rsi_monthly": 58.176137090538354,
        "52w_high": 319.6499938964844,
        "52w_low": 0
    },
    "MCK": {
        "close": 814.6300048828125,
        "sma200": 741.293605041504,
        "sma50": 832.2329113769531,
        "rsi_weekly": 60.87083851057853,
        "rsi_monthly": 71.49639040492723,
        "52w_high": 888.4524536132812,
        "52w_low": 0
    },
    "MDT": {
        "close": 98.69000244140625,
        "sma200": 90.80526962280274,
        "sma50": 97.72679977416992,
        "rsi_weekly": 52.77620180253892,
        "rsi_monthly": 49.2608905885112,
        "52w_high": 105.3499984741211,
        "52w_low": 0
    },
    "MRK": {
        "close": 110.98999786376953,
        "sma200": 84.61663845062256,
        "sma50": 97.42247573852539,
        "rsi_weekly": 68.5834792182105,
        "rsi_monthly": 67.21382895340959,
        "52w_high": 110.98999786376953,
        "52w_low": 0
    },
    "MET": {
        "close": 79.77999877929688,
        "sma200": 77.70841594696044,
        "sma50": 78.71391357421875,
        "rsi_weekly": 53.28777752223463,
        "rsi_monthly": 57.01805335123518,
        "52w_high": 84.54906463623047,
        "52w_low": 0
    },
    "MTD": {
        "close": 1465.199951171875,
        "sma200": 1260.3957989501953,
        "sma50": 1423.3678002929687,
        "rsi_weekly": 57.1618669932194,
        "rsi_monthly": 60.78296128761418,
        "52w_high": 1506.02001953125,
        "52w_low": 0
    },
    "MGM": {
        "close": 35.150001525878906,
        "sma200": 34.09694997787476,
        "sma50": 34.53859996795654,
        "rsi_weekly": 55.02680572544634,
        "rsi_monthly": 48.11049773966102,
        "52w_high": 40.369998931884766,
        "52w_low": 0
    },
    "MCHP": {
        "close": 73.52999877929688,
        "sma200": 60.7468971824646,
        "sma50": 61.080170135498044,
        "rsi_weekly": 53.96195627774798,
        "rsi_monthly": 46.03959210654355,
        "52w_high": 74.87000274658203,
        "52w_low": 0
    },
    "MU": {
        "close": 327.0199890136719,
        "sma200": 153.63886165618896,
        "sma50": 251.74137969970704,
        "rsi_weekly": 80.8864839707695,
        "rsi_monthly": 85.13259329649611,
        "52w_high": 343.42999267578125,
        "52w_low": 0
    },
    "MAA": {
        "close": 138.5399932861328,
        "sma200": 142.92658031463623,
        "sma50": 133.2159992980957,
        "rsi_weekly": 51.740598846116704,
        "rsi_monthly": 49.27710821401119,
        "52w_high": 165.6918487548828,
        "52w_low": 0
    },
    "MRNA": {
        "close": 33.86000061035156,
        "sma200": 27.41074993133545,
        "sma50": 27.809999961853027,
        "rsi_weekly": 54.211725399258874,
        "rsi_monthly": 22.609479190243324,
        "52w_high": 47.529998779296875,
        "52w_low": 0
    },
    "MHK": {
        "close": 114.26000213623047,
        "sma200": 114.3604999923706,
        "sma50": 110.50719985961913,
        "rsi_weekly": 44.092537245494746,
        "rsi_monthly": 59.38509234588343,
        "52w_high": 139.75,
        "52w_low": 0
    },
    "MOH": {
        "close": 183.5,
        "sma200": 221.42635047912597,
        "sma50": 155.9347994995117,
        "rsi_weekly": 46.6036803075798,
        "rsi_monthly": 48.64172992303688,
        "52w_high": 353.239990234375,
        "52w_low": 0
    },
    "TAP": {
        "close": 47.25,
        "sma200": 49.43290023803711,
        "sma50": 45.899315185546875,
        "rsi_weekly": 49.018377100200354,
        "rsi_monthly": 45.65297690113319,
        "52w_high": 61.11589813232422,
        "52w_low": 0
    },
    "MDLZ": {
        "close": 53.9900016784668,
        "sma200": 61.69165037155151,
        "sma50": 55.0595189666748,
        "rsi_weekly": 31.590816111078375,
        "rsi_monthly": 27.354646491860933,
        "52w_high": 69.544921875,
        "52w_low": 0
    },
    "MPWR": {
        "close": 959.0900268554688,
        "sma200": 801.36080368042,
        "sma50": 949.7707495117188,
        "rsi_weekly": 56.47838319434437,
        "rsi_monthly": 72.97174831016716,
        "52w_high": 1103.1842041015625,
        "52w_low": 0
    },
    "MNST": {
        "close": 76.5999984741211,
        "sma200": 65.19940006256104,
        "sma50": 73.17139999389649,
        "rsi_weekly": 69.50447641973618,
        "rsi_monthly": 78.91304478658172,
        "52w_high": 77.66999816894531,
        "52w_low": 0
    },
    "MCO": {
        "close": 531.1699829101562,
        "sma200": 484.4588226318359,
        "sma50": 493.47208801269534,
        "rsi_weekly": 52.8507750879206,
        "rsi_monthly": 54.89098466917935,
        "52w_high": 532.9000244140625,
        "52w_low": 0
    },
    "MS": {
        "close": 184.67999267578125,
        "sma200": 145.19006736755372,
        "sma50": 171.80295349121093,
        "rsi_weekly": 73.32866529024176,
        "rsi_monthly": 80.31264869735205,
        "52w_high": 187.75,
        "52w_low": 0
    },
    "MOS": {
        "close": 26.479999542236328,
        "sma200": 30.463896131515504,
        "sma50": 24.898278923034667,
        "rsi_weekly": 40.54431150427702,
        "rsi_monthly": 42.496509541823734,
        "52w_high": 37.212406158447266,
        "52w_low": 0
    }
}