{
    "last_scan_index": 450,
    "AAPL": {
        "close": 256.26251220703125,
        "sma200": 233.7555535888672,
        "sma50": 271.5087908935547,
        "rsi_weekly": 53.76185322548899,
        "rsi_monthly": 65.05589971091084,
        "52w_high": 286.19000244140625,
        "52w_low": 0
    },
    "NVDA": {
        "close": 187.36000061035156,
        "sma200": 164.04779151916503,
        "sma50": 184.57627319335938,
        "rsi_weekly": 55.83253746851179,
        "rsi_monthly": 76.36247571090175,
        "52w_high": 207.02847290039062,
        "52w_low": 0
    },
    "TSLA": {
        "close": 436.260009765625,
        "sma200": 369.1177004241943,
        "sma50": 443.0440020751953,
        "rsi_weekly": 57.433070397524055,
        "rsi_monthly": 70.21254147643917,
        "52w_high": 489.8800048828125,
        "52w_low": 0
    },
    "MSFT": {
        "close": 458.3399963378906,
        "sma200": 481.0473962402344,
        "sma50": 484.5976312255859,
        "rsi_weekly": 46.92493307445599,
        "rsi_monthly": 64.94488601763192,
        "52w_high": 541.057373046875,
        "52w_low": 0
    },
    "AMD": {
        "close": 231.25999450683594,
        "sma200": 168.68809978485106,
        "sma50": 220.50599975585936,
        "rsi_weekly": 52.90812131363197,
        "rsi_monthly": 69.38721493424931,
        "52w_high": 264.3299865722656,
        "52w_low": 0
    },
    "SYY": {
        "close": 78.24500274658203,
        "sma200": 75.18511112213135,
        "sma50": 74.27525512695313,
        "rsi_weekly": 46.76193658470884,
        "rsi_monthly": 47.011292206166495,
        "52w_high": 82.1237564086914,
        "52w_low": 0
    },
    "TMUS": {
        "close": 187.6699981689453,
        "sma200": 228.81777946472167,
        "sma50": 202.5877783203125,
        "rsi_weekly": 37.012448494318626,
        "rsi_monthly": 49.89461803526751,
        "52w_high": 269.5366516113281,
        "52w_low": 0
    },
    "TROW": {
        "close": 106.56999969482422,
        "sma200": 98.49527534484864,
        "sma50": 103.01093353271484,
        "rsi_weekly": 61.96138185605547,
        "rsi_monthly": 60.48357485904485,
        "52w_high": 111.02996826171875,
        "52w_low": 0
    },
    "TTWO": {
        "close": 242.26499938964844,
        "sma200": 238.07637519836425,
        "sma50": 245.88390045166017,
        "rsi_weekly": 56.336029895413716,
        "rsi_monthly": 52.059212934817936,
        "52w_high": 262.2900085449219,
        "52w_low": 0
    },
    "TPR": {
        "close": 133.32000732421875,
        "sma200": 99.92755941390992,
        "sma50": 118.35132553100586,
        "rsi_weekly": 71.07972653422686,
        "rsi_monthly": 84.1837114552452,
        "52w_high": 134.3800048828125,
        "52w_low": 0
    },
    "TRGP": {
        "close": 181.8800048828125,
        "sma200": 166.85111625671388,
        "sma50": 177.27959991455077,
        "rsi_weekly": 53.97857531256647,
        "rsi_monthly": 70.66237478196912,
        "52w_high": 212.51329040527344,
        "52w_low": 0
    },
    "TGT": {
        "close": 111.02999877929688,
        "sma200": 94.53987705230713,
        "sma50": 95.56321228027343,
        "rsi_weekly": 64.0430376837395,
        "rsi_monthly": 58.73195633463117,
        "52w_high": 136.4789276123047,
        "52w_low": 0
    },
    "TEL": {
        "close": 240.69000244140625,
        "sma200": 196.98339500427247,
        "sma50": 233.01219940185547,
        "rsi_weekly": 62.077326470837015,
        "rsi_monthly": 74.71040101551083,
        "52w_high": 249.0,
        "52w_low": 0
    },
    "TDY": {
        "close": 577.8900146484375,
        "sma200": 520.9713502502441,
        "sma50": 517.0485986328125,
        "rsi_weekly": 57.7750781600255,
        "rsi_monthly": 58.290777462975825,
        "52w_high": 593.6199951171875,
        "52w_low": 0
    },
    "TFX": {
        "close": 103.2699966430664,
        "sma200": 121.67945766448975,
        "sma50": 116.53269805908204,
        "rsi_weekly": 42.44852291128307,
        "rsi_monthly": 19.834903076974822,
        "52w_high": 181.6382293701172,
        "52w_low": 0
    },
    "TER": {
        "close": 226.4250030517578,
        "sma200": 126.33237995147705,
        "sma50": 193.9853302001953,
        "rsi_weekly": 75.0670154504607,
        "rsi_monthly": 76.62604649381694,
        "52w_high": 230.19000244140625,
        "52w_low": 0
    },
    "TXN": {
        "close": 190.58990478515625,
        "sma200": 179.95301376342775,
        "sma50": 174.00339904785156,
        "rsi_weekly": 57.78470290557925,
        "rsi_monthly": 54.3519166274238,
        "52w_high": 217.718994140625,
        "52w_low": 0
    },
    "TXT": {
        "close": 93.375,
        "sma200": 79.91090566635131,
        "sma50": 85.99204971313476,
        "rsi_weekly": 68.51458897305366,
        "rsi_monthly": 65.20721815867613,
        "52w_high": 94.16999816894531,
        "52w_low": 0
    },
    "TMO": {
        "close": 626.6599731445312,
        "sma200": 490.2728707885742,
        "sma50": 585.2862036132813,
        "rsi_weekly": 71.52451781973303,
        "rsi_monthly": 64.82258878415365,
        "52w_high": 626.6599731445312,
        "52w_low": 0
    },
    "TJX": {
        "close": 156.3350067138672,
        "sma200": 136.5815259552002,
        "sma50": 152.3756594848633,
        "rsi_weekly": 72.2985210962022,
        "rsi_monthly": 81.4095651322035,
        "52w_high": 158.25,
        "52w_low": 0
    },
    "TSCO": {
        "close": 50.810001373291016,
        "sma200": 54.11635736465454,
        "sma50": 52.59666847229004,
        "rsi_weekly": 41.80278851184467,
        "rsi_monthly": 62.82303779785759,
        "52w_high": 62.37771224975586,
        "52w_low": 0
    },
    "TT": {
        "close": 389.4649963378906,
        "sma200": 410.21841888427736,
        "sma50": 401.78809997558596,
        "rsi_weekly": 40.3286397831762,
        "rsi_monthly": 65.48620713217431,
        "52w_high": 471.4648742675781,
        "52w_low": 0
    },
    "TDG": {
        "close": 1446.3349609375,
        "sma200": 1333.7102075195312,
        "sma50": 1334.2301000976563,
        "rsi_weekly": 58.21568476514714,
        "rsi_monthly": 69.26932000078428,
        "52w_high": 1516.55029296875,
        "52w_low": 0
    },
    "TRV": {
        "close": 269.3800048828125,
        "sma200": 269.75966720581056,
        "sma50": 284.98639404296875,
        "rsi_weekly": 53.878420856425045,
        "rsi_monthly": 74.05469805268616,
        "52w_high": 293.8399963378906,
        "52w_low": 0
    },
    "TRU": {
        "close": 85.2699966430664,
        "sma200": 85.27371208190918,
        "sma50": 83.88236938476562,
        "rsi_weekly": 53.275281575850194,
        "rsi_monthly": 65.62877968042457,
        "52w_high": 99.71392822265625,
        "52w_low": 0
    },
    "TYL": {
        "close": 442.010009765625,
        "sma200": 529.2167985534668,
        "sma50": 458.1108001708984,
        "rsi_weekly": 32.023369882343324,
        "rsi_monthly": 44.96701049555504,
        "52w_high": 646.739990234375,
        "52w_low": 0
    },
    "TSN": {
        "close": 60.0099983215332,
        "sma200": 55.194817237854004,
        "sma50": 56.74666381835937,
        "rsi_weekly": 57.97991841514452,
        "rsi_monthly": 54.65595761716554,
        "52w_high": 62.12738037109375,
        "52w_low": 0
    },
    "USB": {
        "close": 54.42499923706055,
        "sma200": 45.865360794067385,
        "sma50": 51.10366920471191,
        "rsi_weekly": 70.8277910374901,
        "rsi_monthly": 70.08458061147034,
        "52w_high": 56.08000183105469,
        "52w_low": 0
    },
    "UDR": {
        "close": 37.0,
        "sma200": 37.59373846054077,
        "sma50": 35.38258438110351,
        "rsi_weekly": 49.220977083054066,
        "rsi_monthly": 43.74821821039381,
        "52w_high": 44.02199172973633,
        "52w_low": 0
    }
}