{
    "last_scan_index": 475,
    "AAPL": {
        "close": 255.52999877929688,
        "sma200": 233.7518910217285,
        "sma50": 271.494140625,
        "rsi_weekly": 53.761853355262936,
        "rsi_monthly": 65.05589662020134,
        "52w_high": 286.19000244140625,
        "52w_low": 0
    },
    "NVDA": {
        "close": 186.22999572753906,
        "sma200": 164.0421415710449,
        "sma50": 184.55367309570312,
        "rsi_weekly": 55.83253759963475,
        "rsi_monthly": 76.3624733740452,
        "52w_high": 207.02847290039062,
        "52w_low": 0
    },
    "TSLA": {
        "close": 437.5,
        "sma200": 369.1239003753662,
        "sma50": 443.0688018798828,
        "rsi_weekly": 57.433070397524055,
        "rsi_monthly": 70.21254147643917,
        "52w_high": 489.8800048828125,
        "52w_low": 0
    },
    "MSFT": {
        "close": 459.8599853515625,
        "sma200": 481.054997253418,
        "sma50": 484.6280310058594,
        "rsi_weekly": 46.92493266741568,
        "rsi_monthly": 64.94485537311995,
        "52w_high": 541.057373046875,
        "52w_low": 0
    },
    "AMD": {
        "close": 231.8300018310547,
        "sma200": 168.69094982147217,
        "sma50": 220.51739990234375,
        "rsi_weekly": 52.90812131363197,
        "rsi_monthly": 69.38721493424931,
        "52w_high": 264.3299865722656,
        "52w_low": 0
    },
    "ULTA": {
        "close": 663.47998046875,
        "sma200": 502.1879508972168,
        "sma50": 579.8802038574219,
        "rsi_weekly": 78.54155246654247,
        "rsi_monthly": 75.1755326241503,
        "52w_high": 666.1799926757812,
        "52w_low": 0
    },
    "UNP": {
        "close": 229.49000549316406,
        "sma200": 223.34254852294922,
        "sma50": 229.33271087646483,
        "rsi_weekly": 51.15889746811207,
        "rsi_monthly": 60.28596589981663,
        "52w_high": 248.4905242919922,
        "52w_low": 0
    },
    "UAL": {
        "close": 113.48999786376953,
        "sma200": 91.93435009002685,
        "sma50": 105.97359939575195,
        "rsi_weekly": 68.61311387913746,
        "rsi_monthly": 72.20676528285428,
        "52w_high": 117.52999877929688,
        "52w_low": 0
    },
    "UPS": {
        "close": 106.91000366210938,
        "sma200": 92.3624356842041,
        "sma50": 98.68853164672852,
        "rsi_weekly": 68.48738313039388,
        "rsi_monthly": 55.4492048838975,
        "52w_high": 127.4967269897461,
        "52w_low": 0
    },
    "URI": {
        "close": 921.239990234375,
        "sma200": 814.9761557006836,
        "sma50": 836.9107568359375,
        "rsi_weekly": 62.264127294491985,
        "rsi_monthly": 64.85714211434195,
        "52w_high": 1017.8645629882812,
        "52w_low": 0
    },
    "UNH": {
        "close": 331.0199890136719,
        "sma200": 335.9320293426514,
        "sma50": 329.12291564941404,
        "rsi_weekly": 51.644449963508535,
        "rsi_monthly": 35.617510799639994,
        "52w_high": 587.5621948242188,
        "52w_low": 0
    },
    "UHS": {
        "close": 199.8800048828125,
        "sma200": 194.54917655944826,
        "sma50": 224.24982788085939,
        "rsi_weekly": 49.242500889110254,
        "rsi_monthly": 62.12405892390101,
        "52w_high": 243.9795379638672,
        "52w_low": 0
    },
    "VLO": {
        "close": 183.4600067138672,
        "sma200": 148.58433319091796,
        "sma50": 174.2388296508789,
        "rsi_weekly": 65.70525523464156,
        "rsi_monthly": 62.03157334641807,
        "52w_high": 191.32000732421875,
        "52w_low": 0
    },
    "VTR": {
        "close": 78.44999694824219,
        "sma200": 68.9079543685913,
        "sma50": 77.86095336914063,
        "rsi_weekly": 56.235225739838064,
        "rsi_monthly": 58.01725459929551,
        "52w_high": 80.50691223144531,
        "52w_low": 0
    },
    "VRSN": {
        "close": 249.47000122070312,
        "sma200": 264.9078033447266,
        "sma50": 246.83671997070311,
        "rsi_weekly": 46.26169433759218,
        "rsi_monthly": 51.360455433958535,
        "52w_high": 304.1607360839844,
        "52w_low": 0
    },
    "VRSK": {
        "close": 220.41000366210938,
        "sma200": 263.8728692626953,
        "sma50": 219.8728469848633,
        "rsi_weekly": 36.48830717177441,
        "rsi_monthly": 37.16338929426934,
        "52w_high": 319.6548156738281,
        "52w_low": 0
    },
    "VZ": {
        "close": 38.90999984741211,
        "sma200": 40.80526599884033,
        "sma50": 39.84484123229981,
        "rsi_weekly": 46.54246843721002,
        "rsi_monthly": 38.81492751808291,
        "52w_high": 43.54305648803711,
        "52w_low": 0
    },
    "VRTX": {
        "close": 441.3599853515625,
        "sma200": 437.25669860839844,
        "sma50": 444.4551989746094,
        "rsi_weekly": 59.05082555191575,
        "rsi_monthly": 46.594517356502074,
        "52w_high": 513.760009765625,
        "52w_low": 0
    },
    "V": {
        "close": 328.29998779296875,
        "sma200": 344.0711897277832,
        "sma50": 338.8405096435547,
        "rsi_weekly": 54.494653771299554,
        "rsi_monthly": 70.78070451171779,
        "52w_high": 371.9176025390625,
        "52w_low": 0
    },
    "VICI": {
        "close": 28.979999542236328,
        "sma200": 30.486436195373535,
        "sma50": 28.367152366638184,
        "rsi_weekly": 36.46739566622481,
        "rsi_monthly": 43.10206374547724,
        "52w_high": 32.929752349853516,
        "52w_low": 0
    },
    "VMC": {
        "close": 305.9700012207031,
        "sma200": 279.22427589416503,
        "sma50": 293.01190856933596,
        "rsi_weekly": 67.42988477326999,
        "rsi_monthly": 72.26485381977527,
        "52w_high": 311.6199951171875,
        "52w_low": 0
    },
    "WRB": {
        "close": 67.87999725341797,
        "sma200": 70.81908784866333,
        "sma50": 71.33412200927734,
        "rsi_weekly": 45.550701146770656,
        "rsi_monthly": 60.2433676898565,
        "52w_high": 77.22645568847656,
        "52w_low": 0
    },
    "WAB": {
        "close": 229.60000610351562,
        "sma200": 199.53238121032715,
        "sma50": 212.97333557128906,
        "rsi_weekly": 66.70851947033131,
        "rsi_monthly": 74.22804495457402,
        "52w_high": 229.60000610351562,
        "52w_low": 0
    },
    "WMT": {
        "close": 119.69999694824219,
        "sma200": 101.3807384109497,
        "sma50": 110.83833389282226,
        "rsi_weekly": 64.55479166659596,
        "rsi_monthly": 83.11047542226683,
        "52w_high": 120.36000061035156,
        "52w_low": 0
    },
    "DIS": {
        "close": 111.19999694824219,
        "sma200": 110.10942348480225,
        "sma50": 109.6258592224121,
        "rsi_weekly": 58.49476768228413,
        "rsi_monthly": 69.08330292637633,
        "52w_high": 123.17660522460938,
        "52w_low": 0
    },
    "WBD": {
        "close": 28.579999923706055,
        "sma200": 16.24990004301071,
        "sma50": 26.3507999420166,
        "rsi_weekly": 76.0789482988065,
        "rsi_monthly": 74.44514014960353,
        "52w_high": 29.979999542236328,
        "52w_low": 0
    },
    "WM": {
        "close": 221.22999572753906,
        "sma200": 221.65530769348143,
        "sma50": 214.26383544921876,
        "rsi_weekly": 53.54862252979948,
        "rsi_monthly": 69.27547313036787,
        "52w_high": 239.4345703125,
        "52w_low": 0
    },
    "WAT": {
        "close": 387.3699951171875,
        "sma200": 340.77245025634767,
        "sma50": 388.0582000732422,
        "rsi_weekly": 63.10082435649836,
        "rsi_monthly": 62.65981477757844,
        "52w_high": 417.2799987792969,
        "52w_low": 0
    },
    "WEC": {
        "close": 108.58999633789062,
        "sma200": 107.183864402771,
        "sma50": 107.55064575195313,
        "rsi_weekly": 43.205177681435394,
        "rsi_monthly": 56.76682022731542,
        "52w_high": 116.56096649169922,
        "52w_low": 0
    }
}