{
    "last_scan_index": 325,
    "AAPL": {
        "close": 259.3699951171875,
        "sma200": 232.80100135803224,
        "sma50": 272.57918151855466,
        "rsi_weekly": 63.048862617584845,
        "rsi_monthly": 65.05596947752232,
        "52w_high": 286.19000244140625,
        "52w_low": 0
    },
    "NVDA": {
        "close": 184.86000061035156,
        "sma200": 162.17273937225343,
        "sma50": 186.36893981933594,
        "rsi_weekly": 58.648705793022124,
        "rsi_monthly": 76.36247721210843,
        "52w_high": 207.02847290039062,
        "52w_low": 0
    },
    "TSLA": {
        "close": 445.010009765625,
        "sma200": 364.7485501861572,
        "sma50": 444.2562017822266,
        "rsi_weekly": 56.31157929953819,
        "rsi_monthly": 70.21254147643917,
        "52w_high": 489.8800048828125,
        "52w_low": 0
    },
    "MSFT": {
        "close": 479.2799987792969,
        "sma200": 478.96978775024417,
        "sma50": 490.38487426757814,
        "rsi_weekly": 44.49072403892555,
        "rsi_monthly": 64.94484579307985,
        "52w_high": 541.057373046875,
        "52w_low": 0
    },
    "AMD": {
        "close": 203.1699981689453,
        "sma200": 165.75879978179933,
        "sma50": 223.97699920654296,
        "rsi_weekly": 60.71614808686848,
        "rsi_monthly": 69.38721493424931,
        "52w_high": 264.3299865722656,
        "52w_low": 0
    },
    "MAS": {
        "close": 69.31999969482422,
        "sma200": 65.72472814559937,
        "sma50": 63.522954025268554,
        "rsi_weekly": 46.140275181750326,
        "rsi_monthly": 63.330061055366784,
        "52w_high": 80.34850311279297,
        "52w_low": 0
    },
    "MA": {
        "close": 575.5399780273438,
        "sma200": 560.6587854003906,
        "sma50": 555.9789575195313,
        "rsi_weekly": 50.574250395920366,
        "rsi_monthly": 71.24568473735181,
        "52w_high": 597.273193359375,
        "52w_low": 0
    },
    "MTCH": {
        "close": 32.220001220703125,
        "sma200": 32.43095293998718,
        "sma50": 32.56439765930176,
        "rsi_weekly": 43.836103474605196,
        "rsi_monthly": 36.580126682483346,
        "52w_high": 38.3323860168457,
        "52w_low": 0
    },
    "MKC": {
        "close": 67.72000122070312,
        "sma200": 69.53510482788086,
        "sma50": 65.86243064880371,
        "rsi_weekly": 48.36572998693066,
        "rsi_monthly": 48.96207458669922,
        "52w_high": 82.57147216796875,
        "52w_low": 0
    },
    "MCD": {
        "close": 307.32000732421875,
        "sma200": 303.42917572021486,
        "sma50": 306.6322491455078,
        "rsi_weekly": 48.76273938418129,
        "rsi_monthly": 58.17616005029971,
        "52w_high": 319.6499938964844,
        "52w_low": 0
    },
    "MCK": {
        "close": 816.0599975585938,
        "sma200": 742.0662191772461,
        "sma50": 832.4772863769531,
        "rsi_weekly": 60.870837761858,
        "rsi_monthly": 71.4963967877226,
        "52w_high": 888.4524536132812,
        "52w_low": 0
    },
    "MDT": {
        "close": 97.52999877929688,
        "sma200": 90.86035636901856,
        "sma50": 97.81279968261718,
        "rsi_weekly": 52.77620176871763,
        "rsi_monthly": 49.2609029727836,
        "52w_high": 105.3499984741211,
        "52w_low": 0
    },
    "MRK": {
        "close": 110.52999877929688,
        "sma200": 84.7421992111206,
        "sma50": 97.9072265625,
        "rsi_weekly": 68.58348141328142,
        "rsi_monthly": 67.21382213770032,
        "52w_high": 110.98999786376953,
        "52w_low": 0
    },
    "MET": {
        "close": 79.41000366210938,
        "sma200": 77.69595054626465,
        "sma50": 78.73840759277344,
        "rsi_weekly": 53.28777756243266,
        "rsi_monthly": 57.018094801594465,
        "52w_high": 84.54905700683594,
        "52w_low": 0
    },
    "MTD": {
        "close": 1485.1199951171875,
        "sma200": 1261.8458990478516,
        "sma50": 1424.9786010742187,
        "rsi_weekly": 57.1618669932194,
        "rsi_monthly": 60.78296128761418,
        "52w_high": 1506.02001953125,
        "52w_low": 0
    },
    "MGM": {
        "close": 34.45000076293945,
        "sma200": 34.108999977111814,
        "sma50": 34.58859996795654,
        "rsi_weekly": 55.02680572544634,
        "rsi_monthly": 48.11049773966102,
        "52w_high": 40.369998931884766,
        "52w_low": 0
    },
    "MCHP": {
        "close": 75.22000122070312,
        "sma200": 60.867302131652835,
        "sma50": 61.32314781188965,
        "rsi_weekly": 53.96195612997543,
        "rsi_monthly": 46.039622714400764,
        "52w_high": 75.22000122070312,
        "52w_low": 0
    },
    "MU": {
        "close": 345.0899963378906,
        "sma200": 154.89494953155517,
        "sma50": 254.20677185058594,
        "rsi_weekly": 80.88648713451146,
        "rsi_monthly": 85.13259304104574,
        "52w_high": 345.0899963378906,
        "52w_low": 0
    },
    "MAA": {
        "close": 135.89999389648438,
        "sma200": 142.8158158493042,
        "sma50": 133.31979904174804,
        "rsi_weekly": 51.740598847801756,
        "rsi_monthly": 49.27709370967635,
        "52w_high": 165.6918487548828,
        "52w_low": 0
    },
    "MRNA": {
        "close": 34.29999923706055,
        "sma200": 27.412999935150147,
        "sma50": 27.988999938964845,
        "rsi_weekly": 54.211725399258874,
        "rsi_monthly": 22.609479190243324,
        "52w_high": 44.939998626708984,
        "52w_low": 0
    },
    "MHK": {
        "close": 118.72000122070312,
        "sma200": 114.37375,
        "sma50": 110.50639984130859,
        "rsi_weekly": 44.092537245494746,
        "rsi_monthly": 59.38509234588343,
        "52w_high": 139.75,
        "52w_low": 0
    },
    "MOH": {
        "close": 181.5,
        "sma200": 220.7812004852295,
        "sma50": 156.3079995727539,
        "rsi_weekly": 46.6036803075798,
        "rsi_monthly": 48.64172992303688,
        "52w_high": 353.239990234375,
        "52w_low": 0
    },
    "TAP": {
        "close": 48.130001068115234,
        "sma200": 49.38812894821167,
        "sma50": 45.966645050048825,
        "rsi_weekly": 49.01837720443181,
        "rsi_monthly": 45.652945780966704,
        "52w_high": 61.11589813232422,
        "52w_low": 0
    },
    "MDLZ": {
        "close": 55.09000015258789,
        "sma200": 61.653555679321286,
        "sma50": 54.96810424804688,
        "rsi_weekly": 31.590816317511774,
        "rsi_monthly": 27.354614928764672,
        "52w_high": 69.544921875,
        "52w_low": 0
    },
    "MPWR": {
        "close": 958.969970703125,
        "sma200": 803.0168594360351,
        "sma50": 947.2596362304688,
        "rsi_weekly": 56.4783823319125,
        "rsi_monthly": 72.97175119531404,
        "52w_high": 1103.1842041015625,
        "52w_low": 0
    },
    "MNST": {
        "close": 77.33999633789062,
        "sma200": 65.29690004348755,
        "sma50": 73.33179992675781,
        "rsi_weekly": 69.50447641973618,
        "rsi_monthly": 78.91304478658172,
        "52w_high": 77.66999816894531,
        "52w_low": 0
    },
    "MCO": {
        "close": 531.6099853515625,
        "sma200": 484.7442788696289,
        "sma50": 494.30853088378905,
        "rsi_weekly": 52.85077499583026,
        "rsi_monthly": 54.89096748993659,
        "52w_high": 532.9000244140625,
        "52w_low": 0
    },
    "MS": {
        "close": 186.32000732421875,
        "sma200": 145.50866680145265,
        "sma50": 172.24514739990235,
        "rsi_weekly": 73.32866622822354,
        "rsi_monthly": 80.31264859028016,
        "52w_high": 187.75,
        "52w_low": 0
    },
    "MOS": {
        "close": 25.979999542236328,
        "sma200": 30.46084334373474,
        "sma50": 24.83561855316162,
        "rsi_weekly": 40.544310224914256,
        "rsi_monthly": 42.496501840388426,
        "52w_high": 37.212406158447266,
        "52w_low": 0
    }
}