{
    "last_scan_index": 500,
    "AAPL": {
        "close": 256.5799865722656,
        "sma200": 233.75714096069336,
        "sma50": 271.51514038085935,
        "rsi_weekly": 53.76185303656177,
        "rsi_monthly": 65.05591585266463,
        "52w_high": 286.19000244140625,
        "52w_low": 0
    },
    "NVDA": {
        "close": 187.81300354003906,
        "sma200": 164.05005661010742,
        "sma50": 184.58533325195313,
        "rsi_weekly": 55.83253757110694,
        "rsi_monthly": 76.36247580128637,
        "52w_high": 207.02847290039062,
        "52w_low": 0
    },
    "TSLA": {
        "close": 438.2200012207031,
        "sma200": 369.1275003814697,
        "sma50": 443.08320190429686,
        "rsi_weekly": 57.433070397524055,
        "rsi_monthly": 70.21254147643917,
        "52w_high": 489.8800048828125,
        "52w_low": 0
    },
    "MSFT": {
        "close": 459.70001220703125,
        "sma200": 481.05419631958006,
        "sma50": 484.62483154296876,
        "rsi_weekly": 46.92493277094018,
        "rsi_monthly": 64.94484219555878,
        "52w_high": 541.057373046875,
        "52w_low": 0
    },
    "AMD": {
        "close": 233.11000061035156,
        "sma200": 168.69734981536865,
        "sma50": 220.54299987792967,
        "rsi_weekly": 52.90812131363197,
        "rsi_monthly": 69.38721493424931,
        "52w_high": 264.3299865722656,
        "52w_low": 0
    },
    "WFC": {
        "close": 89.23999786376953,
        "sma200": 80.32551237106323,
        "sma50": 89.87870468139648,
        "rsi_weekly": 69.17656150683553,
        "rsi_monthly": 85.74286645473035,
        "52w_high": 96.38999938964844,
        "52w_low": 0
    },
    "WELL": {
        "close": 189.7899932861328,
        "sma200": 167.3296762084961,
        "sma50": 192.45309600830078,
        "rsi_weekly": 57.45490150187515,
        "rsi_monthly": 76.39006845617038,
        "52w_high": 208.22000122070312,
        "52w_low": 0
    },
    "WST": {
        "close": 265.17999267578125,
        "sma200": 245.3829266357422,
        "sma50": 272.9422686767578,
        "rsi_weekly": 55.583137917735996,
        "rsi_monthly": 37.31550345658648,
        "52w_high": 346.7433776855469,
        "52w_low": 0
    },
    "WDC": {
        "close": 219.19000244140625,
        "sma200": 100.44240740776063,
        "sma50": 175.15710876464843,
        "rsi_weekly": 80.97570829780733,
        "rsi_monthly": 90.96429343798859,
        "52w_high": 222.10000610351562,
        "52w_low": 0
    },
    "WY": {
        "close": 27.131999969482422,
        "sma200": 24.587168083190917,
        "sma50": 23.131386985778807,
        "rsi_weekly": 58.719675389721864,
        "rsi_monthly": 50.919687932505106,
        "52w_high": 30.380916595458984,
        "52w_low": 0
    },
    "WHR": {
        "close": 84.9800033569336,
        "sma200": 81.25234382629395,
        "sma50": 74.99486053466796,
        "rsi_weekly": 54.17875458804649,
        "rsi_monthly": 41.21448664305333,
        "52w_high": 125.2857894897461,
        "52w_low": 0
    },
    "WMB": {
        "close": 61.310001373291016,
        "sma200": 58.63121589660645,
        "sma50": 59.84536331176758,
        "rsi_weekly": 52.89529974849578,
        "rsi_monthly": 68.94139371297189,
        "52w_high": 63.950782775878906,
        "52w_low": 0
    },
    "WTW": {
        "close": 328.4200134277344,
        "sma200": 319.37355392456055,
        "sma50": 324.673046875,
        "rsi_weekly": 54.02934882075464,
        "rsi_monthly": 72.65667423040021,
        "52w_high": 348.96490478515625,
        "52w_low": 0
    },
    "WYNN": {
        "close": 115.1500015258789,
        "sma200": 108.59557521820068,
        "sma50": 123.26508605957031,
        "rsi_weekly": 50.67229350181977,
        "rsi_monthly": 71.0733635854313,
        "52w_high": 133.08999633789062,
        "52w_low": 0
    },
    "XEL": {
        "close": 75.55999755859375,
        "sma200": 72.65981300354004,
        "sma50": 76.49666351318359,
        "rsi_weekly": 48.854266774742484,
        "rsi_monthly": 40.88570728933983,
        "52w_high": 81.4811019897461,
        "52w_low": 0
    },
    "XYL": {
        "close": 145.63999938964844,
        "sma200": 134.52446140289305,
        "sma50": 140.8717041015625,
        "rsi_weekly": 51.57931265984949,
        "rsi_monthly": 70.20166684146976,
        "52w_high": 152.51864624023438,
        "52w_low": 0
    },
    "YUM": {
        "close": 160.61000061035156,
        "sma200": 146.42389846801757,
        "sma50": 150.98957000732423,
        "rsi_weekly": 57.83949318703924,
        "rsi_monthly": 68.39962896024315,
        "52w_high": 161.0500030517578,
        "52w_low": 0
    },
    "ZBRA": {
        "close": 252.7899932861328,
        "sma200": 284.64654991149905,
        "sma50": 253.1932000732422,
        "rsi_weekly": 43.47212305022625,
        "rsi_monthly": 56.08681742013676,
        "52w_high": 421.1099853515625,
        "52w_low": 0
    },
    "ZBH": {
        "close": 87.88749694824219,
        "sma200": 96.01813167572021,
        "sma50": 91.15177200317383,
        "rsi_weekly": 46.789089434157084,
        "rsi_monthly": 35.430340325582435,
        "52w_high": 112.31305694580078,
        "52w_low": 0
    },
    "ZTS": {
        "close": 124.66000366210938,
        "sma200": 144.79211853027343,
        "sma50": 122.84820053100586,
        "rsi_weekly": 40.33567581160017,
        "rsi_monthly": 45.499060898121115,
        "52w_high": 173.89024353027344,
        "52w_low": 0
    }
}