{
    "last_scan_index": 350,
    "AAPL": {
        "close": 249.59500122070312,
        "sma200": 234.40480293273924,
        "sma50": 270.2210983276367,
        "rsi_weekly": 51.05965935643473,
        "rsi_monthly": 65.05591251344785,
        "52w_high": 286.19000244140625,
        "52w_low": 0
    },
    "NVDA": {
        "close": 185.50999450683594,
        "sma200": 165.2442697906494,
        "sma50": 184.0635092163086,
        "rsi_weekly": 56.61352271452531,
        "rsi_monthly": 76.36247337772855,
        "52w_high": 207.02847290039062,
        "52w_low": 0
    },
    "TSLA": {
        "close": 438.0849914550781,
        "sma200": 371.6204253387451,
        "sma50": 442.0943017578125,
        "rsi_weekly": 55.767272209839355,
        "rsi_monthly": 70.21254147643917,
        "52w_high": 489.8800048828125,
        "52w_low": 0
    },
    "MSFT": {
        "close": 447.8039855957031,
        "sma200": 482.24144561767577,
        "sma50": 481.5911944580078,
        "rsi_weekly": 40.972927788966686,
        "rsi_monthly": 64.94485650220763,
        "52w_high": 541.057373046875,
        "52w_low": 0
    },
    "AMD": {
        "close": 253.5399932861328,
        "sma200": 170.95464977264405,
        "sma50": 220.67120025634765,
        "rsi_weekly": 60.57175331207617,
        "rsi_monthly": 69.38721493424931,
        "52w_high": 264.3299865722656,
        "52w_low": 0
    },
    "MSI": {
        "close": 397.5546875,
        "sma200": 419.0679429626465,
        "sma50": 377.85105407714843,
        "rsi_weekly": 47.687655660780784,
        "rsi_monthly": 51.60524749413321,
        "52w_high": 487.5675354003906,
        "52w_low": 0
    },
    "MSCI": {
        "close": 590.6900024414062,
        "sma200": 559.6106687927246,
        "sma50": 568.5328100585938,
        "rsi_weekly": 59.14356765835337,
        "rsi_monthly": 36.10724414836945,
        "52w_high": 620.4635620117188,
        "52w_low": 0
    },
    "NDAQ": {
        "close": 98.8499984741211,
        "sma200": 88.2175999069214,
        "sma50": 93.54655792236328,
        "rsi_weekly": 70.20977159030599,
        "rsi_monthly": 65.50109165292271,
        "52w_high": 100.9800033569336,
        "52w_low": 0
    },
    "NTAP": {
        "close": 98.1272964477539,
        "sma200": 106.42544311523437,
        "sma50": 109.0808755493164,
        "rsi_weekly": 42.45409278915548,
        "rsi_monthly": 54.7303798790586,
        "52w_high": 125.20184326171875,
        "52w_low": 0
    },
    "NFLX": {
        "close": 84.09500122070312,
        "sma200": 113.01311012268066,
        "sma50": 98.23592010498047,
        "rsi_weekly": 30.563350054521422,
        "rsi_monthly": 56.023247459645084,
        "52w_high": 133.91299438476562,
        "52w_low": 0
    },
    "NEM": {
        "close": 122.4000015258789,
        "sma200": 74.36861982345582,
        "sma50": 98.84224365234375,
        "rsi_weekly": 76.0614942435027,
        "rsi_monthly": 76.17404774668634,
        "52w_high": 122.4000015258789,
        "52w_low": 0
    },
    "NWL": {
        "close": 4.364999771118164,
        "sma200": 4.796623183488846,
        "sma50": 3.730762734413147,
        "rsi_weekly": 46.65369548017596,
        "rsi_monthly": 28.546726556344293,
        "52w_high": 10.08272933959961,
        "52w_low": 0
    },
    "NWS": {
        "close": 30.815000534057617,
        "sma200": 31.645129957199096,
        "sma50": 29.687500076293944,
        "rsi_weekly": 46.366568943590806,
        "rsi_monthly": 63.47158729663086,
        "52w_high": 35.061614990234375,
        "52w_low": 0
    },
    "NWSA": {
        "close": 26.674999237060547,
        "sma200": 27.6740407371521,
        "sma50": 26.0682999420166,
        "rsi_weekly": 43.08992076472893,
        "rsi_monthly": 62.059537616675314,
        "52w_high": 31.030000686645508,
        "52w_low": 0
    },
    "NEE": {
        "close": 84.91529846191406,
        "sma200": 74.9679803276062,
        "sma50": 82.33623443603516,
        "rsi_weekly": 59.550897074546945,
        "rsi_monthly": 53.790247298525436,
        "52w_high": 86.29000091552734,
        "52w_low": 0
    },
    "NKE": {
        "close": 65.91000366210938,
        "sma200": 66.05162794113158,
        "sma50": 63.809492416381836,
        "rsi_weekly": 47.62082616309324,
        "rsi_monthly": 44.08469250627917,
        "52w_high": 79.84435272216797,
        "52w_low": 0
    },
    "NI": {
        "close": 43.709999084472656,
        "sma200": 40.95130739212036,
        "sma50": 42.410800018310546,
        "rsi_weekly": 59.86145563355986,
        "rsi_monthly": 71.91681318211752,
        "52w_high": 44.130001068115234,
        "52w_low": 0
    },
    "NDSN": {
        "close": 274.9849853515625,
        "sma200": 220.6148957824707,
        "sma50": 243.06366149902342,
        "rsi_weekly": 76.34398571491967,
        "rsi_monthly": 65.8290374830794,
        "52w_high": 274.9849853515625,
        "52w_low": 0
    },
    "NSC": {
        "close": 291.1099853515625,
        "sma200": 268.64203674316406,
        "sma50": 289.3677990722656,
        "rsi_weekly": 59.17152393824543,
        "rsi_monthly": 70.52094101451044,
        "52w_high": 299.489990234375,
        "52w_low": 0
    },
    "NTRS": {
        "close": 152.6999969482422,
        "sma200": 122.06331703186035,
        "sma50": 136.50330032348631,
        "rsi_weekly": 73.7238664961191,
        "rsi_monthly": 75.58430665538556,
        "52w_high": 152.6999969482422,
        "52w_low": 0
    },
    "NOC": {
        "close": 666.7100219726562,
        "sma200": 550.2154298400878,
        "sma50": 582.1639916992187,
        "rsi_weekly": 71.80143822600022,
        "rsi_monthly": 68.49368808100324,
        "52w_high": 666.9000244140625,
        "52w_low": 0
    },
    "NCLH": {
        "close": 21.125,
        "sma200": 21.329975018501283,
        "sma50": 20.766300163269044,
        "rsi_weekly": 50.029765913742985,
        "rsi_monthly": 58.01496446523557,
        "52w_high": 29.06999969482422,
        "52w_low": 0
    },
    "NRG": {
        "close": 152.75,
        "sma200": 152.01370506286622,
        "sma50": 160.30820068359375,
        "rsi_weekly": 47.53023356639585,
        "rsi_monthly": 70.21419744921343,
        "52w_high": 178.04299926757812,
        "52w_low": 0
    },
    "NUE": {
        "close": 181.99000549316406,
        "sma200": 138.4334503173828,
        "sma50": 161.15589447021483,
        "rsi_weekly": 67.66121385282224,
        "rsi_monthly": 59.899689602905816,
        "52w_high": 181.99000549316406,
        "52w_low": 0
    },
    "NVR": {
        "close": 7855.64501953125,
        "sma200": 7538.935871582031,
        "sma50": 7432.234482421875,
        "rsi_weekly": 49.687462123226155,
        "rsi_monthly": 58.86456260855224,
        "52w_high": 8543.0,
        "52w_low": 0
    },
    "NXPI": {
        "close": 237.17999267578125,
        "sma200": 212.4901821899414,
        "sma50": 219.00839447021485,
        "rsi_weekly": 59.10440490306377,
        "rsi_monthly": 70.0824509520933,
        "52w_high": 245.9499969482422,
        "52w_low": 0
    },
    "ORLY": {
        "close": 98.06610107421875,
        "sma200": 96.36917720794678,
        "sma50": 95.68412139892578,
        "rsi_weekly": 47.367688949641014,
        "rsi_monthly": 60.84178922226018,
        "52w_high": 107.81999969482422,
        "52w_low": 0
    },
    "OXY": {
        "close": 42.53499984741211,
        "sma200": 42.45679607391357,
        "sma50": 41.55767265319824,
        "rsi_weekly": 50.04606898677545,
        "rsi_monthly": 49.73784700374881,
        "52w_high": 50.96757888793945,
        "52w_low": 0
    },
    "ODFL": {
        "close": 179.47000122070312,
        "sma200": 152.65917461395264,
        "sma50": 153.65666946411133,
        "rsi_weekly": 65.94639791284384,
        "rsi_monthly": 62.7126548813017,
        "52w_high": 207.79449462890625,
        "52w_low": 0
    }
}