{
    "last_scan_index": 275,
    "AAPL": {
        "close": 255.52999877929688,
        "sma200": 233.7518910217285,
        "sma50": 271.494140625,
        "rsi_weekly": 53.76185325538688,
        "rsi_monthly": 65.05593246605734,
        "52w_high": 286.19000244140625,
        "52w_low": 0
    },
    "NVDA": {
        "close": 186.22999572753906,
        "sma200": 164.04214149475098,
        "sma50": 184.55367309570312,
        "rsi_weekly": 55.83253744958346,
        "rsi_monthly": 76.36247606263136,
        "52w_high": 207.02847290039062,
        "52w_low": 0
    },
    "TSLA": {
        "close": 437.5,
        "sma200": 369.1239003753662,
        "sma50": 443.0688018798828,
        "rsi_weekly": 57.433070397524055,
        "rsi_monthly": 70.21254147643917,
        "52w_high": 489.8800048828125,
        "52w_low": 0
    },
    "MSFT": {
        "close": 459.8599853515625,
        "sma200": 481.05499710083006,
        "sma50": 484.6280310058594,
        "rsi_weekly": 46.92493271193692,
        "rsi_monthly": 64.94486311180873,
        "52w_high": 541.057373046875,
        "52w_low": 0
    },
    "AMD": {
        "close": 231.8300018310547,
        "sma200": 168.69094982147217,
        "sma50": 220.51739990234375,
        "rsi_weekly": 52.90812131363197,
        "rsi_monthly": 69.38721493424931,
        "52w_high": 264.3299865722656,
        "52w_low": 0
    },
    "ICE": {
        "close": 173.97999572753906,
        "sma200": 168.02718368530273,
        "sma50": 158.78440521240233,
        "rsi_weekly": 53.240607717701096,
        "rsi_monthly": 64.726057067385,
        "52w_high": 187.36590576171875,
        "52w_low": 0
    },
    "IFF": {
        "close": 71.68000030517578,
        "sma200": 68.74346422195434,
        "sma50": 66.47649482727051,
        "rsi_weekly": 52.99611965857543,
        "rsi_monthly": 29.921290078704793,
        "52w_high": 85.7145004272461,
        "52w_low": 0
    },
    "INTU": {
        "close": 545.2899780273438,
        "sma200": 680.3022543334961,
        "sma50": 647.3833874511719,
        "rsi_weekly": 45.75150495207732,
        "rsi_monthly": 59.652247733753,
        "52w_high": 804.435546875,
        "52w_low": 0
    },
    "ISRG": {
        "close": 535.0,
        "sma200": 514.7404002380371,
        "sma50": 565.057802734375,
        "rsi_weekly": 61.42482845175602,
        "rsi_monthly": 63.82447224376114,
        "52w_high": 610.4500122070312,
        "52w_low": 0
    },
    "IVZ": {
        "close": 29.440000534057617,
        "sma200": 20.16738552093506,
        "sma50": 25.774674949645995,
        "rsi_weekly": 81.98782337382902,
        "rsi_monthly": 75.09769114435909,
        "52w_high": 29.440000534057617,
        "52w_low": 0
    },
    "INVH": {
        "close": 27.649999618530273,
        "sma200": 29.93313039779663,
        "sma50": 27.26291290283203,
        "rsi_weekly": 36.131993595726804,
        "rsi_monthly": 48.21651194158232,
        "52w_high": 34.426910400390625,
        "52w_low": 0
    },
    "IQV": {
        "close": 237.67999267578125,
        "sma200": 186.79164993286133,
        "sma50": 226.2699996948242,
        "rsi_weekly": 69.11979473168655,
        "rsi_monthly": 73.87981808116163,
        "52w_high": 244.2899932861328,
        "52w_low": 0
    },
    "IRM": {
        "close": 95.93000030517578,
        "sma200": 92.96395053863526,
        "sma50": 86.78294921875,
        "rsi_weekly": 47.469700391391456,
        "rsi_monthly": 59.96879497502357,
        "52w_high": 107.43500518798828,
        "52w_low": 0
    },
    "JBHT": {
        "close": 204.3800048828125,
        "sma200": 153.7917050552368,
        "sma50": 187.1143359375,
        "rsi_weekly": 76.27185402228329,
        "rsi_monthly": 65.67223533337658,
        "52w_high": 206.85000610351562,
        "52w_low": 0
    },
    "JBL": {
        "close": 251.2899932861328,
        "sma200": 200.2906559753418,
        "sma50": 220.3195654296875,
        "rsi_weekly": 57.313150347639755,
        "rsi_monthly": 77.63876693201372,
        "52w_high": 253.17999267578125,
        "52w_low": 0
    },
    "JKHY": {
        "close": 190.32000732421875,
        "sma200": 169.95482078552246,
        "sma50": 178.33874633789063,
        "rsi_weekly": 63.95830117967901,
        "rsi_monthly": 67.08490208841312,
        "52w_high": 192.60000610351562,
        "52w_low": 0
    },
    "J": {
        "close": 139.94000244140625,
        "sma200": 137.6934812927246,
        "sma50": 139.6285369873047,
        "rsi_weekly": 49.59740451420509,
        "rsi_monthly": 64.20392380363998,
        "52w_high": 164.04388427734375,
        "52w_low": 0
    },
    "JNJ": {
        "close": 218.66000366210938,
        "sma200": 174.86779602050783,
        "sma50": 204.18314788818358,
        "rsi_weekly": 66.25157567942412,
        "rsi_monthly": 80.19773449116435,
        "52w_high": 219.57000732421875,
        "52w_low": 0
    },
    "JCI": {
        "close": 114.61000061035156,
        "sma200": 105.24663536071778,
        "sma50": 116.97519958496093,
        "rsi_weekly": 50.233121725556195,
        "rsi_monthly": 88.83883990773226,
        "52w_high": 122.66000366210938,
        "52w_low": 0
    },
    "JPM": {
        "close": 312.4700012207031,
        "sma200": 287.37028533935546,
        "sma50": 313.83727966308595,
        "rsi_weekly": 67.00100723091417,
        "rsi_monthly": 84.61117025149021,
        "52w_high": 334.6099853515625,
        "52w_low": 0
    },
    "K": {
        "close": 83.44000244140625,
        "sma200": 80.34924087524413,
        "sma50": 82.65304901123046,
        "rsi_weekly": 68.33613521254988,
        "rsi_monthly": 86.62422743752415,
        "52w_high": 83.44999694824219,
        "52w_low": 0
    },
    "KVUE": {
        "close": 17.200000762939453,
        "sma200": 19.310330300331117,
        "sma50": 16.912534294128417,
        "rsi_weekly": 43.01434346126574,
        "rsi_monthly": 35.65680418599949,
        "52w_high": 23.699586868286133,
        "52w_low": 0
    },
    "KDP": {
        "close": 27.40999984741211,
        "sma200": 30.160249834060668,
        "sma50": 27.619845542907715,
        "rsi_weekly": 45.19058135720374,
        "rsi_monthly": 32.29931476755183,
        "52w_high": 34.8560791015625,
        "52w_low": 0
    },
    "KEY": {
        "close": 21.170000076293945,
        "sma200": 17.488967905044557,
        "sma50": 19.55655086517334,
        "rsi_weekly": 70.0641789573803,
        "rsi_monthly": 67.78411985519274,
        "52w_high": 21.56999969482422,
        "52w_low": 0
    },
    "KEYS": {
        "close": 214.1999969482422,
        "sma200": 170.76309982299804,
        "sma50": 198.70739990234375,
        "rsi_weekly": 66.29917277013719,
        "rsi_monthly": 71.44103933425825,
        "52w_high": 214.5,
        "52w_low": 0
    },
    "KMB": {
        "close": 99.31999969482422,
        "sma200": 120.84532005310058,
        "sma50": 101.81831161499024,
        "rsi_weekly": 28.048463188294626,
        "rsi_monthly": 35.427445791416616,
        "52w_high": 142.86663818359375,
        "52w_low": 0
    },
    "KIM": {
        "close": 21.059999465942383,
        "sma200": 20.641689291000365,
        "sma50": 20.233431777954102,
        "rsi_weekly": 47.8205217337166,
        "rsi_monthly": 44.26789049678398,
        "52w_high": 22.46935272216797,
        "52w_low": 0
    },
    "KMI": {
        "close": 27.959999084472656,
        "sma200": 26.903777475357057,
        "sma50": 27.04979995727539,
        "rsi_weekly": 51.168772866068124,
        "rsi_monthly": 67.71468424456026,
        "52w_high": 29.90215492248535,
        "52w_low": 0
    },
    "KLAC": {
        "close": 1567.8199462890625,
        "sma200": 979.002428894043,
        "sma50": 1245.76890625,
        "rsi_weekly": 75.02660514277409,
        "rsi_monthly": 84.62335931959096,
        "52w_high": 1567.8199462890625,
        "52w_low": 0
    }
}