{
    "last_scan_index": 500,
    "AAPL": {
        "close": 260.25,
        "sma200": 232.99837623596193,
        "sma50": 272.3954052734375,
        "rsi_weekly": 53.76185310450583,
        "rsi_monthly": 65.05593114480125,
        "52w_high": 286.19000244140625,
        "52w_low": 0
    },
    "NVDA": {
        "close": 184.94000244140625,
        "sma200": 162.5287424850464,
        "sma50": 185.92717041015624,
        "rsi_weekly": 55.83253737909531,
        "rsi_monthly": 76.3624771682593,
        "52w_high": 207.02847290039062,
        "52w_low": 0
    },
    "TSLA": {
        "close": 448.9599914550781,
        "sma200": 365.63305015563964,
        "sma50": 444.0052014160156,
        "rsi_weekly": 57.433070397524055,
        "rsi_monthly": 70.21254147643917,
        "52w_high": 489.8800048828125,
        "52w_low": 0
    },
    "MSFT": {
        "close": 477.17999267578125,
        "sma200": 479.41623458862307,
        "sma50": 489.1177075195312,
        "rsi_weekly": 46.92493287614169,
        "rsi_monthly": 64.94485663215184,
        "52w_high": 541.057373046875,
        "52w_low": 0
    },
    "AMD": {
        "close": 207.69000244140625,
        "sma200": 166.2462997817993,
        "sma50": 222.8441995239258,
        "rsi_weekly": 52.90812131363197,
        "rsi_monthly": 69.38721493424931,
        "52w_high": 264.3299865722656,
        "52w_low": 0
    },
    "WFC": {
        "close": 94.95999908447266,
        "sma200": 79.92730297088623,
        "sma50": 89.56996688842773,
        "rsi_weekly": 69.17655877217558,
        "rsi_monthly": 85.74285530260175,
        "52w_high": 96.38999938964844,
        "52w_low": 0
    },
    "WELL": {
        "close": 186.67999267578125,
        "sma200": 166.56928848266602,
        "sma50": 191.8696176147461,
        "rsi_weekly": 57.45490135574282,
        "rsi_monthly": 76.39006340884104,
        "52w_high": 208.22000122070312,
        "52w_low": 0
    },
    "WST": {
        "close": 272.9100036621094,
        "sma200": 244.3758053588867,
        "sma50": 273.6429888916016,
        "rsi_weekly": 55.58313833975301,
        "rsi_monthly": 37.31548693645607,
        "52w_high": 346.743408203125,
        "52w_low": 0
    },
    "WDC": {
        "close": 212.13999938964844,
        "sma200": 96.9070768737793,
        "sma50": 169.71249114990235,
        "rsi_weekly": 80.9757073732998,
        "rsi_monthly": 90.96429210927587,
        "52w_high": 219.3800048828125,
        "52w_low": 0
    },
    "WY": {
        "close": 25.75,
        "sma200": 24.62911749839783,
        "sma50": 22.826262054443358,
        "rsi_weekly": 58.719676235125725,
        "rsi_monthly": 50.91971078906028,
        "52w_high": 30.38091468811035,
        "52w_low": 0
    },
    "WHR": {
        "close": 83.94000244140625,
        "sma200": 81.29371299743653,
        "sma50": 73.81768966674805,
        "rsi_weekly": 54.17875480686472,
        "rsi_monthly": 41.21447932277191,
        "52w_high": 125.2857894897461,
        "52w_low": 0
    },
    "WMB": {
        "close": 59.560001373291016,
        "sma200": 58.58239555358887,
        "sma50": 59.57203956604004,
        "rsi_weekly": 52.89530003552223,
        "rsi_monthly": 68.9413948293778,
        "52w_high": 63.950782775878906,
        "52w_low": 0
    },
    "WTW": {
        "close": 329.45001220703125,
        "sma200": 319.5096078491211,
        "sma50": 323.6909649658203,
        "rsi_weekly": 54.02934960755581,
        "rsi_monthly": 72.65668992868905,
        "52w_high": 348.96490478515625,
        "52w_low": 0
    },
    "WYNN": {
        "close": 116.83999633789062,
        "sma200": 107.92858352661133,
        "sma50": 123.64556549072266,
        "rsi_weekly": 50.672293497024434,
        "rsi_monthly": 71.0733649989075,
        "52w_high": 133.08999633789062,
        "52w_low": 0
    },
    "XEL": {
        "close": 74.0,
        "sma200": 72.51930355072021,
        "sma50": 76.9177848815918,
        "rsi_weekly": 48.85426689663533,
        "rsi_monthly": 40.88569724645324,
        "52w_high": 81.4811019897461,
        "52w_low": 0
    },
    "XYL": {
        "close": 139.0800018310547,
        "sma200": 134.05419048309327,
        "sma50": 141.44799591064452,
        "rsi_weekly": 51.57931226585564,
        "rsi_monthly": 70.20165550218526,
        "52w_high": 152.51864624023438,
        "52w_low": 0
    },
    "YUM": {
        "close": 156.9199981689453,
        "sma200": 146.35139808654785,
        "sma50": 149.557197265625,
        "rsi_weekly": 57.83949369940525,
        "rsi_monthly": 68.39966144881353,
        "52w_high": 160.19668579101562,
        "52w_low": 0
    },
    "ZBRA": {
        "close": 264.42999267578125,
        "sma200": 285.1263999938965,
        "sma50": 253.71239959716797,
        "rsi_weekly": 43.47212305022625,
        "rsi_monthly": 56.08681742013676,
        "52w_high": 421.1099853515625,
        "52w_low": 0
    },
    "ZBH": {
        "close": 91.44999694824219,
        "sma200": 96.47723056793212,
        "sma50": 92.10964508056641,
        "rsi_weekly": 46.78908899122904,
        "rsi_monthly": 35.430337316904144,
        "52w_high": 112.31304931640625,
        "52w_low": 0
    },
    "ZTS": {
        "close": 125.31999969482422,
        "sma200": 145.5304047012329,
        "sma50": 123.97020065307618,
        "rsi_weekly": 40.33567431062182,
        "rsi_monthly": 45.49907869757284,
        "52w_high": 173.89024353027344,
        "52w_low": 0
    }
}