{
    "last_scan_index": 225,
    "AAPL": {
        "close": 259.3699951171875,
        "sma200": 232.80100128173828,
        "sma50": 272.57918151855466,
        "rsi_weekly": 63.04886283312714,
        "rsi_monthly": 65.05599236797715,
        "52w_high": 286.19000244140625,
        "52w_low": 0
    },
    "NVDA": {
        "close": 184.86000061035156,
        "sma200": 162.17273944854736,
        "sma50": 186.36893981933594,
        "rsi_weekly": 58.648705859500055,
        "rsi_monthly": 76.3624731776205,
        "52w_high": 207.02847290039062,
        "52w_low": 0
    },
    "TSLA": {
        "close": 445.010009765625,
        "sma200": 364.7485501861572,
        "sma50": 444.2562017822266,
        "rsi_weekly": 56.31157929953819,
        "rsi_monthly": 70.21254147643917,
        "52w_high": 489.8800048828125,
        "52w_low": 0
    },
    "MSFT": {
        "close": 479.2799987792969,
        "sma200": 478.9697885131836,
        "sma50": 490.38487426757814,
        "rsi_weekly": 44.49072419954978,
        "rsi_monthly": 64.94484467175725,
        "52w_high": 541.057373046875,
        "52w_low": 0
    },
    "AMD": {
        "close": 203.1699981689453,
        "sma200": 165.75879978179933,
        "sma50": 223.97699920654296,
        "rsi_weekly": 60.71614808686848,
        "rsi_monthly": 69.38721493424931,
        "52w_high": 264.3299865722656,
        "52w_low": 0
    },
    "FTV": {
        "close": 55.0,
        "sma200": 51.270804271698,
        "sma50": 53.259905624389646,
        "rsi_weekly": 62.96043229594369,
        "rsi_monthly": 66.79454305004715,
        "52w_high": 62.253089904785156,
        "52w_low": 0
    },
    "FOXA": {
        "close": 73.68000030517578,
        "sma200": 58.991756439208984,
        "sma50": 68.83100036621094,
        "rsi_weekly": 74.34342793213166,
        "rsi_monthly": 72.54536834891651,
        "52w_high": 76.11000061035156,
        "52w_low": 0
    },
    "FOX": {
        "close": 66.41999816894531,
        "sma200": 53.56357810974121,
        "sma50": 61.44560020446777,
        "rsi_weekly": 73.03122973287277,
        "rsi_monthly": 68.72104026678093,
        "52w_high": 67.76000213623047,
        "52w_low": 0
    },
    "BEN": {
        "close": 25.65999984741211,
        "sma200": 22.20186382293701,
        "sma50": 22.949281311035158,
        "rsi_weekly": 58.780898623935705,
        "rsi_monthly": 61.448870605957346,
        "52w_high": 25.65999984741211,
        "52w_low": 0
    },
    "FCX": {
        "close": 56.529998779296875,
        "sma200": 41.79448352813721,
        "sma50": 45.563000183105466,
        "rsi_weekly": 66.8248536664597,
        "rsi_monthly": 55.83358520388873,
        "52w_high": 56.529998779296875,
        "52w_low": 0
    },
    "GRMN": {
        "close": 212.25,
        "sma200": 213.96333389282228,
        "sma50": 201.99083984375,
        "rsi_weekly": 43.76355251267523,
        "rsi_monthly": 64.91600912666325,
        "52w_high": 258.6608581542969,
        "52w_low": 0
    },
    "IT": {
        "close": 248.02000427246094,
        "sma200": 315.82375045776365,
        "sma50": 238.23580047607422,
        "rsi_weekly": 35.08419297670527,
        "rsi_monthly": 33.00686951680514,
        "52w_high": 548.3800048828125,
        "52w_low": 0
    },
    "GE": {
        "close": 321.5899963378906,
        "sma200": 264.99053993225095,
        "sma50": 303.2329150390625,
        "rsi_weekly": 66.96813625708508,
        "rsi_monthly": 86.92090720639342,
        "52w_high": 327.5400085449219,
        "52w_low": 0
    },
    "GEV": {
        "close": 622.5,
        "sma200": 543.1588302612305,
        "sma50": 616.7945642089844,
        "rsi_weekly": 68.70366157877378,
        "rsi_monthly": 81.470946029228,
        "52w_high": 722.468017578125,
        "52w_low": 0
    },
    "GEHC": {
        "close": 87.27999877929688,
        "sma200": 74.50550514221192,
        "sma50": 79.90035751342774,
        "rsi_weekly": 58.22778885729196,
        "rsi_monthly": 77.22895468071913,
        "52w_high": 93.30925750732422,
        "52w_low": 0
    },
    "GEN": {
        "close": 26.959999084472656,
        "sma200": 27.80137640953064,
        "sma50": 26.72283191680908,
        "rsi_weekly": 41.88745487222978,
        "rsi_monthly": 40.52958442834434,
        "52w_high": 31.882293701171875,
        "52w_low": 0
    },
    "GNRC": {
        "close": 152.77999877929688,
        "sma200": 152.50284996032715,
        "sma50": 151.8343994140625,
        "rsi_weekly": 41.307934264939504,
        "rsi_monthly": 46.472430900903376,
        "52w_high": 202.85000610351562,
        "52w_low": 0
    },
    "GD": {
        "close": 353.8900146484375,
        "sma200": 309.8132021331787,
        "sma50": 342.5258013916016,
        "rsi_weekly": 64.74521192223206,
        "rsi_monthly": 76.9309885838532,
        "52w_high": 360.7099914550781,
        "52w_low": 0
    },
    "GIS": {
        "close": 44.599998474121094,
        "sma200": 49.46634918212891,
        "sma50": 45.914480209350586,
        "rsi_weekly": 36.73057388424565,
        "rsi_monthly": 26.675030865717922,
        "52w_high": 62.18781280517578,
        "52w_low": 0
    },
    "GM": {
        "close": 82.87000274658203,
        "sma200": 58.32748155593872,
        "sma50": 75.72723281860351,
        "rsi_weekly": 76.72826604176812,
        "rsi_monthly": 85.79250888180744,
        "52w_high": 85.12999725341797,
        "52w_low": 0
    },
    "GPC": {
        "close": 128.33999633789062,
        "sma200": 126.13388954162598,
        "sma50": 126.52051910400391,
        "rsi_weekly": 43.71604154613569,
        "rsi_monthly": 59.50713916024722,
        "52w_high": 141.64169311523438,
        "52w_low": 0
    },
    "GILD": {
        "close": 121.0999984741211,
        "sma200": 112.78710563659668,
        "sma50": 122.35952865600586,
        "rsi_weekly": 57.11917032568442,
        "rsi_monthly": 60.16939204053033,
        "52w_high": 127.22968292236328,
        "52w_low": 0
    },
    "GPN": {
        "close": 79.5199966430664,
        "sma200": 81.10007068634033,
        "sma50": 77.65207336425782,
        "rsi_weekly": 42.28540397247224,
        "rsi_monthly": 29.92314791014956,
        "52w_high": 111.57888793945312,
        "52w_low": 0
    },
    "GL": {
        "close": 141.9499969482422,
        "sma200": 130.66360721588134,
        "sma50": 135.51568634033202,
        "rsi_weekly": 56.49380809891841,
        "rsi_monthly": 67.2847337352063,
        "52w_high": 145.98092651367188,
        "52w_low": 0
    },
    "GS": {
        "close": 938.97998046875,
        "sma200": 711.7691714477539,
        "sma50": 845.6782446289062,
        "rsi_weekly": 78.0373037239217,
        "rsi_monthly": 84.555760136739,
        "52w_high": 955.469970703125,
        "52w_low": 0
    },
    "HAL": {
        "close": 32.630001068115234,
        "sma200": 23.220943012237548,
        "sma50": 27.777420387268066,
        "rsi_weekly": 65.23423665720074,
        "rsi_monthly": 48.84581507872552,
        "52w_high": 32.630001068115234,
        "52w_low": 0
    },
    "HIG": {
        "close": 136.25999450683594,
        "sma200": 127.50025230407715,
        "sma50": 133.74375732421876,
        "rsi_weekly": 59.920468514140715,
        "rsi_monthly": 75.9289605346323,
        "52w_high": 139.72000122070312,
        "52w_low": 0
    },
    "HAS": {
        "close": 86.72000122070312,
        "sma200": 72.32287919998168,
        "sma50": 80.49357788085938,
        "rsi_weekly": 65.64099372173023,
        "rsi_monthly": 73.03064220988921,
        "52w_high": 89.13999938964844,
        "52w_low": 0
    },
    "HCA": {
        "close": 472.07000732421875,
        "sma200": 404.2848622131348,
        "sma50": 478.1627136230469,
        "rsi_weekly": 61.28304942819903,
        "rsi_monthly": 66.5181124957573,
        "52w_high": 515.0838012695312,
        "52w_low": 0
    }
}