{
    "last_scan_index": 350,
    "AAPL": {
        "close": 259.3699951171875,
        "sma200": 232.80100143432617,
        "sma50": 272.57918151855466,
        "rsi_weekly": 63.04886163039094,
        "rsi_monthly": 65.05593479302064,
        "52w_high": 286.19000244140625,
        "52w_low": 0
    },
    "NVDA": {
        "close": 184.86000061035156,
        "sma200": 162.17273921966552,
        "sma50": 186.36893981933594,
        "rsi_weekly": 58.64870587395463,
        "rsi_monthly": 76.36247348090076,
        "52w_high": 207.02847290039062,
        "52w_low": 0
    },
    "TSLA": {
        "close": 445.010009765625,
        "sma200": 364.7485501861572,
        "sma50": 444.2562017822266,
        "rsi_weekly": 56.31157929953819,
        "rsi_monthly": 70.21254147643917,
        "52w_high": 489.8800048828125,
        "52w_low": 0
    },
    "MSFT": {
        "close": 479.2799987792969,
        "sma200": 478.96978775024417,
        "sma50": 490.38487426757814,
        "rsi_weekly": 44.49072402305892,
        "rsi_monthly": 64.94485319635243,
        "52w_high": 541.057373046875,
        "52w_low": 0
    },
    "AMD": {
        "close": 203.1699981689453,
        "sma200": 165.75879978179933,
        "sma50": 223.97699920654296,
        "rsi_weekly": 60.71614808686848,
        "rsi_monthly": 69.38721493424931,
        "52w_high": 264.3299865722656,
        "52w_low": 0
    },
    "MSI": {
        "close": 383.1400146484375,
        "sma200": 420.42907516479494,
        "sma50": 379.3655682373047,
        "rsi_weekly": 38.0284732284368,
        "rsi_monthly": 51.60523438691012,
        "52w_high": 487.5675354003906,
        "52w_low": 0
    },
    "MSCI": {
        "close": 581.1599731445312,
        "sma200": 558.0089849853516,
        "sma50": 566.2006689453125,
        "rsi_weekly": 50.982212985962086,
        "rsi_monthly": 36.10723262786317,
        "52w_high": 620.4635620117188,
        "52w_low": 0
    },
    "NDAQ": {
        "close": 98.23999786376953,
        "sma200": 87.22244274139405,
        "sma50": 91.36722106933594,
        "rsi_weekly": 64.51971123463221,
        "rsi_monthly": 65.50110116752928,
        "52w_high": 100.69000244140625,
        "52w_low": 0
    },
    "NTAP": {
        "close": 105.38999938964844,
        "sma200": 105.72834564208985,
        "sma50": 110.9241665649414,
        "rsi_weekly": 45.10762754792984,
        "rsi_monthly": 54.73036751682893,
        "52w_high": 125.20184326171875,
        "52w_low": 0
    },
    "NFLX": {
        "close": 89.45999908447266,
        "sma200": 113.23316505432129,
        "sma50": 101.81593994140626,
        "rsi_weekly": 32.539498248207536,
        "rsi_monthly": 56.023247459645084,
        "52w_high": 133.91299438476562,
        "52w_low": 0
    },
    "NEM": {
        "close": 108.98999786376953,
        "sma200": 71.60469442367554,
        "sma50": 93.21851211547852,
        "rsi_weekly": 69.4969519604387,
        "rsi_monthly": 76.17405647791857,
        "52w_high": 109.19999694824219,
        "52w_low": 0
    },
    "NWL": {
        "close": 4.210000038146973,
        "sma200": 4.859386233091354,
        "sma50": 3.6187215662002563,
        "rsi_weekly": 39.489066365751476,
        "rsi_monthly": 28.546731041284993,
        "52w_high": 10.082728385925293,
        "52w_low": 0
    },
    "NWS": {
        "close": 30.200000762939453,
        "sma200": 31.616822032928468,
        "sma50": 29.57560001373291,
        "rsi_weekly": 42.50759899212126,
        "rsi_monthly": 63.47159311385557,
        "52w_high": 35.061614990234375,
        "52w_low": 0
    },
    "NWSA": {
        "close": 26.469999313354492,
        "sma200": 27.677146892547608,
        "sma50": 26.00179985046387,
        "rsi_weekly": 42.15469148580208,
        "rsi_monthly": 62.05953640692679,
        "52w_high": 31.030000686645508,
        "52w_low": 0
    },
    "NEE": {
        "close": 79.88999938964844,
        "sma200": 74.39905530929565,
        "sma50": 82.11803802490235,
        "rsi_weekly": 55.311424428418405,
        "rsi_monthly": 53.79024747916113,
        "52w_high": 86.29000091552734,
        "52w_low": 0
    },
    "NKE": {
        "close": 65.91999816894531,
        "sma200": 65.90368316650391,
        "sma50": 63.39317100524902,
        "rsi_weekly": 46.01950330814301,
        "rsi_monthly": 44.08470930879054,
        "52w_high": 79.84435272216797,
        "52w_low": 0
    },
    "NI": {
        "close": 42.029998779296875,
        "sma200": 40.775491828918454,
        "sma50": 42.29635612487793,
        "rsi_weekly": 52.96654990905755,
        "rsi_monthly": 71.91681540068778,
        "52w_high": 44.130001068115234,
        "52w_low": 0
    },
    "NDSN": {
        "close": 261.2200012207031,
        "sma200": 217.68474197387695,
        "sma50": 236.9679702758789,
        "rsi_weekly": 61.90606220303481,
        "rsi_monthly": 65.82906034304433,
        "52w_high": 261.2200012207031,
        "52w_low": 0
    },
    "NSC": {
        "close": 287.2099914550781,
        "sma200": 266.19727394104007,
        "sma50": 288.22532531738284,
        "rsi_weekly": 57.05945068965408,
        "rsi_monthly": 70.520957281126,
        "52w_high": 299.489990234375,
        "52w_low": 0
    },
    "NTRS": {
        "close": 145.74000549316406,
        "sma200": 119.99566093444824,
        "sma50": 133.47304718017577,
        "rsi_weekly": 68.74858941988259,
        "rsi_monthly": 75.58430222012379,
        "52w_high": 145.74000549316406,
        "52w_low": 0
    },
    "NOC": {
        "close": 618.8200073242188,
        "sma200": 544.2251106262207,
        "sma50": 569.6521508789062,
        "rsi_weekly": 57.15369806160889,
        "rsi_monthly": 68.49367839933657,
        "52w_high": 635.374755859375,
        "52w_low": 0
    },
    "NCLH": {
        "close": 24.530000686645508,
        "sma200": 21.181399984359743,
        "sma50": 20.471400108337402,
        "rsi_weekly": 54.008717570143595,
        "rsi_monthly": 58.01496446523557,
        "52w_high": 29.06999969482422,
        "52w_low": 0
    },
    "NRG": {
        "close": 149.27000427246094,
        "sma200": 149.72565006256104,
        "sma50": 163.67259552001954,
        "rsi_weekly": 56.85894727114285,
        "rsi_monthly": 70.2141929701818,
        "52w_high": 178.04299926757812,
        "52w_low": 0
    },
    "NUE": {
        "close": 163.77000427246094,
        "sma200": 136.16554027557373,
        "sma50": 156.82004272460938,
        "rsi_weekly": 67.79386225553532,
        "rsi_monthly": 59.899655300397214,
        "52w_high": 169.39999389648438,
        "52w_low": 0
    },
    "NVR": {
        "close": 7581.669921875,
        "sma200": 7523.300803222656,
        "sma50": 7360.580390625,
        "rsi_weekly": 41.73829878401096,
        "rsi_monthly": 58.86456260855224,
        "52w_high": 8543.0,
        "52w_low": 0
    },
    "NXPI": {
        "close": 241.14999389648438,
        "sma200": 210.42133293151855,
        "sma50": 214.07968872070313,
        "rsi_weekly": 53.44893693918281,
        "rsi_monthly": 70.08244661260586,
        "52w_high": 245.9499969482422,
        "52w_low": 0
    },
    "ORLY": {
        "close": 93.80000305175781,
        "sma200": 96.3162300491333,
        "sma50": 95.50399963378906,
        "rsi_weekly": 39.28492539392627,
        "rsi_monthly": 60.84178922226018,
        "52w_high": 107.81999969482422,
        "52w_low": 0
    },
    "OXY": {
        "close": 42.86000061035156,
        "sma200": 42.604839687347415,
        "sma50": 41.12684600830078,
        "rsi_weekly": 49.14935265665832,
        "rsi_monthly": 49.73783163567026,
        "52w_high": 51.56443786621094,
        "52w_low": 0
    },
    "ODFL": {
        "close": 173.1300048828125,
        "sma200": 152.1913264846802,
        "sma50": 147.82408615112305,
        "rsi_weekly": 56.87572146913935,
        "rsi_monthly": 62.71264320124264,
        "52w_high": 207.7945098876953,
        "52w_low": 0
    }
}