{
    "last_scan_index": 300,
    "AAPL": {
        "close": 260.25,
        "sma200": 232.99837623596193,
        "sma50": 272.3954052734375,
        "rsi_weekly": 53.76185336223172,
        "rsi_monthly": 65.0559157762278,
        "52w_high": 286.19000244140625,
        "52w_low": 0
    },
    "NVDA": {
        "close": 184.94000244140625,
        "sma200": 162.5287424850464,
        "sma50": 185.92717041015624,
        "rsi_weekly": 55.832537529051834,
        "rsi_monthly": 76.36247520399107,
        "52w_high": 207.02847290039062,
        "52w_low": 0
    },
    "TSLA": {
        "close": 448.9599914550781,
        "sma200": 365.63305015563964,
        "sma50": 444.0052014160156,
        "rsi_weekly": 57.433070397524055,
        "rsi_monthly": 70.21254147643917,
        "52w_high": 489.8800048828125,
        "52w_low": 0
    },
    "MSFT": {
        "close": 477.17999267578125,
        "sma200": 479.4162336730957,
        "sma50": 489.1177075195312,
        "rsi_weekly": 46.92493301880004,
        "rsi_monthly": 64.944870764071,
        "52w_high": 541.057373046875,
        "52w_low": 0
    },
    "AMD": {
        "close": 207.69000244140625,
        "sma200": 166.2462997817993,
        "sma50": 222.8441995239258,
        "rsi_weekly": 52.90812131363197,
        "rsi_monthly": 69.38721493424931,
        "52w_high": 264.3299865722656,
        "52w_low": 0
    },
    "KHC": {
        "close": 23.389999389648438,
        "sma200": 25.877557849884035,
        "sma50": 24.310278167724608,
        "rsi_weekly": 36.13335886193577,
        "rsi_monthly": 26.123276288525116,
        "52w_high": 30.794836044311523,
        "52w_low": 0
    },
    "KR": {
        "close": 61.11000061035156,
        "sma200": 67.22888534545899,
        "sma50": 63.745413284301755,
        "rsi_weekly": 35.86523603391167,
        "rsi_monthly": 64.22845354551859,
        "52w_high": 73.58164978027344,
        "52w_low": 0
    },
    "LHX": {
        "close": 340.67999267578125,
        "sma200": 263.8379941558838,
        "sma50": 291.134990234375,
        "rsi_weekly": 79.20814878851594,
        "rsi_monthly": 72.32700428649012,
        "52w_high": 340.67999267578125,
        "52w_low": 0
    },
    "LH": {
        "close": 250.38999938964844,
        "sma200": 257.48925582885744,
        "sma50": 258.4655383300781,
        "rsi_weekly": 44.125980809116044,
        "rsi_monthly": 48.85782353672178,
        "52w_high": 290.1536865234375,
        "52w_low": 0
    },
    "LRCX": {
        "close": 220.39999389648438,
        "sma200": 116.1716683959961,
        "sma50": 166.6054150390625,
        "rsi_weekly": 84.17096874985492,
        "rsi_monthly": 86.09798972534584,
        "52w_high": 220.39999389648438,
        "52w_low": 0
    },
    "LW": {
        "close": 41.43000030517578,
        "sma200": 54.72924108505249,
        "sma50": 54.117599716186525,
        "rsi_weekly": 30.891056142078387,
        "rsi_monthly": 29.530328060545763,
        "52w_high": 66.17394256591797,
        "52w_low": 0
    },
    "LVS": {
        "close": 59.88999938964844,
        "sma200": 50.992112197875976,
        "sma50": 65.07981719970704,
        "rsi_weekly": 51.93611205271895,
        "rsi_monthly": 73.17663859764852,
        "52w_high": 69.48999786376953,
        "52w_low": 0
    },
    "LDOS": {
        "close": 195.60000610351562,
        "sma200": 170.3297608947754,
        "sma50": 189.42477630615235,
        "rsi_weekly": 63.6246750120806,
        "rsi_monthly": 76.45757433919455,
        "52w_high": 199.09774780273438,
        "52w_low": 0
    },
    "LEN": {
        "close": 120.9000015258789,
        "sma200": 116.99108860015869,
        "sma50": 117.55160034179687,
        "rsi_weekly": 49.525103774215594,
        "rsi_monthly": 46.58846528571656,
        "52w_high": 141.796142578125,
        "52w_low": 0
    },
    "LLY": {
        "close": 1081.0,
        "sma200": 832.9470526123047,
        "sma50": 1027.7554797363282,
        "rsi_weekly": 65.91395784969598,
        "rsi_monthly": 75.41243081258587,
        "52w_high": 1109.93994140625,
        "52w_low": 0
    },
    "LIN": {
        "close": 443.6300048828125,
        "sma200": 449.7305647277832,
        "sma50": 417.80833984375,
        "rsi_weekly": 52.62316249722942,
        "rsi_monthly": 66.37434145878721,
        "52w_high": 481.8155212402344,
        "52w_low": 0
    },
    "LYV": {
        "close": 148.85000610351562,
        "sma200": 146.2710500717163,
        "sma50": 139.65700134277344,
        "rsi_weekly": 50.27224029813544,
        "rsi_monthly": 63.96659478076111,
        "52w_high": 174.05999755859375,
        "52w_low": 0
    },
    "LKQ": {
        "close": 33.20000076293945,
        "sma200": 33.75833727836609,
        "sma50": 30.261838188171385,
        "rsi_weekly": 55.34766868724647,
        "rsi_monthly": 57.29197869998342,
        "52w_high": 42.58024597167969,
        "52w_low": 0
    },
    "LMT": {
        "close": 551.239990234375,
        "sma200": 462.8076838684082,
        "sma50": 474.5733294677734,
        "rsi_weekly": 69.97623616332632,
        "rsi_monthly": 55.56438171462804,
        "52w_high": 551.239990234375,
        "52w_low": 0
    },
    "L": {
        "close": 104.5199966430664,
        "sma200": 95.45667682647705,
        "sma50": 104.63426559448243,
        "rsi_weekly": 61.03293220193275,
        "rsi_monthly": 77.67722356654335,
        "52w_high": 108.26000213623047,
        "52w_low": 0
    },
    "LOW": {
        "close": 270.8900146484375,
        "sma200": 235.59891059875488,
        "sma50": 241.40500061035155,
        "rsi_weekly": 62.942468077190654,
        "rsi_monthly": 70.0480404771018,
        "52w_high": 271.6842041015625,
        "52w_low": 0
    },
    "LULU": {
        "close": 209.0399932861328,
        "sma200": 219.45169906616212,
        "sma50": 188.32359832763672,
        "rsi_weekly": 49.883817431229666,
        "rsi_monthly": 42.09858213970717,
        "52w_high": 421.1600036621094,
        "52w_low": 0
    },
    "LYB": {
        "close": 48.20000076293945,
        "sma200": 50.991669750213624,
        "sma50": 44.12027801513672,
        "rsi_weekly": 50.17975004569773,
        "rsi_monthly": 40.85137154035518,
        "52w_high": 71.61602020263672,
        "52w_low": 0
    },
    "MTB": {
        "close": 211.5500030517578,
        "sma200": 186.37873695373534,
        "sma50": 195.4737405395508,
        "rsi_weekly": 67.23228059720209,
        "rsi_monthly": 63.98926061877082,
        "52w_high": 213.61000061035156,
        "52w_low": 0
    },
    "MPC": {
        "close": 175.5399932861328,
        "sma200": 169.532403717041,
        "sma50": 183.82963653564454,
        "rsi_weekly": 49.44488518777777,
        "rsi_monthly": 53.0291338022509,
        "52w_high": 199.1273956298828,
        "52w_low": 0
    },
    "MKTX": {
        "close": 170.10000610351562,
        "sma200": 193.43221046447755,
        "sma50": 171.23614837646485,
        "rsi_weekly": 41.399914071358246,
        "rsi_monthly": 36.243758178838085,
        "52w_high": 228.35679626464844,
        "52w_low": 0
    },
    "MAR": {
        "close": 323.3500061035156,
        "sma200": 268.9351100921631,
        "sma50": 298.54802795410154,
        "rsi_weekly": 68.85914487909146,
        "rsi_monthly": 71.95655940184938,
        "52w_high": 328.17999267578125,
        "52w_low": 0
    },
    "MMC": {
        "close": 185.6300048828125,
        "sma200": 204.71095352172853,
        "sma50": 182.98279907226564,
        "rsi_weekly": 42.217940654529606,
        "rsi_monthly": 50.495916688644456,
        "52w_high": 242.1346435546875,
        "52w_low": 0
    },
    "MLM": {
        "close": 663.7100219726562,
        "sma200": 582.1317959594727,
        "sma50": 621.8616918945313,
        "rsi_weekly": 70.55454019328347,
        "rsi_monthly": 75.61378144100011,
        "52w_high": 666.6699829101562,
        "52w_low": 0
    }
}