{
    "last_scan_index": 400,
    "AAPL": {
        "close": 260.3299865722656,
        "sma200": 232.42377754211427,
        "sma50": 272.95676391601563,
        "rsi_weekly": 63.048862238703784,
        "rsi_monthly": 65.05593598724228,
        "52w_high": 286.19000244140625,
        "52w_low": 0
    },
    "NVDA": {
        "close": 189.11000061035156,
        "sma200": 161.53351978302,
        "sma50": 186.8209030151367,
        "rsi_weekly": 58.64870598306804,
        "rsi_monthly": 76.36247334428553,
        "52w_high": 207.02847290039062,
        "52w_low": 0
    },
    "TSLA": {
        "close": 431.4100036621094,
        "sma200": 363.17715034484866,
        "sma50": 444.89940185546874,
        "rsi_weekly": 56.31157929953819,
        "rsi_monthly": 70.21254147643917,
        "52w_high": 489.8800048828125,
        "52w_low": 0
    },
    "MSFT": {
        "close": 483.4700012207031,
        "sma200": 478.1030221557617,
        "sma50": 492.66876403808595,
        "rsi_weekly": 44.490724062130234,
        "rsi_monthly": 64.94486888113822,
        "52w_high": 541.057373046875,
        "52w_low": 0
    },
    "AMD": {
        "close": 210.02000427246094,
        "sma200": 164.86284980773925,
        "sma50": 226.1735998535156,
        "rsi_weekly": 60.71614808686848,
        "rsi_monthly": 69.38721493424931,
        "52w_high": 264.3299865722656,
        "52w_low": 0
    },
    "PFG": {
        "close": 90.87999725341797,
        "sma200": 79.4814123916626,
        "sma50": 85.7090756225586,
        "rsi_weekly": 66.39217215775683,
        "rsi_monthly": 65.68603356836714,
        "52w_high": 91.80000305175781,
        "52w_low": 0
    },
    "PG": {
        "close": 138.0399932861328,
        "sma200": 154.21429878234864,
        "sma50": 145.5974008178711,
        "rsi_weekly": 36.029354098385184,
        "rsi_monthly": 42.97763494819572,
        "52w_high": 172.77017211914062,
        "52w_low": 0
    },
    "PGR": {
        "close": 209.10000610351562,
        "sma200": 233.94448448181151,
        "sma50": 209.75928009033203,
        "rsi_weekly": 43.61054438949411,
        "rsi_monthly": 56.734778230753356,
        "52w_high": 273.5130310058594,
        "52w_low": 0
    },
    "PLD": {
        "close": 126.9000015258789,
        "sma200": 111.8027505493164,
        "sma50": 126.09118392944336,
        "rsi_weekly": 65.38242803037068,
        "rsi_monthly": 67.48232317734944,
        "52w_high": 129.69000244140625,
        "52w_low": 0
    },
    "PRU": {
        "close": 116.8499984741211,
        "sma200": 103.80037982940674,
        "sma50": 109.35941284179688,
        "rsi_weekly": 62.16017189948478,
        "rsi_monthly": 65.30446186102064,
        "52w_high": 117.66999816894531,
        "52w_low": 0
    },
    "PEG": {
        "close": 77.58000183105469,
        "sma200": 80.85677825927735,
        "sma50": 80.585791015625,
        "rsi_weekly": 49.65963114419583,
        "rsi_monthly": 65.55413536001073,
        "52w_high": 88.72160339355469,
        "52w_low": 0
    },
    "PTC": {
        "close": 174.57000732421875,
        "sma200": 182.91339988708495,
        "sma50": 178.6574008178711,
        "rsi_weekly": 38.26453870805651,
        "rsi_monthly": 48.49976701847694,
        "52w_high": 216.52999877929688,
        "52w_low": 0
    },
    "PSA": {
        "close": 265.67999267578125,
        "sma200": 281.74062728881836,
        "sma50": 269.30241638183594,
        "rsi_weekly": 37.56530255394846,
        "rsi_monthly": 43.13086638741232,
        "52w_high": 308.3981628417969,
        "52w_low": 0
    },
    "PHM": {
        "close": 117.29000091552734,
        "sma200": 115.35011257171631,
        "sma50": 121.01391983032227,
        "rsi_weekly": 47.88447945125805,
        "rsi_monthly": 55.686255658224965,
        "52w_high": 140.89910888671875,
        "52w_low": 0
    },
    "QRVO": {
        "close": 81.48999786376953,
        "sma200": 83.04262491226196,
        "sma50": 87.18159957885742,
        "rsi_weekly": 49.846131820847475,
        "rsi_monthly": 64.763389588317,
        "52w_high": 97.41999816894531,
        "52w_low": 0
    },
    "PWR": {
        "close": 436.8900146484375,
        "sma200": 380.9595149230957,
        "sma50": 442.6691162109375,
        "rsi_weekly": 59.748681072603425,
        "rsi_monthly": 75.22279091377905,
        "52w_high": 466.7882995605469,
        "52w_low": 0
    },
    "QCOM": {
        "close": 180.19000244140625,
        "sma200": 158.1109175491333,
        "sma50": 173.48383483886718,
        "rsi_weekly": 55.55491412093799,
        "rsi_monthly": 63.86819065341306,
        "52w_high": 186.72589111328125,
        "52w_low": 0
    },
    "DGX": {
        "close": 178.13999938964844,
        "sma200": 176.60585289001466,
        "sma50": 181.14620025634767,
        "rsi_weekly": 44.64431448962733,
        "rsi_monthly": 52.7281426959338,
        "52w_high": 192.35000610351562,
        "52w_low": 0
    },
    "RL": {
        "close": 360.94000244140625,
        "sma200": 293.61919540405273,
        "sma50": 347.5054229736328,
        "rsi_weekly": 69.57392385627502,
        "rsi_monthly": 84.52632772182143,
        "52w_high": 370.76129150390625,
        "52w_low": 0
    },
    "RJF": {
        "close": 165.14999389648438,
        "sma200": 155.70826480865477,
        "sma50": 160.4072640991211,
        "rsi_weekly": 54.01232817866891,
        "rsi_monthly": 68.49607455019104,
        "52w_high": 175.32736206054688,
        "52w_low": 0
    },
    "RTX": {
        "close": 185.72999572753906,
        "sma200": 153.3920153427124,
        "sma50": 177.38213897705077,
        "rsi_weekly": 71.94547963256221,
        "rsi_monthly": 82.73181089627312,
        "52w_high": 190.39999389648438,
        "52w_low": 0
    },
    "O": {
        "close": 57.349998474121094,
        "sma200": 56.22112598419189,
        "sma50": 56.84121612548828,
        "rsi_weekly": 51.95001408633769,
        "rsi_monthly": 45.68035239064388,
        "52w_high": 59.78767013549805,
        "52w_low": 0
    },
    "REG": {
        "close": 69.98999786376953,
        "sma200": 69.65333490371704,
        "sma50": 68.87874267578125,
        "rsi_weekly": 45.54096663234675,
        "rsi_monthly": 51.84997491118022,
        "52w_high": 74.66251373291016,
        "52w_low": 0
    },
    "REGN": {
        "close": 812.27001953125,
        "sma200": 604.9163354492188,
        "sma50": 723.2235290527344,
        "rsi_weekly": 65.66468550853735,
        "rsi_monthly": 54.970049562418126,
        "52w_high": 812.27001953125,
        "52w_low": 0
    },
    "RF": {
        "close": 28.459999084472656,
        "sma200": 23.87634673118591,
        "sma50": 25.87508171081543,
        "rsi_weekly": 65.19409395523347,
        "rsi_monthly": 65.85490316585845,
        "52w_high": 28.709999084472656,
        "52w_low": 0
    },
    "RSG": {
        "close": 209.0800018310547,
        "sma200": 230.60958137512208,
        "sma50": 211.59581604003907,
        "rsi_weekly": 37.43997341255178,
        "rsi_monthly": 61.447355772445896,
        "52w_high": 255.99310302734375,
        "52w_low": 0
    },
    "RMD": {
        "close": 248.2100067138672,
        "sma200": 253.96576004028321,
        "sma50": 248.84742126464843,
        "rsi_weekly": 42.38614024307932,
        "rsi_monthly": 41.173231670699565,
        "52w_high": 293.03302001953125,
        "52w_low": 0
    },
    "RVTY": {
        "close": 102.98999786376953,
        "sma200": 94.15273128509521,
        "sma50": 97.46139984130859,
        "rsi_weekly": 52.23149804690902,
        "rsi_monthly": 49.667266638961934,
        "52w_high": 126.55814361572266,
        "52w_low": 0
    },
    "RHI": {
        "close": 27.850000381469727,
        "sma200": 36.23876088142395,
        "sma50": 26.912828941345214,
        "rsi_weekly": 29.917847769974045,
        "rsi_monthly": 25.484675953222194,
        "52w_high": 67.13592529296875,
        "52w_low": 0
    },