{
    "last_scan_index": 400,
    "AAPL": {
        "close": 257.2974853515625,
        "sma200": 232.61037628173827,
        "sma50": 272.7317205810547,
        "rsi_weekly": 63.04886257728172,
        "rsi_monthly": 65.05591467459982,
        "52w_high": 286.19000244140625,
        "52w_low": 0
    },
    "NVDA": {
        "close": 184.6199951171875,
        "sma200": 161.84967975616456,
        "sma50": 186.68371612548827,
        "rsi_weekly": 58.648705742841145,
        "rsi_monthly": 76.36247597827106,
        "52w_high": 207.02847290039062,
        "52w_low": 0
    },
    "TSLA": {
        "close": 434.5871887207031,
        "sma200": 363.95813621520995,
        "sma50": 444.5427453613281,
        "rsi_weekly": 56.31157929953819,
        "rsi_monthly": 70.21254147643917,
        "52w_high": 489.8800048828125,
        "52w_low": 0
    },
    "MSFT": {
        "close": 478.7560119628906,
        "sma200": 478.54188232421876,
        "sma50": 491.63334228515623,
        "rsi_weekly": 44.49072426581458,
        "rsi_monthly": 64.94486655693873,
        "52w_high": 541.057373046875,
        "52w_low": 0
    },
    "AMD": {
        "close": 204.85000610351562,
        "sma200": 165.31784984588623,
        "sma50": 225.07719970703124,
        "rsi_weekly": 60.71614808686848,
        "rsi_monthly": 69.38721493424931,
        "52w_high": 264.3299865722656,
        "52w_low": 0
    },
    "PFG": {
        "close": 92.16999816894531,
        "sma200": 79.52819358825684,
        "sma50": 85.97598556518555,
        "rsi_weekly": 66.39217166265706,
        "rsi_monthly": 65.686029978337,
        "52w_high": 92.16999816894531,
        "52w_low": 0
    },
    "PG": {
        "close": 141.0749969482422,
        "sma200": 154.1078224182129,
        "sma50": 145.38410064697266,
        "rsi_weekly": 36.029352381803015,
        "rsi_monthly": 42.977566217725084,
        "52w_high": 172.77015686035156,
        "52w_low": 0
    },
    "PGR": {
        "close": 213.82000732421875,
        "sma200": 233.72688552856445,
        "sma50": 209.9625860595703,
        "rsi_weekly": 43.61054342228009,
        "rsi_monthly": 56.734798170639515,
        "52w_high": 273.5130310058594,
        "52w_low": 0
    },
    "PLD": {
        "close": 129.0800018310547,
        "sma200": 111.91107372283936,
        "sma50": 126.15083053588867,
        "rsi_weekly": 65.38242930997343,
        "rsi_monthly": 67.48234584904105,
        "52w_high": 129.69000244140625,
        "52w_low": 0
    },
    "PRU": {
        "close": 119.41000366210938,
        "sma200": 103.85258800506591,
        "sma50": 109.73007385253906,
        "rsi_weekly": 62.16016987435368,
        "rsi_monthly": 65.30448131833857,
        "52w_high": 119.41000366210938,
        "52w_low": 0
    },
    "PEG": {
        "close": 78.0,
        "sma200": 80.83990577697755,
        "sma50": 80.49004547119141,
        "rsi_weekly": 49.65963109322751,
        "rsi_monthly": 65.55413964308741,
        "52w_high": 88.72160339355469,
        "52w_low": 0
    },
    "PTC": {
        "close": 173.0850067138672,
        "sma200": 182.97157493591308,
        "sma50": 178.0535009765625,
        "rsi_weekly": 38.26453870805651,
        "rsi_monthly": 48.49976701847694,
        "52w_high": 216.52999877929688,
        "52w_low": 0
    },
    "PSA": {
        "close": 271.8299865722656,
        "sma200": 281.67061141967775,
        "sma50": 268.7977520751953,
        "rsi_weekly": 37.56530334833444,
        "rsi_monthly": 43.130779939806835,
        "52w_high": 308.3981628417969,
        "52w_low": 0
    },
    "PHM": {
        "close": 122.18499755859375,
        "sma200": 115.43486930847168,
        "sma50": 121.05656448364257,
        "rsi_weekly": 47.88447968272328,
        "rsi_monthly": 55.68626496558867,
        "52w_high": 140.89910888671875,
        "52w_low": 0
    },
    "QRVO": {
        "close": 83.02999877929688,
        "sma200": 83.0932248878479,
        "sma50": 86.999599609375,
        "rsi_weekly": 49.846131820847475,
        "rsi_monthly": 64.763389588317,
        "52w_high": 97.41999816894531,
        "52w_low": 0
    },
    "PWR": {
        "close": 422.42999267578125,
        "sma200": 381.68125694274903,
        "sma50": 442.28361938476564,
        "rsi_weekly": 59.74868186452939,
        "rsi_monthly": 75.22279855477078,
        "52w_high": 466.7882995605469,
        "52w_low": 0
    },
    "QCOM": {
        "close": 182.7530059814453,
        "sma200": 158.2375857925415,
        "sma50": 173.40437713623047,
        "rsi_weekly": 55.554914121440284,
        "rsi_monthly": 63.868202453121185,
        "52w_high": 186.72589111328125,
        "52w_low": 0
    },
    "DGX": {
        "close": 177.66250610351562,
        "sma200": 176.66902099609376,
        "sma50": 181.09425048828126,
        "rsi_weekly": 44.6443143867809,
        "rsi_monthly": 52.72814321432427,
        "52w_high": 192.35000610351562,
        "52w_low": 0
    },
    "RL": {
        "close": 367.80999755859375,
        "sma200": 294.29277854919434,
        "sma50": 348.12727294921876,
        "rsi_weekly": 69.57392460018022,
        "rsi_monthly": 84.52632985761613,
        "52w_high": 370.76129150390625,
        "52w_low": 0
    },
    "RJF": {
        "close": 167.44000244140625,
        "sma200": 155.8301272201538,
        "sma50": 160.53253997802733,
        "rsi_weekly": 54.0123292616678,
        "rsi_monthly": 68.4960805570236,
        "52w_high": 175.32736206054688,
        "52w_low": 0
    },
    "RTX": {
        "close": 186.92999267578125,
        "sma200": 153.66219524383544,
        "sma50": 177.55005126953125,
        "rsi_weekly": 71.94547966283676,
        "rsi_monthly": 82.73183418759605,
        "52w_high": 190.39999389648438,
        "52w_low": 0
    },
    "O": {
        "close": 58.404998779296875,
        "sma200": 56.24460374832153,
        "sma50": 56.818295593261716,
        "rsi_weekly": 51.95001521765302,
        "rsi_monthly": 45.680372900361846,
        "52w_high": 59.78767013549805,
        "52w_low": 0
    },
    "REG": {
        "close": 70.61499786376953,
        "sma200": 69.65518905639648,
        "sma50": 68.84375045776368,
        "rsi_weekly": 45.54096635858142,
        "rsi_monthly": 51.84997448142576,
        "52w_high": 74.66252136230469,
        "52w_low": 0
    },
    "REGN": {
        "close": 809.7000122070312,
        "sma200": 605.6738436889649,
        "sma50": 727.7259887695312,
        "rsi_weekly": 65.66468604629833,
        "rsi_monthly": 54.97005067659715,
        "52w_high": 812.27001953125,
        "52w_low": 0
    },
    "RF": {
        "close": 29.141199111938477,
        "sma200": 23.91420069694519,
        "sma50": 25.97815372467041,
        "rsi_weekly": 65.1940982860827,
        "rsi_monthly": 65.85490330718683,
        "52w_high": 29.141199111938477,
        "52w_low": 0
    },
    "RSG": {
        "close": 210.6300048828125,
        "sma200": 230.49506240844727,
        "sma50": 211.40065338134767,
        "rsi_weekly": 37.439973812447946,
        "rsi_monthly": 61.44736264434815,
        "52w_high": 255.99310302734375,
        "52w_low": 0
    },
    "RMD": {
        "close": 250.8000030517578,
        "sma200": 254.1125722503662,
        "sma50": 248.69152313232422,
        "rsi_weekly": 42.386140020265245,
        "rsi_monthly": 41.17322139034221,
        "52w_high": 293.03302001953125,
        "52w_low": 0
    },
    "RVTY": {
        "close": 102.57499694824219,
        "sma200": 94.12386280059815,
        "sma50": 97.56969970703125,
        "rsi_weekly": 52.2314981129455,
        "rsi_monthly": 49.66725418933839,
        "52w_high": 126.55815124511719,
        "52w_low": 0
    },
    "RHI": {
        "close": 27.8700008392334,
        "sma200": 36.11719173431396,
        "sma50": 26.89668384552002,
        "rsi_weekly": 29.917851350245407,
        "rsi_monthly": 25.484745925686035,
        "52w_high": 67.13592529296875,
        "52w_low": 0
    },