{
    "last_scan_index": 425,
    "AAPL": {
        "close": 259.0400085449219,
        "sma200": 232.61908866882325,
        "sma50": 272.7665710449219,
        "rsi_weekly": 63.048862177153154,
        "rsi_monthly": 65.05593520205584,
        "52w_high": 286.19000244140625,
        "52w_low": 0
    },
    "NVDA": {
        "close": 185.0399932861328,
        "sma200": 161.8517797088623,
        "sma50": 186.69211608886718,
        "rsi_weekly": 58.64870594077912,
        "rsi_monthly": 76.36247789337023,
        "52w_high": 207.02847290039062,
        "52w_low": 0
    },
    "TSLA": {
        "close": 435.79998779296875,
        "sma200": 363.9642002105713,
        "sma50": 444.56700134277344,
        "rsi_weekly": 56.31157929953819,
        "rsi_monthly": 70.21254147643917,
        "52w_high": 489.8800048828125,
        "52w_low": 0
    },
    "MSFT": {
        "close": 478.1099853515625,
        "sma200": 478.5386508178711,
        "sma50": 491.6204217529297,
        "rsi_weekly": 44.49072425933811,
        "rsi_monthly": 64.94487003799914,
        "52w_high": 541.057373046875,
        "52w_low": 0
    },
    "AMD": {
        "close": 204.67999267578125,
        "sma200": 165.31699977874757,
        "sma50": 225.07379943847656,
        "rsi_weekly": 60.71614808686848,
        "rsi_monthly": 69.38721493424931,
        "52w_high": 264.3299865722656,
        "52w_low": 0
    },
    "ROL": {
        "close": 60.209999084472656,
        "sma200": 56.95925058364868,
        "sma50": 59.46130470275879,
        "rsi_weekly": 54.36721389664162,
        "rsi_monthly": 72.24757018225938,
        "52w_high": 61.5,
        "52w_low": 0
    },
    "ROP": {
        "close": 434.4700012207031,
        "sma200": 517.6014562988281,
        "sma50": 444.6310711669922,
        "rsi_weekly": 26.191790611028413,
        "rsi_monthly": 36.59478701609067,
        "52w_high": 589.9105224609375,
        "52w_low": 0
    },
    "ROST": {
        "close": 189.27000427246094,
        "sma200": 149.3563195037842,
        "sma50": 173.3032763671875,
        "rsi_weekly": 76.5252769380823,
        "rsi_monthly": 74.96831896106302,
        "52w_high": 189.27000427246094,
        "52w_low": 0
    },
    "RCL": {
        "close": 304.3299865722656,
        "sma200": 282.2181977081299,
        "sma50": 271.71501678466797,
        "rsi_weekly": 49.30965203833374,
        "rsi_monthly": 57.18996239410437,
        "52w_high": 363.48126220703125,
        "52w_low": 0
    },
    "SPGI": {
        "close": 541.5599975585938,
        "sma200": 508.88927139282225,
        "sma50": 503.06970703125,
        "rsi_weekly": 52.373540885160466,
        "rsi_monthly": 47.47775938454135,
        "52w_high": 562.063232421875,
        "52w_low": 0
    },
    "CRM": {
        "close": 260.5299987792969,
        "sma200": 255.724264755249,
        "sma50": 250.1574090576172,
        "rsi_weekly": 49.79220229565575,
        "rsi_monthly": 61.20224881096805,
        "52w_high": 357.6153869628906,
        "52w_low": 0
    },
    "SBAC": {
        "close": 181.36000061035156,
        "sma200": 210.38000854492188,
        "sma50": 192.30887878417968,
        "rsi_weekly": 41.03896476064602,
        "rsi_monthly": 31.933412111872542,
        "52w_high": 239.70611572265625,
        "52w_low": 0
    },
    "SLB": {
        "close": 44.43000030517578,
        "sma200": 35.147269821166994,
        "sma50": 37.66498664855957,
        "rsi_weekly": 61.87815193867761,
        "rsi_monthly": 47.56525095393013,
        "52w_high": 44.43000030517578,
        "52w_low": 0
    },
    "STX": {
        "close": 284.4700012207031,
        "sma200": 178.56078060150148,
        "sma50": 275.06856719970705,
        "rsi_weekly": 68.84193333354723,
        "rsi_monthly": 89.80354160762089,
        "52w_high": 330.4200134277344,
        "52w_low": 0
    },
    "SRE": {
        "close": 88.02999877929688,
        "sma200": 80.92797128677368,
        "sma50": 90.05543533325195,
        "rsi_weekly": 57.820726437355425,
        "rsi_monthly": 58.77789558730636,
        "52w_high": 94.03408813476562,
        "52w_low": 0
    },
    "NOW": {
        "close": 146.19000244140625,
        "sma200": 180.9756394958496,
        "sma50": 164.71355926513672,
        "rsi_weekly": 32.763124657989955,
        "rsi_monthly": 42.4680627861414,
        "52w_high": 234.0780029296875,
        "52w_low": 0
    },
    "SHW": {
        "close": 341.0299987792969,
        "sma200": 343.0627780151367,
        "sma50": 333.8761175537109,
        "rsi_weekly": 43.83123765062635,
        "rsi_monthly": 60.753168090246035,
        "52w_high": 374.35516357421875,
        "52w_low": 0
    },
    "SPG": {
        "close": 184.97999572753906,
        "sma200": 167.65457527160643,
        "sma50": 181.5498959350586,
        "rsi_weekly": 59.47223694938321,
        "rsi_monthly": 72.61051469732034,
        "52w_high": 188.2899932861328,
        "52w_low": 0
    },
    "SWKS": {
        "close": 60.65999984741211,
        "sma200": 68.99640497207642,
        "sma50": 67.07741600036621,
        "rsi_weekly": 43.02241254851219,
        "rsi_monthly": 37.666332122027015,
        "52w_high": 90.16692352294922,
        "52w_low": 0
    },
    "SJM": {
        "close": 97.81999969482422,
        "sma200": 105.59133514404297,
        "sma50": 101.72287826538086,
        "rsi_weekly": 38.51130899265958,
        "rsi_monthly": 28.52801939786146,
        "52w_high": 115.06595611572266,
        "52w_low": 0
    },
    "SNA": {
        "close": 361.30999755859375,
        "sma200": 326.5654606628418,
        "sma50": 342.90412353515626,
        "rsi_weekly": 58.33987178198483,
        "rsi_monthly": 51.62137229706191,
        "52w_high": 361.30999755859375,
        "52w_low": 0
    },
    "SO": {
        "close": 87.22000122070312,
        "sma200": 90.24192546844482,
        "sma50": 88.5643864440918,
        "rsi_weekly": 43.31785470151149,
        "rsi_monthly": 51.197991268450096,
        "52w_high": 98.90631866455078,
        "52w_low": 0
    },
    "LUV": {
        "close": 42.91999816894531,
        "sma200": 32.60784110069275,
        "sma50": 36.37769557952881,
        "rsi_weekly": 70.55545650034567,
        "rsi_monthly": 75.9508468460484,
        "52w_high": 42.91999816894531,
        "52w_low": 0
    },
    "SWK": {
        "close": 81.48999786376953,
        "sma200": 68.6239089012146,
        "sma50": 70.98141815185546,
        "rsi_weekly": 57.01984332340851,
        "rsi_monthly": 41.77163367283569,
        "52w_high": 86.36911010742188,
        "52w_low": 0
    },
    "SBUX": {
        "close": 88.18000030517578,
        "sma200": 86.21049621582031,
        "sma50": 84.76489944458008,
        "rsi_weekly": 46.883677289286624,
        "rsi_monthly": 51.02707786916592,
        "52w_high": 113.42715454101562,
        "52w_low": 0
    },
    "STT": {
        "close": 132.8000030517578,
        "sma200": 106.88917526245118,
        "sma50": 122.09811706542969,
        "rsi_weekly": 70.21488621414338,
        "rsi_monthly": 84.02666168722908,
        "52w_high": 134.32000732421875,
        "52w_low": 0
    },
    "SYK": {
        "close": 367.2099914550781,
        "sma200": 372.6680433654785,
        "sma50": 359.6856530761719,
        "rsi_weekly": 38.99979795706798,
        "rsi_monthly": 56.45558167339356,
        "52w_high": 401.6130676269531,
        "52w_low": 0
    },
    "SYF": {
        "close": 87.7300033569336,
        "sma200": 68.13691576004028,
        "sma50": 79.23372146606445,
        "rsi_weekly": 69.55936258996462,
        "rsi_monthly": 77.20157088725334,
        "52w_high": 88.47000122070312,
        "52w_low": 0
    },
    "SNPS": {
        "close": 514.489990234375,
        "sma200": 491.16710052490237,
        "sma50": 443.64739990234375,
        "rsi_weekly": 50.92149745633561,
        "rsi_monthly": 54.61157390579129,
        "52w_high": 645.3499755859375,
        "52w_low": 0
    }
}