{
    "last_scan_index": 75,
    "AAPL": {
        "close": 260.3299865722656,
        "sma200": 232.42377784729004,
        "sma50": 272.95676391601563,
        "rsi_weekly": 63.04886203793959,
        "rsi_monthly": 65.05593636126642,
        "52w_high": 286.19000244140625,
        "52w_low": 0
    },
    "NVDA": {
        "close": 189.11000061035156,
        "sma200": 161.53351959228516,
        "sma50": 186.8209030151367,
        "rsi_weekly": 58.64870590105398,
        "rsi_monthly": 76.36247626503649,
        "52w_high": 207.02847290039062,
        "52w_low": 0
    },
    "TSLA": {
        "close": 431.4100036621094,
        "sma200": 363.17715034484866,
        "sma50": 444.89940185546874,
        "rsi_weekly": 56.31157929953819,
        "rsi_monthly": 70.21254147643917,
        "52w_high": 489.8800048828125,
        "52w_low": 0
    },
    "MSFT": {
        "close": 483.4700012207031,
        "sma200": 478.1030207824707,
        "sma50": 492.66876403808595,
        "rsi_weekly": 44.490724619831,
        "rsi_monthly": 64.94488874325495,
        "52w_high": 541.057373046875,
        "52w_low": 0
    },
    "AMD": {
        "close": 210.02000427246094,
        "sma200": 164.86284980773925,
        "sma50": 226.1735998535156,
        "rsi_weekly": 60.71614808686848,
        "rsi_monthly": 69.38721493424931,
        "52w_high": 264.3299865722656,
        "52w_low": 0
    },
    "ADP": {
        "close": 261.260009765625,
        "sma200": 287.84979347229006,
        "sma50": 257.34555267333985,
        "rsi_weekly": 33.10957658272903,
        "rsi_monthly": 48.93981548670778,
        "52w_high": 321.4271240234375,
        "52w_low": 0
    },
    "AZO": {
        "close": 3318.080078125,
        "sma200": 3813.113596191406,
        "sma50": 3640.479404296875,
        "rsi_weekly": 33.58807043115551,
        "rsi_monthly": 59.03724331970976,
        "52w_high": 4354.5400390625,
        "52w_low": 0
    },
    "AVB": {
        "close": 179.5,
        "sma200": 190.22197036743165,
        "sma50": 177.79540405273437,
        "rsi_weekly": 44.56984355525637,
        "rsi_monthly": 42.12837971835893,
        "52w_high": 220.14422607421875,
        "52w_low": 0
    },
    "AVY": {
        "close": 180.52999877929688,
        "sma200": 172.15669807434082,
        "sma50": 176.17288848876953,
        "rsi_weekly": 58.577594214822,
        "rsi_monthly": 66.34419923345904,
        "52w_high": 191.8097381591797,
        "52w_low": 0
    },
    "AXON": {
        "close": 620.9099731445312,
        "sma200": 680.9326499938965,
        "sma50": 588.8264025878906,
        "rsi_weekly": 40.36992684015042,
        "rsi_monthly": 60.67064340685401,
        "52w_high": 870.969970703125,
        "52w_low": 0
    },
    "BKR": {
        "close": 48.84000015258789,
        "sma200": 43.000490036010746,
        "sma50": 47.66252456665039,
        "rsi_weekly": 54.39906729638445,
        "rsi_monthly": 63.89122463703214,
        "52w_high": 50.61000061035156,
        "52w_low": 0
    },
    "BALL": {
        "close": 53.529998779296875,
        "sma200": 51.51486658096314,
        "sma50": 49.62747085571289,
        "rsi_weekly": 56.45249616079886,
        "rsi_monthly": 67.9523491094873,
        "52w_high": 59.233028411865234,
        "52w_low": 0
    },
    "BAC": {
        "close": 55.63999938964844,
        "sma200": 47.55308492660522,
        "sma50": 53.768462600708006,
        "rsi_weekly": 67.45022370298898,
        "rsi_monthly": 79.28783699577775,
        "52w_high": 57.25,
        "52w_low": 0
    },
    "BK": {
        "close": 120.44999694824219,
        "sma200": 98.70664848327637,
        "sma50": 112.7695994567871,
        "rsi_weekly": 70.17688967088844,
        "rsi_monthly": 86.43816140894711,
        "52w_high": 121.30999755859375,
        "52w_low": 0
    },
    "BBWI": {
        "close": 21.950000762939453,
        "sma200": 26.529156770706177,
        "sma50": 20.48139705657959,
        "rsi_weekly": 42.08603114612914,
        "rsi_monthly": 45.01091459468793,
        "52w_high": 39.98191452026367,
        "52w_low": 0
    },
    "BAX": {
        "close": 20.399999618530273,
        "sma200": 25.16521747589111,
        "sma50": 18.96781909942627,
        "rsi_weekly": 37.83127397850692,
        "rsi_monthly": 42.3100710741325,
        "52w_high": 36.09501647949219,
        "52w_low": 0
    },
    "BDX": {
        "close": 202.7100067138672,
        "sma200": 186.24813095092773,
        "sma50": 190.8973486328125,
        "rsi_weekly": 53.87524783797803,
        "rsi_monthly": 40.80860204181194,
        "52w_high": 243.80543518066406,
        "52w_low": 0
    },
    "BBY": {
        "close": 68.83000183105469,
        "sma200": 70.36419261932373,
        "sma50": 74.43061492919922,
        "rsi_weekly": 44.191346835610545,
        "rsi_monthly": 57.73043016609632,
        "52w_high": 86.45199584960938,
        "52w_low": 0
    },
    "BIO": {
        "close": 324.0899963378906,
        "sma200": 274.01664939880374,
        "sma50": 312.8121984863281,
        "rsi_weekly": 52.85321926273481,
        "rsi_monthly": 52.914979021456986,
        "52w_high": 367.0,
        "52w_low": 0
    },
    "TECH": {
        "close": 65.05000305175781,
        "sma200": 55.09929527282715,
        "sma50": 60.63268539428711,
        "rsi_weekly": 51.644934051107775,
        "rsi_monthly": 52.7779094255623,
        "52w_high": 78.30477142333984,
        "52w_low": 0
    },
    "BIIB": {
        "close": 186.91000366210938,
        "sma200": 141.96465034484862,
        "sma50": 169.91300048828126,
        "rsi_weekly": 65.41166285497414,
        "rsi_monthly": 30.505703427542805,
        "52w_high": 186.91000366210938,
        "52w_low": 0
    },
    "BLK": {
        "close": 1075.0899658203125,
        "sma200": 1043.042582092285,
        "sma50": 1067.5369360351563,
        "rsi_weekly": 52.33694297516226,
        "rsi_monthly": 67.7674521692963,
        "52w_high": 1196.7647705078125,
        "52w_low": 0
    },
    "BX": {
        "close": 153.58999633789062,
        "sma200": 152.0347341156006,
        "sma50": 149.0225341796875,
        "rsi_weekly": 53.615978891875244,
        "rsi_monthly": 58.11290134996558,
        "52w_high": 187.02017211914062,
        "52w_low": 0
    },
    "BA": {
        "close": 228.1199951171875,
        "sma200": 206.40910026550293,
        "sma50": 203.50320098876952,
        "rsi_weekly": 59.97203070354573,
        "rsi_monthly": 50.75980119696621,
        "52w_high": 237.3800048828125,
        "52w_low": 0
    },
    "BKNG": {
        "close": 5445.72021484375,
        "sma200": 5251.662524414062,
        "sma50": 5132.146220703125,
        "rsi_weekly": 52.915101789093676,
        "rsi_monthly": 59.50380435823653,
        "52w_high": 5794.83740234375,
        "52w_low": 0
    },
    "BWA": {
        "close": 47.45000076293945,
        "sma200": 37.906230535507206,
        "sma50": 44.28263442993164,
        "rsi_weekly": 69.59308906102129,
        "rsi_monthly": 55.54677621419517,
        "52w_high": 47.88999938964844,
        "52w_low": 0
    },
    "BSX": {
        "close": 98.6500015258789,
        "sma200": 100.85730014801025,
        "sma50": 97.92100006103516,
        "rsi_weekly": 43.545718808009184,
        "rsi_monthly": 64.00956665114143,
        "52w_high": 108.13999938964844,
        "52w_low": 0
    },
    "BMY": {
        "close": 56.720001220703125,
        "sma200": 47.204283485412596,
        "sma50": 49.40321350097656,
        "rsi_weekly": 66.81213487188793,
        "rsi_monthly": 63.23713144177614,
        "52w_high": 60.075191497802734,
        "52w_low": 0
    },
    "AVGO": {
        "close": 343.5,
        "sma200": 291.2080443572998,
        "sma50": 361.09594360351565,
        "rsi_weekly": 55.30561497337901,
        "rsi_monthly": 72.81598286201917,
        "52w_high": 412.18133544921875,
        "52w_low": 0
    }
}