{
    "last_scan_index": 500,
    "AAPL": {
        "close": 255.52999877929688,
        "sma200": 233.7518910217285,
        "sma50": 271.494140625,
        "rsi_weekly": 53.761853099414594,
        "rsi_monthly": 65.05593431169623,
        "52w_high": 286.19000244140625,
        "52w_low": 0
    },
    "NVDA": {
        "close": 186.22999572753906,
        "sma200": 164.04214149475098,
        "sma50": 184.55367309570312,
        "rsi_weekly": 55.832537497104454,
        "rsi_monthly": 76.36247508667589,
        "52w_high": 207.02847290039062,
        "52w_low": 0
    },
    "TSLA": {
        "close": 437.5,
        "sma200": 369.1239003753662,
        "sma50": 443.0688018798828,
        "rsi_weekly": 57.433070397524055,
        "rsi_monthly": 70.21254147643917,
        "52w_high": 489.8800048828125,
        "52w_low": 0
    },
    "MSFT": {
        "close": 459.8599853515625,
        "sma200": 481.05499572753905,
        "sma50": 484.6280310058594,
        "rsi_weekly": 46.92493268553178,
        "rsi_monthly": 64.9448509993273,
        "52w_high": 541.057373046875,
        "52w_low": 0
    },
    "AMD": {
        "close": 231.8300018310547,
        "sma200": 168.69094982147217,
        "sma50": 220.51739990234375,
        "rsi_weekly": 52.90812131363197,
        "rsi_monthly": 69.38721493424931,
        "52w_high": 264.3299865722656,
        "52w_low": 0
    },
    "WFC": {
        "close": 88.37999725341797,
        "sma200": 80.32121194839478,
        "sma50": 89.86150466918946,
        "rsi_weekly": 69.17655985792013,
        "rsi_monthly": 85.74285129561387,
        "52w_high": 96.38999938964844,
        "52w_low": 0
    },
    "WELL": {
        "close": 191.3800048828125,
        "sma200": 167.3376262664795,
        "sma50": 192.48489624023438,
        "rsi_weekly": 57.45490153611892,
        "rsi_monthly": 76.39005694688917,
        "52w_high": 208.22000122070312,
        "52w_low": 0
    },
    "WST": {
        "close": 259.7900085449219,
        "sma200": 245.3559765625,
        "sma50": 272.83446899414065,
        "rsi_weekly": 55.583138131009484,
        "rsi_monthly": 37.31550217708469,
        "52w_high": 346.7433776855469,
        "52w_low": 0
    },
    "WDC": {
        "close": 221.50999450683594,
        "sma200": 100.45400736808777,
        "sma50": 175.20350860595704,
        "rsi_weekly": 80.97570816876679,
        "rsi_monthly": 90.9642916305611,
        "52w_high": 222.10000610351562,
        "52w_low": 0
    },
    "WY": {
        "close": 27.059999465942383,
        "sma200": 24.58680820465088,
        "sma50": 23.12994697570801,
        "rsi_weekly": 58.71967583343591,
        "rsi_monthly": 50.919720327956064,
        "52w_high": 30.380916595458984,
        "52w_low": 0
    },
    "WHR": {
        "close": 87.12999725341797,
        "sma200": 81.26309364318848,
        "sma50": 75.03786041259765,
        "rsi_weekly": 54.178754643783705,
        "rsi_monthly": 41.214494485663764,
        "52w_high": 125.28579711914062,
        "52w_low": 0
    },
    "WMB": {
        "close": 61.54999923706055,
        "sma200": 58.63241580963135,
        "sma50": 59.850163269042966,
        "rsi_weekly": 52.895299941735935,
        "rsi_monthly": 68.94139486910849,
        "52w_high": 63.950782775878906,
        "52w_low": 0
    },
    "WTW": {
        "close": 329.4100036621094,
        "sma200": 319.378504486084,
        "sma50": 324.6928466796875,
        "rsi_weekly": 54.02934844053946,
        "rsi_monthly": 72.65668739867996,
        "52w_high": 348.96490478515625,
        "52w_low": 0
    },
    "WYNN": {
        "close": 114.33000183105469,
        "sma200": 108.59147521972656,
        "sma50": 123.24868606567382,
        "rsi_weekly": 50.67229353635294,
        "rsi_monthly": 71.07335925995365,
        "52w_high": 133.08999633789062,
        "52w_low": 0
    },
    "XEL": {
        "close": 75.61000061035156,
        "sma200": 72.66006332397461,
        "sma50": 76.49766357421875,
        "rsi_weekly": 48.85426677118213,
        "rsi_monthly": 40.885713289183016,
        "52w_high": 81.4811019897461,
        "52w_low": 0
    },
    "XYL": {
        "close": 146.1300048828125,
        "sma200": 134.5269113922119,
        "sma50": 140.88150421142578,
        "rsi_weekly": 51.57931268638421,
        "rsi_monthly": 70.20166303968432,
        "52w_high": 152.51864624023438,
        "52w_low": 0
    },
    "YUM": {
        "close": 160.25999450683594,
        "sma200": 146.42214851379396,
        "sma50": 150.9825698852539,
        "rsi_weekly": 57.83949405393421,
        "rsi_monthly": 68.3996417462351,
        "52w_high": 161.0500030517578,
        "52w_low": 0
    },
    "ZBRA": {
        "close": 251.2100067138672,
        "sma200": 284.6386499786377,
        "sma50": 253.16160034179688,
        "rsi_weekly": 43.47212305022625,
        "rsi_monthly": 56.08681742013676,
        "52w_high": 421.1099853515625,
        "52w_low": 0
    },
    "ZBH": {
        "close": 87.30999755859375,
        "sma200": 96.01524417877198,
        "sma50": 91.14022201538086,
        "rsi_weekly": 46.789088962000065,
        "rsi_monthly": 35.430311344209464,
        "52w_high": 112.31304931640625,
        "52w_low": 0
    },
    "ZTS": {
        "close": 124.6500015258789,
        "sma200": 144.79206851959228,
        "sma50": 122.84800048828124,
        "rsi_weekly": 40.33567542173426,
        "rsi_monthly": 45.49909681794127,
        "52w_high": 173.8902587890625,
        "52w_low": 0
    }
}