{
    "last_scan_index": 25,
    "AAPL": {
        "close": 260.25,
        "sma200": 232.99837615966797,
        "sma50": 272.3954052734375,
        "rsi_weekly": 53.761853225476415,
        "rsi_monthly": 65.05596959940229,
        "52w_high": 286.19000244140625,
        "52w_low": 0
    },
    "NVDA": {
        "close": 184.94000244140625,
        "sma200": 162.52874259948732,
        "sma50": 185.92717041015624,
        "rsi_weekly": 55.832537461397585,
        "rsi_monthly": 76.36247209102079,
        "52w_high": 207.02847290039062,
        "52w_low": 0
    },
    "TSLA": {
        "close": 448.9599914550781,
        "sma200": 365.63305015563964,
        "sma50": 444.0052014160156,
        "rsi_weekly": 57.433070397524055,
        "rsi_monthly": 70.21254147643917,
        "52w_high": 489.8800048828125,
        "52w_low": 0
    },
    "MSFT": {
        "close": 477.17999267578125,
        "sma200": 479.4162336730957,
        "sma50": 489.1177075195312,
        "rsi_weekly": 46.92493311075885,
        "rsi_monthly": 64.944874060234,
        "52w_high": 541.057373046875,
        "52w_low": 0
    },
    "AMD": {
        "close": 207.69000244140625,
        "sma200": 166.2462997817993,
        "sma50": 222.8441995239258,
        "rsi_weekly": 52.90812131363197,
        "rsi_monthly": 69.38721493424931,
        "52w_high": 264.3299865722656,
        "52w_low": 0
    },
    "MMM": {
        "close": 167.94000244140625,
        "sma200": 152.93204071044923,
        "sma50": 165.56608123779296,
        "rsi_weekly": 56.62397709106506,
        "rsi_monthly": 66.94036174123913,
        "52w_high": 173.08999633789062,
        "52w_low": 0
    },
    "AOS": {
        "close": 71.01000213623047,
        "sma200": 67.70115259170532,
        "sma50": 66.87620025634766,
        "rsi_weekly": 55.93863665931997,
        "rsi_monthly": 58.82060864250052,
        "52w_high": 73.89897918701172,
        "52w_low": 0
    },
    "ABT": {
        "close": 124.63999938964844,
        "sma200": 129.37597164154053,
        "sma50": 126.01699951171875,
        "rsi_weekly": 46.281910473385054,
        "rsi_monthly": 62.30755367318039,
        "52w_high": 138.33462524414062,
        "52w_low": 0
    },
    "ABBV": {
        "close": 220.0399932861328,
        "sma200": 204.93136405944824,
        "sma50": 226.17799957275392,
        "rsi_weekly": 52.3752273240242,
        "rsi_monthly": 74.25422121258092,
        "52w_high": 242.630859375,
        "52w_low": 0
    },
    "ACN": {
        "close": 280.9599914550781,
        "sma200": 272.75234992980955,
        "sma50": 260.1456002807617,
        "rsi_weekly": 57.518924042325686,
        "rsi_monthly": 46.79372269385165,
        "52w_high": 394.31280517578125,
        "52w_low": 0
    },
    "ADBE": {
        "close": 327.6499938964844,
        "sma200": 360.6027993774414,
        "sma50": 336.88820007324216,
        "rsi_weekly": 42.65774486200828,
        "rsi_monthly": 22.841396768378708,
        "52w_high": 464.1099853515625,
        "52w_low": 0
    },
    "AES": {
        "close": 14.039999961853027,
        "sma200": 12.475554480552674,
        "sma50": 13.981079959869385,
        "rsi_weekly": 57.72685454328484,
        "rsi_monthly": 41.76983613607545,
        "52w_high": 15.17705249786377,
        "52w_low": 0
    },
    "AFL": {
        "close": 108.87999725341797,
        "sma200": 106.11344554901123,
        "sma50": 110.31164505004882,
        "rsi_weekly": 52.585078455840986,
        "rsi_monthly": 53.16264199153531,
        "52w_high": 114.41313171386719,
        "52w_low": 0
    },
    "A": {
        "close": 147.99000549316406,
        "sma200": 125.4063367843628,
        "sma50": 144.4817401123047,
        "rsi_weekly": 61.20131303229129,
        "rsi_monthly": 59.24976698593272,
        "52w_high": 156.91954040527344,
        "52w_low": 0
    },
    "APD": {
        "close": 267.0400085449219,
        "sma200": 268.3886378479004,
        "sma50": 250.06866607666015,
        "rsi_weekly": 50.65602760325478,
        "rsi_monthly": 35.15968760158497,
        "52w_high": 329.2906494140625,
        "52w_low": 0
    },
    "ABNB": {
        "close": 138.50999450683594,
        "sma200": 127.14655010223389,
        "sma50": 126.61999969482422,
        "rsi_weekly": 59.28611905759668,
        "rsi_monthly": 64.48632187152391,
        "52w_high": 161.4199981689453,
        "52w_low": 0
    },
    "AKAM": {
        "close": 91.2699966430664,
        "sma200": 79.34684963226319,
        "sma50": 85.98339950561524,
        "rsi_weekly": 58.04833152690319,
        "rsi_monthly": 28.03165935349632,
        "52w_high": 102.0999984741211,
        "52w_low": 0
    },
    "ALB": {
        "close": 169.3300018310547,
        "sma200": 85.39748106002807,
        "sma50": 127.61317108154297,
        "rsi_weekly": 77.8808909785892,
        "rsi_monthly": 78.91608149627096,
        "52w_high": 169.3300018310547,
        "52w_low": 0
    },
    "ARE": {
        "close": 54.36000061035156,
        "sma200": 68.5442889213562,
        "sma50": 50.15029335021973,
        "rsi_weekly": 39.69573052159959,
        "rsi_monthly": 31.17751376032846,
        "52w_high": 96.58303833007812,
        "52w_low": 0
    },
    "ALGN": {
        "close": 172.0,
        "sma200": 158.98589988708497,
        "sma50": 151.39419891357423,
        "rsi_weekly": 59.698774277085,
        "rsi_monthly": 57.06397118369214,
        "52w_high": 234.88999938964844,
        "52w_low": 0
    },
    "ALLE": {
        "close": 161.4600067138672,
        "sma200": 156.0310510635376,
        "sma50": 162.55720123291016,
        "rsi_weekly": 51.810121201439195,
        "rsi_monthly": 65.9812977913387,
        "52w_high": 179.47000122070312,
        "52w_low": 0
    },
    "LNT": {
        "close": 65.16999816894531,
        "sma200": 63.67511980056763,
        "sma50": 66.33965927124024,
        "rsi_weekly": 49.697386180793686,
        "rsi_monthly": 58.69282496138464,
        "52w_high": 69.47000122070312,
        "52w_low": 0
    },
    "ALL": {
        "close": 208.66000366210938,
        "sma200": 200.7560391998291,
        "sma50": 206.17032287597655,
        "rsi_weekly": 57.363338131323964,
        "rsi_monthly": 63.846933387831406,
        "52w_high": 213.64215087890625,
        "52w_low": 0
    },
    "GOOGL": {
        "close": 331.8599853515625,
        "sma200": 222.5737126159668,
        "sma50": 305.046904296875,
        "rsi_weekly": 78.8148432003871,
        "rsi_monthly": 79.40273287567308,
        "52w_high": 331.8599853515625,
        "52w_low": 0
    },
    "GOOG": {
        "close": 332.7300109863281,
        "sma200": 223.56994773864747,
        "sma50": 305.7442053222656,
        "rsi_weekly": 79.04036873422099,
        "rsi_monthly": 79.24075291228017,
        "52w_high": 332.7300109863281,
        "52w_low": 0
    },
    "MO": {
        "close": 58.540000915527344,
        "sma200": 58.807283363342286,
        "sma50": 57.12452919006348,
        "rsi_weekly": 45.62186886543272,
        "rsi_monthly": 63.97266252870641,
        "52w_high": 65.45215606689453,
        "52w_low": 0
    },
    "AMZN": {
        "close": 246.47000122070312,
        "sma200": 218.3229502105713,
        "sma50": 233.64460021972656,
        "rsi_weekly": 60.90414428011612,
        "rsi_monthly": 71.52946981803966,
        "52w_high": 254.0,
        "52w_low": 0
    },
    "AMCR": {
        "close": 8.609999656677246,
        "sma200": 8.78825561285019,
        "sma50": 8.352799940109254,
        "rsi_weekly": 52.23058024775114,
        "rsi_monthly": 37.638350823707285,
        "52w_high": 10.146522521972656,
        "52w_low": 0
    },
    "AEE": {
        "close": 100.19999694824219,
        "sma200": 98.63449642181396,
        "sma50": 101.06763244628907,
        "rsi_weekly": 50.116780814011605,
        "rsi_monthly": 68.76178592912517,
        "52w_high": 105.5897445678711,
        "52w_low": 0
    }
}