{
    "last_scan_index": 250,
    "AAPL": {
        "close": 260.25,
        "sma200": 232.99837615966797,
        "sma50": 272.3954052734375,
        "rsi_weekly": 53.76185312777189,
        "rsi_monthly": 65.05594948227045,
        "52w_high": 286.19000244140625,
        "52w_low": 0
    },
    "NVDA": {
        "close": 184.94000244140625,
        "sma200": 162.5287424468994,
        "sma50": 185.92717041015624,
        "rsi_weekly": 55.83253747770819,
        "rsi_monthly": 76.36247565390948,
        "52w_high": 207.02847290039062,
        "52w_low": 0
    },
    "TSLA": {
        "close": 448.9599914550781,
        "sma200": 365.63305015563964,
        "sma50": 444.0052014160156,
        "rsi_weekly": 57.433070397524055,
        "rsi_monthly": 70.21254147643917,
        "52w_high": 489.8800048828125,
        "52w_low": 0
    },
    "MSFT": {
        "close": 477.17999267578125,
        "sma200": 479.4162356567383,
        "sma50": 489.1177075195312,
        "rsi_weekly": 46.92493267097088,
        "rsi_monthly": 64.94487300990731,
        "52w_high": 541.057373046875,
        "52w_low": 0
    },
    "AMD": {
        "close": 207.69000244140625,
        "sma200": 166.2462997817993,
        "sma50": 222.8441995239258,
        "rsi_weekly": 52.90812131363197,
        "rsi_monthly": 69.38721493424931,
        "52w_high": 264.3299865722656,
        "52w_low": 0
    },
    "HSIC": {
        "close": 76.12999725341797,
        "sma200": 69.76400022506714,
        "sma50": 74.06499992370605,
        "rsi_weekly": 63.969186621246365,
        "rsi_monthly": 57.563536541611754,
        "52w_high": 81.91000366210938,
        "52w_low": 0
    },
    "HSY": {
        "close": 193.1300048828125,
        "sma200": 174.80382987976074,
        "sma50": 180.62267883300783,
        "rsi_weekly": 56.62000237757157,
        "rsi_monthly": 48.26483301471265,
        "52w_high": 194.06492614746094,
        "52w_low": 0
    },
    "HPE": {
        "close": 22.100000381469727,
        "sma200": 20.643494248390198,
        "sma50": 23.09172664642334,
        "rsi_weekly": 49.12572096878635,
        "rsi_monthly": 63.776884817787256,
        "52w_high": 26.093069076538086,
        "52w_low": 0
    },
    "HLT": {
        "close": 300.3999938964844,
        "sma200": 260.9615254211426,
        "sma50": 279.5303826904297,
        "rsi_weekly": 65.92715171007141,
        "rsi_monthly": 74.74447053328936,
        "52w_high": 300.3999938964844,
        "52w_low": 0
    },
    "HOLX": {
        "close": 74.86000061035156,
        "sma200": 66.75160026550293,
        "sma50": 74.61420043945313,
        "rsi_weekly": 68.16996524903122,
        "rsi_monthly": 52.631403956020975,
        "52w_high": 75.19000244140625,
        "52w_low": 0
    },
    "HD": {
        "close": 374.94000244140625,
        "sma200": 369.35704574584963,
        "sma50": 355.1722424316406,
        "rsi_weekly": 52.16926564368686,
        "rsi_monthly": 58.70275843998767,
        "52w_high": 420.69903564453125,
        "52w_low": 0
    },
    "HON": {
        "close": 208.60000610351562,
        "sma200": 200.64168785095214,
        "sma50": 195.93353729248048,
        "rsi_weekly": 57.366211465547906,
        "rsi_monthly": 45.86195044944243,
        "52w_high": 224.0632781982422,
        "52w_low": 0
    },
    "HRL": {
        "close": 22.850000381469727,
        "sma200": 26.244409246444704,
        "sma50": 22.77313117980957,
        "rsi_weekly": 39.49944693035554,
        "rsi_monthly": 63.520916028493595,
        "52w_high": 30.466331481933594,
        "52w_low": 0
    },
    "HST": {
        "close": 18.34000015258789,
        "sma200": 15.804449973106385,
        "sma50": 17.423278064727782,
        "rsi_weekly": 65.04084475444077,
        "rsi_monthly": 71.29017800238591,
        "52w_high": 18.440000534057617,
        "52w_low": 0
    },
    "HWM": {
        "close": 220.14999389648438,
        "sma200": 179.02937713623047,
        "sma50": 203.45743347167968,
        "rsi_weekly": 68.25882602604378,
        "rsi_monthly": 86.11352524901056,
        "52w_high": 220.14999389648438,
        "52w_low": 0
    },
    "HPQ": {
        "close": 21.18000030517578,
        "sma200": 25.266956205368043,
        "sma50": 23.99427215576172,
        "rsi_weekly": 34.56743863755287,
        "rsi_monthly": 32.64159705735895,
        "52w_high": 33.246681213378906,
        "52w_low": 0
    },
    "HUBB": {
        "close": 472.8800048828125,
        "sma200": 412.2583241271973,
        "sma50": 445.93111206054687,
        "rsi_weekly": 62.71941387519293,
        "rsi_monthly": 70.86340322956802,
        "52w_high": 477.4599914550781,
        "52w_low": 0
    },
    "HUM": {
        "close": 276.5899963378906,
        "sma200": 257.27452529907225,
        "sma50": 255.1776043701172,
        "rsi_weekly": 54.89478721812468,
        "rsi_monthly": 35.12734947269771,
        "52w_high": 309.8533935546875,
        "52w_low": 0
    },
    "HBAN": {
        "close": 17.899999618530273,
        "sma200": 16.001831583976745,
        "sma50": 16.67158655166626,
        "rsi_weekly": 64.9288127297788,
        "rsi_monthly": 64.22571956786335,
        "52w_high": 18.469999313354492,
        "52w_low": 0
    },
    "HII": {
        "close": 398.25,
        "sma200": 268.01358779907224,
        "sma50": 327.5140301513672,
        "rsi_weekly": 82.02416457198092,
        "rsi_monthly": 77.36117213160229,
        "52w_high": 398.25,
        "52w_low": 0
    },
    "IBM": {
        "close": 312.17999267578125,
        "sma200": 271.50019470214846,
        "sma50": 303.78016662597656,
        "rsi_weekly": 59.8960030837907,
        "rsi_monthly": 67.61588515092355,
        "52w_high": 314.9800109863281,
        "52w_low": 0
    },
    "IEX": {
        "close": 186.3300018310547,
        "sma200": 171.9466724395752,
        "sma50": 174.54240020751953,
        "rsi_weekly": 60.90282953710865,
        "rsi_monthly": 64.96375074491516,
        "52w_high": 221.66676330566406,
        "52w_low": 0
    },
    "IDXX": {
        "close": 724.760009765625,
        "sma200": 591.3104495239257,
        "sma50": 704.1781970214844,
        "rsi_weekly": 61.779669831930036,
        "rsi_monthly": 73.80787068804858,
        "52w_high": 766.6799926757812,
        "52w_low": 0
    },
    "ITW": {
        "close": 254.5399932861328,
        "sma200": 247.5528701019287,
        "sma50": 247.25736450195313,
        "rsi_weekly": 54.79904994209623,
        "rsi_monthly": 50.41929471710283,
        "52w_high": 267.75982666015625,
        "52w_low": 0
    },
    "ILMN": {
        "close": 145.5500030517578,
        "sma200": 100.69680042266846,
        "sma50": 129.39720077514647,
        "rsi_weekly": 70.41712073709265,
        "rsi_monthly": 52.99594791379708,
        "52w_high": 150.13999938964844,
        "52w_low": 0
    },
    "INCY": {
        "close": 106.33000183105469,
        "sma200": 80.50224996566773,
        "sma50": 101.86000030517579,
        "rsi_weekly": 66.54768012028586,
        "rsi_monthly": 71.27031840388001,
        "52w_high": 110.56999969482422,
        "52w_low": 0
    },
    "IR": {
        "close": 86.04000091552734,
        "sma200": 80.00945007324219,
        "sma50": 79.30481521606445,
        "rsi_weekly": 57.212624664700115,
        "rsi_monthly": 64.30776549324649,
        "52w_high": 94.13668060302734,
        "52w_low": 0
    },
    "PODD": {
        "close": 278.54998779296875,
        "sma200": 303.79140007019043,
        "sma50": 307.03840270996096,
        "rsi_weekly": 42.158417581686514,
        "rsi_monthly": 43.354514287478466,
        "52w_high": 352.82000732421875,
        "52w_low": 0
    },
    "INTC": {
        "close": 44.060001373291016,
        "sma200": 28.065099964141847,
        "sma50": 38.349200134277346,
        "rsi_weekly": 70.47865291242724,
        "rsi_monthly": 58.60245325814752,
        "52w_high": 45.54999923706055,
        "52w_low": 0
    }
}