{
    "last_scan_index": 225,
    "AAPL": {
        "close": 258.69000244140625,
        "sma200": 233.39585319519043,
        "sma50": 271.9652990722656,
        "rsi_weekly": 53.761853417728915,
        "rsi_monthly": 65.05593012025176,
        "52w_high": 286.19000244140625,
        "52w_low": 0
    },
    "NVDA": {
        "close": 182.25010681152344,
        "sma200": 163.26374382019043,
        "sma50": 185.1812237548828,
        "rsi_weekly": 55.832537613613155,
        "rsi_monthly": 76.36247501551071,
        "52w_high": 207.02847290039062,
        "52w_low": 0
    },
    "TSLA": {
        "close": 437.43499755859375,
        "sma200": 367.3728252410889,
        "sma50": 443.76470153808594,
        "rsi_weekly": 57.433070397524055,
        "rsi_monthly": 70.21254147643917,
        "52w_high": 489.8800048828125,
        "52w_low": 0
    },
    "MSFT": {
        "close": 457.9700012207031,
        "sma200": 480.233046875,
        "sma50": 486.85809814453125,
        "rsi_weekly": 46.9249330464962,
        "rsi_monthly": 64.94486621952129,
        "52w_high": 541.057373046875,
        "52w_low": 0
    },
    "AMD": {
        "close": 222.3300018310547,
        "sma200": 167.4134497833252,
        "sma50": 221.49099975585938,
        "rsi_weekly": 52.90812131363197,
        "rsi_monthly": 69.38721493424931,
        "52w_high": 264.3299865722656,
        "52w_low": 0
    },
    "FTV": {
        "close": 55.6349983215332,
        "sma200": 51.264809970855715,
        "sma50": 53.54123069763184,
        "rsi_weekly": 61.05937042281659,
        "rsi_monthly": 66.79452473935679,
        "52w_high": 62.25308609008789,
        "52w_low": 0
    },
    "FOXA": {
        "close": 72.95999908447266,
        "sma200": 59.27198703765869,
        "sma50": 69.41460029602051,
        "rsi_weekly": 74.0815341416287,
        "rsi_monthly": 72.54535905746776,
        "52w_high": 76.11000061035156,
        "52w_low": 0
    },
    "FOX": {
        "close": 66.05999755859375,
        "sma200": 53.80201435089111,
        "sma50": 62.00040008544922,
        "rsi_weekly": 73.6564470691186,
        "rsi_monthly": 68.7210381792683,
        "52w_high": 67.76000213623047,
        "52w_low": 0
    },
    "BEN": {
        "close": 25.594999313354492,
        "sma200": 22.306074328422547,
        "sma50": 23.13167640686035,
        "rsi_weekly": 68.32681329373703,
        "rsi_monthly": 61.448848654147106,
        "52w_high": 25.65999984741211,
        "52w_low": 0
    },
    "FCX": {
        "close": 60.345001220703125,
        "sma200": 42.09376043319702,
        "sma50": 46.618500213623044,
        "rsi_weekly": 72.18028877753419,
        "rsi_monthly": 55.833559238550784,
        "52w_high": 60.345001220703125,
        "52w_low": 0
    },
    "GRMN": {
        "close": 210.91000366210938,
        "sma200": 213.94784103393556,
        "sma50": 201.80201904296874,
        "rsi_weekly": 49.298094197950434,
        "rsi_monthly": 64.91602273941625,
        "52w_high": 258.6608581542969,
        "52w_low": 0
    },
    "IT": {
        "close": 238.47500610351562,
        "sma200": 313.05702545166014,
        "sma50": 237.63750061035157,
        "rsi_weekly": 40.051849043459065,
        "rsi_monthly": 33.00686951680514,
        "52w_high": 548.3800048828125,
        "52w_low": 0
    },
    "GE": {
        "close": 319.3299865722656,
        "sma200": 266.79023811340335,
        "sma50": 303.98925354003904,
        "rsi_weekly": 67.22746445283802,
        "rsi_monthly": 86.92090554047756,
        "52w_high": 327.5400085449219,
        "52w_low": 0
    },
    "GEV": {
        "close": 644.0349731445312,
        "sma200": 548.2309942626953,
        "sma50": 620.7944274902344,
        "rsi_weekly": 55.829667723580194,
        "rsi_monthly": 81.4709546724906,
        "52w_high": 722.468017578125,
        "52w_low": 0
    },
    "GEHC": {
        "close": 85.16999816894531,
        "sma200": 74.5785712814331,
        "sma50": 80.49236267089844,
        "rsi_weekly": 63.59088891481273,
        "rsi_monthly": 77.22895961376932,
        "52w_high": 93.30925750732422,
        "52w_low": 0
    },
    "GEN": {
        "close": 26.174999237060547,
        "sma200": 27.796210708618165,
        "sma50": 26.7486633682251,
        "rsi_weekly": 47.17346926174866,
        "rsi_monthly": 40.52957266168538,
        "52w_high": 31.882293701171875,
        "52w_low": 0
    },
    "GNRC": {
        "close": 160.21499633789062,
        "sma200": 152.91537498474122,
        "sma50": 151.03149932861328,
        "rsi_weekly": 47.63570507639144,
        "rsi_monthly": 46.472430900903376,
        "52w_high": 202.85000610351562,
        "52w_low": 0
    },
    "GD": {
        "close": 365.0472106933594,
        "sma200": 311.2791898345947,
        "sma50": 343.6507452392578,
        "rsi_weekly": 70.19335280709791,
        "rsi_monthly": 76.9309998500192,
        "52w_high": 365.0472106933594,
        "52w_low": 0
    },
    "GIS": {
        "close": 45.6150016784668,
        "sma200": 49.286353511810304,
        "sma50": 45.81613304138184,
        "rsi_weekly": 35.34884601940433,
        "rsi_monthly": 26.675033810615457,
        "52w_high": 62.187808990478516,
        "52w_low": 0
    },
    "GM": {
        "close": 81.32109832763672,
        "sma200": 58.84623247146607,
        "sma50": 76.54689865112304,
        "rsi_weekly": 78.24195159417881,
        "rsi_monthly": 85.792499769878,
        "52w_high": 85.12999725341797,
        "52w_low": 0
    },
    "GPC": {
        "close": 133.63999938964844,
        "sma200": 126.36201793670654,
        "sma50": 126.78055068969726,
        "rsi_weekly": 50.263568480507054,
        "rsi_monthly": 59.507091238237415,
        "52w_high": 141.64169311523438,
        "52w_low": 0
    },
    "GILD": {
        "close": 123.73999786376953,
        "sma200": 113.0003398513794,
        "sma50": 122.6337419128418,
        "rsi_weekly": 56.189554315927886,
        "rsi_monthly": 60.16939168299704,
        "52w_high": 127.22968292236328,
        "52w_low": 0
    },
    "GPN": {
        "close": 77.38500213623047,
        "sma200": 80.80170776367187,
        "sma50": 77.64395690917969,
        "rsi_weekly": 47.7700297245487,
        "rsi_monthly": 29.923180177162234,
        "52w_high": 111.5788803100586,
        "52w_low": 0
    },
    "GL": {
        "close": 142.28500366210938,
        "sma200": 130.8563666152954,
        "sma50": 136.15922210693358,
        "rsi_weekly": 60.7906457581068,
        "rsi_monthly": 67.28473998193061,
        "52w_high": 145.98092651367188,
        "52w_low": 0
    },
    "GS": {
        "close": 933.1099853515625,
        "sma200": 717.6202964782715,
        "sma50": 855.0757397460937,
        "rsi_weekly": 80.08124968057486,
        "rsi_monthly": 84.55574273504655,
        "52w_high": 955.469970703125,
        "52w_low": 0
    },
    "HAL": {
        "close": 33.0,
        "sma200": 23.336303377151488,
        "sma50": 28.11228992462158,
        "rsi_weekly": 71.5036287533252,
        "rsi_monthly": 48.84583859605583,
        "52w_high": 33.0,
        "52w_low": 0
    },
    "HIG": {
        "close": 131.71609497070312,
        "sma200": 127.67753852844238,
        "sma50": 134.35228118896484,
        "rsi_weekly": 58.48004689348384,
        "rsi_monthly": 75.92894366526684,
        "52w_high": 139.72000122070312,
        "52w_low": 0
    },
    "HAS": {
        "close": 85.5,
        "sma200": 72.72624629974365,
        "sma50": 81.09987503051758,
        "rsi_weekly": 70.84828531571279,
        "rsi_monthly": 73.03065137502577,
        "52w_high": 89.13999938964844,
        "52w_low": 0
    },
    "HCA": {
        "close": 477.6499938964844,
        "sma200": 406.358938293457,
        "sma50": 478.9323486328125,
        "rsi_weekly": 61.69167905990028,
        "rsi_monthly": 66.51810219105528,
        "52w_high": 515.0838012695312,
        "52w_low": 0
    }
}