{
    "last_scan_index": 125,
    "AAPL": {
        "close": 255.63999938964844,
        "sma200": 233.75244102478027,
        "sma50": 271.496340637207,
        "rsi_weekly": 53.76185329625857,
        "rsi_monthly": 65.05593303736873,
        "52w_high": 286.19000244140625,
        "52w_low": 0
    },
    "NVDA": {
        "close": 188.0749969482422,
        "sma200": 164.05136631011962,
        "sma50": 184.5905731201172,
        "rsi_weekly": 55.83253753995004,
        "rsi_monthly": 76.36247362193589,
        "52w_high": 207.02847290039062,
        "52w_low": 0
    },
    "TSLA": {
        "close": 439.7799987792969,
        "sma200": 369.1353003692627,
        "sma50": 443.11440185546877,
        "rsi_weekly": 57.433070397524055,
        "rsi_monthly": 70.21254147643917,
        "52w_high": 489.8800048828125,
        "52w_low": 0
    },
    "MSFT": {
        "close": 461.8861999511719,
        "sma200": 481.065128326416,
        "sma50": 484.6685552978516,
        "rsi_weekly": 46.92493263968372,
        "rsi_monthly": 64.94486353480178,
        "52w_high": 541.057373046875,
        "52w_low": 0
    },
    "AMD": {
        "close": 231.86000061035156,
        "sma200": 168.69109981536866,
        "sma50": 220.5179998779297,
        "rsi_weekly": 52.90812131363197,
        "rsi_monthly": 69.38721493424931,
        "52w_high": 264.3299865722656,
        "52w_low": 0
    },
    "SCHW": {
        "close": 104.83999633789062,
        "sma200": 91.58478977203369,
        "sma50": 96.93037887573242,
        "rsi_weekly": 63.90674381096898,
        "rsi_monthly": 78.24942519490085,
        "52w_high": 104.83999633789062,
        "52w_low": 0
    },
    "CHTR": {
        "close": 189.1300048828125,
        "sma200": 296.72979957580566,
        "sma50": 205.65320037841798,
        "rsi_weekly": 30.930561054355163,
        "rsi_monthly": 21.08980984965178,
        "52w_high": 427.25,
        "52w_low": 0
    },
    "CVX": {
        "close": 167.02999877929688,
        "sma200": 147.73033546447755,
        "sma50": 153.32969635009766,
        "rsi_weekly": 61.818962933603416,
        "rsi_monthly": 61.371041685143204,
        "52w_high": 167.24000549316406,
        "52w_low": 0
    },
    "CMG": {
        "close": 40.224998474121094,
        "sma200": 43.66352506637573,
        "sma50": 35.15389995574951,
        "rsi_weekly": 50.19230654492072,
        "rsi_monthly": 52.18402279312576,
        "52w_high": 59.02000045776367,
        "52w_low": 0
    },
    "CB": {
        "close": 301.43499755859375,
        "sma200": 285.95718353271485,
        "sma50": 301.87650024414063,
        "rsi_weekly": 61.65911346980171,
        "rsi_monthly": 68.4072434348585,
        "52w_high": 315.19000244140625,
        "52w_low": 0
    },
    "CHD": {
        "close": 90.36000061035156,
        "sma200": 91.67506607055664,
        "sma50": 84.88830856323243,
        "rsi_weekly": 43.22245747717334,
        "rsi_monthly": 33.925670902104535,
        "52w_high": 112.09139251708984,
        "52w_low": 0
    },
    "CI": {
        "close": 271.739990234375,
        "sma200": 295.37976585388185,
        "sma50": 272.08038208007815,
        "rsi_weekly": 47.482639228403336,
        "rsi_monthly": 58.47676535579406,
        "52w_high": 334.8284606933594,
        "52w_low": 0
    },
    "CINF": {
        "close": 162.99000549316406,
        "sma200": 151.57639137268066,
        "sma50": 163.82878540039061,
        "rsi_weekly": 57.327275138560644,
        "rsi_monthly": 71.2755064386905,
        "52w_high": 167.6038055419922,
        "52w_low": 0
    },
    "CTAS": {
        "close": 194.42999267578125,
        "sma200": 204.13769508361815,
        "sma50": 187.3285385131836,
        "rsi_weekly": 47.4940136915947,
        "rsi_monthly": 55.736746699584955,
        "52w_high": 226.6531219482422,
        "52w_low": 0
    },
    "CSCO": {
        "close": 75.27580261230469,
        "sma200": 67.71268516540528,
        "sma50": 75.99383605957031,
        "rsi_weekly": 56.06100234109017,
        "rsi_monthly": 70.43622438097208,
        "52w_high": 79.82286071777344,
        "52w_low": 0
    },
    "C": {
        "close": 118.8949966430664,
        "sma200": 91.55891277313232,
        "sma50": 109.93149993896485,
        "rsi_weekly": 76.66043958923218,
        "rsi_monthly": 85.96278490188999,
        "52w_high": 123.30000305175781,
        "52w_low": 0
    },
    "CFG": {
        "close": 61.25,
        "sma200": 47.97467302322388,
        "sma50": 56.45359977722168,
        "rsi_weekly": 75.2368115850994,
        "rsi_monthly": 67.27665285346652,
        "52w_high": 62.13999938964844,
        "52w_low": 0
    },
    "CLX": {
        "close": 109.06900024414062,
        "sma200": 119.28764068603516,
        "sma50": 103.45018005371094,
        "rsi_weekly": 40.711381612688584,
        "rsi_monthly": 43.51628147211377,
        "52w_high": 156.63063049316406,
        "52w_low": 0
    },
    "CME": {
        "close": 277.6050109863281,
        "sma200": 269.770679397583,
        "sma50": 273.2212182617188,
        "rsi_weekly": 46.02424882450079,
        "rsi_monthly": 75.62488064096425,
        "52w_high": 286.68572998046875,
        "52w_low": 0
    },
    "CMS": {
        "close": 71.66000366210938,
        "sma200": 71.13415271759033,
        "sma50": 71.68284637451171,
        "rsi_weekly": 44.77468159587973,
        "rsi_monthly": 59.34192205587926,
        "52w_high": 75.44000244140625,
        "52w_low": 0
    },
    "KO": {
        "close": 70.67500305175781,
        "sma200": 69.057749710083,
        "sma50": 70.34498031616211,
        "rsi_weekly": 55.55870832801788,
        "rsi_monthly": 61.85329800161566,
        "52w_high": 72.61000061035156,
        "52w_low": 0
    },
    "CTSH": {
        "close": 85.23999786376953,
        "sma200": 74.64574142456054,
        "sma50": 80.09865585327148,
        "rsi_weekly": 65.35161295023921,
        "rsi_monthly": 62.66008601014014,
        "52w_high": 89.25666809082031,
        "52w_low": 0
    },
    "CL": {
        "close": 84.40499877929688,
        "sma200": 84.04144359588624,
        "sma50": 79.23990036010743,
        "rsi_weekly": 50.40309054979093,
        "rsi_monthly": 48.32815172935832,
        "52w_high": 95.73789978027344,
        "52w_low": 0
    },
    "CMCSA": {
        "close": 27.809999465942383,
        "sma200": 29.39740966796875,
        "sma50": 26.332765197753908,
        "rsi_weekly": 49.83837746900688,
        "rsi_monthly": 27.040949153535248,
        "52w_high": 34.411956787109375,
        "52w_low": 0
    },
    "CMA": {
        "close": 92.0999984741211,
        "sma200": 68.33202878952027,
        "sma50": 84.38321228027344,
        "rsi_weekly": 81.2545380219879,
        "rsi_monthly": 66.44887436984874,
        "52w_high": 92.55999755859375,
        "52w_low": 0
    },
    "CAG": {
        "close": 17.084999084472656,
        "sma200": 19.379233379364013,
        "sma50": 17.27310001373291,
        "rsi_weekly": 35.4361184260587,
        "rsi_monthly": 23.671464236700924,
        "52w_high": 26.194599151611328,
        "52w_low": 0
    },
    "COP": {
        "close": 97.80999755859375,
        "sma200": 90.78971622467041,
        "sma50": 92.26724411010743,
        "rsi_weekly": 57.38075823018037,
        "rsi_monthly": 49.074863007842936,
        "52w_high": 103.38456726074219,
        "52w_low": 0
    },
    "ED": {
        "close": 103.28500366210938,
        "sma200": 100.45414321899415,
        "sma50": 98.97967010498047,
        "rsi_weekly": 50.29466645489313,
        "rsi_monthly": 47.44181574135923,
        "52w_high": 110.50127410888672,
        "52w_low": 0
    },
    "STZ": {
        "close": 156.14999389648438,
        "sma200": 156.2405661392212,
        "sma50": 139.30600021362304,
        "rsi_weekly": 49.51569604605175,
        "rsi_monthly": 33.211492382258704,
        "52w_high": 192.97064208984375,
        "52w_low": 0
    },
    "CEG": {
        "close": 305.35699462890625,