{
    "last_scan_index": 100,
    "AAPL": {
        "close": 258.0899963378906,
        "sma200": 232.79460136413573,
        "sma50": 272.55358154296874,
        "rsi_weekly": 63.04886250567808,
        "rsi_monthly": 65.05593414098244,
        "52w_high": 286.19000244140625,
        "52w_low": 0
    },
    "NVDA": {
        "close": 184.5399932861328,
        "sma200": 162.17113937377928,
        "sma50": 186.36253967285157,
        "rsi_weekly": 58.6487058032229,
        "rsi_monthly": 76.36247680704228,
        "52w_high": 207.02847290039062,
        "52w_low": 0
    },
    "TSLA": {
        "close": 440.264892578125,
        "sma200": 364.72482460021973,
        "sma50": 444.1612994384766,
        "rsi_weekly": 56.31157929953819,
        "rsi_monthly": 70.21254147643917,
        "52w_high": 489.8800048828125,
        "52w_low": 0
    },
    "MSFT": {
        "close": 474.1300048828125,
        "sma200": 478.94403778076173,
        "sma50": 490.28187438964846,
        "rsi_weekly": 44.49072394230333,
        "rsi_monthly": 64.94485379763672,
        "52w_high": 541.057373046875,
        "52w_low": 0
    },
    "AMD": {
        "close": 204.24989318847656,
        "sma200": 165.76419925689697,
        "sma50": 223.9985971069336,
        "rsi_weekly": 60.71614808686848,
        "rsi_monthly": 69.38721493424931,
        "52w_high": 264.3299865722656,
        "52w_low": 0
    },
    "BR": {
        "close": 222.98500061035156,
        "sma200": 236.0973969268799,
        "sma50": 224.83813659667967,
        "rsi_weekly": 40.11177224910692,
        "rsi_monthly": 49.66983197609946,
        "52w_high": 264.7299499511719,
        "52w_low": 0
    },
    "BRO": {
        "close": 79.8550033569336,
        "sma200": 97.29275115966797,
        "sma50": 79.74330200195313,
        "rsi_weekly": 30.278573782414433,
        "rsi_monthly": 51.392279899492095,
        "52w_high": 123.80648040771484,
        "52w_low": 0
    },
    "BLDR": {
        "close": 117.80000305175781,
        "sma200": 120.00924983978271,
        "sma50": 107.03280059814453,
        "rsi_weekly": 39.80996091729159,
        "rsi_monthly": 52.584272979150995,
        "52w_high": 173.50999450683594,
        "52w_low": 0
    },
    "BG": {
        "close": 98.13999938964844,
        "sma200": 82.96707973480224,
        "sma50": 93.48585159301757,
        "rsi_weekly": 57.106849857885244,
        "rsi_monthly": 65.71324228026864,
        "52w_high": 98.13999938964844,
        "52w_low": 0
    },
    "CDNS": {
        "close": 318.3599853515625,
        "sma200": 319.2479500579834,
        "sma50": 319.9147998046875,
        "rsi_weekly": 45.76889704194139,
        "rsi_monthly": 60.02370140142533,
        "52w_high": 373.3699951171875,
        "52w_low": 0
    },
    "CZR": {
        "close": 24.770000457763672,
        "sma200": 25.53407504081726,
        "sma50": 22.321300163269044,
        "rsi_weekly": 46.1542652000782,
        "rsi_monthly": 31.691570134862843,
        "52w_high": 39.7599983215332,
        "52w_low": 0
    },
    "CPT": {
        "close": 110.27999877929688,
        "sma200": 107.88060775756836,
        "sma50": 104.34124862670899,
        "rsi_weekly": 57.29826049028465,
        "rsi_monthly": 56.13711450364557,
        "52w_high": 120.8723373413086,
        "52w_low": 0
    },
    "CPB": {
        "close": 26.329999923706055,
        "sma200": 31.566529178619383,
        "sma50": 28.912449760437013,
        "rsi_weekly": 31.0817738562459,
        "rsi_monthly": 19.080514776821133,
        "52w_high": 40.011085510253906,
        "52w_low": 0
    },
    "COF": {
        "close": 252.59500122070312,
        "sma200": 209.2708056640625,
        "sma50": 229.33859466552735,
        "rsi_weekly": 66.92699258160285,
        "rsi_monthly": 75.86346131282143,
        "52w_high": 257.94000244140625,
        "52w_low": 0
    },
    "CAH": {
        "close": 202.6300048828125,
        "sma200": 163.674022064209,
        "sma50": 202.05173858642578,
        "rsi_weekly": 72.2583320109637,
        "rsi_monthly": 79.62822808349209,
        "52w_high": 213.1985321044922,
        "52w_low": 0
    },
    "KMX": {
        "close": 44.2599983215332,
        "sma200": 55.54549975395203,
        "sma50": 38.46679996490479,
        "rsi_weekly": 36.320197288685186,
        "rsi_monthly": 45.538095683895804,
        "52w_high": 89.19000244140625,
        "52w_low": 0
    },
    "CCL": {
        "close": 31.56999969482422,
        "sma200": 26.575350093841553,
        "sma50": 27.972200164794923,
        "rsi_weekly": 60.634551787002906,
        "rsi_monthly": 59.18996459797011,
        "52w_high": 32.4900016784668,
        "52w_low": 0
    },
    "CARR": {
        "close": 54.31999969482422,
        "sma200": 63.17279138565063,
        "sma50": 54.3476001739502,
        "rsi_weekly": 37.008111273584134,
        "rsi_monthly": 41.2050352967145,
        "52w_high": 80.42076873779297,
        "52w_low": 0
    },
    "CAT": {
        "close": 612.2899780273438,
        "sma200": 441.34164855957033,
        "sma50": 579.6291979980468,
        "rsi_weekly": 72.43171627425583,
        "rsi_monthly": 81.48119601677053,
        "52w_high": 625.6099853515625,
        "52w_low": 0
    },
    "CBOE": {
        "close": 261.92498779296875,
        "sma200": 237.4302392578125,
        "sma50": 253.21409942626954,
        "rsi_weekly": 53.37365384736582,
        "rsi_monthly": 76.10913532844985,
        "52w_high": 261.92498779296875,
        "52w_low": 0
    },
    "CBRE": {
        "close": 166.5500030517578,
        "sma200": 146.59170028686523,
        "sma50": 158.30060028076173,
        "rsi_weekly": 56.43922971152136,
        "rsi_monthly": 73.58677674784748,
        "52w_high": 166.9199981689453,
        "52w_low": 0
    },
    "CDW": {
        "close": 131.03500366210938,
        "sma200": 160.38793159484862,
        "sma50": 142.4695022583008,
        "rsi_weekly": 33.926531867898575,
        "rsi_monthly": 49.756506635283976,
        "52w_high": 203.0680389404297,
        "52w_low": 0
    },
    "CE": {
        "close": 44.1974983215332,
        "sma200": 46.84652618408203,
        "sma50": 40.65395004272461,
        "rsi_weekly": 44.569439437132196,
        "rsi_monthly": 36.965820198804565,
        "52w_high": 73.93795776367188,
        "52w_low": 0
    },
    "COR": {
        "close": 338.1499938964844,
        "sma200": 307.4942658996582,
        "sma50": 349.03966430664065,
        "rsi_weekly": 58.9758838353846,
        "rsi_monthly": 69.12058829738024,
        "52w_high": 374.75,
        "52w_low": 0
    },
    "CNC": {
        "close": 46.95000076293945,
        "sma200": 42.3911999797821,
        "sma50": 38.9234001159668,
        "rsi_weekly": 54.69628179193523,
        "rsi_monthly": 43.935138280302226,
        "52w_high": 65.88999938964844,
        "52w_low": 0
    },
    "CNP": {
        "close": 38.34000015258789,
        "sma200": 37.59331655502319,
        "sma50": 38.63599922180176,
        "rsi_weekly": 55.441597097671234,
        "rsi_monthly": 64.44409535763315,
        "52w_high": 39.996612548828125,
        "52w_low": 0
    },
    "CF": {
        "close": 83.19999694824219,
        "sma200": 84.45301006317139,
        "sma50": 79.85002090454101,
        "rsi_weekly": 45.798083513134124,
        "rsi_monthly": 58.06337510501618,
        "52w_high": 101.27503967285156,
        "52w_low": 0
    },
    "CHRW": {
        "close": 169.94000244140625,
        "sma200": 120.07143234252929,
        "sma50": 157.11288757324218,
        "rsi_weekly": 73.05904601708656,
        "rsi_monthly": 65.22846472339806,
        "52w_high": 169.94000244140625,
        "52w_low": 0
    },
    "CRL": {
        "close": 218.0749969482422,
        "sma200": 159.7050750350952,
        "sma50": 186.19890014648436,
        "rsi_weekly": 63.24574742443261,
        "rsi_monthly": 69.54139212632656,
        "52w_high": 218.0749969482422,
        "52w_low": 0
    }
}