{
    "last_scan_index": 375,
    "AAPL": {
        "close": 258.0,
        "sma200": 233.76424102783204,
        "sma50": 271.54354064941407,
        "rsi_weekly": 53.761853174330135,
        "rsi_monthly": 65.05593431169623,
        "52w_high": 286.19000244140625,
        "52w_low": 0
    },
    "NVDA": {
        "close": 189.72999572753906,
        "sma200": 164.05964134216308,
        "sma50": 184.6236730957031,
        "rsi_weekly": 55.83253750445291,
        "rsi_monthly": 76.3624747638299,
        "52w_high": 207.02847290039062,
        "52w_low": 0
    },
    "TSLA": {
        "close": 445.2601013183594,
        "sma200": 369.162700881958,
        "sma50": 443.22400390625,
        "rsi_weekly": 57.433070397524055,
        "rsi_monthly": 70.21254147643917,
        "52w_high": 489.8800048828125,
        "52w_low": 0
    },
    "MSFT": {
        "close": 459.1650085449219,
        "sma200": 481.05152130126953,
        "sma50": 484.61413146972654,
        "rsi_weekly": 46.92493271914391,
        "rsi_monthly": 64.9448616804251,
        "52w_high": 541.057373046875,
        "52w_low": 0
    },
    "AMD": {
        "close": 230.59170532226562,
        "sma200": 168.68475833892822,
        "sma50": 220.49263397216797,
        "rsi_weekly": 52.90812131363197,
        "rsi_monthly": 69.38721493424931,
        "52w_high": 264.3299865722656,
        "52w_low": 0
    },
    "OMC": {
        "close": 80.48999786376953,
        "sma200": 74.30327827453613,
        "sma50": 76.01876556396485,
        "rsi_weekly": 54.900562515056954,
        "rsi_monthly": 45.4667028585649,
        "52w_high": 85.1419448852539,
        "52w_low": 0
    },
    "ON": {
        "close": 61.09000015258789,
        "sma200": 49.843450050354,
        "sma50": 53.566400299072264,
        "rsi_weekly": 66.63842813991741,
        "rsi_monthly": 61.550226337426814,
        "52w_high": 62.45000076293945,
        "52w_low": 0
    },
    "OKE": {
        "close": 72.91000366210938,
        "sma200": 75.11538105010986,
        "sma50": 72.07379974365234,
        "rsi_weekly": 47.72022667462473,
        "rsi_monthly": 59.091528427988166,
        "52w_high": 104.35750579833984,
        "52w_low": 0
    },
    "ORCL": {
        "close": 187.82000732421875,
        "sma200": 216.8037092590332,
        "sma50": 205.41781219482422,
        "rsi_weekly": 42.60087412409931,
        "rsi_monthly": 53.69358558476264,
        "52w_high": 326.8970642089844,
        "52w_low": 0
    },
    "OTIS": {
        "close": 90.01000213623047,
        "sma200": 91.39868118286132,
        "sma50": 88.4800668334961,
        "rsi_weekly": 50.94193292797873,
        "rsi_monthly": 59.907579903722045,
        "52w_high": 102.87491607666016,
        "52w_low": 0
    },
    "PCAR": {
        "close": 121.50499725341797,
        "sma200": 97.43394508361817,
        "sma50": 107.52967178344727,
        "rsi_weekly": 72.59470991645728,
        "rsi_monthly": 72.91686044376223,
        "52w_high": 121.91999816894531,
        "52w_low": 0
    },
    "PKG": {
        "close": 220.67999267578125,
        "sma200": 198.50892303466796,
        "sma50": 203.6589791870117,
        "rsi_weekly": 61.98625961839801,
        "rsi_monthly": 66.4037939921115,
        "52w_high": 236.1614990234375,
        "52w_low": 0
    },
    "PANW": {
        "close": 185.6750030517578,
        "sma200": 192.85132522583007,
        "sma50": 192.9145001220703,
        "rsi_weekly": 47.43266878873063,
        "rsi_monthly": 41.463758262734274,
        "52w_high": 221.3800048828125,
        "52w_low": 0
    },
    "PH": {
        "close": 944.125,
        "sma200": 739.4411190795898,
        "sma50": 873.8382897949218,
        "rsi_weekly": 76.77899970437798,
        "rsi_monthly": 85.16237533816432,
        "52w_high": 944.5800170898438,
        "52w_low": 0
    },
    "PAYX": {
        "close": 109.76000213623047,
        "sma200": 132.27741146087646,
        "sma50": 112.23809555053711,
        "rsi_weekly": 38.20916552946658,
        "rsi_monthly": 41.105335824763415,
        "52w_high": 157.0591278076172,
        "52w_low": 0
    },
    "PAYC": {
        "close": 150.44000244140625,
        "sma200": 209.04758697509766,
        "sma50": 161.83696807861327,
        "rsi_weekly": 31.328475026839882,
        "rsi_monthly": 34.30214388902625,
        "52w_high": 264.6704406738281,
        "52w_low": 0
    },
    "PYPL": {
        "close": 56.29999923706055,
        "sma200": 67.28450311660767,
        "sma50": 60.936419067382815,
        "rsi_weekly": 33.85673439075665,
        "rsi_monthly": 38.232637776079414,
        "52w_high": 91.5982437133789,
        "52w_low": 0
    },
    "PNR": {
        "close": 106.40499877929688,
        "sma200": 102.29653202056885,
        "sma50": 104.84810028076171,
        "rsi_weekly": 46.954924764464444,
        "rsi_monthly": 68.20962467993209,
        "52w_high": 112.33572387695312,
        "52w_low": 0
    },
    "PEP": {
        "close": 146.2899932861328,
        "sma200": 139.32689041137695,
        "sma50": 144.86527069091798,
        "rsi_weekly": 45.32753619468397,
        "rsi_monthly": 42.55345686929725,
        "52w_high": 152.22113037109375,
        "52w_low": 0
    },
    "PFE": {
        "close": 25.610000610351562,
        "sma200": 23.945183057785034,
        "sma50": 25.2960831451416,
        "rsi_weekly": 55.07166481561162,
        "rsi_monthly": 46.704923759520405,
        "52w_high": 26.896394729614258,
        "52w_low": 0
    },
    "PCG": {
        "close": 15.604999542236328,
        "sma200": 15.534918823242187,
        "sma50": 15.7865260887146,
        "rsi_weekly": 51.39526889469013,
        "rsi_monthly": 45.16955511794604,
        "52w_high": 17.75307846069336,
        "52w_low": 0
    },
    "PM": {
        "close": 171.44000244140625,
        "sma200": 162.10469848632812,
        "sma50": 156.14136199951173,
        "rsi_weekly": 54.81567375360381,
        "rsi_monthly": 63.337589138472744,
        "52w_high": 180.2153778076172,
        "52w_low": 0
    },
    "PSX": {
        "close": 139.77999877929688,
        "sma200": 124.30456573486327,
        "sma50": 136.28177764892578,
        "rsi_weekly": 59.22342317097072,
        "rsi_monthly": 49.69664568565027,
        "52w_high": 144.22000122070312,
        "52w_low": 0
    },
    "PNW": {
        "close": 92.23500061035156,
        "sma200": 89.13711246490479,
        "sma50": 88.80350051879883,
        "rsi_weekly": 51.468980304140764,
        "rsi_monthly": 59.3841978860503,
        "52w_high": 92.81592559814453,
        "52w_low": 0
    },
    "PNC": {
        "close": 222.97999572753906,
        "sma200": 186.8120816040039,
        "sma50": 201.41939971923827,
        "rsi_weekly": 67.98248275872429,
        "rsi_monthly": 58.82044787239241,
        "52w_high": 222.97999572753906,
        "52w_low": 0
    },
    "POOL": {
        "close": 266.0249938964844,
        "sma200": 287.61686248779296,
        "sma50": 241.97877197265626,
        "rsi_weekly": 41.669122856880506,
        "rsi_monthly": 45.12070365718387,
        "52w_high": 358.4320068359375,
        "52w_low": 0
    },
    "PPG": {
        "close": 109.30000305175781,
        "sma200": 105.54315971374511,
        "sma50": 101.42475952148438,
        "rsi_weekly": 54.82064944952964,
        "rsi_monthly": 39.60413330240518,
        "52w_high": 121.09014129638672,
        "52w_low": 0
    },
    "PPL": {
        "close": 36.11000061035156,
        "sma200": 35.10968854904175,
        "sma50": 35.16016716003418,
        "rsi_weekly": 46.06347224152683,
        "rsi_monthly": 63.581207968105694,
        "52w_high": 37.66332244873047,
        "52w_low": 0
    }
}