{
    "last_scan_index": 50,
    "AAPL": {
        "close": 259.3699951171875,
        "sma200": 232.80100143432617,
        "sma50": 272.57918151855466,
        "rsi_weekly": 63.04886220455283,
        "rsi_monthly": 65.05591534555576,
        "52w_high": 286.19000244140625,
        "52w_low": 0
    },
    "NVDA": {
        "close": 184.86000061035156,
        "sma200": 162.1727394104004,
        "sma50": 186.36893981933594,
        "rsi_weekly": 58.648706052284595,
        "rsi_monthly": 76.36247329849597,
        "52w_high": 207.02847290039062,
        "52w_low": 0
    },
    "TSLA": {
        "close": 445.010009765625,
        "sma200": 364.7485501861572,
        "sma50": 444.2562017822266,
        "rsi_weekly": 56.31157929953819,
        "rsi_monthly": 70.21254147643917,
        "52w_high": 489.8800048828125,
        "52w_low": 0
    },
    "MSFT": {
        "close": 479.2799987792969,
        "sma200": 478.969786529541,
        "sma50": 490.38487426757814,
        "rsi_weekly": 44.49072425193712,
        "rsi_monthly": 64.94487619974281,
        "52w_high": 541.057373046875,
        "52w_low": 0
    },
    "AMD": {
        "close": 203.1699981689453,
        "sma200": 165.75879978179933,
        "sma50": 223.97699920654296,
        "rsi_weekly": 60.71614808686848,
        "rsi_monthly": 69.38721493424931,
        "52w_high": 264.3299865722656,
        "52w_low": 0
    },
    "AEP": {
        "close": 116.91000366210938,
        "sma200": 109.42742599487305,
        "sma50": 118.22637603759766,
        "rsi_weekly": 55.409071461123666,
        "rsi_monthly": 75.84523543705008,
        "52w_high": 123.7699966430664,
        "52w_low": 0
    },
    "AXP": {
        "close": 375.6099853515625,
        "sma200": 318.8483235168457,
        "sma50": 367.5514886474609,
        "rsi_weekly": 62.4269566111617,
        "rsi_monthly": 80.5517235155849,
        "52w_high": 384.0368957519531,
        "52w_low": 0
    },
    "AIG": {
        "close": 75.43000030517578,
        "sma200": 80.2866074371338,
        "sma50": 79.56723587036133,
        "rsi_weekly": 58.80780400177471,
        "rsi_monthly": 67.04858334287576,
        "52w_high": 86.58999633789062,
        "52w_low": 0
    },
    "AMT": {
        "close": 168.50999450683594,
        "sma200": 197.68449905395508,
        "sma50": 176.64658203125,
        "rsi_weekly": 37.77252161170645,
        "rsi_monthly": 45.4757316978285,
        "52w_high": 228.10018920898438,
        "52w_low": 0
    },
    "AWK": {
        "close": 127.9800033569336,
        "sma200": 137.88108207702638,
        "sma50": 129.9196871948242,
        "rsi_weekly": 42.13856356474838,
        "rsi_monthly": 40.57744650766672,
        "52w_high": 149.23484802246094,
        "52w_low": 0
    },
    "AMP": {
        "close": 507.760009765625,
        "sma200": 491.7016835021973,
        "sma50": 474.3742358398438,
        "rsi_weekly": 52.50064508916072,
        "rsi_monthly": 62.214035209952655,
        "52w_high": 567.8558959960938,
        "52w_low": 0
    },
    "AME": {
        "close": 210.63999938964844,
        "sma200": 183.78463371276857,
        "sma50": 200.22163848876954,
        "rsi_weekly": 69.96650536868967,
        "rsi_monthly": 80.05659823987521,
        "52w_high": 214.16000366210938,
        "52w_low": 0
    },
    "AMGN": {
        "close": 326.1000061035156,
        "sma200": 294.80644165039064,
        "sma50": 326.579189453125,
        "rsi_weekly": 58.16264046575552,
        "rsi_monthly": 39.793328911741725,
        "52w_high": 345.4599914550781,
        "52w_low": 0
    },
    "APH": {
        "close": 140.16000366210938,
        "sma200": 108.48618970870972,
        "sma50": 136.9427247619629,
        "rsi_weekly": 68.3301445177061,
        "rsi_monthly": 87.05902871324794,
        "52w_high": 143.57315063476562,
        "52w_low": 0
    },
    "ADI": {
        "close": 300.92999267578125,
        "sma200": 233.28279037475585,
        "sma50": 260.07406829833985,
        "rsi_weekly": 63.619193172036596,
        "rsi_monthly": 66.93934502387452,
        "52w_high": 300.92999267578125,
        "52w_low": 0
    },
    "AON": {
        "close": 350.79998779296875,
        "sma200": 357.81779693603517,
        "sma50": 348.1000012207031,
        "rsi_weekly": 44.82950365850614,
        "rsi_monthly": 61.81318970976774,
        "52w_high": 407.60504150390625,
        "52w_low": 0
    },
    "APA": {
        "close": 25.200000762939453,
        "sma200": 20.75582902431488,
        "sma50": 24.498999977111815,
        "rsi_weekly": 58.189769995407374,
        "rsi_monthly": 43.94956823288347,
        "52w_high": 27.100000381469727,
        "52w_low": 0
    },
    "APO": {
        "close": 145.82000732421875,
        "sma200": 135.38454372406005,
        "sma50": 137.60987716674805,
        "rsi_weekly": 58.2801868949998,
        "rsi_monthly": 67.3214958370465,
        "52w_high": 169.67230224609375,
        "52w_low": 0
    },
    "AMAT": {
        "close": 301.17999267578125,
        "sma200": 194.83846561431884,
        "sma50": 252.18817779541016,
        "rsi_weekly": 72.69143002026323,
        "rsi_monthly": 79.06958791400181,
        "52w_high": 301.17999267578125,
        "52w_low": 0
    },
    "APTV": {
        "close": 88.66999816894531,
        "sma200": 72.7589500427246,
        "sma50": 78.84159973144531,
        "rsi_weekly": 52.46330720995351,
        "rsi_monthly": 48.72551059290572,
        "52w_high": 88.66999816894531,
        "52w_low": 0
    },
    "ACGL": {
        "close": 95.18000030517578,
        "sma200": 91.341900100708,
        "sma50": 92.73220016479492,
        "rsi_weekly": 54.081312340345164,
        "rsi_monthly": 64.04711913398052,
        "52w_high": 97.12000274658203,
        "52w_low": 0
    },
    "ADM": {
        "close": 61.939998626708984,
        "sma200": 54.998440437316894,
        "sma50": 58.79263572692871,
        "rsi_weekly": 53.356484800379356,
        "rsi_monthly": 48.401030595832374,
        "52w_high": 63.673423767089844,
        "52w_low": 0
    },
    "ANET": {
        "close": 122.88999938964844,
        "sma200": 117.56019943237305,
        "sma50": 132.17399948120118,
        "rsi_weekly": 52.94920615497757,
        "rsi_monthly": 65.79748500597414,
        "52w_high": 162.02999877929688,
        "52w_low": 0
    },
    "AJG": {
        "close": 264.5899963378906,
        "sma200": 296.78154022216796,
        "sma50": 252.6309014892578,
        "rsi_weekly": 39.75297445066941,
        "rsi_monthly": 52.18139937260715,
        "52w_high": 346.40545654296875,
        "52w_low": 0
    },
    "AIZ": {
        "close": 238.0,
        "sma200": 207.3833056640625,
        "sma50": 228.18588989257813,
        "rsi_weekly": 67.50695895083798,
        "rsi_monthly": 75.56334470705288,
        "52w_high": 242.1300048828125,
        "52w_low": 0
    },
    "T": {
        "close": 23.989999771118164,
        "sma200": 26.70440173149109,
        "sma50": 24.901599960327147,
        "rsi_weekly": 39.500477338709956,
        "rsi_monthly": 50.609146443454385,
        "52w_high": 29.304508209228516,
        "52w_low": 0
    },
    "ATO": {
        "close": 166.77999877929688,
        "sma200": 161.83029388427735,
        "sma50": 170.95947784423828,
        "rsi_weekly": 55.16425740277066,
        "rsi_monthly": 70.51277271474063,
        "52w_high": 178.1669921875,
        "52w_low": 0
    },
    "ADSK": {
        "close": 276.0199890136719,
        "sma200": 296.17704971313475,
        "sma50": 297.2597991943359,
        "rsi_weekly": 43.36920336828304,
        "rsi_monthly": 58.46462061753758,
        "52w_high": 326.7900085449219,
        "52w_low": 0
    }
}