{
    "last_scan_index": 375,
    "AAPL": {
        "close": 249.60000610351562,
        "sma200": 234.40482803344727,
        "sma50": 270.221198425293,
        "rsi_weekly": 51.05965900593757,
        "rsi_monthly": 65.0559154805589,
        "52w_high": 286.19000244140625,
        "52w_low": 0
    },
    "NVDA": {
        "close": 185.61000061035156,
        "sma200": 165.2447695159912,
        "sma50": 184.06550933837892,
        "rsi_weekly": 56.61352281018165,
        "rsi_monthly": 76.36247657890804,
        "52w_high": 207.02847290039062,
        "52w_low": 0
    },
    "TSLA": {
        "close": 438.010009765625,
        "sma200": 371.62005043029785,
        "sma50": 442.0928021240234,
        "rsi_weekly": 55.767272209839355,
        "rsi_monthly": 70.21254147643917,
        "52w_high": 489.8800048828125,
        "52w_low": 0
    },
    "MSFT": {
        "close": 449.5899963378906,
        "sma200": 482.2503762817383,
        "sma50": 481.62691467285157,
        "rsi_weekly": 40.972928476769226,
        "rsi_monthly": 64.94487772217356,
        "52w_high": 541.057373046875,
        "52w_low": 0
    },
    "AMD": {
        "close": 254.22999572753906,
        "sma200": 170.95809978485107,
        "sma50": 220.68500030517578,
        "rsi_weekly": 60.57175331207617,
        "rsi_monthly": 69.38721493424931,
        "52w_high": 264.3299865722656,
        "52w_low": 0
    },
    "OMC": {
        "close": 79.26000213623047,
        "sma200": 74.37429344177247,
        "sma50": 76.35200256347656,
        "rsi_weekly": 55.98282783210472,
        "rsi_monthly": 45.46672056419912,
        "52w_high": 85.14195251464844,
        "52w_low": 0
    },
    "ON": {
        "close": 63.22999954223633,
        "sma200": 50.22165006637573,
        "sma50": 54.34540031433105,
        "rsi_weekly": 62.73010065287049,
        "rsi_monthly": 61.550226337426814,
        "52w_high": 63.22999954223633,
        "52w_low": 0
    },
    "OKE": {
        "close": 76.7300033569336,
        "sma200": 74.94077365875245,
        "sma50": 72.59179977416993,
        "rsi_weekly": 51.01578713421258,
        "rsi_monthly": 59.0915552363095,
        "52w_high": 100.98501586914062,
        "52w_low": 0
    },
    "ORCL": {
        "close": 178.1750030517578,
        "sma200": 217.44376708984376,
        "sma50": 201.49398193359374,
        "rsi_weekly": 40.566971122686226,
        "rsi_monthly": 53.693585707693074,
        "52w_high": 326.8970642089844,
        "52w_low": 0
    },
    "OTIS": {
        "close": 89.83000183105469,
        "sma200": 91.24134525299073,
        "sma50": 88.38921920776367,
        "rsi_weekly": 50.68513909507758,
        "rsi_monthly": 59.90755235262979,
        "52w_high": 102.87491607666016,
        "52w_low": 0
    },
    "PCAR": {
        "close": 123.56929779052734,
        "sma200": 97.88433540344238,
        "sma50": 108.99131317138672,
        "rsi_weekly": 74.39853508283937,
        "rsi_monthly": 72.91687778467542,
        "52w_high": 123.56929779052734,
        "52w_low": 0
    },
    "PKG": {
        "close": 219.46499633789062,
        "sma200": 198.97774757385253,
        "sma50": 204.9211520385742,
        "rsi_weekly": 63.01295982173689,
        "rsi_monthly": 66.40380006795785,
        "52w_high": 234.34735107421875,
        "52w_low": 0
    },
    "PANW": {
        "close": 182.3699951171875,
        "sma200": 193.14115020751953,
        "sma50": 191.175400390625,
        "rsi_weekly": 46.76144689185207,
        "rsi_monthly": 41.463758262734274,
        "52w_high": 221.3800048828125,
        "52w_low": 0
    },
    "PH": {
        "close": 942.6599731445312,
        "sma200": 745.076789855957,
        "sma50": 881.2131982421874,
        "rsi_weekly": 78.97715093914437,
        "rsi_monthly": 85.16236388232518,
        "52w_high": 945.2899780273438,
        "52w_low": 0
    },
    "PAYX": {
        "close": 107.7300033569336,
        "sma200": 131.69154228210448,
        "sma50": 111.93160003662109,
        "rsi_weekly": 35.78766048335494,
        "rsi_monthly": 41.10535805299957,
        "52w_high": 157.05911254882812,
        "52w_low": 0
    },
    "PAYC": {
        "close": 151.3800048828125,
        "sma200": 208.14442390441894,
        "sma50": 160.58335327148438,
        "rsi_weekly": 28.2568349641093,
        "rsi_monthly": 34.30216470341028,
        "52w_high": 264.6704406738281,
        "52w_low": 0
    },
    "PYPL": {
        "close": 57.28499984741211,
        "sma200": 67.19473726272582,
        "sma50": 60.31176971435547,
        "rsi_weekly": 32.81963829425778,
        "rsi_monthly": 38.232637776079414,
        "52w_high": 90.03186798095703,
        "52w_low": 0
    },
    "PNR": {
        "close": 108.75499725341797,
        "sma200": 102.66480701446534,
        "sma50": 104.8313003540039,
        "rsi_weekly": 54.7483488877321,
        "rsi_monthly": 68.20961398207471,
        "52w_high": 112.33572387695312,
        "52w_low": 0
    },
    "PEP": {
        "close": 146.17999267578125,
        "sma200": 139.36133567810057,
        "sma50": 145.21246704101563,
        "rsi_weekly": 53.27399919232439,
        "rsi_monthly": 42.553484897234,
        "52w_high": 152.22113037109375,
        "52w_low": 0
    },
    "PFE": {
        "close": 26.045000076293945,
        "sma200": 23.99158818244934,
        "sma50": 25.385300064086913,
        "rsi_weekly": 56.098922195638146,
        "rsi_monthly": 46.70496474208497,
        "52w_high": 26.896394729614258,
        "52w_low": 0
    },
    "PCG": {
        "close": 15.244999885559082,
        "sma200": 15.509341187477112,
        "sma50": 15.720780162811279,
        "rsi_weekly": 49.12427223617877,
        "rsi_monthly": 45.16955191068201,
        "52w_high": 17.753080368041992,
        "52w_low": 0
    },
    "PM": {
        "close": 168.72500610351562,
        "sma200": 162.3548868560791,
        "sma50": 157.32711303710937,
        "rsi_weekly": 62.258023282902506,
        "rsi_monthly": 63.3376128848161,
        "52w_high": 180.2153778076172,
        "52w_low": 0
    },
    "PSX": {
        "close": 141.67999267578125,
        "sma200": 124.80113010406494,
        "sma50": 136.51546813964845,
        "rsi_weekly": 55.723263264489596,
        "rsi_monthly": 49.696669303456304,
        "52w_high": 144.22000122070312,
        "52w_low": 0
    },
    "PNW": {
        "close": 92.83999633789062,
        "sma200": 89.17338691711426,
        "sma50": 89.13640029907226,
        "rsi_weekly": 62.83437565122158,
        "rsi_monthly": 59.384136963031736,
        "52w_high": 93.70999908447266,
        "52w_low": 0
    },
    "PNC": {
        "close": 224.3699951171875,
        "sma200": 186.37355659484862,
        "sma50": 202.3641049194336,
        "rsi_weekly": 70.65584286766024,
        "rsi_monthly": 58.820462665557024,
        "52w_high": 225.49000549316406,
        "52w_low": 0
    },
    "POOL": {
        "close": 267.7950134277344,
        "sma200": 286.8905616760254,
        "sma50": 242.9284359741211,
        "rsi_weekly": 48.77904537297898,
        "rsi_monthly": 45.12075032720932,
        "52w_high": 358.43194580078125,
        "52w_low": 0
    },
    "PPG": {
        "close": 114.1500015258789,
        "sma200": 105.69147994995117,
        "sma50": 102.44620025634765,
        "rsi_weekly": 58.52019603138195,
        "rsi_monthly": 39.60408707674806,
        "52w_high": 121.09014129638672,
        "52w_low": 0
    },
    "PPL": {
        "close": 36.755001068115234,
        "sma200": 35.14600658416748,
        "sma50": 35.22014755249023,
        "rsi_weekly": 58.392504477326575,
        "rsi_monthly": 63.58121583957437,
        "52w_high": 37.66332244873047,
        "52w_low": 0
    }
}