{
    "last_scan_index": 125,
    "AAPL": {
        "close": 255.52999877929688,
        "sma200": 233.7518910217285,
        "sma50": 271.494140625,
        "rsi_weekly": 53.7618533121216,
        "rsi_monthly": 65.05597433005521,
        "52w_high": 286.19000244140625,
        "52w_low": 0
    },
    "NVDA": {
        "close": 186.22999572753906,
        "sma200": 164.04214149475098,
        "sma50": 184.55367309570312,
        "rsi_weekly": 55.83253743337249,
        "rsi_monthly": 76.362472601566,
        "52w_high": 207.02847290039062,
        "52w_low": 0
    },
    "TSLA": {
        "close": 437.5,
        "sma200": 369.1239003753662,
        "sma50": 443.0688018798828,
        "rsi_weekly": 57.433070397524055,
        "rsi_monthly": 70.21254147643917,
        "52w_high": 489.8800048828125,
        "52w_low": 0
    },
    "MSFT": {
        "close": 459.8599853515625,
        "sma200": 481.054997253418,
        "sma50": 484.6280310058594,
        "rsi_weekly": 46.924932786116536,
        "rsi_monthly": 64.94485344857473,
        "52w_high": 541.057373046875,
        "52w_low": 0
    },
    "AMD": {
        "close": 231.8300018310547,
        "sma200": 168.69094982147217,
        "sma50": 220.51739990234375,
        "rsi_weekly": 52.90812131363197,
        "rsi_monthly": 69.38721493424931,
        "52w_high": 264.3299865722656,
        "52w_low": 0
    },
    "SCHW": {
        "close": 103.81999969482422,
        "sma200": 91.57968971252441,
        "sma50": 96.90997894287109,
        "rsi_weekly": 63.90674666583505,
        "rsi_monthly": 78.24943604325767,
        "52w_high": 103.81999969482422,
        "52w_low": 0
    },
    "CHTR": {
        "close": 189.75999450683594,
        "sma200": 296.73294952392575,
        "sma50": 205.66580017089845,
        "rsi_weekly": 30.930561054355163,
        "rsi_monthly": 21.08980984965178,
        "52w_high": 427.25,
        "52w_low": 0
    },
    "CVX": {
        "close": 166.25999450683594,
        "sma200": 147.72648529052734,
        "sma50": 153.31429626464845,
        "rsi_weekly": 61.818965132473764,
        "rsi_monthly": 61.37107529269354,
        "52w_high": 167.24000549316406,
        "52w_low": 0
    },
    "CMG": {
        "close": 39.959999084472656,
        "sma200": 43.66220006942749,
        "sma50": 35.14859996795654,
        "rsi_weekly": 50.19230654492072,
        "rsi_monthly": 52.18402279312576,
        "52w_high": 59.02000045776367,
        "52w_low": 0
    },
    "CB": {
        "close": 300.7699890136719,
        "sma200": 285.95385848999024,
        "sma50": 301.8632000732422,
        "rsi_weekly": 61.659112875894174,
        "rsi_monthly": 68.40723050442244,
        "52w_high": 315.19000244140625,
        "52w_low": 0
    },
    "CHD": {
        "close": 90.61000061035156,
        "sma200": 91.67631641387939,
        "sma50": 84.89330856323242,
        "rsi_weekly": 43.22245959925388,
        "rsi_monthly": 33.925635810721054,
        "52w_high": 112.09139251708984,
        "52w_low": 0
    },
    "CI": {
        "close": 272.2099914550781,
        "sma200": 295.3821167755127,
        "sma50": 272.0897821044922,
        "rsi_weekly": 47.482638774692845,
        "rsi_monthly": 58.47678445362272,
        "52w_high": 334.8284606933594,
        "52w_low": 0
    },
    "CINF": {
        "close": 162.17999267578125,
        "sma200": 151.5723412322998,
        "sma50": 163.81258514404297,
        "rsi_weekly": 57.32727516541294,
        "rsi_monthly": 71.27550626449064,
        "52w_high": 167.6038055419922,
        "52w_low": 0
    },
    "CTAS": {
        "close": 195.4199981689453,
        "sma200": 204.142645111084,
        "sma50": 187.34833862304689,
        "rsi_weekly": 47.49401371882504,
        "rsi_monthly": 55.73673174717217,
        "52w_high": 226.6531219482422,
        "52w_low": 0
    },
    "CSCO": {
        "close": 75.19000244140625,
        "sma200": 67.71225639343261,
        "sma50": 75.99212005615234,
        "rsi_weekly": 56.061001485713696,
        "rsi_monthly": 70.43621151240941,
        "52w_high": 79.82286071777344,
        "52w_low": 0
    },
    "C": {
        "close": 118.04000091552734,
        "sma200": 91.55463766098022,
        "sma50": 109.91440002441406,
        "rsi_weekly": 76.66043995101673,
        "rsi_monthly": 85.9627460439541,
        "52w_high": 123.30000305175781,
        "52w_low": 0
    },
    "CFG": {
        "close": 60.81999969482422,
        "sma200": 47.972523040771485,
        "sma50": 56.44499977111816,
        "rsi_weekly": 75.23681115854654,
        "rsi_monthly": 67.276655312385,
        "52w_high": 62.13999938964844,
        "52w_low": 0
    },
    "CLX": {
        "close": 109.9800033569336,
        "sma200": 119.29219585418701,
        "sma50": 103.4684001159668,
        "rsi_weekly": 40.71138129526818,
        "rsi_monthly": 43.516279743401334,
        "52w_high": 156.630615234375,
        "52w_low": 0
    },
    "CME": {
        "close": 279.5,
        "sma200": 269.780153503418,
        "sma50": 273.25911804199217,
        "rsi_weekly": 46.02424845634618,
        "rsi_monthly": 75.62489942942331,
        "52w_high": 286.6857604980469,
        "52w_low": 0
    },
    "CMS": {
        "close": 71.68000030517578,
        "sma200": 71.13425289154053,
        "sma50": 71.68324630737305,
        "rsi_weekly": 44.77468420671691,
        "rsi_monthly": 59.341902223868935,
        "52w_high": 75.44000244140625,
        "52w_low": 0
    },
    "KO": {
        "close": 70.44000244140625,
        "sma200": 69.05657466888428,
        "sma50": 70.34028030395508,
        "rsi_weekly": 55.55870750839748,
        "rsi_monthly": 61.85332482233428,
        "52w_high": 72.61000061035156,
        "52w_low": 0
    },
    "CTSH": {
        "close": 84.73999786376953,
        "sma200": 74.64324169158935,
        "sma50": 80.08865585327149,
        "rsi_weekly": 65.35161250938769,
        "rsi_monthly": 62.6600835109102,
        "52w_high": 89.25667572021484,
        "52w_low": 0
    },
    "CL": {
        "close": 84.5199966430664,
        "sma200": 84.0420185470581,
        "sma50": 79.24220031738281,
        "rsi_weekly": 50.40309074436811,
        "rsi_monthly": 48.328153378711384,
        "52w_high": 95.73789978027344,
        "52w_low": 0
    },
    "CMCSA": {
        "close": 27.81999969482422,
        "sma200": 29.397459716796874,
        "sma50": 26.332965202331543,
        "rsi_weekly": 49.838377973933895,
        "rsi_monthly": 27.040928681827847,
        "52w_high": 34.411956787109375,
        "52w_low": 0
    },
    "CMA": {
        "close": 91.5999984741211,
        "sma200": 68.32952878952027,
        "sma50": 84.37321228027344,
        "rsi_weekly": 81.25453763501231,
        "rsi_monthly": 66.44886302780866,
        "52w_high": 92.55999755859375,
        "52w_low": 0
    },
    "CAG": {
        "close": 16.959999084472656,
        "sma200": 19.37860836982727,
        "sma50": 17.27060001373291,
        "rsi_weekly": 35.43612047835996,
        "rsi_monthly": 23.671457697295565,
        "52w_high": 26.194597244262695,
        "52w_low": 0
    },
    "COP": {
        "close": 98.19000244140625,
        "sma200": 90.7916157913208,
        "sma50": 92.27484420776368,
        "rsi_weekly": 57.38075783894854,
        "rsi_monthly": 49.07484376693116,
        "52w_high": 103.38457489013672,
        "52w_low": 0
    },
    "ED": {
        "close": 103.80999755859375,
        "sma200": 100.4567679977417,
        "sma50": 98.99016998291016,
        "rsi_weekly": 50.29466625655572,
        "rsi_monthly": 47.44181686157737,
        "52w_high": 110.50127410888672,
        "52w_low": 0
    },
    "STZ": {
        "close": 156.63999938964844,
        "sma200": 156.24301593780518,
        "sma50": 139.31580032348631,
        "rsi_weekly": 49.515695908181264,
        "rsi_monthly": 33.21147295915953,
        "52w_high": 192.97064208984375,
        "52w_low": 0
    },
    "CEG": {
        "close": 307.7099914550781,