{
    "last_scan_index": 125,
    "AAPL": {
        "close": 246.6999969482422,
        "sma200": 233.86975593566893,
        "sma50": 271.0305728149414,
        "rsi_weekly": 51.0596590736093,
        "rsi_monthly": 65.05591616849544,
        "52w_high": 286.19000244140625,
        "52w_low": 0
    },
    "NVDA": {
        "close": 178.07000732421875,
        "sma200": 164.38049160003663,
        "sma50": 184.2110903930664,
        "rsi_weekly": 56.613522798809264,
        "rsi_monthly": 76.36247439643954,
        "52w_high": 207.02847290039062,
        "52w_low": 0
    },
    "TSLA": {
        "close": 419.25,
        "sma200": 369.8063503265381,
        "sma50": 442.21240173339845,
        "rsi_weekly": 55.767272209839355,
        "rsi_monthly": 70.21254147643917,
        "52w_high": 489.8800048828125,
        "52w_low": 0
    },
    "MSFT": {
        "close": 454.5199890136719,
        "sma200": 481.42708450317383,
        "sma50": 483.5941796875,
        "rsi_weekly": 40.972927380989496,
        "rsi_monthly": 64.94487417257582,
        "52w_high": 541.057373046875,
        "52w_low": 0
    },
    "AMD": {
        "close": 231.9199981689453,
        "sma200": 169.33574981689452,
        "sma50": 220.02920013427735,
        "rsi_weekly": 60.57175331207617,
        "rsi_monthly": 69.38721493424931,
        "52w_high": 264.3299865722656,
        "52w_low": 0
    },
    "SCHW": {
        "close": 100.98999786376953,
        "sma200": 91.69515518188477,
        "sma50": 97.06148376464844,
        "rsi_weekly": 69.05368320873676,
        "rsi_monthly": 78.24942200961019,
        "52w_high": 103.81999969482422,
        "52w_low": 0
    },
    "CHTR": {
        "close": 184.1999969482422,
        "sma200": 295.75759956359866,
        "sma50": 204.8468002319336,
        "rsi_weekly": 25.796976236247783,
        "rsi_monthly": 21.08980984965178,
        "52w_high": 427.25,
        "52w_low": 0
    },
    "CVX": {
        "close": 165.3000030517578,
        "sma200": 147.74868759155274,
        "sma50": 153.60081909179686,
        "rsi_weekly": 65.03037800542977,
        "rsi_monthly": 61.37104601790479,
        "52w_high": 167.24000549316406,
        "52w_low": 0
    },
    "CMG": {
        "close": 39.0,
        "sma200": 43.59710006713867,
        "sma50": 35.28919998168945,
        "rsi_weekly": 49.91866377362966,
        "rsi_monthly": 52.18402279312576,
        "52w_high": 59.02000045776367,
        "52w_low": 0
    },
    "CB": {
        "close": 301.05999755859375,
        "sma200": 285.9565138244629,
        "sma50": 302.21919982910157,
        "rsi_weekly": 56.42604835246062,
        "rsi_monthly": 68.40723390253487,
        "52w_high": 315.19000244140625,
        "52w_low": 0
    },
    "CHD": {
        "close": 92.1500015258789,
        "sma200": 91.60077033996582,
        "sma50": 85.00892883300781,
        "rsi_weekly": 53.715904688342064,
        "rsi_monthly": 33.92562829237807,
        "52w_high": 112.09139251708984,
        "52w_low": 0
    },
    "CI": {
        "close": 271.239990234375,
        "sma200": 295.10415214538574,
        "sma50": 272.351982421875,
        "rsi_weekly": 44.882962690546755,
        "rsi_monthly": 58.47677618572845,
        "52w_high": 334.8284606933594,
        "52w_low": 0
    },
    "CINF": {
        "close": 160.80999755859375,
        "sma200": 151.65073707580567,
        "sma50": 163.84463134765625,
        "rsi_weekly": 56.15763965897126,
        "rsi_monthly": 71.27550127484898,
        "52w_high": 167.6038055419922,
        "52w_low": 0
    },
    "CTAS": {
        "close": 193.74000549316406,
        "sma200": 204.07450073242188,
        "sma50": 187.51583801269533,
        "rsi_weekly": 49.95738557159884,
        "rsi_monthly": 55.73673154670082,
        "52w_high": 226.6531219482422,
        "52w_low": 0
    },
    "CSCO": {
        "close": 73.3499984741211,
        "sma200": 67.77723838806152,
        "sma50": 76.02479522705079,
        "rsi_weekly": 58.61471678504736,
        "rsi_monthly": 70.43621901401043,
        "52w_high": 79.82286071777344,
        "52w_low": 0
    },
    "C": {
        "close": 112.80000305175781,
        "sma200": 91.76710590362549,
        "sma50": 110.13660003662109,
        "rsi_weekly": 70.52922559265579,
        "rsi_monthly": 85.96273917258009,
        "52w_high": 123.30000305175781,
        "52w_low": 0
    },
    "CFG": {
        "close": 59.810001373291016,
        "sma200": 48.069209537506104,
        "sma50": 56.6123998260498,
        "rsi_weekly": 75.63711659240053,
        "rsi_monthly": 67.27664450580197,
        "52w_high": 62.13999938964844,
        "52w_low": 0
    },
    "CLX": {
        "close": 109.83999633789062,
        "sma200": 119.12451564788819,
        "sma50": 103.4868000793457,
        "rsi_weekly": 46.14262154185588,
        "rsi_monthly": 43.516304533114145,
        "52w_high": 156.630615234375,
        "52w_low": 0
    },
    "CME": {
        "close": 279.9100036621094,
        "sma200": 269.8851749420166,
        "sma50": 273.52191345214845,
        "rsi_weekly": 55.67697179240165,
        "rsi_monthly": 75.62488836236064,
        "52w_high": 286.6857604980469,
        "52w_low": 0
    },
    "CMS": {
        "close": 71.3499984741211,
        "sma200": 71.12595458984374,
        "sma50": 71.66973922729493,
        "rsi_weekly": 51.383863672975515,
        "rsi_monthly": 59.341888060533854,
        "52w_high": 75.44000244140625,
        "52w_low": 0
    },
    "KO": {
        "close": 71.75,
        "sma200": 69.06633884429931,
        "sma50": 70.4146371459961,
        "rsi_weekly": 55.28033532098864,
        "rsi_monthly": 61.85332667652108,
        "52w_high": 72.61000061035156,
        "52w_low": 0
    },
    "CTSH": {
        "close": 82.20999908447266,
        "sma200": 74.67545196533203,
        "sma50": 80.24615982055664,
        "rsi_weekly": 64.18514728128409,
        "rsi_monthly": 62.660087342537594,
        "52w_high": 89.25667572021484,
        "52w_low": 0
    },
    "CL": {
        "close": 85.44000244140625,
        "sma200": 84.0099222946167,
        "sma50": 79.41280029296875,
        "rsi_weekly": 56.69188840644124,
        "rsi_monthly": 48.32810444699414,
        "52w_high": 95.7378921508789,
        "52w_low": 0
    },
    "CMCSA": {
        "close": 28.15999984741211,
        "sma200": 29.371996755599977,
        "sma50": 26.378522148132323,
        "rsi_weekly": 48.32830827690631,
        "rsi_monthly": 27.040937807143894,
        "52w_high": 34.411956787109375,
        "52w_low": 0
    },
    "CMA": {
        "close": 93.48999786376953,
        "sma200": 68.50968181610108,
        "sma50": 84.69202011108399,
        "rsi_weekly": 81.24199529064997,
        "rsi_monthly": 66.44885409199868,
        "52w_high": 93.48999786376953,
        "52w_low": 0
    },
    "CAG": {
        "close": 17.170000076293945,
        "sma200": 19.339365425109865,
        "sma50": 17.27220001220703,
        "rsi_weekly": 35.62399396830777,
        "rsi_monthly": 23.671452360067857,
        "52w_high": 26.194599151611328,
        "52w_low": 0
    },
    "COP": {
        "close": 95.5199966430664,
        "sma200": 90.75229339599609,
        "sma50": 92.44736938476562,
        "rsi_weekly": 58.10587771033612,
        "rsi_monthly": 49.07484319206759,
        "52w_high": 103.38456726074219,
        "52w_low": 0
    },
    "ED": {
        "close": 105.05000305175781,
        "sma200": 100.44765209197998,
        "sma50": 99.18484680175781,
        "rsi_weekly": 59.96495470460904,
        "rsi_monthly": 47.44176441134854,
        "52w_high": 110.50127410888672,
        "52w_low": 0
    },
    "STZ": {
        "close": 163.63999938964844,
        "sma200": 156.1648894882202,
        "sma50": 139.97620040893554,
        "rsi_weekly": 56.158775121565746,
        "rsi_monthly": 33.211468392689085,
        "52w_high": 192.97064208984375,
        "52w_low": 0
    },
    "CEG": {
        "close": 295.3999938964844,