{
    "last_scan_index": 275,
    "AAPL": {
        "close": 256.760009765625,
        "sma200": 232.60768898010255,
        "sma50": 272.7209710693359,
        "rsi_weekly": 63.04886211988768,
        "rsi_monthly": 65.0559320501427,
        "52w_high": 286.19000244140625,
        "52w_low": 0
    },
    "NVDA": {
        "close": 186.8000030517578,
        "sma200": 161.86057975769043,
        "sma50": 186.7273162841797,
        "rsi_weekly": 58.64870598889788,
        "rsi_monthly": 76.36247253118196,
        "52w_high": 207.02847290039062,
        "52w_low": 0
    },
    "TSLA": {
        "close": 430.7449951171875,
        "sma200": 363.9389252471924,
        "sma50": 444.4659014892578,
        "rsi_weekly": 56.31157929953819,
        "rsi_monthly": 70.21254147643917,
        "52w_high": 489.8800048828125,
        "52w_low": 0
    },
    "MSFT": {
        "close": 478.3900146484375,
        "sma200": 478.54005310058596,
        "sma50": 491.6260223388672,
        "rsi_weekly": 44.49072422798368,
        "rsi_monthly": 64.94486320882532,
        "52w_high": 541.057373046875,
        "52w_low": 0
    },
    "AMD": {
        "close": 207.6094970703125,
        "sma200": 165.33164730072022,
        "sma50": 225.13238952636718,
        "rsi_weekly": 60.71614808686848,
        "rsi_monthly": 69.38721493424931,
        "52w_high": 264.3299865722656,
        "52w_low": 0
    },
    "ICE": {
        "close": 163.57000732421875,
        "sma200": 168.1277406311035,
        "sma50": 156.2859552001953,
        "rsi_weekly": 46.71815091824458,
        "rsi_monthly": 64.72608088115508,
        "52w_high": 187.36590576171875,
        "52w_low": 0
    },
    "IFF": {
        "close": 67.80000305175781,
        "sma200": 68.91752729415893,
        "sma50": 65.56408432006836,
        "rsi_weekly": 51.22124572665536,
        "rsi_monthly": 29.921293171798375,
        "52w_high": 85.7145004272461,
        "52w_low": 0
    },
    "INTU": {
        "close": 645.7349853515625,
        "sma200": 682.0045541381836,
        "sma50": 657.1289001464844,
        "rsi_weekly": 41.79638996531949,
        "rsi_monthly": 59.65227359604632,
        "52w_high": 805.9171142578125,
        "52w_low": 0
    },
    "ISRG": {
        "close": 584.6875,
        "sma200": 513.119937286377,
        "sma50": 562.7779541015625,
        "rsi_weekly": 57.475695648565015,
        "rsi_monthly": 63.82447224376114,
        "52w_high": 610.4500122070312,
        "52w_low": 0
    },
    "IVZ": {
        "close": 27.670000076293945,
        "sma200": 19.749978709220887,
        "sma50": 25.124793701171875,
        "rsi_weekly": 78.10774502283606,
        "rsi_monthly": 75.09771881980836,
        "52w_high": 28.25,
        "52w_low": 0
    },
    "INVH": {
        "close": 26.649999618530273,
        "sma200": 30.12821907043457,
        "sma50": 27.39338062286377,
        "rsi_weekly": 42.61157033602837,
        "rsi_monthly": 48.216428933470695,
        "52w_high": 34.426910400390625,
        "52w_low": 0
    },
    "IQV": {
        "close": 244.03500366210938,
        "sma200": 184.89862495422364,
        "sma50": 223.25850006103516,
        "rsi_weekly": 62.55828026341485,
        "rsi_monthly": 73.87981808116163,
        "52w_high": 244.2899932861328,
        "52w_low": 0
    },
    "IRM": {
        "close": 86.91000366210938,
        "sma200": 92.73194076538086,
        "sma50": 87.96031066894531,
        "rsi_weekly": 38.8410808661866,
        "rsi_monthly": 59.968785047787456,
        "52w_high": 107.43501281738281,
        "52w_low": 0
    },
    "JBHT": {
        "close": 205.51499938964844,
        "sma200": 152.05660511016845,
        "sma50": 182.62887939453125,
        "rsi_weekly": 72.69356472840875,
        "rsi_monthly": 65.67223352593832,
        "52w_high": 205.5399932861328,
        "52w_low": 0
    },
    "JBL": {
        "close": 222.0800018310547,
        "sma200": 197.28248416900635,
        "sma50": 217.67139282226563,
        "rsi_weekly": 65.66726669836068,
        "rsi_monthly": 77.63877135879669,
        "52w_high": 240.38999938964844,
        "52w_low": 0
    },
    "JKHY": {
        "close": 188.05999755859375,
        "sma200": 169.58534172058106,
        "sma50": 173.5648114013672,
        "rsi_weekly": 57.340459259992926,
        "rsi_monthly": 67.08489017324925,
        "52w_high": 189.35499572753906,
        "52w_low": 0
    },
    "J": {
        "close": 140.6649932861328,
        "sma200": 137.12127010345458,
        "sma50": 141.63117248535156,
        "rsi_weekly": 45.11226461198547,
        "rsi_monthly": 64.20391688721098,
        "52w_high": 164.04388427734375,
        "52w_low": 0
    },
    "JNJ": {
        "close": 208.2949981689453,
        "sma200": 173.19493370056153,
        "sma50": 200.8927459716797,
        "rsi_weekly": 70.24054772498465,
        "rsi_monthly": 80.19775936156275,
        "52w_high": 214.1699981689453,
        "52w_low": 0
    },
    "JCI": {
        "close": 112.58999633789062,
        "sma200": 104.3265113067627,
        "sma50": 117.08819961547852,
        "rsi_weekly": 66.63293314369956,
        "rsi_monthly": 88.83884926841883,
        "52w_high": 122.66000366210938,
        "52w_low": 0
    },
    "JPM": {
        "close": 329.30499267578125,
        "sma200": 285.15851448059084,
        "sma50": 312.77842895507814,
        "rsi_weekly": 64.88716749822825,
        "rsi_monthly": 84.61116880791874,
        "52w_high": 334.6099853515625,
        "52w_low": 0
    },
    "K": {
        "close": 83.44000244140625,
        "sma200": 80.34924018859863,
        "sma50": 82.65304901123046,
        "rsi_weekly": 68.16701061098789,
        "rsi_monthly": 86.6242232382536,
        "52w_high": 83.44999694824219,
        "52w_low": 0
    },
    "KVUE": {
        "close": 16.815000534057617,
        "sma200": 19.483712430000306,
        "sma50": 16.629156341552733,
        "rsi_weekly": 45.702710981658804,
        "rsi_monthly": 35.65679438414851,
        "52w_high": 23.699588775634766,
        "52w_low": 0
    },
    "KDP": {
        "close": 27.5049991607666,
        "sma200": 30.32405828475952,
        "sma50": 27.53682197570801,
        "rsi_weekly": 44.8568448944211,
        "rsi_monthly": 32.29932806795385,
        "52w_high": 34.856082916259766,
        "52w_low": 0
    },
    "KEY": {
        "close": 21.4950008392334,
        "sma200": 17.323703899383545,
        "sma50": 19.102943725585938,
        "rsi_weekly": 69.07992080039715,
        "rsi_monthly": 67.78410437661697,
        "52w_high": 21.56999969482422,
        "52w_low": 0
    },
    "KEYS": {
        "close": 212.5800018310547,
        "sma200": 169.07629981994629,
        "sma50": 194.83940002441406,
        "rsi_weekly": 65.99396521112257,
        "rsi_monthly": 71.44103933425825,
        "52w_high": 214.13999938964844,
        "52w_low": 0
    },
    "KMB": {
        "close": 98.1500015258789,
        "sma200": 121.95866752624512,
        "sma50": 103.36876754760742,
        "rsi_weekly": 30.92218415916551,
        "rsi_monthly": 35.42744128220748,
        "52w_high": 142.86663818359375,
        "52w_low": 0
    },
    "KIM": {
        "close": 20.25,
        "sma200": 20.630807943344116,
        "sma50": 20.22594047546387,
        "rsi_weekly": 44.159990464704315,
        "rsi_monthly": 44.267942811972105,
        "52w_high": 22.46935272216797,
        "52w_low": 0
    },
    "KMI": {
        "close": 27.235000610351562,
        "sma200": 26.90992378234863,
        "sma50": 26.862774047851563,
        "rsi_weekly": 55.02174841074614,
        "rsi_monthly": 67.71467795924167,
        "52w_high": 29.90215492248535,
        "52w_low": 0
    },
    "KLAC": {
        "close": 1332.5400390625,
        "sma200": 955.6422360229492,
        "sma50": 1214.8805249023437,
        "rsi_weekly": 69.12683888122112,
        "rsi_monthly": 84.62336740834648,
        "52w_high": 1395.0,
        "52w_low": 0
    }
}