{
    "BBY": {
        "close": 66.16000366210938,
        "sma50": 71.30387252807617,
        "sma200": 70.44003005981443,
        "rsi_weekly": 41.33255074596601,
        "mrs": -9.257980222210826,
        "rv": 0.5189273548837925,
        "is_stage_2": 