{
    "last_scan_index": 450,
    "AAPL": {
        "close": 250.10000610351562,
        "sma200": 234.40732788085938,
        "sma50": 270.231198425293,
        "rsi_weekly": 51.05965894376257,
        "rsi_monthly": 65.055933453938,
        "52w_high": 286.19000244140625,
        "52w_low": 0
    },
    "NVDA": {
        "close": 184.98500061035156,
        "sma200": 165.24164474487304,
        "sma50": 184.0530093383789,
        "rsi_weekly": 56.61352264866811,
        "rsi_monthly": 76.3624765519339,
        "52w_high": 207.02847290039062,
        "52w_low": 0
    },
    "TSLA": {
        "close": 446.90771484375,
        "sma200": 371.6645389556885,
        "sma50": 442.27075622558596,
        "rsi_weekly": 55.767272209839355,
        "rsi_monthly": 70.21254147643917,
        "52w_high": 489.8800048828125,
        "52w_low": 0
    },
    "MSFT": {
        "close": 451.6600036621094,
        "sma200": 482.2607273864746,
        "sma50": 481.66831481933593,
        "rsi_weekly": 40.972927981115326,
        "rsi_monthly": 64.94487219651575,
        "52w_high": 541.057373046875,
        "52w_low": 0
    },
    "AMD": {
        "close": 254.05499267578125,
        "sma200": 170.95722476959227,
        "sma50": 220.68150024414064,
        "rsi_weekly": 60.57175331207617,
        "rsi_monthly": 69.38721493424931,
        "52w_high": 264.3299865722656,
        "52w_low": 0
    },
    "SYY": {
        "close": 76.90409851074219,
        "sma200": 75.25680347442626,
        "sma50": 74.50046615600586,
        "rsi_weekly": 58.17707998745848,
        "rsi_monthly": 47.01147309370511,
        "52w_high": 82.12374877929688,
        "52w_low": 0
    },
    "TMUS": {
        "close": 185.07000732421875,
        "sma200": 227.71694007873535,
        "sma50": 201.41259490966797,
        "rsi_weekly": 30.470889739857682,
        "rsi_monthly": 49.89461817394713,
        "52w_high": 269.53662109375,
        "52w_low": 0
    },
    "TROW": {
        "close": 107.1500015258789,
        "sma200": 98.81479652404785,
        "sma50": 103.27911514282226,
        "rsi_weekly": 59.73051167393603,
        "rsi_monthly": 60.48356270251882,
        "52w_high": 111.02996826171875,
        "52w_low": 0
    },
    "TTWO": {
        "close": 240.14999389648438,
        "sma200": 238.58765014648438,
        "sma50": 245.43800048828126,
        "rsi_weekly": 49.243094906042806,
        "rsi_monthly": 52.059212934817936,
        "52w_high": 262.2900085449219,
        "52w_low": 0
    },
    "TPR": {
        "close": 130.39999389648438,
        "sma200": 100.87134963989257,
        "sma50": 119.92040466308593,
        "rsi_weekly": 66.87384974691503,
        "rsi_monthly": 84.18371708016068,
        "52w_high": 134.3800048828125,
        "52w_low": 0
    },
    "TRGP": {
        "close": 191.41000366210938,
        "sma200": 167.01251991271974,
        "sma50": 178.58720001220703,
        "rsi_weekly": 58.96085274339448,
        "rsi_monthly": 70.66237356117827,
        "52w_high": 206.80960083007812,
        "52w_low": 0
    },
    "TGT": {
        "close": 105.62000274658203,
        "sma200": 94.71768432617188,
        "sma50": 96.60941207885742,
        "rsi_weekly": 69.3430984663654,
        "rsi_monthly": 58.73195524695051,
        "52w_high": 136.47891235351562,
        "52w_low": 0
    },
    "TEL": {
        "close": 231.5050048828125,
        "sma200": 198.50806980133058,
        "sma50": 232.25569946289062,
        "rsi_weekly": 66.68325510215816,
        "rsi_monthly": 74.71038198393846,
        "52w_high": 249.0,
        "52w_low": 0
    },
    "TDY": {
        "close": 624.9400024414062,
        "sma200": 523.0160498046876,
        "sma50": 522.7335974121094,
        "rsi_weekly": 65.1844708432563,
        "rsi_monthly": 58.290777462975825,
        "52w_high": 624.9400024414062,
        "52w_low": 0
    },
    "TFX": {
        "close": 106.29000091552734,
        "sma200": 121.18710823059082,
        "sma50": 115.88718902587891,
        "rsi_weekly": 37.087264669696516,
        "rsi_monthly": 19.834897585619768,
        "52w_high": 181.6382293701172,
        "52w_low": 0
    },
    "TER": {
        "close": 231.7899932861328,
        "sma200": 128.64588031768798,
        "sma50": 196.6836102294922,
        "rsi_weekly": 77.14281255401873,
        "rsi_monthly": 76.6260475832603,
        "52w_high": 231.88999938964844,
        "52w_low": 0
    },
    "TXN": {
        "close": 194.61500549316406,
        "sma200": 180.44209381103516,
        "sma50": 175.88550079345703,
        "rsi_weekly": 58.492318916192396,
        "rsi_monthly": 54.35195028049757,
        "52w_high": 217.718994140625,
        "52w_low": 0
    },
    "TXT": {
        "close": 96.35780334472656,
        "sma200": 80.34475025177002,
        "sma50": 86.87242385864258,
        "rsi_weekly": 68.92094979554018,
        "rsi_monthly": 65.2071966175417,
        "52w_high": 96.35780334472656,
        "52w_low": 0
    },
    "TMO": {
        "close": 638.1300048828125,
        "sma200": 492.7340991210938,
        "sma50": 588.9012426757813,
        "rsi_weekly": 71.48568686161205,
        "rsi_monthly": 64.82258413492906,
        "52w_high": 638.1300048828125,
        "52w_low": 0
    },
    "TJX": {
        "close": 153.96200561523438,
        "sma200": 137.0708540725708,
        "sma50": 153.0976776123047,
        "rsi_weekly": 71.3280281052336,
        "rsi_monthly": 81.40957730560822,
        "52w_high": 158.25,
        "52w_low": 0
    },
    "TSCO": {
        "close": 53.54499816894531,
        "sma200": 54.09714422225952,
        "sma50": 52.54258834838867,
        "rsi_weekly": 40.53550484812599,
        "rsi_monthly": 62.82305027992488,
        "52w_high": 62.37771224975586,
        "52w_low": 0
    },
    "TT": {
        "close": 393.239990234375,
        "sma200": 411.13498977661135,
        "sma50": 399.1821990966797,
        "rsi_weekly": 43.69393190413116,
        "rsi_monthly": 65.48620793826692,
        "52w_high": 471.4648742675781,
        "52w_low": 0
    },
    "TDG": {
        "close": 1438.6805419921875,
        "sma200": 1336.6973999023437,
        "sma50": 1344.5942114257812,
        "rsi_weekly": 63.40682414855344,
        "rsi_monthly": 69.26931932618686,
        "52w_high": 1516.55029296875,
        "52w_low": 0
    },
    "TRV": {
        "close": 276.1700134277344,
        "sma200": 270.0490379333496,
        "sma50": 284.76701904296874,
        "rsi_weekly": 46.01619037367665,
        "rsi_monthly": 74.0546987713082,
        "52w_high": 293.8399963378906,
        "52w_low": 0
    },
    "TRU": {
        "close": 85.9800033569336,
        "sma200": 85.38017028808594,
        "sma50": 84.15698287963868,
        "rsi_weekly": 51.06770324534719,
        "rsi_monthly": 65.62877895952676,
        "52w_high": 99.71392822265625,
        "52w_low": 0
    },
    "TYL": {
        "close": 439.3999938964844,
        "sma200": 527.2691485595703,
        "sma50": 456.3297998046875,
        "rsi_weekly": 30.23398140464292,
        "rsi_monthly": 44.96701049555504,
        "52w_high": 646.739990234375,
        "52w_low": 0
    },
    "TSN": {
        "close": 60.36000061035156,
        "sma200": 55.195306549072264,
        "sma50": 57.26441535949707,
        "rsi_weekly": 63.04595315908784,
        "rsi_monthly": 54.6559866824138,
        "52w_high": 62.127384185791016,
        "52w_low": 0
    },
    "USB": {
        "close": 56.45500183105469,
        "sma200": 46.12187646865845,
        "sma50": 51.6380525970459,
        "rsi_weekly": 67.26960561733195,
        "rsi_monthly": 70.08458301236693,
        "52w_high": 56.45500183105469,
        "52w_low": 0
    },
    "UDR": {
        "close": 37.54499816894531,
        "sma200": 37.53969465255737,
        "sma50": 35.61465087890625,
        "rsi_weekly": 55.935944118253616,
        "rsi_monthly": 43.748151453981876,
        "52w_high": 44.02199172973633,
        "52w_low": 0
    }
}