{
    "last_scan_index": 500,
    "AAPL": {
        "close": 248.5500030517578,
        "sma200": 234.10001815795897,
        "sma50": 270.6113983154297,
        "rsi_weekly": 51.05965902617319,
        "rsi_monthly": 65.05593294358616,
        "52w_high": 286.19000244140625,
        "52w_low": 0
    },
    "NVDA": {
        "close": 183.68499755859375,
        "sma200": 164.7900089263916,
        "sma50": 184.1233996582031,
        "rsi_weekly": 56.61352271137194,
        "rsi_monthly": 76.36247332754319,
        "52w_high": 207.02847290039062,
        "52w_low": 0
    },
    "TSLA": {
        "close": 436.7799987792969,
        "sma200": 370.6538503265381,
        "sma50": 442.02980163574216,
        "rsi_weekly": 55.767272209839355,
        "rsi_monthly": 70.21254147643917,
        "52w_high": 489.8800048828125,
        "52w_low": 0
    },
    "MSFT": {
        "close": 444.1499938964844,
        "sma200": 481.7922323608398,
        "sma50": 482.55375244140623,
        "rsi_weekly": 40.972928452902906,
        "rsi_monthly": 64.94485556610773,
        "52w_high": 541.057373046875,
        "52w_low": 0
    },
    "AMD": {
        "close": 249.0800018310547,
        "sma200": 170.112149810791,
        "sma50": 220.2568002319336,
        "rsi_weekly": 60.57175331207617,
        "rsi_monthly": 69.38721493424931,
        "52w_high": 264.3299865722656,
        "52w_low": 0
    },
    "WFC": {
        "close": 87.18000030517578,
        "sma200": 80.51209733963013,
        "sma50": 89.89659988403321,
        "rsi_weekly": 54.382281184744386,
        "rsi_monthly": 85.74286737292252,
        "52w_high": 96.38999938964844,
        "52w_low": 0
    },
    "WELL": {
        "close": 185.5800018310547,
        "sma200": 167.69760536193849,
        "sma50": 192.50339935302733,
        "rsi_weekly": 61.17440168224983,
        "rsi_monthly": 76.39006025971365,
        "52w_high": 208.22000122070312,
        "52w_low": 0
    },
    "WST": {
        "close": 253.30999755859375,
        "sma200": 245.67342658996583,
        "sma50": 271.74193298339844,
        "rsi_weekly": 48.16475259447961,
        "rsi_monthly": 37.3155015064491,
        "52w_high": 346.743408203125,
        "52w_low": 0
    },
    "WDC": {
        "close": 241.85000610351562,
        "sma200": 102.39990810394288,
        "sma50": 178.0311099243164,
        "rsi_weekly": 84.10810834947709,
        "rsi_monthly": 90.9642921109273,
        "52w_high": 241.85000610351562,
        "52w_low": 0
    },
    "WY": {
        "close": 27.354999542236328,
        "sma200": 24.58105320930481,
        "sma50": 23.31859603881836,
        "rsi_weekly": 63.999812233406274,
        "rsi_monthly": 50.91968556619767,
        "52w_high": 30.380916595458984,
        "52w_low": 0
    },
    "WHR": {
        "close": 88.48999786376953,
        "sma200": 81.28939239501953,
        "sma50": 75.77382965087891,
        "rsi_weekly": 57.20548002876817,
        "rsi_monthly": 41.21450190300992,
        "52w_high": 125.2857894897461,
        "52w_low": 0
    },
    "WMB": {
        "close": 62.619998931884766,
        "sma200": 58.66484399795532,
        "sma50": 60.04211929321289,
        "rsi_weekly": 55.67916984822508,
        "rsi_monthly": 68.94138557685349,
        "52w_high": 63.950782775878906,
        "52w_low": 0
    },
    "WTW": {
        "close": 319.5849914550781,
        "sma200": 319.2644598388672,
        "sma50": 324.65073852539064,
        "rsi_weekly": 53.45336357524611,
        "rsi_monthly": 72.65670247099594,
        "52w_high": 348.96490478515625,
        "52w_low": 0
    },
    "WYNN": {
        "close": 113.47000122070312,
        "sma200": 108.94845008850098,
        "sma50": 122.79934555053711,
        "rsi_weekly": 47.68296545059193,
        "rsi_monthly": 71.07336579688958,
        "52w_high": 133.08999633789062,
        "52w_low": 0
    },
    "XEL": {
        "close": 76.61000061035156,
        "sma200": 72.72576763153076,
        "sma50": 76.34423812866211,
        "rsi_weekly": 52.235366332835405,
        "rsi_monthly": 40.88571187010345,
        "52w_high": 81.4811019897461,
        "52w_low": 0
    },
    "XYL": {
        "close": 142.57000732421875,
        "sma200": 134.79371849060058,
        "sma50": 140.5058837890625,
        "rsi_weekly": 59.86578257515455,
        "rsi_monthly": 70.20166916157058,
        "52w_high": 152.51864624023438,
        "52w_low": 0
    },
    "YUM": {
        "close": 154.78500366210938,
        "sma200": 146.38662017822264,
        "sma50": 151.2302667236328,
        "rsi_weekly": 61.64527987616838,
        "rsi_monthly": 68.39965232509321,
        "52w_high": 161.0500030517578,
        "52w_low": 0
    },
    "ZBRA": {
        "close": 244.77000427246094,
        "sma200": 284.42569999694825,
        "sma50": 252.3410009765625,
        "rsi_weekly": 41.08678091722994,
        "rsi_monthly": 56.08681742013676,
        "52w_high": 421.1099853515625,
        "52w_low": 0
    },
    "ZBH": {
        "close": 87.34500122070312,
        "sma200": 95.76879272460937,
        "sma50": 91.11125686645508,
        "rsi_weekly": 41.15021889759537,
        "rsi_monthly": 35.43032756898783,
        "52w_high": 112.31305694580078,
        "52w_low": 0
    },
    "ZTS": {
        "close": 126.66000366210938,
        "sma200": 143.8335446166992,
        "sma50": 122.54307723999024,
        "rsi_weekly": 38.34023243868612,
        "rsi_monthly": 45.499045402072205,
        "52w_high": 173.15087890625,
        "52w_low": 0
    }
}