{
    "last_scan_index": 350,
    "AAPL": {
        "close": 247.64999389648438,
        "sma200": 234.09551811218262,
        "sma50": 270.59339813232424,
        "rsi_weekly": 51.05965916598111,
        "rsi_monthly": 65.05593284201129,
        "52w_high": 286.19000244140625,
        "52w_low": 0
    },
    "NVDA": {
        "close": 183.32000732421875,
        "sma200": 164.7881840133667,
        "sma50": 184.11609985351564,
        "rsi_weekly": 56.61352270104713,
        "rsi_monthly": 76.36247488574202,
        "52w_high": 207.02847290039062,
        "52w_low": 0
    },
    "TSLA": {
        "close": 431.44000244140625,
        "sma200": 370.62715034484864,
        "sma50": 441.9230017089844,
        "rsi_weekly": 55.767272209839355,
        "rsi_monthly": 70.21254147643917,
        "52w_high": 489.8800048828125,
        "52w_low": 0
    },
    "MSFT": {
        "close": 444.1099853515625,
        "sma200": 481.79203338623046,
        "sma50": 482.55295227050783,
        "rsi_weekly": 40.97292831150528,
        "rsi_monthly": 64.94483470777597,
        "52w_high": 541.057373046875,
        "52w_low": 0
    },
    "AMD": {
        "close": 249.8000030517578,
        "sma200": 170.11574981689452,
        "sma50": 220.27120025634767,
        "rsi_weekly": 60.57175331207617,
        "rsi_monthly": 69.38721493424931,
        "52w_high": 264.3299865722656,
        "52w_low": 0
    },
    "MSI": {
        "close": 394.95001220703125,
        "sma200": 419.0743380737305,
        "sma50": 377.68903198242185,
        "rsi_weekly": 47.68765548006126,
        "rsi_monthly": 51.60523436235592,
        "52w_high": 487.5675354003906,
        "52w_low": 0
    },
    "MSCI": {
        "close": 588.969970703125,
        "sma200": 559.1705183410645,
        "sma50": 568.3394128417968,
        "rsi_weekly": 59.14356662594314,
        "rsi_monthly": 36.10720622648701,
        "52w_high": 620.4635009765625,
        "52w_low": 0
    },
    "NDAQ": {
        "close": 98.77999877929688,
        "sma200": 88.06156749725342,
        "sma50": 93.30914031982422,
        "rsi_weekly": 70.20977023495504,
        "rsi_monthly": 65.50109961364122,
        "52w_high": 100.9800033569336,
        "52w_low": 0
    },
    "NTAP": {
        "close": 97.08999633789062,
        "sma200": 106.3099974822998,
        "sma50": 109.36675857543945,
        "rsi_weekly": 42.454093595307725,
        "rsi_monthly": 54.73037901645589,
        "52w_high": 125.20184326171875,
        "52w_low": 0
    },
    "NFLX": {
        "close": 85.36000061035156,
        "sma200": 113.02056510925293,
        "sma50": 98.76134002685546,
        "rsi_weekly": 30.563350054521422,
        "rsi_monthly": 56.023247459645084,
        "52w_high": 133.91299438476562,
        "52w_low": 0
    },
    "NEM": {
        "close": 118.91000366210938,
        "sma200": 73.97512660980225,
        "sma50": 98.05721054077148,
        "rsi_weekly": 76.06149412479519,
        "rsi_monthly": 76.17405192743281,
        "52w_high": 118.94000244140625,
        "52w_low": 0
    },
    "NWL": {
        "close": 4.260000228881836,
        "sma200": 4.79928093791008,
        "sma50": 3.705619602203369,
        "rsi_weekly": 46.6536951984996,
        "rsi_monthly": 28.54673355051423,
        "52w_high": 10.082730293273926,
        "52w_low": 0
    },
    "NWS": {
        "close": 30.25,
        "sma200": 31.6291281414032,
        "sma50": 29.67700008392334,
        "rsi_weekly": 46.36656879422474,
        "rsi_monthly": 63.47158685721449,
        "52w_high": 35.061614990234375,
        "52w_low": 0
    },
    "NWSA": {
        "close": 26.1299991607666,
        "sma200": 27.66314799308777,
        "sma50": 26.06919994354248,
        "rsi_weekly": 43.089920722869785,
        "rsi_monthly": 62.05954880155084,
        "52w_high": 31.030000686645508,
        "52w_low": 0
    },
    "NEE": {
        "close": 83.8499984741211,
        "sma200": 74.87050722122193,
        "sma50": 82.30523818969726,
        "rsi_weekly": 59.55089804246949,
        "rsi_monthly": 53.79026886237774,
        "52w_high": 86.29000091552734,
        "52w_low": 0
    },
    "NKE": {
        "close": 65.41000366210938,
        "sma200": 66.00317363739013,
        "sma50": 63.705341491699215,
        "rsi_weekly": 47.620825977178654,
        "rsi_monthly": 44.084710723445184,
        "52w_high": 79.84435272216797,
        "52w_low": 0
    },
    "NI": {
        "close": 43.790000915527344,
        "sma200": 40.915107288360595,
        "sma50": 42.407600021362306,
        "rsi_weekly": 59.86145588513454,
        "rsi_monthly": 71.9168448562153,
        "52w_high": 44.130001068115234,
        "52w_low": 0
    },
    "NDSN": {
        "close": 273.1000061035156,
        "sma200": 220.1141316986084,
        "sma50": 242.20002288818358,
        "rsi_weekly": 76.34398453408706,
        "rsi_monthly": 65.82906544989,
        "52w_high": 273.1000061035156,
        "52w_low": 0
    },
    "NSC": {
        "close": 289.1000061035156,
        "sma200": 268.22463455200193,
        "sma50": 289.23059936523435,
        "rsi_weekly": 59.17152407640871,
        "rsi_monthly": 70.5209439566099,
        "52w_high": 299.489990234375,
        "52w_low": 0
    },
    "NTRS": {
        "close": 144.4199981689453,
        "sma200": 121.72165096282959,
        "sma50": 136.03289108276368,
        "rsi_weekly": 73.7238642318241,
        "rsi_monthly": 75.58429704208612,
        "52w_high": 147.10000610351562,
        "52w_low": 0
    },
    "NOC": {
        "close": 664.1599731445312,
        "sma200": 549.2787348937989,
        "sma50": 580.156083984375,
        "rsi_weekly": 71.80143971731366,
        "rsi_monthly": 68.49368771340379,
        "52w_high": 666.9000244140625,
        "52w_low": 0
    },
    "NCLH": {
        "close": 20.8700008392334,
        "sma200": 21.302800016403197,
        "sma50": 20.725200157165528,
        "rsi_weekly": 50.029765913742985,
        "rsi_monthly": 58.01496446523557,
        "52w_high": 29.06999969482422,
        "52w_low": 0
    },
    "NRG": {
        "close": 150.67999267578125,
        "sma200": 151.66416751861573,
        "sma50": 160.70320068359376,
        "rsi_weekly": 47.53023348324653,
        "rsi_monthly": 70.21419329883327,
        "52w_high": 178.04299926757812,
        "52w_low": 0
    },
    "NUE": {
        "close": 180.22999572753906,
        "sma200": 138.0336240386963,
        "sma50": 160.3924868774414,
        "rsi_weekly": 67.66121500797776,
        "rsi_monthly": 59.899667482667475,
        "52w_high": 180.22999572753906,
        "52w_low": 0
    },
    "NVR": {
        "close": 7796.75,
        "sma200": 7536.712297363281,
        "sma50": 7420.14638671875,
        "rsi_weekly": 49.687462123226155,
        "rsi_monthly": 58.86456260855224,
        "52w_high": 8543.0,
        "52w_low": 0
    },
    "NXPI": {
        "close": 233.72000122070312,
        "sma200": 212.0973860168457,
        "sma50": 218.33780364990236,
        "rsi_weekly": 59.104404973176464,
        "rsi_monthly": 70.08245687702848,
        "52w_high": 245.9499969482422,
        "52w_low": 0
    },
    "ORLY": {
        "close": 98.77999877929688,
        "sma200": 96.34213668823242,
        "sma50": 95.66459930419921,
        "rsi_weekly": 47.367688949641014,
        "rsi_monthly": 60.84178922226018,
        "52w_high": 107.81999969482422,
        "52w_low": 0
    },
    "OXY": {
        "close": 43.5099983215332,
        "sma200": 42.44346616744995,
        "sma50": 41.52840042114258,
        "rsi_weekly": 50.04606896196294,
        "rsi_monthly": 49.73786067539557,
        "52w_high": 50.96758270263672,
        "52w_low": 0
    },
    "ODFL": {
        "close": 178.39999389648438,
        "sma200": 152.51790157318115,
        "sma50": 152.85973098754883,
        "rsi_weekly": 65.9463988836311,
        "rsi_monthly": 62.712664057302895,
        "52w_high": 207.7945098876953,
        "52w_low": 0
    }
}