{
    "last_scan_index": 350,
    "AAPL": {
        "close": 259.0400085449219,
        "sma200": 232.61908882141114,
        "sma50": 272.7665710449219,
        "rsi_weekly": 63.04886271745498,
        "rsi_monthly": 65.05595403918636,
        "52w_high": 286.19000244140625,
        "52w_low": 0
    },
    "NVDA": {
        "close": 185.0399932861328,
        "sma200": 161.85177993774414,
        "sma50": 186.69211608886718,
        "rsi_weekly": 58.64870591844894,
        "rsi_monthly": 76.36247457704123,
        "52w_high": 207.02847290039062,
        "52w_low": 0
    },
    "TSLA": {
        "close": 435.79998779296875,
        "sma200": 363.9642002105713,
        "sma50": 444.56700134277344,
        "rsi_weekly": 56.31157929953819,
        "rsi_monthly": 70.21254147643917,
        "52w_high": 489.8800048828125,
        "52w_low": 0
    },
    "MSFT": {
        "close": 478.1099853515625,
        "sma200": 478.53865203857424,
        "sma50": 491.6204217529297,
        "rsi_weekly": 44.49072451348682,
        "rsi_monthly": 64.94487527937574,
        "52w_high": 541.057373046875,
        "52w_low": 0
    },
    "AMD": {
        "close": 204.67999267578125,
        "sma200": 165.31699977874757,
        "sma50": 225.07379943847656,
        "rsi_weekly": 60.71614808686848,
        "rsi_monthly": 69.38721493424931,
        "52w_high": 264.3299865722656,
        "52w_low": 0
    },
    "MSI": {
        "close": 381.8900146484375,
        "sma200": 420.6417347717285,
        "sma50": 380.4777575683594,
        "rsi_weekly": 38.02847157361191,
        "rsi_monthly": 51.6052487704188,
        "52w_high": 487.5675354003906,
        "52w_low": 0
    },
    "MSCI": {
        "close": 581.3300170898438,
        "sma200": 557.9491720581054,
        "sma50": 566.4153869628906,
        "rsi_weekly": 50.982212448311515,
        "rsi_monthly": 36.107223917031185,
        "52w_high": 620.4635620117188,
        "52w_low": 0
    },
    "NDAQ": {
        "close": 99.73999786376953,
        "sma200": 87.11614166259766,
        "sma50": 91.15636047363282,
        "rsi_weekly": 64.51971951496972,
        "rsi_monthly": 65.50108229613285,
        "52w_high": 100.69000244140625,
        "52w_low": 0
    },
    "NTAP": {
        "close": 105.55000305175781,
        "sma200": 105.66379463195801,
        "sma50": 111.12331008911133,
        "rsi_weekly": 45.10762690329146,
        "rsi_monthly": 54.73038096231379,
        "52w_high": 125.20184326171875,
        "52w_low": 0
    },
    "NFLX": {
        "close": 90.52999877929688,
        "sma200": 113.28450504302978,
        "sma50": 102.23173995971679,
        "rsi_weekly": 32.539498248207536,
        "rsi_monthly": 56.023247459645084,
        "52w_high": 133.91299438476562,
        "52w_low": 0
    },
    "NEM": {
        "close": 106.88999938964844,
        "sma200": 71.29491874694824,
        "sma50": 92.62091369628907,
        "rsi_weekly": 69.49695121765922,
        "rsi_monthly": 76.17404781782768,
        "52w_high": 109.19999694824219,
        "52w_low": 0
    },
    "NWL": {
        "close": 4.139999866485596,
        "sma200": 4.869800378084182,
        "sma50": 3.6325607824325563,
        "rsi_weekly": 39.48906670937881,
        "rsi_monthly": 28.54672152959065,
        "52w_high": 10.08272933959961,
        "52w_low": 0
    },
    "NWS": {
        "close": 30.260000228881836,
        "sma200": 31.619746217727663,
        "sma50": 29.595,
        "rsi_weekly": 42.50759895598771,
        "rsi_monthly": 63.471585604021726,
        "52w_high": 35.061614990234375,
        "52w_low": 0
    },
    "NWSA": {
        "close": 26.450000762939453,
        "sma200": 27.681630201339722,
        "sma50": 26.005999870300293,
        "rsi_weekly": 42.15469159854715,
        "rsi_monthly": 62.059537616675314,
        "52w_high": 31.030000686645508,
        "52w_low": 0
    },
    "NEE": {
        "close": 79.48999786376953,
        "sma200": 74.33492136001587,
        "sma50": 82.18039627075196,
        "rsi_weekly": 55.31142447349881,
        "rsi_monthly": 53.79025821261419,
        "52w_high": 86.29000091552734,
        "52w_low": 0
    },
    "NKE": {
        "close": 65.26000213623047,
        "sma200": 65.90079263687134,
        "sma50": 63.414815750122074,
        "rsi_weekly": 46.01950263283829,
        "rsi_monthly": 44.08474877532213,
        "52w_high": 79.84435272216797,
        "52w_low": 0
    },
    "NI": {
        "close": 41.54999923706055,
        "sma200": 40.759400844573975,
        "sma50": 42.31778861999512,
        "rsi_weekly": 52.96654978506672,
        "rsi_monthly": 71.91682461365495,
        "52w_high": 44.130001068115234,
        "52w_low": 0
    },
    "NDSN": {
        "close": 255.25999450683594,
        "sma200": 217.39723426818847,
        "sma50": 236.43364349365234,
        "rsi_weekly": 61.9060623324107,
        "rsi_monthly": 65.82906601350395,
        "52w_high": 255.25999450683594,
        "52w_low": 0
    },
    "NSC": {
        "close": 289.7200012207031,
        "sma200": 265.91291664123537,
        "sma50": 288.0622882080078,
        "rsi_weekly": 57.05945192862683,
        "rsi_monthly": 70.52095240310193,
        "52w_high": 299.489990234375,
        "52w_low": 0
    },
    "NTRS": {
        "close": 144.36000061035156,
        "sma200": 119.76525547027587,
        "sma50": 133.08975219726562,
        "rsi_weekly": 68.74859004446603,
        "rsi_monthly": 75.58429956493528,
        "52w_high": 144.36000061035156,
        "52w_low": 0
    },
    "NOC": {
        "close": 590.7899780273438,
        "sma200": 543.6320300292969,
        "sma50": 569.1287097167968,
        "rsi_weekly": 57.15370062970711,
        "rsi_monthly": 68.49366620537627,
        "52w_high": 635.374755859375,
        "52w_low": 0
    },
    "NCLH": {
        "close": 24.3700008392334,
        "sma200": 21.161099977493286,
        "sma50": 20.42780010223389,
        "rsi_weekly": 54.008717570143595,
        "rsi_monthly": 58.01496446523557,
        "52w_high": 29.06999969482422,
        "52w_low": 0
    },
    "NRG": {
        "close": 143.52999877929688,
        "sma200": 149.48595603942871,
        "sma50": 164.13354919433593,
        "rsi_weekly": 56.858947211542464,
        "rsi_monthly": 70.21419281637544,
        "52w_high": 178.04299926757812,
        "52w_low": 0
    },
    "NUE": {
        "close": 167.8800048828125,
        "sma200": 135.97426151275636,
        "sma50": 156.57411346435546,
        "rsi_weekly": 67.79386297744477,
        "rsi_monthly": 59.89968939590091,
        "52w_high": 169.39999389648438,
        "52w_low": 0
    },
    "NVR": {
        "close": 7385.580078125,
        "sma200": 7521.999204101562,
        "sma50": 7358.17359375,
        "rsi_weekly": 41.73829878401096,
        "rsi_monthly": 58.86456260855224,
        "52w_high": 8543.0,
        "52w_low": 0
    },
    "NXPI": {
        "close": 237.88999938964844,
        "sma200": 210.2578488922119,
        "sma50": 213.49695098876953,
        "rsi_weekly": 53.448937280198926,
        "rsi_monthly": 70.08243644921619,
        "52w_high": 245.9499969482422,
        "52w_low": 0
    },
    "ORLY": {
        "close": 91.62999725341797,
        "sma200": 96.30572338104248,
        "sma50": 95.55399963378906,
        "rsi_weekly": 39.28492539392627,
        "rsi_monthly": 60.84178922226018,
        "52w_high": 107.81999969482422,
        "52w_low": 0
    },
    "OXY": {
        "close": 43.22999954223633,
        "sma200": 42.63153387069702,
        "sma50": 41.081529235839845,
        "rsi_weekly": 49.14935269650647,
        "rsi_monthly": 49.737860601129775,
        "52w_high": 51.56443786621094,
        "52w_low": 0
    },
    "ODFL": {
        "close": 171.07000732421875,
        "sma200": 152.15902172088624,
        "sma50": 147.0778987121582,
        "rsi_weekly": 56.87572236932635,
        "rsi_monthly": 62.71265933326763,
        "52w_high": 207.79449462890625,
        "52w_low": 0
    }
}