{
    "last_scan_index": 200,
    "AAPL": {
        "close": 260.45001220703125,
        "sma200": 233.40465324401856,
        "sma50": 272.0004992675781,
        "rsi_weekly": 53.761853133338604,
        "rsi_monthly": 65.05594940905102,
        "52w_high": 286.19000244140625,
        "52w_low": 0
    },
    "NVDA": {
        "close": 182.59500122070312,
        "sma200": 163.26546829223633,
        "sma50": 185.1881216430664,
        "rsi_weekly": 55.83253759616638,
        "rsi_monthly": 76.3624720683808,
        "52w_high": 207.02847290039062,
        "52w_low": 0
    },
    "TSLA": {
        "close": 436.7300109863281,
        "sma200": 367.36930030822754,
        "sma50": 443.75060180664065,
        "rsi_weekly": 57.433070397524055,
        "rsi_monthly": 70.21254147643917,
        "52w_high": 489.8800048828125,
        "52w_low": 0
    },
    "MSFT": {
        "close": 458.70989990234375,
        "sma200": 480.23674835205077,
        "sma50": 486.8728961181641,
        "rsi_weekly": 46.924932671309094,
        "rsi_monthly": 64.94485335155801,
        "52w_high": 541.057373046875,
        "52w_low": 0
    },
    "AMD": {
        "close": 222.548095703125,
        "sma200": 167.41454025268555,
        "sma50": 221.49536163330077,
        "rsi_weekly": 52.90812131363197,
        "rsi_monthly": 69.38721493424931,
        "52w_high": 264.3299865722656,
        "52w_low": 0
    },
    "EQR": {
        "close": 61.064998626708984,
        "sma200": 63.663166999816895,
        "sma50": 60.40126724243164,
        "rsi_weekly": 43.49789314350813,
        "rsi_monthly": 48.424604535958146,
        "52w_high": 71.96407318115234,
        "52w_low": 0
    },
    "ESS": {
        "close": 252.22999572753906,
        "sma200": 264.34659400939944,
        "sma50": 255.3677685546875,
        "rsi_weekly": 43.08959690477908,
        "rsi_monthly": 48.808386980997966,
        "52w_high": 302.4346923828125,
        "52w_low": 0
    },
    "EL": {
        "close": 116.58000183105469,
        "sma200": 84.34063306808471,
        "sma50": 100.1538557434082,
        "rsi_weekly": 70.66970006132435,
        "rsi_monthly": 68.64615713316203,
        "52w_high": 116.58000183105469,
        "52w_low": 0
    },
    "ETR": {
        "close": 95.12249755859375,
        "sma200": 87.94032962799072,
        "sma50": 93.96478820800782,
        "rsi_weekly": 56.7602232448016,
        "rsi_monthly": 76.15064517850942,
        "52w_high": 97.5199966430664,
        "52w_low": 0
    },
    "EVRG": {
        "close": 75.48500061035156,
        "sma200": 70.58436864852905,
        "sma50": 74.40507064819336,
        "rsi_weekly": 51.33139104383313,
        "rsi_monthly": 62.14402344667471,
        "52w_high": 78.00737762451172,
        "52w_low": 0
    },
    "ES": {
        "close": 70.29900360107422,
        "sma200": 64.72322092056274,
        "sma50": 68.09409088134765,
        "rsi_weekly": 53.04981416122599,
        "rsi_monthly": 69.25084649504677,
        "52w_high": 74.04946899414062,
        "52w_low": 0
    },
    "EXC": {
        "close": 43.70000076293945,
        "sma200": 44.111316661834714,
        "sma50": 44.56466911315918,
        "rsi_weekly": 44.946435266366805,
        "rsi_monthly": 64.004843970881,
        "52w_high": 47.82242965698242,
        "52w_low": 0
    },
    "EXPE": {
        "close": 289.0199890136719,
        "sma200": 207.17584663391114,
        "sma50": 268.4089117431641,
        "rsi_weekly": 76.12957499039555,
        "rsi_monthly": 68.73353810203699,
        "52w_high": 301.30999755859375,
        "52w_low": 0
    },
    "EXPD": {
        "close": 161.93499755859375,
        "sma200": 123.32837631225586,
        "sma50": 147.40822647094726,
        "rsi_weekly": 77.7665712413919,
        "rsi_monthly": 57.1639971667699,
        "52w_high": 161.93499755859375,
        "52w_low": 0
    },
    "EXR": {
        "close": 144.75999450683594,
        "sma200": 138.75405048370362,
        "sma50": 131.3727291870117,
        "rsi_weekly": 52.783736866700025,
        "rsi_monthly": 37.89410982770854,
        "52w_high": 154.12899780273438,
        "52w_low": 0
    },
    "XOM": {
        "close": 130.48989868164062,
        "sma200": 110.61867202758789,
        "sma50": 118.40662322998047,
        "rsi_weekly": 64.95666926184198,
        "rsi_monthly": 69.64757640810083,
        "52w_high": 130.48989868164062,
        "52w_low": 0
    },
    "FFIV": {
        "close": 267.4200134277344,
        "sma200": 285.29745162963866,
        "sma50": 250.88920135498046,
        "rsi_weekly": 47.7122131044615,
        "rsi_monthly": 54.25150740359023,
        "52w_high": 343.1700134277344,
        "52w_low": 0
    },
    "FDS": {
        "close": 295.7900085449219,
        "sma200": 361.1705322265625,
        "sma50": 281.57356506347656,
        "rsi_weekly": 38.68183494819779,
        "rsi_monthly": 24.446329419564286,
        "52w_high": 469.9656982421875,
        "52w_low": 0
    },
    "FICO": {
        "close": 1620.0999755859375,
        "sma200": 1696.4000500488282,
        "sma50": 1728.9265966796875,
        "rsi_weekly": 47.791148397930556,
        "rsi_monthly": 56.750432779784276,
        "52w_high": 2206.010009765625,
        "52w_low": 0
    },
    "FAST": {
        "close": 42.48500061035156,
        "sma200": 42.965763359069825,
        "sma50": 41.094900131225586,
        "rsi_weekly": 47.8070730670973,
        "rsi_monthly": 61.33829555554458,
        "52w_high": 50.12940216064453,
        "52w_low": 0
    },
    "FRT": {
        "close": 101.91999816894531,
        "sma200": 94.73713413238525,
        "sma50": 98.11548812866211,
        "rsi_weekly": 58.68105547169726,
        "rsi_monthly": 50.98429091499258,
        "52w_high": 106.85189819335938,
        "52w_low": 0
    },
    "FDX": {
        "close": 311.67999267578125,
        "sma200": 238.47313552856446,
        "sma50": 279.713083190918,
        "rsi_weekly": 75.37696277087151,
        "rsi_monthly": 66.61323094718372,
        "52w_high": 312.3599853515625,
        "52w_low": 0
    },
    "FIS": {
        "close": 63.904998779296875,
        "sma200": 71.17338893890381,
        "sma50": 65.47350395202636,
        "rsi_weekly": 46.58882163835997,
        "rsi_monthly": 60.57513356106771,
        "52w_high": 81.56632995605469,
        "52w_low": 0
    },
    "FITB": {
        "close": 48.64500045776367,
        "sma200": 41.46268524169922,
        "sma50": 45.24289115905762,
        "rsi_weekly": 69.27417492023852,
        "rsi_monthly": 64.90444122077565,
        "52w_high": 49.81999969482422,
        "52w_low": 0
    },
    "FSLR": {
        "close": 237.07000732421875,
        "sma200": 199.81350051879883,
        "sma50": 260.3714010620117,
        "rsi_weekly": 52.29060658896504,
        "rsi_monthly": 68.47152006392845,
        "52w_high": 284.5899963378906,
        "52w_low": 0
    },
    "FE": {
        "close": 46.19499969482422,
        "sma200": 42.81264125823974,
        "sma50": 45.409447555541995,
        "rsi_weekly": 52.75154252118227,
        "rsi_monthly": 64.35218045743646,
        "52w_high": 47.720001220703125,
        "52w_low": 0
    },
    "FMC": {
        "close": 15.135000228881836,
        "sma200": 31.012348065376283,
        "sma50": 13.668022079467773,
        "rsi_weekly": 30.619471172739917,
        "rsi_monthly": 23.11787843389091,
        "52w_high": 53.59580612182617,
        "52w_low": 0
    },
    "F": {
        "close": 13.855600357055664,
        "sma200": 11.463082866668701,
        "sma50": 13.307014808654785,
        "rsi_weekly": 66.14459577383589,
        "rsi_monthly": 79.1417046962771,
        "52w_high": 14.399999618530273,
        "52w_low": 0
    },
    "FTNT": {
        "close": 76.29070281982422,
        "sma200": 90.37735363006591,
        "sma50": 81.20661422729492,
        "rsi_weekly": 42.90815847713661,
        "rsi_monthly": 54.912633029532515,
        "52w_high": 114.56999969482422,
        "52w_low": 0
    }
}