{
    "last_scan_index": 325,
    "AAPL": {
        "close": 259.9599914550781,
        "sma200": 233.4022031402588,
        "sma50": 271.9906988525391,
        "rsi_weekly": 53.761853416984486,
        "rsi_monthly": 65.05595096727248,
        "52w_high": 286.19000244140625,
        "52w_low": 0
    },
    "NVDA": {
        "close": 183.13999938964844,
        "sma200": 163.26819316864012,
        "sma50": 185.1990216064453,
        "rsi_weekly": 55.83253746721838,
        "rsi_monthly": 76.36247381411135,
        "52w_high": 207.02847290039062,
        "52w_low": 0
    },
    "TSLA": {
        "close": 439.20001220703125,
        "sma200": 367.38165031433107,
        "sma50": 443.8000018310547,
        "rsi_weekly": 57.433070397524055,
        "rsi_monthly": 70.21254147643917,
        "52w_high": 489.8800048828125,
        "52w_low": 0
    },
    "MSFT": {
        "close": 459.3800048828125,
        "sma200": 480.24009796142576,
        "sma50": 486.88629821777346,
        "rsi_weekly": 46.92493290465872,
        "rsi_monthly": 64.94487666220351,
        "52w_high": 541.057373046875,
        "52w_low": 0
    },
    "AMD": {
        "close": 223.60000610351562,
        "sma200": 167.4197998046875,
        "sma50": 221.51639984130858,
        "rsi_weekly": 52.90812131363197,
        "rsi_monthly": 69.38721493424931,
        "52w_high": 264.3299865722656,
        "52w_low": 0
    },
    "MAS": {
        "close": 70.06999969482422,
        "sma200": 65.73940097808838,
        "sma50": 63.83241966247559,
        "rsi_weekly": 56.28142591068858,
        "rsi_monthly": 63.33001715753483,
        "52w_high": 80.3485107421875,
        "52w_low": 0
    },
    "MA": {
        "close": 546.8200073242188,
        "sma200": 560.7602671813964,
        "sma50": 555.9855603027344,
        "rsi_weekly": 54.61833168327302,
        "rsi_monthly": 71.24571421906462,
        "52w_high": 597.273193359375,
        "52w_low": 0
    },
    "MTCH": {
        "close": 31.989999771118164,
        "sma200": 32.449003524780274,
        "sma50": 32.55711456298828,
        "rsi_weekly": 46.88847589215424,
        "rsi_monthly": 36.58012524083923,
        "52w_high": 38.33238983154297,
        "52w_low": 0
    },
    "MKC": {
        "close": 68.56999969482422,
        "sma200": 69.3605297088623,
        "sma50": 66.10378463745117,
        "rsi_weekly": 49.4713260074634,
        "rsi_monthly": 48.962044967868785,
        "52w_high": 82.57147216796875,
        "52w_low": 0
    },
    "MCD": {
        "close": 308.1300048828125,
        "sma200": 303.46401626586913,
        "sma50": 307.1622021484375,
        "rsi_weekly": 52.084723739234704,
        "rsi_monthly": 58.17622181858218,
        "52w_high": 319.6499938964844,
        "52w_low": 0
    },
    "MCK": {
        "close": 834.1599731445312,
        "sma200": 744.5323028564453,
        "sma50": 833.3079821777344,
        "rsi_weekly": 58.94068941873948,
        "rsi_monthly": 71.49637999675019,
        "52w_high": 888.4524536132812,
        "52w_low": 0
    },
    "MDT": {
        "close": 98.73999786376953,
        "sma200": 91.02436477661132,
        "sma50": 98.18699951171875,
        "rsi_weekly": 55.253215427989176,
        "rsi_monthly": 49.26090325256923,
        "52w_high": 105.3499984741211,
        "52w_low": 0
    },
    "MRK": {
        "close": 111.01000213623047,
        "sma200": 85.09676635742187,
        "sma50": 99.3434977722168,
        "rsi_weekly": 71.4822901618019,
        "rsi_monthly": 67.2138201222103,
        "52w_high": 111.01000213623047,
        "52w_low": 0
    },
    "MET": {
        "close": 78.6500015258789,
        "sma200": 77.66215553283692,
        "sma50": 78.70744018554687,
        "rsi_weekly": 51.33784725543505,
        "rsi_monthly": 57.01807060704712,
        "52w_high": 84.54905700683594,
        "52w_low": 0
    },
    "MTD": {
        "close": 1485.56005859375,
        "sma200": 1266.350299682617,
        "sma50": 1430.47580078125,
        "rsi_weekly": 63.015747584078845,
        "rsi_monthly": 60.78296128761418,
        "52w_high": 1506.02001953125,
        "52w_low": 0
    },
    "MGM": {
        "close": 34.40999984741211,
        "sma200": 34.157949981689455,
        "sma50": 34.78700004577637,
        "rsi_weekly": 48.40221973101226,
        "rsi_monthly": 48.11049773966102,
        "52w_high": 40.369998931884766,
        "52w_low": 0
    },
    "MCHP": {
        "close": 74.68000030517578,
        "sma200": 61.23738538742065,
        "sma50": 62.058785400390626,
        "rsi_weekly": 63.55736057283695,
        "rsi_monthly": 46.03957939558323,
        "52w_high": 75.22000122070312,
        "52w_low": 0
    },
    "MU": {
        "close": 333.3500061035156,
        "sma200": 158.62748767852784,
        "sma50": 261.07101867675783,
        "rsi_weekly": 83.49890741308897,
        "rsi_monthly": 85.13259330774488,
        "52w_high": 345.8699951171875,
        "52w_low": 0
    },
    "MAA": {
        "close": 136.27000427246094,
        "sma200": 142.4380715560913,
        "sma50": 133.7521992492676,
        "rsi_weekly": 46.87313430969263,
        "rsi_monthly": 49.27712254640373,
        "52w_high": 165.6918487548828,
        "52w_low": 0
    },
    "MRNA": {
        "close": 40.58000183105469,
        "sma200": 27.509499940872193,
        "sma50": 28.669399948120116,
        "rsi_weekly": 59.84390070369504,
        "rsi_monthly": 22.609479190243324,
        "52w_high": 44.939998626708984,
        "52w_low": 0
    },
    "MHK": {
        "close": 119.75,
        "sma200": 114.4320000076294,
        "sma50": 110.76,
        "rsi_weekly": 52.356764420677294,
        "rsi_monthly": 59.38509234588343,
        "52w_high": 139.75,
        "52w_low": 0
    },
    "MOH": {
        "close": 188.8800048828125,
        "sma200": 218.69055046081542,
        "sma50": 158.05179962158203,
        "rsi_weekly": 47.866895094977785,
        "rsi_monthly": 48.64172992303688,
        "52w_high": 353.239990234375,
        "52w_low": 0
    },
    "TAP": {
        "close": 50.4900016784668,
        "sma200": 49.24653800964356,
        "sma50": 46.346842498779296,
        "rsi_weekly": 51.233714157640705,
        "rsi_monthly": 45.65296297607682,
        "52w_high": 61.11589813232422,
        "52w_low": 0
    },
    "MDLZ": {
        "close": 57.22999954223633,
        "sma200": 61.517117500305176,
        "sma50": 54.899684295654296,
        "rsi_weekly": 38.08216060687014,
        "rsi_monthly": 27.354647106496937,
        "52w_high": 69.54491424560547,
        "52w_low": 0
    },
    "MPWR": {
        "close": 983.5999755859375,
        "sma200": 808.8514022827148,
        "sma50": 942.3152453613282,
        "rsi_weekly": 58.55068290534001,
        "rsi_monthly": 72.97174607792066,
        "52w_high": 1103.1842041015625,
        "52w_low": 0
    },
    "MNST": {
        "close": 77.7300033569336,
        "sma200": 65.5942000579834,
        "sma50": 74.00580001831055,
        "rsi_weekly": 71.2951036965348,
        "rsi_monthly": 78.91304478658172,
        "52w_high": 78.43000030517578,
        "52w_low": 0
    },
    "MCO": {
        "close": 535.97998046875,
        "sma200": 485.8119068908691,
        "sma50": 497.86582458496093,
        "rsi_weekly": 61.10705142663638,
        "rsi_monthly": 54.8909842183497,
        "52w_high": 535.97998046875,
        "52w_low": 0
    },
    "MS": {
        "close": 180.77999877929688,
        "sma200": 146.5135852432251,
        "sma50": 173.42139862060546,
        "rsi_weekly": 75.56020427682249,
        "rsi_monthly": 80.31265096521061,
        "52w_high": 187.75,
        "52w_low": 0
    },
    "MOS": {
        "close": 27.639999389648438,
        "sma200": 30.45831826210022,
        "sma50": 24.76605041503906,
        "rsi_weekly": 43.77301970235956,
        "rsi_monthly": 42.49653304392617,
        "52w_high": 37.212406158447266,
        "52w_low": 0
    }
}