{
    "last_scan_index": 175,
    "AAPL": {
        "close": 247.99000549316406,
        "sma200": 234.7343199157715,
        "sma50": 269.7673986816406,
        "rsi_weekly": 51.059659158103194,
        "rsi_monthly": 65.05599151191447,
        "52w_high": 286.19000244140625,
        "52w_low": 0
    },
    "NVDA": {
        "close": 187.84500122070312,
        "sma200": 165.69203311920165,
        "sma50": 183.82623077392577,
        "rsi_weekly": 56.6135227921297,
        "rsi_monthly": 76.36247425427258,
        "52w_high": 207.02847290039062,
        "52w_low": 0
    },
    "TSLA": {
        "close": 447.4700012207031,
        "sma200": 372.7477003479004,
        "sma50": 442.3646014404297,
        "rsi_weekly": 55.767272209839355,
        "rsi_monthly": 70.21254147643917,
        "52w_high": 489.8800048828125,
        "52w_low": 0
    },
    "MSFT": {
        "close": 470.489990234375,
        "sma200": 482.8308168029785,
        "sma50": 480.96662048339846,
        "rsi_weekly": 40.972927701287034,
        "rsi_monthly": 64.94487858038896,
        "52w_high": 541.057373046875,
        "52w_low": 0
    },
    "AMD": {
        "close": 258.7200012207031,
        "sma200": 171.83099979400635,
        "sma50": 220.96980041503906,
        "rsi_weekly": 60.57175331207617,
        "rsi_monthly": 69.38721493424931,
        "52w_high": 264.3299865722656,
        "52w_low": 0
    },
    "DG": {
        "close": 145.99000549316406,
        "sma200": 109.22417156219483,
        "sma50": 127.49523864746094,
        "rsi_weekly": 79.16470451511823,
        "rsi_monthly": 72.08828213652643,
        "52w_high": 151.72999572753906,
        "52w_low": 0
    },
    "DLTR": {
        "close": 126.91000366210938,
        "sma200": 103.49760013580322,
        "sma50": 121.06019989013672,
        "rsi_weekly": 74.89326967554878,
        "rsi_monthly": 72.23544045212721,
        "52w_high": 141.2100067138672,
        "52w_low": 0
    },
    "D": {
        "close": 59.1609992980957,
        "sma200": 57.39177724838257,
        "sma50": 59.54587059020996,
        "rsi_weekly": 57.52644815225447,
        "rsi_monthly": 69.14498116004114,
        "52w_high": 62.06929016113281,
        "52w_low": 0
    },
    "DPZ": {
        "close": 411.010009765625,
        "sma200": 440.4219418334961,
        "sma50": 414.99035583496095,
        "rsi_weekly": 39.29994834638018,
        "rsi_monthly": 54.821061065458935,
        "52w_high": 491.703125,
        "52w_low": 0
    },
    "DOV": {
        "close": 206.60000610351562,
        "sma200": 180.07881729125975,
        "sma50": 194.4569290161133,
        "rsi_weekly": 68.27627011749045,
        "rsi_monthly": 72.21390302009728,
        "52w_high": 209.42999267578125,
        "52w_low": 0
    },
    "DOW": {
        "close": 28.28499984741211,
        "sma200": 24.944466485977173,
        "sma50": 24.06419521331787,
        "rsi_weekly": 58.68457126898487,
        "rsi_monthly": 39.8467633687064,
        "52w_high": 39.00429916381836,
        "52w_low": 0
    },
    "DHI": {
        "close": 150.5800018310547,
        "sma200": 145.04611854553224,
        "sma50": 150.70194091796876,
        "rsi_weekly": 53.284419335222026,
        "rsi_monthly": 54.457109427080375,
        "52w_high": 183.47286987304688,
        "52w_low": 0
    },
    "DTE": {
        "close": 133.2899932861328,
        "sma200": 133.63260551452638,
        "sma50": 131.96276824951173,
        "rsi_weekly": 55.221757812061355,
        "rsi_monthly": 62.681512062037825,
        "52w_high": 142.03366088867188,
        "52w_low": 0
    },
    "DUK": {
        "close": 116.62010192871094,
        "sma200": 118.92578044891357,
        "sma50": 118.71563522338867,
        "rsi_weekly": 50.067039908569875,
        "rsi_monthly": 51.12220965193891,
        "52w_high": 127.91812133789062,
        "52w_low": 0
    },
    "DD": {
        "close": 44.02000045776367,
        "sma200": 32.94116933822632,
        "sma50": 40.94202598571778,
        "rsi_weekly": 71.54278709350974,
        "rsi_monthly": 79.41051642273369,
        "52w_high": 44.02000045776367,
        "52w_low": 0
    },
    "EMN": {
        "close": 68.31999969482422,
        "sma200": 68.012483959198,
        "sma50": 63.25839431762695,
        "rsi_weekly": 54.95367664554985,
        "rsi_monthly": 46.11035573482765,
        "52w_high": 98.89759063720703,
        "52w_low": 0
    },
    "ETN": {
        "close": 331.864990234375,
        "sma200": 342.98056327819825,
        "sma50": 334.30190185546877,
        "rsi_weekly": 50.14756277539461,
        "rsi_monthly": 63.99907708475213,
        "52w_high": 391.6195373535156,
        "52w_low": 0
    },
    "EBAY": {
        "close": 92.7300033569336,
        "sma200": 82.85533060073853,
        "sma50": 86.09419326782226,
        "rsi_weekly": 61.14717508076725,
        "rsi_monthly": 78.55947170667602,
        "52w_high": 100.10193634033203,
        "52w_low": 0
    },
    "ECL": {
        "close": 281.16009521484375,
        "sma200": 264.1745984649658,
        "sma50": 266.1984130859375,
        "rsi_weekly": 57.531029187798865,
        "rsi_monthly": 71.90331744314996,
        "52w_high": 283.9881286621094,
        "52w_low": 0
    },
    "EIX": {
        "close": 60.289100646972656,
        "sma200": 54.22425666809082,
        "sma50": 58.5855598449707,
        "rsi_weekly": 66.90127643205133,
        "rsi_monthly": 50.7329159747479,
        "52w_high": 62.38999938964844,
        "52w_low": 0
    },
    "EW": {
        "close": 83.59500122070312,
        "sma200": 78.93387504577636,
        "sma50": 85.00989974975586,
        "rsi_weekly": 56.35744798082777,
        "rsi_monthly": 70.0985485603512,
        "52w_high": 86.94000244140625,
        "52w_low": 0
    },
    "EA": {
        "close": 204.07000732421875,
        "sma200": 174.94346298217772,
        "sma50": 203.29784576416014,
        "rsi_weekly": 76.80350214802111,
        "rsi_monthly": 73.75149392791339,
        "52w_high": 204.7899932861328,
        "52w_low": 0
    },
    "ELV": {
        "close": 370.2699890136719,
        "sma200": 346.4177783203125,
        "sma50": 346.5063757324219,
        "rsi_weekly": 60.2665453946964,
        "rsi_monthly": 44.3468257664313,
        "52w_high": 445.9587097167969,
        "52w_low": 0
    },
    "EMR": {
        "close": 149.16749572753906,
        "sma200": 129.29760814666747,
        "sma50": 136.61781448364258,
        "rsi_weekly": 65.50141039934326,
        "rsi_monthly": 71.2090961173053,
        "52w_high": 150.25999450683594,
        "52w_low": 0
    },
    "ENPH": {
        "close": 39.970001220703125,
        "sma200": 37.78095013618469,
        "sma50": 32.070600051879886,
        "rsi_weekly": 47.24872962525377,
        "rsi_monthly": 57.780371298458256,
        "52w_high": 66.51000213623047,
        "52w_low": 0
    },
    "EOG": {
        "close": 107.50499725341797,
        "sma200": 110.84057491302491,
        "sma50": 106.10651397705078,
        "rsi_weekly": 45.03158915465993,
        "rsi_monthly": 43.56583835612767,
        "52w_high": 130.8207550048828,
        "52w_low": 0
    },
    "EPAM": {
        "close": 217.89999389648438,
        "sma200": 173.5214501953125,
        "sma50": 201.92620056152344,
        "rsi_weekly": 64.89719925195209,
        "rsi_monthly": 60.32420314482,
        "52w_high": 267.6300048828125,
        "52w_low": 0
    },
    "EQT": {
        "close": 55.810001373291016,
        "sma200": 54.09328424453735,
        "sma50": 55.82819984436035,
        "rsi_weekly": 42.58222379512862,
        "rsi_monthly": 62.600790000015195,
        "52w_high": 61.16999816894531,
        "52w_low": 0
    },
    "EFX": {
        "close": 210.36500549316406,
        "sma200": 239.09055137634277,
        "sma50": 214.5153515625,
        "rsi_weekly": 44.570586968265,
        "rsi_monthly": 59.09309614789276,
        "52w_high": 278.78533935546875,
        "52w_low": 0
    },