{
    "last_scan_index": 175,
    "AAPL": {
        "close": 259.9599914550781,
        "sma200": 233.4022031402588,
        "sma50": 271.9906988525391,
        "rsi_weekly": 53.7618532649721,
        "rsi_monthly": 65.05593360368076,
        "52w_high": 286.19000244140625,
        "52w_low": 0
    },
    "NVDA": {
        "close": 183.13999938964844,
        "sma200": 163.26819332122804,
        "sma50": 185.1990216064453,
        "rsi_weekly": 55.83253746136115,
        "rsi_monthly": 76.36247439748186,
        "52w_high": 207.02847290039062,
        "52w_low": 0
    },
    "TSLA": {
        "close": 439.20001220703125,
        "sma200": 367.38165031433107,
        "sma50": 443.8000018310547,
        "rsi_weekly": 57.433070397524055,
        "rsi_monthly": 70.21254147643917,
        "52w_high": 489.8800048828125,
        "52w_low": 0
    },
    "MSFT": {
        "close": 459.3800048828125,
        "sma200": 480.24009887695314,
        "sma50": 486.88629821777346,
        "rsi_weekly": 46.92493259988044,
        "rsi_monthly": 64.9448749265344,
        "52w_high": 541.057373046875,
        "52w_low": 0
    },
    "AMD": {
        "close": 223.60000610351562,
        "sma200": 167.4197998046875,
        "sma50": 221.51639984130858,
        "rsi_weekly": 52.90812131363197,
        "rsi_monthly": 69.38721493424931,
        "52w_high": 264.3299865722656,
        "52w_low": 0
    },
    "DG": {
        "close": 150.9499969482422,
        "sma200": 107.46507064819336,
        "sma50": 121.6498924255371,
        "rsi_weekly": 76.79642739075638,
        "rsi_monthly": 72.08828103352191,
        "52w_high": 151.25,
        "52w_low": 0
    },
    "DLTR": {
        "close": 140.2899932861328,
        "sma200": 101.66625007629395,
        "sma50": 117.4597996520996,
        "rsi_weekly": 71.3786278701873,
        "rsi_monthly": 72.23544045212721,
        "52w_high": 140.2899932861328,
        "52w_low": 0
    },
    "D": {
        "close": 60.25,
        "sma200": 57.16480926513672,
        "sma50": 59.42297569274902,
        "rsi_weekly": 47.6393939017545,
        "rsi_monthly": 69.14497813992551,
        "52w_high": 62.06929016113281,
        "52w_low": 0
    },
    "DPZ": {
        "close": 407.3800048828125,
        "sma200": 441.8896942138672,
        "sma50": 415.1520715332031,
        "rsi_weekly": 40.80149237707388,
        "rsi_monthly": 54.82108034931162,
        "52w_high": 491.7031555175781,
        "52w_low": 0
    },
    "DOV": {
        "close": 204.33999633789062,
        "sma200": 178.8393709564209,
        "sma50": 191.17116912841797,
        "rsi_weekly": 65.5404273419478,
        "rsi_monthly": 72.21392359937592,
        "52w_high": 204.39999389648438,
        "52w_low": 0
    },
    "DOW": {
        "close": 28.260000228881836,
        "sma200": 25.016796159744263,
        "sma50": 23.386313438415527,
        "rsi_weekly": 55.45369302767538,
        "rsi_monthly": 39.84676435267523,
        "52w_high": 39.004295349121094,
        "52w_low": 0
    },
    "DHI": {
        "close": 159.3000030517578,
        "sma200": 144.1074222946167,
        "sma50": 149.36629211425782,
        "rsi_weekly": 54.14608522909325,
        "rsi_monthly": 54.45710743217337,
        "52w_high": 183.47286987304688,
        "52w_low": 0
    },
    "DTE": {
        "close": 133.9499969482422,
        "sma200": 133.54251331329345,
        "sma50": 131.81713836669923,
        "rsi_weekly": 43.33671912479901,
        "rsi_monthly": 62.681494208589264,
        "52w_high": 142.03366088867188,
        "52w_low": 0
    },
    "DUK": {
        "close": 118.68000030517578,
        "sma200": 118.89135158538818,
        "sma50": 119.19757766723633,
        "rsi_weekly": 43.9132499205361,
        "rsi_monthly": 51.12225801567616,
        "52w_high": 127.91812133789062,
        "52w_low": 0
    },
    "DD": {
        "close": 42.88999938964844,
        "sma200": 32.48539909362793,
        "sma50": 40.349570770263675,
        "rsi_weekly": 76.20910803801374,
        "rsi_monthly": 79.41051375409026,
        "52w_high": 43.810001373291016,
        "52w_low": 0
    },
    "EMN": {
        "close": 69.29000091552734,
        "sma200": 68.3401391029358,
        "sma50": 62.19456733703613,
        "rsi_weekly": 55.12899146671858,
        "rsi_monthly": 46.11039126315827,
        "52w_high": 98.89759063720703,
        "52w_low": 0
    },
    "ETN": {
        "close": 331.1400146484375,
        "sma200": 340.79752746582034,
        "sma50": 339.53800231933593,
        "rsi_weekly": 41.9974836662345,
        "rsi_monthly": 63.999084301945814,
        "52w_high": 391.6195373535156,
        "52w_low": 0
    },
    "EBAY": {
        "close": 94.41999816894531,
        "sma200": 82.00287662506103,
        "sma50": 84.78056854248047,
        "rsi_weekly": 58.859682625822636,
        "rsi_monthly": 78.5594786839934,
        "52w_high": 100.1019287109375,
        "52w_low": 0
    },
    "ECL": {
        "close": 275.6499938964844,
        "sma200": 263.1656629943848,
        "sma50": 263.561946105957,
        "rsi_weekly": 54.450794932763955,
        "rsi_monthly": 71.90330845679058,
        "52w_high": 283.9881286621094,
        "52w_low": 0
    },
    "EIX": {
        "close": 61.619998931884766,
        "sma200": 54.02166187286377,
        "sma50": 57.938345718383786,
        "rsi_weekly": 64.02673370121833,
        "rsi_monthly": 50.73289519887762,
        "52w_high": 61.619998931884766,
        "52w_low": 0
    },
    "EW": {
        "close": 83.0999984741211,
        "sma200": 78.54520011901856,
        "sma50": 84.8997998046875,
        "rsi_weekly": 58.030425937507516,
        "rsi_monthly": 70.0985485603512,
        "52w_high": 86.94000244140625,
        "52w_low": 0
    },
    "EA": {
        "close": 204.1999969482422,
        "sma200": 173.05367263793946,
        "sma50": 202.8511392211914,
        "rsi_weekly": 76.74276968005769,
        "rsi_monthly": 73.75150327419537,
        "52w_high": 204.7899932861328,
        "52w_low": 0
    },
    "ELV": {
        "close": 372.8399963378906,
        "sma200": 348.05155090332033,
        "sma50": 339.2659783935547,
        "rsi_weekly": 59.75548826547666,
        "rsi_monthly": 44.34679805885966,
        "52w_high": 445.95867919921875,
        "52w_low": 0
    },
    "EMR": {
        "close": 148.14999389648438,
        "sma200": 127.92285873413086,
        "sma50": 134.73843582153322,
        "rsi_weekly": 61.92526061709495,
        "rsi_monthly": 71.20908451569991,
        "52w_high": 148.39813232421875,
        "52w_low": 0
    },
    "ENPH": {
        "close": 36.130001068115234,
        "sma200": 38.468350114822385,
        "sma50": 31.34400001525879,
        "rsi_weekly": 47.77851151614128,
        "rsi_monthly": 57.780371298458256,
        "52w_high": 66.51000213623047,
        "52w_low": 0
    },
    "EOG": {
        "close": 110.73999786376953,
        "sma200": 112.20302619934083,
        "sma50": 106.84919998168945,
        "rsi_weekly": 43.09047965155552,
        "rsi_monthly": 43.56583653841896,
        "52w_high": 133.43553161621094,
        "52w_low": 0
    },
    "EPAM": {
        "close": 221.39999389648438,
        "sma200": 171.85330017089845,
        "sma50": 196.37700073242186,
        "rsi_weekly": 64.59218992639586,
        "rsi_monthly": 60.32420314482,
        "52w_high": 267.6300048828125,
        "52w_low": 0
    },
    "EQT": {
        "close": 50.2599983215332,
        "sma200": 54.03019121170044,
        "sma50": 56.293199157714845,
        "rsi_weekly": 43.54495856192804,
        "rsi_monthly": 62.600791948714374,
        "52w_high": 61.16999816894531,
        "52w_low": 0
    },
    "EFX": {
        "close": 219.77000427246094,
        "sma200": 239.55704711914063,
        "sma50": 213.70994201660156,
        "rsi_weekly": 48.36156729565437,
        "rsi_monthly": 59.09308999076443,
        "52w_high": 278.7853698730469,
        "52w_low": 0
    },
    "EQIX": {
        "close": 799.02001953125,