{
    "last_scan_index": 300,
    "AAPL": {
        "close": 258.2099914550781,
        "sma200": 233.58638801574708,
        "sma50": 271.7791101074219,
        "rsi_weekly": 53.76185325004127,
        "rsi_monthly": 65.05595255817653,
        "52w_high": 286.19000244140625,
        "52w_low": 0
    },
    "NVDA": {
        "close": 187.0500030517578,
        "sma200": 163.66164154052734,
        "sma50": 184.80265197753906,
        "rsi_weekly": 55.83253741274541,
        "rsi_monthly": 76.36247464625005,
        "52w_high": 207.02847290039062,
        "52w_low": 0
    },
    "TSLA": {
        "close": 438.57000732421875,
        "sma200": 368.2787003326416,
        "sma50": 443.2040020751953,
        "rsi_weekly": 57.433070397524055,
        "rsi_monthly": 70.21254147643917,
        "52w_high": 489.8800048828125,
        "52w_low": 0
    },
    "MSFT": {
        "close": 456.6600036621094,
        "sma200": 480.65645736694336,
        "sma50": 485.6982153320312,
        "rsi_weekly": 46.92493274249245,
        "rsi_monthly": 64.94484223408286,
        "52w_high": 541.057373046875,
        "52w_low": 0
    },
    "AMD": {
        "close": 227.9199981689453,
        "sma200": 168.04569980621338,
        "sma50": 220.88179992675782,
        "rsi_weekly": 52.90812131363197,
        "rsi_monthly": 69.38721493424931,
        "52w_high": 264.3299865722656,
        "52w_low": 0
    },
    "KHC": {
        "close": 24.239999771118164,
        "sma200": 25.804276094436645,
        "sma50": 24.30189064025879,
        "rsi_weekly": 36.1333570782396,
        "rsi_monthly": 26.123243781714002,
        "52w_high": 30.794837951660156,
        "52w_low": 0
    },
    "KR": {
        "close": 62.4900016784668,
        "sma200": 67.17338487625122,
        "sma50": 63.644239349365236,
        "rsi_weekly": 35.865236300127584,
        "rsi_monthly": 64.22844568314945,
        "52w_high": 73.58164978027344,
        "52w_low": 0
    },
    "LHX": {
        "close": 340.4200134277344,
        "sma200": 265.8539928436279,
        "sma50": 294.22583984375,
        "rsi_weekly": 79.20815058902771,
        "rsi_monthly": 72.32698048373648,
        "52w_high": 342.8500061035156,
        "52w_low": 0
    },
    "LH": {
        "close": 268.8900146484375,
        "sma200": 257.96971450805665,
        "sma50": 258.9211169433594,
        "rsi_weekly": 44.12598047662707,
        "rsi_monthly": 48.85782451265958,
        "52w_high": 290.1536865234375,
        "52w_low": 0
    },
    "LRCX": {
        "close": 217.47000122070312,
        "sma200": 118.28096479415893,
        "sma50": 169.83978393554688,
        "rsi_weekly": 84.17096961616593,
        "rsi_monthly": 86.0979891406098,
        "52w_high": 220.39999389648438,
        "52w_low": 0
    },
    "LW": {
        "close": 43.93000030517578,
        "sma200": 54.58423374176025,
        "sma50": 52.97299972534179,
        "rsi_weekly": 30.891056159459666,
        "rsi_monthly": 29.53032425472529,
        "52w_high": 66.17394256591797,
        "52w_low": 0
    },
    "LVS": {
        "close": 60.61000061035156,
        "sma200": 51.31735511779785,
        "sma50": 65.10159934997559,
        "rsi_weekly": 51.936112079186465,
        "rsi_monthly": 73.17663753840259,
        "52w_high": 69.48999786376953,
        "52w_low": 0
    },
    "LDOS": {
        "close": 193.36000061035156,
        "sma200": 171.221441116333,
        "sma50": 189.56481506347657,
        "rsi_weekly": 63.624675490267315,
        "rsi_monthly": 76.45757469910383,
        "52w_high": 199.09774780273438,
        "52w_low": 0
    },
    "LEN": {
        "close": 122.25,
        "sma200": 117.11523624420165,
        "sma50": 117.52100051879883,
        "rsi_weekly": 49.525103768555425,
        "rsi_monthly": 46.588495617732974,
        "52w_high": 141.796142578125,
        "52w_low": 0
    },
    "LLY": {
        "close": 1032.969970703125,
        "sma200": 836.5841607666016,
        "sma50": 1039.423046875,
        "rsi_weekly": 65.91395810084539,
        "rsi_monthly": 75.41243098775645,
        "52w_high": 1109.93994140625,
        "52w_low": 0
    },
    "LIN": {
        "close": 440.0400085449219,
        "sma200": 449.46720108032224,
        "sma50": 419.15143798828126,
        "rsi_weekly": 52.62316208031026,
        "rsi_monthly": 66.37432678739789,
        "52w_high": 481.8155212402344,
        "52w_low": 0
    },
    "LYV": {
        "close": 145.72999572753906,
        "sma200": 146.54525005340577,
        "sma50": 139.4798013305664,
        "rsi_weekly": 50.27224029813544,
        "rsi_monthly": 63.96659478076111,
        "52w_high": 174.05999755859375,
        "52w_low": 0
    },
    "LKQ": {
        "close": 33.93000030517578,
        "sma200": 33.64992008209229,
        "sma50": 30.420200958251954,
        "rsi_weekly": 55.34766886590042,
        "rsi_monthly": 57.291998725995434,
        "52w_high": 42.58025360107422,
        "52w_low": 0
    },
    "LMT": {
        "close": 577.8900146484375,
        "sma200": 464.84251708984374,
        "sma50": 479.5817901611328,
        "rsi_weekly": 69.97623576027944,
        "rsi_monthly": 55.56436733921788,
        "52w_high": 577.8900146484375,
        "52w_low": 0
    },
    "L": {
        "close": 103.16000366210938,
        "sma200": 95.63724254608154,
        "sma50": 104.85814987182617,
        "rsi_weekly": 61.032931187977965,
        "rsi_monthly": 77.67720993426387,
        "52w_high": 108.26000213623047,
        "52w_low": 0
    },
    "LOW": {
        "close": 277.010009765625,
        "sma200": 236.31412208557128,
        "sma50": 243.6574008178711,
        "rsi_weekly": 62.942466827159365,
        "rsi_monthly": 70.04805562896415,
        "52w_high": 277.010009765625,
        "52w_low": 0
    },
    "LULU": {
        "close": 205.00999450683594,
        "sma200": 217.96369903564454,
        "sma50": 190.64399810791016,
        "rsi_weekly": 49.883817431229666,
        "rsi_monthly": 42.09858213970717,
        "52w_high": 421.1600036621094,
        "52w_low": 0
    },
    "LYB": {
        "close": 50.880001068115234,
        "sma200": 50.77133150100708,
        "sma50": 44.470599517822265,
        "rsi_weekly": 50.17974991753461,
        "rsi_monthly": 40.851326892928576,
        "52w_high": 71.61602020263672,
        "52w_low": 0
    },
    "MTB": {
        "close": 212.57000732421875,
        "sma200": 186.9279965209961,
        "sma50": 197.20278839111327,
        "rsi_weekly": 67.23227928373916,
        "rsi_monthly": 63.98930058198948,
        "52w_high": 213.61000061035156,
        "52w_low": 0
    },
    "MPC": {
        "close": 177.58999633789062,
        "sma200": 170.0545266342163,
        "sma50": 182.85238403320312,
        "rsi_weekly": 49.444885165838166,
        "rsi_monthly": 53.02913477999349,
        "52w_high": 199.1273956298828,
        "52w_low": 0
    },
    "MKTX": {
        "close": 174.66000366210938,
        "sma200": 192.79927398681642,
        "sma50": 172.050458984375,
        "rsi_weekly": 41.39991500425868,
        "rsi_monthly": 36.243749989118655,
        "52w_high": 228.35679626464844,
        "52w_low": 0
    },
    "MAR": {
        "close": 325.7900085449219,
        "sma200": 270.2057726287842,
        "sma50": 302.2189227294922,
        "rsi_weekly": 68.85914654282831,
        "rsi_monthly": 71.95656937723437,
        "52w_high": 328.17999267578125,
        "52w_low": 0
    },
    "MMC": {
        "close": 182.25999450683594,
        "sma200": 203.84695358276366,
        "sma50": 183.26839904785157,
        "rsi_weekly": 42.217940388011655,
        "rsi_monthly": 50.4959464010367,
        "52w_high": 242.1346435546875,
        "52w_low": 0
    },
    "MLM": {
        "close": 640.9400024414062,
        "sma200": 584.676085357666,
        "sma50": 623.8696459960937,
        "rsi_weekly": 70.55454159889405,
        "rsi_monthly": 75.61378157865681,
        "52w_high": 666.6699829101562,
        "52w_low": 0
    }
}