{
    "last_scan_index": 500,
    "AAPL": {
        "close": 255.52999877929688,
        "sma200": 233.7518910217285,
        "sma50": 271.494140625,
        "rsi_weekly": 53.76185306986383,
        "rsi_monthly": 65.05594992438952,
        "52w_high": 286.19000244140625,
        "52w_low": 0
    },
    "NVDA": {
        "close": 186.22999572753906,
        "sma200": 164.04214149475098,
        "sma50": 184.55367309570312,
        "rsi_weekly": 55.83253745412877,
        "rsi_monthly": 76.36247442199192,
        "52w_high": 207.02847290039062,
        "52w_low": 0
    },
    "TSLA": {
        "close": 437.5,
        "sma200": 369.1239003753662,
        "sma50": 443.0688018798828,
        "rsi_weekly": 57.433070397524055,
        "rsi_monthly": 70.21254147643917,
        "52w_high": 489.8800048828125,
        "52w_low": 0
    },
    "MSFT": {
        "close": 459.8599853515625,
        "sma200": 481.054997253418,
        "sma50": 484.6280310058594,
        "rsi_weekly": 46.92493264160323,
        "rsi_monthly": 64.94488692841433,
        "52w_high": 541.057373046875,
        "52w_low": 0
    },
    "AMD": {
        "close": 231.8300018310547,
        "sma200": 168.69094982147217,
        "sma50": 220.51739990234375,
        "rsi_weekly": 52.90812131363197,
        "rsi_monthly": 69.38721493424931,
        "52w_high": 264.3299865722656,
        "52w_low": 0
    },
    "WFC": {
        "close": 88.37999725341797,
        "sma200": 80.32121212005615,
        "sma50": 89.86150466918946,
        "rsi_weekly": 69.17655914102096,
        "rsi_monthly": 85.74286762576305,
        "52w_high": 96.38999938964844,
        "52w_low": 0
    },
    "WELL": {
        "close": 191.3800048828125,
        "sma200": 167.33762619018555,
        "sma50": 192.48489624023438,
        "rsi_weekly": 57.45490030794492,
        "rsi_monthly": 76.39004920508846,
        "52w_high": 208.22000122070312,
        "52w_low": 0
    },
    "WST": {
        "close": 259.7900085449219,
        "sma200": 245.35597663879395,
        "sma50": 272.83446899414065,
        "rsi_weekly": 55.58313843561767,
        "rsi_monthly": 37.31548949055387,
        "52w_high": 346.743408203125,
        "52w_low": 0
    },
    "WDC": {
        "close": 221.50999450683594,
        "sma200": 100.45400736808777,
        "sma50": 175.20350860595704,
        "rsi_weekly": 80.97570816876679,
        "rsi_monthly": 90.9642916305611,
        "52w_high": 222.10000610351562,
        "52w_low": 0
    },
    "WY": {
        "close": 27.059999465942383,
        "sma200": 24.58680820465088,
        "sma50": 23.12994697570801,
        "rsi_weekly": 58.71967601618947,
        "rsi_monthly": 50.91971012284258,
        "52w_high": 30.380916595458984,
        "52w_low": 0
    },
    "WHR": {
        "close": 87.12999725341797,
        "sma200": 81.26309375762939,
        "sma50": 75.03786041259765,
        "rsi_weekly": 54.178754644721266,
        "rsi_monthly": 41.21448693624017,
        "52w_high": 125.28579711914062,
        "52w_low": 0
    },
    "WMB": {
        "close": 61.54999923706055,
        "sma200": 58.63241596221924,
        "sma50": 59.850163269042966,
        "rsi_weekly": 52.895299861605594,
        "rsi_monthly": 68.94139834324568,
        "52w_high": 63.950782775878906,
        "52w_low": 0
    },
    "WTW": {
        "close": 329.4100036621094,
        "sma200": 319.3785043334961,
        "sma50": 324.6928466796875,
        "rsi_weekly": 54.0293491852245,
        "rsi_monthly": 72.65670768323679,
        "52w_high": 348.96490478515625,
        "52w_low": 0
    },
    "WYNN": {
        "close": 114.33000183105469,
        "sma200": 108.59147521972656,
        "sma50": 123.24868606567382,
        "rsi_weekly": 50.672293546206205,
        "rsi_monthly": 71.07336168977622,
        "52w_high": 133.08999633789062,
        "52w_low": 0
    },
    "XEL": {
        "close": 75.61000061035156,
        "sma200": 72.66006278991699,
        "sma50": 76.49766357421875,
        "rsi_weekly": 48.85426701877849,
        "rsi_monthly": 40.88569513242461,
        "52w_high": 81.4811019897461,
        "52w_low": 0
    },
    "XYL": {
        "close": 146.1300048828125,
        "sma200": 134.52691108703613,
        "sma50": 140.88150421142578,
        "rsi_weekly": 51.57931261480827,
        "rsi_monthly": 70.2016686586527,
        "52w_high": 152.51864624023438,
        "52w_low": 0
    },
    "YUM": {
        "close": 160.25999450683594,
        "sma200": 146.42214805603027,
        "sma50": 150.9825698852539,
        "rsi_weekly": 57.839494505876985,
        "rsi_monthly": 68.39964377104585,
        "52w_high": 161.0500030517578,
        "52w_low": 0
    },
    "ZBRA": {
        "close": 251.2100067138672,
        "sma200": 284.6386499786377,
        "sma50": 253.16160034179688,
        "rsi_weekly": 43.47212305022625,
        "rsi_monthly": 56.08681742013676,
        "52w_high": 421.1099853515625,
        "52w_low": 0
    },
    "ZBH": {
        "close": 87.30999755859375,
        "sma200": 96.01524391174317,
        "sma50": 91.14022201538086,
        "rsi_weekly": 46.789089630703145,
        "rsi_monthly": 35.430338477433295,
        "52w_high": 112.31304931640625,
        "52w_low": 0
    },
    "ZTS": {
        "close": 124.6500015258789,
        "sma200": 144.79206851959228,
        "sma50": 122.84800048828124,
        "rsi_weekly": 40.33567553948989,
        "rsi_monthly": 45.49907880243108,
        "52w_high": 173.89024353027344,
        "52w_low": 0
    }
}