{
    "last_scan_index": 325,
    "AAPL": {
        "close": 246.6999969482422,
        "sma200": 233.86975593566893,
        "sma50": 271.0305728149414,
        "rsi_weekly": 51.05965950391373,
        "rsi_monthly": 65.05589783758026,
        "52w_high": 286.19000244140625,
        "52w_low": 0
    },
    "NVDA": {
        "close": 178.07000732421875,
        "sma200": 164.38049186706542,
        "sma50": 184.2110903930664,
        "rsi_weekly": 56.61352269008287,
        "rsi_monthly": 76.3624726489339,
        "52w_high": 207.02847290039062,
        "52w_low": 0
    },
    "TSLA": {
        "close": 419.25,
        "sma200": 369.8063503265381,
        "sma50": 442.21240173339845,
        "rsi_weekly": 55.767272209839355,
        "rsi_monthly": 70.21254147643917,
        "52w_high": 489.8800048828125,
        "52w_low": 0
    },
    "MSFT": {
        "close": 454.5199890136719,
        "sma200": 481.42708557128907,
        "sma50": 483.5941796875,
        "rsi_weekly": 40.97292810295013,
        "rsi_monthly": 64.94485327899658,
        "52w_high": 541.057373046875,
        "52w_low": 0
    },
    "AMD": {
        "close": 231.9199981689453,
        "sma200": 169.33574981689452,
        "sma50": 220.02920013427735,
        "rsi_weekly": 60.57175331207617,
        "rsi_monthly": 69.38721493424931,
        "52w_high": 264.3299865722656,
        "52w_low": 0
    },
    "MAS": {
        "close": 68.16000366210938,
        "sma200": 65.75148820877075,
        "sma50": 64.24600006103516,
        "rsi_weekly": 58.3186696853693,
        "rsi_monthly": 63.33004902996673,
        "52w_high": 80.3485107421875,
        "52w_low": 0
    },
    "MA": {
        "close": 531.739990234375,
        "sma200": 560.6568064880371,
        "sma50": 555.3100598144531,
        "rsi_weekly": 44.074519377299175,
        "rsi_monthly": 71.24568172990095,
        "52w_high": 597.273193359375,
        "52w_low": 0
    },
    "MTCH": {
        "close": 30.850000381469727,
        "sma200": 32.4583535861969,
        "sma50": 32.499398193359376,
        "rsi_weekly": 43.51234147990014,
        "rsi_monthly": 36.580124629660126,
        "52w_high": 38.3323860168457,
        "52w_low": 0
    },
    "MKC": {
        "close": 67.83000183105469,
        "sma200": 69.18044528961181,
        "sma50": 66.35358352661133,
        "rsi_weekly": 47.80303193515294,
        "rsi_monthly": 48.962044046090966,
        "52w_high": 82.57147216796875,
        "52w_low": 0
    },
    "MCD": {
        "close": 302.8399963378906,
        "sma200": 303.4509674072266,
        "sma50": 307.62252136230467,
        "rsi_weekly": 52.25252369887047,
        "rsi_monthly": 58.17616382827376,
        "52w_high": 319.6499938964844,
        "52w_low": 0
    },
    "MCK": {
        "close": 821.8400268554688,
        "sma200": 746.8951123046875,
        "sma50": 833.3588293457032,
        "rsi_weekly": 63.129077023721834,
        "rsi_monthly": 71.49637707418347,
        "52w_high": 888.4524536132812,
        "52w_low": 0
    },
    "MDT": {
        "close": 98.5999984741211,
        "sma200": 91.1810983657837,
        "sma50": 98.65379959106446,
        "rsi_weekly": 53.69431732323772,
        "rsi_monthly": 49.26092045463192,
        "52w_high": 105.3499984741211,
        "52w_low": 0
    },
    "MRK": {
        "close": 109.44999694824219,
        "sma200": 85.46237979888916,
        "sma50": 100.9561961364746,
        "rsi_weekly": 68.66445724840433,
        "rsi_monthly": 67.21383188449968,
        "52w_high": 111.01000213623047,
        "52w_low": 0
    },
    "MET": {
        "close": 75.56999969482422,
        "sma200": 77.62041149139404,
        "sma50": 78.57660018920899,
        "rsi_weekly": 45.93023729901596,
        "rsi_monthly": 57.01809667019744,
        "52w_high": 84.54905700683594,
        "52w_low": 0
    },
    "MTD": {
        "close": 1403.5799560546875,
        "sma200": 1270.60544921875,
        "sma50": 1432.3530004882812,
        "rsi_weekly": 60.06424366573541,
        "rsi_monthly": 60.78296128761418,
        "52w_high": 1506.02001953125,
        "52w_low": 0
    },
    "MGM": {
        "close": 33.599998474121094,
        "sma200": 34.22624997138977,
        "sma50": 34.94659999847412,
        "rsi_weekly": 50.09571709757559,
        "rsi_monthly": 48.11049773966102,
        "52w_high": 40.369998931884766,
        "52w_low": 0
    },
    "MCHP": {
        "close": 73.16999816894531,
        "sma200": 61.63678974151611,
        "sma50": 62.88365043640137,
        "rsi_weekly": 62.833489484031304,
        "rsi_monthly": 46.039593669211726,
        "52w_high": 75.22000122070312,
        "52w_low": 0
    },
    "MU": {
        "close": 365.0,
        "sma200": 162.63098903656007,
        "sma50": 268.5595932006836,
        "rsi_weekly": 84.82506210121088,
        "rsi_monthly": 85.13259286116508,
        "52w_high": 365.0,
        "52w_low": 0
    },
    "MAA": {
        "close": 134.4199981689453,
        "sma200": 140.46258186340333,
        "sma50": 132.77235992431642,
        "rsi_weekly": 51.05995276172016,
        "rsi_monthly": 49.277119614851195,
        "52w_high": 163.83151245117188,
        "52w_low": 0
    },
    "MRNA": {
        "close": 43.0,
        "sma200": 27.71429995536804,
        "sma50": 29.708800010681152,
        "rsi_weekly": 68.66891041093479,
        "rsi_monthly": 22.609479190243324,
        "52w_high": 44.939998626708984,
        "52w_low": 0
    },
    "MHK": {
        "close": 119.81999969482422,
        "sma200": 114.53199996948243,
        "sma50": 111.44,
        "rsi_weekly": 55.55202945678109,
        "rsi_monthly": 59.38509234588343,
        "52w_high": 139.75,
        "52w_low": 0
    },
    "MOH": {
        "close": 191.27000427246094,
        "sma200": 216.64465049743652,
        "sma50": 160.61059967041015,
        "rsi_weekly": 51.874397041101574,
        "rsi_monthly": 48.64172992303688,
        "52w_high": 353.239990234375,
        "52w_low": 0
    },
    "TAP": {
        "close": 50.0,
        "sma200": 49.10043363571167,
        "sma50": 46.72448539733887,
        "rsi_weekly": 53.632334386162476,
        "rsi_monthly": 45.65297776032927,
        "52w_high": 61.11589813232422,
        "52w_low": 0
    },
    "MDLZ": {
        "close": 57.9900016784668,
        "sma200": 61.395660858154294,
        "sma50": 55.006072463989256,
        "rsi_weekly": 46.19131565417623,
        "rsi_monthly": 27.35463286871512,
        "52w_high": 69.544921875,
        "52w_low": 0
    },
    "MPWR": {
        "close": 1034.489990234375,
        "sma200": 815.5255368041992,
        "sma50": 944.7202697753906,
        "rsi_weekly": 64.69313717078444,
        "rsi_monthly": 72.97174370788213,
        "52w_high": 1103.1842041015625,
        "52w_low": 0
    },
    "MNST": {
        "close": 81.47000122070312,
        "sma200": 65.89735006332397,
        "sma50": 74.73179992675782,
        "rsi_weekly": 72.55707125049614,
        "rsi_monthly": 78.91304478658172,
        "52w_high": 81.47000122070312,
        "52w_low": 0
    },
    "MCO": {
        "close": 517.2999877929688,
        "sma200": 486.804323425293,
        "sma50": 500.64286254882813,
        "rsi_weekly": 62.69584059955284,
        "rsi_monthly": 54.890984373094845,
        "52w_high": 539.6099853515625,
        "52w_low": 0
    },
    "MS": {
        "close": 182.10000610351562,
        "sma200": 147.60379932403563,
        "sma50": 174.81299896240233,
        "rsi_weekly": 76.83583837277423,
        "rsi_monthly": 80.31265958105458,
        "52w_high": 191.22999572753906,
        "52w_low": 0
    },
    "MOS": {
        "close": 27.030000686645508,
        "sma200": 30.470422945022584,
        "sma50": 24.799195327758788,
        "rsi_weekly": 44.9816331680347,
        "rsi_monthly": 42.496510921551554,
        "52w_high": 37.212406158447266,
        "52w_low": 0
    }
}