{
    "last_scan_index": 500,
    "AAPL": {
        "close": 259.9599914550781,
        "sma200": 233.4022031402588,
        "sma50": 271.9906988525391,
        "rsi_weekly": 53.76185320961122,
        "rsi_monthly": 65.05591579413299,
        "52w_high": 286.19000244140625,
        "52w_low": 0
    },
    "NVDA": {
        "close": 183.13999938964844,
        "sma200": 163.26819328308105,
        "sma50": 185.1990216064453,
        "rsi_weekly": 55.832537614868386,
        "rsi_monthly": 76.36247193679904,
        "52w_high": 207.02847290039062,
        "52w_low": 0
    },
    "TSLA": {
        "close": 439.20001220703125,
        "sma200": 367.38165031433107,
        "sma50": 443.8000018310547,
        "rsi_weekly": 57.433070397524055,
        "rsi_monthly": 70.21254147643917,
        "52w_high": 489.8800048828125,
        "52w_low": 0
    },
    "MSFT": {
        "close": 459.3800048828125,
        "sma200": 480.24009887695314,
        "sma50": 486.88629821777346,
        "rsi_weekly": 46.924932589532084,
        "rsi_monthly": 64.9448723524617,
        "52w_high": 541.057373046875,
        "52w_low": 0
    },
    "AMD": {
        "close": 223.60000610351562,
        "sma200": 167.4197998046875,
        "sma50": 221.51639984130858,
        "rsi_weekly": 52.90812131363197,
        "rsi_monthly": 69.38721493424931,
        "52w_high": 264.3299865722656,
        "52w_low": 0
    },
    "WFC": {
        "close": 89.25,
        "sma200": 80.13825239181519,
        "sma50": 89.78505889892578,
        "rsi_weekly": 69.17656113229476,
        "rsi_monthly": 85.74286643713488,
        "52w_high": 96.38999938964844,
        "52w_low": 0
    },
    "WELL": {
        "close": 188.7100067138672,
        "sma200": 166.95687828063964,
        "sma50": 192.19857238769532,
        "rsi_weekly": 57.45490156900047,
        "rsi_monthly": 76.39007223943493,
        "52w_high": 208.22000122070312,
        "52w_low": 0
    },
    "WST": {
        "close": 274.9800109863281,
        "sma200": 244.8743933868408,
        "sma50": 273.3758801269531,
        "rsi_weekly": 55.583138272097344,
        "rsi_monthly": 37.315503431212406,
        "52w_high": 346.7433776855469,
        "52w_low": 0
    },
    "WDC": {
        "close": 215.0,
        "sma200": 98.64100349426269,
        "sma50": 172.5303240966797,
        "rsi_weekly": 80.9757085544048,
        "rsi_monthly": 90.9642921109273,
        "52w_high": 219.3800048828125,
        "52w_low": 0
    },
    "WY": {
        "close": 26.6200008392334,
        "sma200": 24.602196464538576,
        "sma50": 22.946237564086914,
        "rsi_weekly": 58.71967618675059,
        "rsi_monthly": 50.91973260962248,
        "52w_high": 30.38091468811035,
        "52w_low": 0
    },
    "WHR": {
        "close": 85.25,
        "sma200": 81.2715086364746,
        "sma50": 74.39301986694336,
        "rsi_weekly": 54.17875484384023,
        "rsi_monthly": 41.21450278924999,
        "52w_high": 125.28579711914062,
        "52w_low": 0
    },
    "WMB": {
        "close": 60.709999084472656,
        "sma200": 58.60997495651245,
        "sma50": 59.70519729614258,
        "rsi_weekly": 52.895299697135854,
        "rsi_monthly": 68.94138100344928,
        "52w_high": 63.950782775878906,
        "52w_low": 0
    },
    "WTW": {
        "close": 328.19000244140625,
        "sma200": 319.43525787353514,
        "sma50": 324.2359210205078,
        "rsi_weekly": 54.02934869732179,
        "rsi_monthly": 72.65669529414299,
        "52w_high": 348.96490478515625,
        "52w_low": 0
    },
    "WYNN": {
        "close": 116.87999725341797,
        "sma200": 108.25839321136475,
        "sma50": 123.54585372924805,
        "rsi_weekly": 50.67229343255442,
        "rsi_monthly": 71.07336878359992,
        "52w_high": 133.08999633789062,
        "52w_low": 0
    },
    "XEL": {
        "close": 76.19999694824219,
        "sma200": 72.59613792419434,
        "sma50": 76.7103173828125,
        "rsi_weekly": 48.854267133163695,
        "rsi_monthly": 40.88568950152154,
        "52w_high": 81.4811019897461,
        "52w_low": 0
    },
    "XYL": {
        "close": 140.08999633789062,
        "sma200": 134.2584471130371,
        "sma50": 141.02145141601562,
        "rsi_weekly": 51.57931220315264,
        "rsi_monthly": 70.20166074058253,
        "52w_high": 152.51864624023438,
        "52w_low": 0
    },
    "YUM": {
        "close": 157.1300048828125,
        "sma200": 146.3742951965332,
        "sma50": 150.30773406982422,
        "rsi_weekly": 57.839493773391574,
        "rsi_monthly": 68.39964710217242,
        "52w_high": 160.19668579101562,
        "52w_low": 0
    },
    "ZBRA": {
        "close": 262.510009765625,
        "sma200": 284.9164999389648,
        "sma50": 253.57899993896484,
        "rsi_weekly": 43.47212305022625,
        "rsi_monthly": 56.08681742013676,
        "52w_high": 421.1099853515625,
        "52w_low": 0
    },
    "ZBH": {
        "close": 89.23999786376953,
        "sma200": 96.25405578613281,
        "sma50": 91.66945556640626,
        "rsi_weekly": 46.789089172169724,
        "rsi_monthly": 35.43030775466379,
        "52w_high": 112.31305694580078,
        "52w_low": 0
    },
    "ZTS": {
        "close": 125.83999633789062,
        "sma200": 145.1586764526367,
        "sma50": 123.2256005859375,
        "rsi_weekly": 40.33567398864081,
        "rsi_monthly": 45.499095707494654,
        "52w_high": 173.89024353027344,
        "52w_low": 0
    }
}