{
    "last_scan_index": 150,
    "AAPL": {
        "close": 247.64999389648438,
        "sma200": 234.09551803588866,
        "sma50": 270.59339813232424,
        "rsi_weekly": 51.05965901454185,
        "rsi_monthly": 65.0559701363171,
        "52w_high": 286.19000244140625,
        "52w_low": 0
    },
    "NVDA": {
        "close": 183.32000732421875,
        "sma200": 164.78818420410155,
        "sma50": 184.11609985351564,
        "rsi_weekly": 56.61352268154796,
        "rsi_monthly": 76.36247633166462,
        "52w_high": 207.02847290039062,
        "52w_low": 0
    },
    "TSLA": {
        "close": 431.44000244140625,
        "sma200": 370.62715034484864,
        "sma50": 441.9230017089844,
        "rsi_weekly": 55.767272209839355,
        "rsi_monthly": 70.21254147643917,
        "52w_high": 489.8800048828125,
        "52w_low": 0
    },
    "MSFT": {
        "close": 444.1099853515625,
        "sma200": 481.79203170776367,
        "sma50": 482.55295227050783,
        "rsi_weekly": 40.972927780739596,
        "rsi_monthly": 64.9448582465359,
        "52w_high": 541.057373046875,
        "52w_low": 0
    },
    "AMD": {
        "close": 249.8000030517578,
        "sma200": 170.11574981689452,
        "sma50": 220.27120025634767,
        "rsi_weekly": 60.57175331207617,
        "rsi_monthly": 69.38721493424931,
        "52w_high": 264.3299865722656,
        "52w_low": 0
    },
    "COO": {
        "close": 82.54000091552734,
        "sma200": 74.51565002441406,
        "sma50": 79.04679992675781,
        "rsi_weekly": 60.01173953955393,
        "rsi_monthly": 48.46041333422471,
        "52w_high": 99.44999694824219,
        "52w_low": 0
    },
    "CPRT": {
        "close": 41.310001373291016,
        "sma200": 47.42455001831055,
        "sma50": 39.665599975585934,
        "rsi_weekly": 41.56802250211671,
        "rsi_monthly": 51.94995856135763,
        "52w_high": 63.84000015258789,
        "52w_low": 0
    },
    "GLW": {
        "close": 93.5199966430664,
        "sma200": 67.84061758041382,
        "sma50": 87.05893478393554,
        "rsi_weekly": 70.97226675316678,
        "rsi_monthly": 83.83170017276053,
        "52w_high": 95.97000122070312,
        "52w_low": 0
    },
    "CPAY": {
        "close": 316.45001220703125,
        "sma200": 311.7368502807617,
        "sma50": 303.6953997802734,
        "rsi_weekly": 54.66410817347483,
        "rsi_monthly": 42.64298440673572,
        "52w_high": 389.54998779296875,
        "52w_low": 0
    },
    "CTVA": {
        "close": 71.4800033569336,
        "sma200": 67.8210161781311,
        "sma50": 66.80895492553711,
        "rsi_weekly": 57.357925248751634,
        "rsi_monthly": 72.0612018781644,
        "52w_high": 76.72765350341797,
        "52w_low": 0
    },
    "CSGP": {
        "close": 64.7699966430664,
        "sma200": 78.03305000305176,
        "sma50": 66.18539978027344,
        "rsi_weekly": 40.06247250037753,
        "rsi_monthly": 47.61567195546935,
        "52w_high": 96.83000183105469,
        "52w_low": 0
    },
    "COST": {
        "close": 982.8599853515625,
        "sma200": 948.9564505004882,
        "sma50": 899.2284008789062,
        "rsi_weekly": 57.332281569133606,
        "rsi_monthly": 59.51776391423382,
        "52w_high": 1072.45361328125,
        "52w_low": 0
    },
    "CTRA": {
        "close": 26.75,
        "sma200": 24.588342552185058,
        "sma50": 26.063970947265624,
        "rsi_weekly": 52.854584074441355,
        "rsi_monthly": 61.89414564213941,
        "52w_high": 28.59429359436035,
        "52w_low": 0
    },
    "CCI": {
        "close": 87.16999816894531,
        "sma200": 95.3964306640625,
        "sma50": 88.48229614257812,
        "rsi_weekly": 48.33940109065506,
        "rsi_monthly": 46.953256236284695,
        "52w_high": 111.32424926757812,
        "52w_low": 0
    },
    "CSX": {
        "close": 36.529998779296875,
        "sma200": 33.41163016319275,
        "sma50": 35.724868621826175,
        "rsi_weekly": 56.62556566060786,
        "rsi_monthly": 66.84469139177811,
        "52w_high": 37.38999938964844,
        "52w_low": 0
    },
    "CMI": {
        "close": 582.0399780273438,
        "sma200": 397.37728286743163,
        "sma50": 512.0826385498046,
        "rsi_weekly": 85.00671004926556,
        "rsi_monthly": 85.26034410170132,
        "52w_high": 582.0399780273438,
        "52w_low": 0
    },
    "CVS": {
        "close": 81.48999786376953,
        "sma200": 71.00850650787353,
        "sma50": 78.89880004882812,
        "rsi_weekly": 57.311976563578924,
        "rsi_monthly": 62.222331559842104,
        "52w_high": 82.44999694824219,
        "52w_low": 0
    },
    "DHR": {
        "close": 242.0500030517578,
        "sma200": 205.9452025604248,
        "sma50": 228.01479614257812,
        "rsi_weekly": 61.83553673914466,
        "rsi_monthly": 64.2037767852674,
        "52w_high": 249.025634765625,
        "52w_low": 0
    },
    "DRI": {
        "close": 207.33999633789062,
        "sma200": 195.64843055725098,
        "sma50": 185.0115707397461,
        "rsi_weekly": 65.89055680969618,
        "rsi_monthly": 62.035450999576106,
        "52w_high": 220.7619171142578,
        "52w_low": 0
    },
    "DVA": {
        "close": 106.30000305175781,
        "sma200": 131.555950050354,
        "sma50": 115.81600006103515,
        "rsi_weekly": 28.38043221343732,
        "rsi_monthly": 58.53862959030401,
        "52w_high": 177.35000610351562,
        "52w_low": 0
    },
    "DAY": {
        "close": 69.0999984741211,
        "sma200": 63.29459995269775,
        "sma50": 69.11600006103515,
        "rsi_weekly": 59.5840032633321,
        "rsi_monthly": 55.44195534123394,
        "52w_high": 74.08000183105469,
        "52w_low": 0
    },
    "DEW": {
        "close": 63.72719955444336,
        "sma200": 57.72284038543701,
        "sma50": 61.24658615112305,
        "rsi_weekly": 74.11826223094086,
        "rsi_monthly": 82.41923910568839,
        "52w_high": 63.72719955444336,
        "52w_low": 0
    },
    "DE": {
        "close": 529.510009765625,
        "sma200": 481.94598556518554,
        "sma50": 479.31322204589844,
        "rsi_weekly": 62.072674178052665,
        "rsi_monthly": 42.404626457606795,
        "52w_high": 529.510009765625,
        "52w_low": 0
    },
    "DAL": {
        "close": 68.94999694824219,
        "sma200": 56.252889766693116,
        "sma50": 66.53759941101075,
        "rsi_weekly": 65.62533606819578,
        "rsi_monthly": 69.74173918328424,
        "52w_high": 72.30999755859375,
        "52w_low": 0
    },
    "XRAY": {
        "close": 12.739999771118164,
        "sma200": 13.282727060317994,
        "sma50": 11.28782865524292,
        "rsi_weekly": 47.761458121055675,
        "rsi_monthly": 15.90944631144711,
        "52w_high": 19.363662719726562,
        "52w_low": 0
    },
    "DVN": {
        "close": 37.75,
        "sma200": 33.397885160446165,
        "sma50": 36.18909553527832,
        "rsi_weekly": 54.10828968873722,
        "rsi_monthly": 58.2589368662604,
        "52w_high": 38.164306640625,
        "52w_low": 0
    },
    "DXCM": {
        "close": 72.11000061035156,
        "sma200": 73.8371001625061,
        "sma50": 65.07660018920899,
        "rsi_weekly": 50.30622864893874,
        "rsi_monthly": 32.1728819719612,
        "52w_high": 90.75,
        "52w_low": 0
    },
    "FANG": {
        "close": 153.0,
        "sma200": 141.7469836807251,
        "sma50": 150.24867126464844,
        "rsi_weekly": 53.482159558997324,
        "rsi_monthly": 73.00641790851097,
        "52w_high": 172.68716430664062,
        "52w_low": 0
    },
    "DLR": {
        "close": 159.0,
        "sma200": 163.97142799377443,
        "sma50": 157.36027954101561,
        "rsi_weekly": 51.27159424002927,
        "rsi_monthly": 56.828901251826515,
        "52w_high": 178.07101440429688,
        "52w_low": 0
    }
}