{
    "last_scan_index": 100,
    "AAPL": {
        "close": 257.6199951171875,
        "sma200": 233.39050315856935,
        "sma50": 271.94389892578124,
        "rsi_weekly": 53.76185339528755,
        "rsi_monthly": 65.05593176903851,
        "52w_high": 286.19000244140625,
        "52w_low": 0
    },
    "NVDA": {
        "close": 181.83999633789062,
        "sma200": 163.26169303894042,
        "sma50": 185.17302154541017,
        "rsi_weekly": 55.83253745895449,
        "rsi_monthly": 76.36247948573215,
        "52w_high": 207.02847290039062,
        "52w_low": 0
    },
    "TSLA": {
        "close": 436.1673889160156,
        "sma200": 367.366487197876,
        "sma50": 443.7393493652344,
        "rsi_weekly": 57.433070397524055,
        "rsi_monthly": 70.21254147643917,
        "52w_high": 489.8800048828125,
        "52w_low": 0
    },
    "MSFT": {
        "close": 459.69500732421875,
        "sma200": 480.24167251586914,
        "sma50": 486.89259826660157,
        "rsi_weekly": 46.9249328641956,
        "rsi_monthly": 64.94484573120451,
        "52w_high": 541.057373046875,
        "52w_low": 0
    },
    "AMD": {
        "close": 221.8300018310547,
        "sma200": 167.4109497833252,
        "sma50": 221.4809997558594,
        "rsi_weekly": 52.90812131363197,
        "rsi_monthly": 69.38721493424931,
        "52w_high": 264.3299865722656,
        "52w_low": 0
    },
    "BR": {
        "close": 219.1699981689453,
        "sma200": 235.88517082214355,
        "sma50": 224.9437384033203,
        "rsi_weekly": 42.958650089274414,
        "rsi_monthly": 49.669877708311844,
        "52w_high": 264.7299499511719,
        "52w_low": 0
    },
    "BRO": {
        "close": 79.7249984741211,
        "sma200": 96.6598617553711,
        "sma50": 79.72714874267578,
        "rsi_weekly": 36.95761724416982,
        "rsi_monthly": 51.392247799493106,
        "52w_high": 123.80648040771484,
        "52w_low": 0
    },
    "BLDR": {
        "close": 127.17500305175781,
        "sma200": 120.01647483825684,
        "sma50": 107.82930068969726,
        "rsi_weekly": 53.92409389147409,
        "rsi_monthly": 52.584272979150995,
        "52w_high": 173.50999450683594,
        "52w_low": 0
    },
    "BG": {
        "close": 106.4000015258789,
        "sma200": 83.41844741821289,
        "sma50": 94.04793212890625,
        "rsi_weekly": 64.78035314612382,
        "rsi_monthly": 65.71324324092146,
        "52w_high": 106.4000015258789,
        "52w_low": 0
    },
    "CDNS": {
        "close": 311.19000244140625,
        "sma200": 320.1783000946045,
        "sma50": 318.96480041503906,
        "rsi_weekly": 51.25968358300457,
        "rsi_monthly": 60.02370140142533,
        "52w_high": 373.3699951171875,
        "52w_low": 0
    },
    "CZR": {
        "close": 24.235000610351562,
        "sma200": 25.500300035476684,
        "sma50": 22.64250015258789,
        "rsi_weekly": 49.78319747039222,
        "rsi_monthly": 31.691570134862843,
        "52w_high": 39.7599983215332,
        "52w_low": 0
    },
    "CPT": {
        "close": 107.62999725341797,
        "sma200": 107.72199115753173,
        "sma50": 104.89470016479493,
        "rsi_weekly": 54.49964309690154,
        "rsi_monthly": 56.13709986721735,
        "52w_high": 120.87232971191406,
        "52w_low": 0
    },
    "CPB": {
        "close": 26.93470001220703,
        "sma200": 31.400583143234254,
        "sma50": 28.721995277404787,
        "rsi_weekly": 28.389880352602866,
        "rsi_monthly": 19.08050092564729,
        "52w_high": 40.01108932495117,
        "52w_low": 0
    },
    "COF": {
        "close": 231.71499633789062,
        "sma200": 210.10356094360353,
        "sma50": 230.10777587890624,
        "rsi_weekly": 67.45082650129024,
        "rsi_monthly": 75.86345529192138,
        "52w_high": 257.94000244140625,
        "52w_low": 0
    },
    "CAH": {
        "close": 212.53500366210938,
        "sma200": 164.7728835296631,
        "sma50": 203.61314697265624,
        "rsi_weekly": 67.28236503246377,
        "rsi_monthly": 79.62823413451117,
        "52w_high": 213.1985321044922,
        "52w_low": 0
    },
    "KMX": {
        "close": 47.57500076293945,
        "sma200": 55.10402478218079,
        "sma50": 38.73590007781982,
        "rsi_weekly": 46.53489603220004,
        "rsi_monthly": 45.538095683895804,
        "52w_high": 89.19000244140625,
        "52w_low": 0
    },
    "CCL": {
        "close": 29.704999923706055,
        "sma200": 26.731775093078614,
        "sma50": 28.12890018463135,
        "rsi_weekly": 63.745614591539734,
        "rsi_monthly": 59.18996459797011,
        "52w_high": 32.4900016784668,
        "52w_low": 0
    },
    "CARR": {
        "close": 54.814998626708984,
        "sma200": 63.039372787475585,
        "sma50": 54.11250015258789,
        "rsi_weekly": 43.96840320866045,
        "rsi_monthly": 41.20506407853502,
        "52w_high": 80.42076873779297,
        "52w_low": 0
    },
    "CAT": {
        "close": 634.1010131835938,
        "sma200": 445.876697845459,
        "sma50": 582.8258190917969,
        "rsi_weekly": 74.81866940334672,
        "rsi_monthly": 81.48118701999064,
        "52w_high": 636.530029296875,
        "52w_low": 0
    },
    "CBOE": {
        "close": 267.1199951171875,
        "sma200": 238.11932571411134,
        "sma50": 254.84919982910156,
        "rsi_weekly": 60.77530225058136,
        "rsi_monthly": 76.1091156682819,
        "52w_high": 267.1199951171875,
        "52w_low": 0
    },
    "CBRE": {
        "close": 163.08999633789062,
        "sma200": 147.0908502960205,
        "sma50": 159.0086004638672,
        "rsi_weekly": 60.91943027257771,
        "rsi_monthly": 73.58677674784748,
        "52w_high": 166.9199981689453,
        "52w_low": 0
    },
    "CDW": {
        "close": 132.0800018310547,
        "sma200": 159.9661486053467,
        "sma50": 141.09444000244142,
        "rsi_weekly": 34.2401690461252,
        "rsi_monthly": 49.756469172476386,
        "52w_high": 203.0680389404297,
        "52w_low": 0
    },
    "CE": {
        "close": 46.41999816894531,
        "sma200": 46.67178880691528,
        "sma50": 41.10900009155274,
        "rsi_weekly": 49.94615448576301,
        "rsi_monthly": 36.96582204917806,
        "52w_high": 73.93795776367188,
        "52w_low": 0
    },
    "COR": {
        "close": 347.9549865722656,
        "sma200": 308.5813293457031,
        "sma50": 349.49980102539064,
        "rsi_weekly": 56.953728170657456,
        "rsi_monthly": 69.12058204907514,
        "52w_high": 374.75,
        "52w_low": 0
    },
    "CNC": {
        "close": 46.244998931884766,
        "sma200": 42.17742495536804,
        "sma50": 39.52990005493164,
        "rsi_weekly": 62.14367225703761,
        "rsi_monthly": 43.935138280302226,
        "52w_high": 65.88999938964844,
        "52w_low": 0
    },
    "CNP": {
        "close": 39.04499816894531,
        "sma200": 37.640625,
        "sma50": 38.62839584350586,
        "rsi_weekly": 49.53869570604401,
        "rsi_monthly": 64.44411293493657,
        "52w_high": 39.996612548828125,
        "52w_low": 0
    },
    "CF": {
        "close": 87.95999908447266,
        "sma200": 84.56836750030517,
        "sma50": 79.89509613037109,
        "rsi_weekly": 49.62615458739628,
        "rsi_monthly": 58.06335005470016,
        "52w_high": 101.27503967285156,
        "52w_low": 0
    },
    "CHRW": {
        "close": 173.52999877929688,
        "sma200": 121.17281620025635,
        "sma50": 158.78922485351563,
        "rsi_weekly": 76.06362100964947,
        "rsi_monthly": 65.22842335929232,
        "52w_high": 173.52999877929688,
        "52w_low": 0
    },
    "CRL": {
        "close": 217.3000030517578,
        "sma200": 160.63550014495848,
        "sma50": 188.57120056152343,
        "rsi_weekly": 68.84978697774218,
        "rsi_monthly": 69.54139212632656,
        "52w_high": 220.91000366210938,
        "52w_low": 0
    }
}