{
    "last_scan_index": 100,
    "AAPL": {
        "close": 248.0399932861328,
        "sma200": 234.7345698547364,
        "sma50": 269.7683984375,
        "rsi_weekly": 51.05965898578025,
        "rsi_monthly": 65.05591597775614,
        "52w_high": 286.19000244140625,
        "52w_low": 0.0
    },
    "NVDA": {
        "close": 187.6699981689453,
        "sma200": 165.69115818023678,
        "sma50": 183.82273071289066,
        "rsi_weekly": 56.61352273233696,
        "rsi_monthly": 76.36247657729744,
        "52w_high": 207.02847290039062,
        "52w_low": 0.0
    },
    "TSLA": {
        "close": 449.05999755859375,
        "sma200": 372.75565032958997,
        "sma50": 442.3964013671876,
        "rsi_weekly": 55.767272209839355,
        "rsi_monthly": 70.21254147643917,
        "52w_high": 489.8800048828125,
        "52w_low": 0.0
    },
    "MSFT": {
        "close": 465.95001220703125,
        "sma200": 482.80811721801734,
        "sma50": 480.87582092285146,
        "rsi_weekly": 40.9729276799384,
        "rsi_monthly": 64.94483493335896,
        "52w_high": 541.057373046875,
        "52w_low": 0.0
    },
    "AMD": {
        "close": 259.67999267578125,
        "sma200": 171.8357997512816,
        "sma50": 220.9890002441406,
        "rsi_weekly": 60.57175331207617,
        "rsi_monthly": 69.38721493424931,
        "52w_high": 264.3299865722656,
        "52w_low": 0.0
    },
    "ADP": {
        "close": 257.8699951171875,
        "sma200": 285.9291805267334,
        "sma50": 257.33086029052737,
        "rsi_weekly": 41.44693007833507,
        "rsi_monthly": 48.93978241444853,
        "52w_high": 321.4271240234375,
        "52w_low": 0
    },
    "AZO": {
        "close": 3700.0,
        "sma200": 3802.43564453125,
        "sma50": 3603.0410009765624,
        "rsi_weekly": 42.96985294836369,
        "rsi_monthly": 59.03724331970976,
        "52w_high": 4354.5400390625,
        "52w_low": 0
    },
    "AVB": {
        "close": 178.77000427246094,
        "sma200": 188.95703071594238,
        "sma50": 178.56204803466798,
        "rsi_weekly": 47.38599848702068,
        "rsi_monthly": 42.128343438069756,
        "52w_high": 220.1442413330078,
        "52w_low": 0
    },
    "AVY": {
        "close": 187.42999267578125,
        "sma200": 172.924525680542,
        "sma50": 178.94811187744142,
        "rsi_weekly": 63.42604216152615,
        "rsi_monthly": 66.34418587123997,
        "52w_high": 191.8097381591797,
        "52w_low": 0
    },
    "AXON": {
        "close": 613.1400146484375,
        "sma200": 685.493949432373,
        "sma50": 574.6846008300781,
        "rsi_weekly": 49.515258645017774,
        "rsi_monthly": 60.67064340685401,
        "52w_high": 870.969970703125,
        "52w_low": 0
    },
    "BKR": {
        "close": 53.91999816894531,
        "sma200": 43.52759889602661,
        "sma50": 48.463200073242184,
        "rsi_weekly": 63.946338714358816,
        "rsi_monthly": 63.891229423605594,
        "52w_high": 54.459999084472656,
        "52w_low": 0
    },
    "BALL": {
        "close": 57.36000061035156,
        "sma200": 51.82368286132812,
        "sma50": 51.38516120910644,
        "rsi_weekly": 62.64923932859222,
        "rsi_monthly": 67.9523550601218,
        "52w_high": 59.233028411865234,
        "52w_low": 0
    },
    "BAC": {
        "close": 51.720001220703125,
        "sma200": 48.30424741744995,
        "sma50": 53.903488845825194,
        "rsi_weekly": 55.0036802904372,
        "rsi_monthly": 79.28784325607612,
        "52w_high": 57.25,
        "52w_low": 0
    },
    "BK": {
        "close": 117.61000061035156,
        "sma200": 100.92701084136962,
        "sma50": 115.53159973144531,
        "rsi_weekly": 74.36958995543358,
        "rsi_monthly": 86.43816693497229,
        "52w_high": 124.58999633789062,
        "52w_low": 0
    },
    "BBWI": {
        "close": 22.200000762939453,
        "sma200": 26.152529973983764,
        "sma50": 20.249583053588868,
        "rsi_weekly": 48.624797644646456,
        "rsi_monthly": 45.01091646402813,
        "52w_high": 39.98191452026367,
        "52w_low": 0
    },
    "BAX": {
        "close": 19.84000015258789,
        "sma200": 24.502718353271483,
        "sma50": 19.109481468200684,
        "rsi_weekly": 42.03976695680019,
        "rsi_monthly": 42.31005374956338,
        "52w_high": 36.09501647949219,
        "52w_low": 0
    },
    "BDX": {
        "close": 201.7899932861328,
        "sma200": 185.43085136413575,
        "sma50": 196.55197174072265,
        "rsi_weekly": 62.3903811258915,
        "rsi_monthly": 40.80857649113874,
        "52w_high": 243.805419921875,
        "52w_low": 0
    },
    "BBY": {
        "close": 67.05000305175781,
        "sma200": 70.35124179840088,
        "sma50": 71.71296752929688,
        "rsi_weekly": 42.74781499396024,
        "rsi_monthly": 57.7304287139392,
        "52w_high": 86.45199584960938,
        "52w_low": 0
    },
    "BIO": {
        "close": 296.57000732421875,
        "sma200": 278.0652995300293,
        "sma50": 312.9309997558594,
        "rsi_weekly": 54.60591694786343,
        "rsi_monthly": 52.914979021456986,
        "52w_high": 367.0,
        "52w_low": 0
    },
    "TECH": {
        "close": 68.16000366210938,
        "sma200": 55.696549530029294,
        "sma50": 62.2487141418457,
        "rsi_weekly": 62.00361977030205,
        "rsi_monthly": 52.777861217367985,
        "52w_high": 76.61438751220703,
        "52w_low": 0
    },
    "BIIB": {
        "close": 171.58999633789062,
        "sma200": 144.20605030059815,
        "sma50": 174.89760070800781,
        "rsi_weekly": 52.5256659897564,
        "rsi_monthly": 30.505703427542805,
        "52w_high": 187.6199951171875,
        "52w_low": 0
    },
    "BLK": {
        "close": 1129.9100341796875,
        "sma200": 1054.1491729736329,
        "sma50": 1074.6831298828124,
        "rsi_weekly": 62.48328171215929,
        "rsi_monthly": 67.76741936372467,
        "52w_high": 1196.7647705078125,
        "52w_low": 0
    },
    "BX": {
        "close": 150.47999572753906,
        "sma200": 153.08956344604493,
        "sma50": 151.3201998901367,
        "rsi_weekly": 57.16320146551545,
        "rsi_monthly": 58.11288242475409,
        "52w_high": 187.02017211914062,
        "52w_low": 0
    },
    "BA": {
        "close": 252.14999389648438,
        "sma200": 210.70325035095215,
        "sma50": 212.29880096435548,
        "rsi_weekly": 66.9329901094342,
        "rsi_monthly": 50.75980119696621,
        "52w_high": 252.14999389648438,
        "52w_low": 0
    },
    "BKNG": {
        "close": 5098.5,
        "sma200": 5287.910668945313,
        "sma50": 5179.052783203125,
        "rsi_weekly": 46.933352489465584,
        "rsi_monthly": 59.5038376154909,
        "52w_high": 5794.83740234375,
        "52w_low": 0
    },
    "BWA": {
        "close": 47.709999084472656,
        "sma200": 38.99732930183411,
        "sma50": 45.148312377929685,
        "rsi_weekly": 69.2627272166436,
        "rsi_monthly": 55.546766639342486,
        "52w_high": 48.599998474121094,
        "52w_low": 0
    },
    "BSX": {
        "close": 92.51000213623047,
        "sma200": 100.52865013122559,
        "sma50": 96.38359985351562,
        "rsi_weekly": 37.43529293759255,
        "rsi_monthly": 64.00956665114143,
        "52w_high": 108.13999938964844,
        "52w_low": 0
    },
    "BMY": {
        "close": 54.650001525878906,
        "sma200": 47.17330348968506,
        "sma50": 51.749813842773435,
        "rsi_weekly": 68.75588361064825,
        "rsi_monthly": 63.23715953905065,
        "52w_high": 60.075191497802734,
        "52w_low": 0
    },
    "AVGO": {
        "close": 320.04998779296875,
        "sma200": 300.58081123352054,
        "sma50": 355.6858734130859,
        "rsi_weekly": 56.14572130828098,
        "rsi_monthly": 72.81598598416006,
        "52w_high": 412.18133544921875,
        "52w_low": 0
    },
    "BR": {
        "close": 207.5399932861328,