{
    "last_scan_index": 250,
    "AAPL": {
        "close": 258.2099914550781,
        "sma200": 233.58638801574708,
        "sma50": 271.7791101074219,
        "rsi_weekly": 53.76185322099974,
        "rsi_monthly": 65.05595287232069,
        "52w_high": 286.19000244140625,
        "52w_low": 0
    },
    "NVDA": {
        "close": 187.0500030517578,
        "sma200": 163.66164165496826,
        "sma50": 184.80265197753906,
        "rsi_weekly": 55.83253756065728,
        "rsi_monthly": 76.36247375626539,
        "52w_high": 207.02847290039062,
        "52w_low": 0
    },
    "TSLA": {
        "close": 438.57000732421875,
        "sma200": 368.2787003326416,
        "sma50": 443.2040020751953,
        "rsi_weekly": 57.433070397524055,
        "rsi_monthly": 70.21254147643917,
        "52w_high": 489.8800048828125,
        "52w_low": 0
    },
    "MSFT": {
        "close": 456.6600036621094,
        "sma200": 480.65645645141603,
        "sma50": 485.6982153320312,
        "rsi_weekly": 46.924932893501044,
        "rsi_monthly": 64.94485400576993,
        "52w_high": 541.057373046875,
        "52w_low": 0
    },
    "AMD": {
        "close": 227.9199981689453,
        "sma200": 168.04569980621338,
        "sma50": 220.88179992675782,
        "rsi_weekly": 52.90812131363197,
        "rsi_monthly": 69.38721493424931,
        "52w_high": 264.3299865722656,
        "52w_low": 0
    },
    "HSIC": {
        "close": 78.08000183105469,
        "sma200": 69.88225023269653,
        "sma50": 74.8533999633789,
        "rsi_weekly": 63.969186621246365,
        "rsi_monthly": 57.563536541611754,
        "52w_high": 81.91000366210938,
        "52w_low": 0
    },
    "HSY": {
        "close": 201.07000732421875,
        "sma200": 175.28360191345215,
        "sma50": 182.54720336914062,
        "rsi_weekly": 56.62000215218851,
        "rsi_monthly": 48.26485077596106,
        "52w_high": 201.07000732421875,
        "52w_low": 0
    },
    "HPE": {
        "close": 21.950000762939453,
        "sma200": 20.743679413795473,
        "sma50": 22.960494422912596,
        "rsi_weekly": 49.12572087438141,
        "rsi_monthly": 63.77687682512427,
        "52w_high": 26.093069076538086,
        "52w_low": 0
    },
    "HLT": {
        "close": 301.8599853515625,
        "sma200": 262.0539105224609,
        "sma50": 282.06679260253907,
        "rsi_weekly": 65.92715213431237,
        "rsi_monthly": 74.74447442153831,
        "52w_high": 301.8599853515625,
        "52w_low": 0
    },
    "HOLX": {
        "close": 75.0199966430664,
        "sma200": 66.94980028152466,
        "sma50": 74.6772004699707,
        "rsi_weekly": 68.16996524903122,
        "rsi_monthly": 52.631403956020975,
        "52w_high": 75.19000244140625,
        "52w_low": 0
    },
    "HD": {
        "close": 379.1600036621094,
        "sma200": 369.6930320739746,
        "sma50": 355.2656378173828,
        "rsi_weekly": 52.169265496751976,
        "rsi_monthly": 58.70275878424522,
        "52w_high": 420.69903564453125,
        "52w_low": 0
    },
    "HON": {
        "close": 215.02000427246094,
        "sma200": 200.88334983825683,
        "sma50": 196.7874890136719,
        "rsi_weekly": 57.36621045634928,
        "rsi_monthly": 45.86194896387333,
        "52w_high": 224.0632781982422,
        "52w_low": 0
    },
    "HRL": {
        "close": 24.719999313354492,
        "sma200": 26.169687519073488,
        "sma50": 22.956366577148437,
        "rsi_weekly": 39.499446571560604,
        "rsi_monthly": 63.5209141886365,
        "52w_high": 30.466331481933594,
        "52w_low": 0
    },
    "HST": {
        "close": 18.469999313354492,
        "sma200": 15.876513743400574,
        "sma50": 17.58113676071167,
        "rsi_weekly": 65.04084578608335,
        "rsi_monthly": 71.29015063438808,
        "52w_high": 18.510000228881836,
        "52w_low": 0
    },
    "HWM": {
        "close": 224.25999450683594,
        "sma200": 180.39455642700196,
        "sma50": 204.45840148925782,
        "rsi_weekly": 68.25882663479045,
        "rsi_monthly": 86.11351779041426,
        "52w_high": 224.25999450683594,
        "52w_low": 0
    },
    "HPQ": {
        "close": 20.610000610351562,
        "sma200": 25.17181529045105,
        "sma50": 23.619018516540528,
        "rsi_weekly": 34.56743796552058,
        "rsi_monthly": 32.64159936159444,
        "52w_high": 33.24667739868164,
        "52w_low": 0
    },
    "HUBB": {
        "close": 484.1099853515625,
        "sma200": 414.49105865478515,
        "sma50": 446.710009765625,
        "rsi_weekly": 62.71941583374265,
        "rsi_monthly": 70.86338190860462,
        "52w_high": 484.1099853515625,
        "52w_low": 0
    },
    "HUM": {
        "close": 283.95001220703125,
        "sma200": 257.4835063934326,
        "sma50": 255.00180847167968,
        "rsi_weekly": 54.894787358004635,
        "rsi_monthly": 35.12735786572644,
        "52w_high": 309.8533935546875,
        "52w_low": 0
    },
    "HBAN": {
        "close": 17.950000762939453,
        "sma200": 16.049001212120057,
        "sma50": 16.81964307785034,
        "rsi_weekly": 64.92881382013078,
        "rsi_monthly": 64.22571444910803,
        "52w_high": 18.469999313354492,
        "52w_low": 0
    },
    "HII": {
        "close": 418.8599853515625,
        "sma200": 271.22729995727536,
        "sma50": 333.34380920410155,
        "rsi_weekly": 82.02416480980204,
        "rsi_monthly": 77.36117652507664,
        "52w_high": 418.8599853515625,
        "52w_low": 0
    },
    "IBM": {
        "close": 297.95001220703125,
        "sma200": 272.4256007385254,
        "sma50": 303.6401019287109,
        "rsi_weekly": 59.89600308101155,
        "rsi_monthly": 67.61589096560807,
        "52w_high": 314.9800109863281,
        "52w_low": 0
    },
    "IEX": {
        "close": 195.3000030517578,
        "sma200": 172.11563110351562,
        "sma50": 175.80559997558595,
        "rsi_weekly": 60.902829693229414,
        "rsi_monthly": 64.96374035760095,
        "52w_high": 221.66676330566406,
        "52w_low": 0
    },
    "IDXX": {
        "close": 712.1199951171875,
        "sma200": 595.7018492126465,
        "sma50": 707.2911962890626,
        "rsi_weekly": 61.779669831930036,
        "rsi_monthly": 73.80787068804858,
        "52w_high": 766.6799926757812,
        "52w_low": 0
    },
    "ITW": {
        "close": 261.8900146484375,
        "sma200": 247.79238815307616,
        "sma50": 248.28816680908204,
        "rsi_weekly": 54.799050551232966,
        "rsi_monthly": 50.41927160183088,
        "52w_high": 267.75982666015625,
        "52w_low": 0
    },
    "ILMN": {
        "close": 145.3000030517578,
        "sma200": 101.67000049591064,
        "sma50": 131.27160095214845,
        "rsi_weekly": 70.41712073709265,
        "rsi_monthly": 52.99594791379708,
        "52w_high": 150.13999938964844,
        "52w_low": 0
    },
    "INCY": {
        "close": 105.23999786376953,
        "sma200": 81.16619995117188,
        "sma50": 102.39960021972657,
        "rsi_weekly": 66.54768012028586,
        "rsi_monthly": 71.27031840388001,
        "52w_high": 110.56999969482422,
        "52w_low": 0
    },
    "IR": {
        "close": 87.31999969482422,
        "sma200": 80.10219692230224,
        "sma50": 79.86760452270508,
        "rsi_weekly": 57.212624583501295,
        "rsi_monthly": 64.30777646199981,
        "52w_high": 94.13668060302734,
        "52w_low": 0
    },
    "PODD": {
        "close": 286.489990234375,
        "sma200": 304.121000289917,
        "sma50": 305.1148028564453,
        "rsi_weekly": 42.158417581686514,
        "rsi_monthly": 43.354514287478466,
        "52w_high": 352.82000732421875,
        "52w_low": 0
    },
    "INTC": {
        "close": 48.31999969482422,
        "sma200": 28.441549978256226,
        "sma50": 38.84280014038086,
        "rsi_weekly": 70.47865290974065,
        "rsi_monthly": 58.60245325814752,
        "52w_high": 48.720001220703125,
        "52w_low": 0
    }
}