{
    "last_scan_index": 400,
    "AAPL": {
        "close": 251.25999450683594,
        "sma200": 233.8925559234619,
        "sma50": 271.1217727661133,
        "rsi_weekly": 51.059659082444654,
        "rsi_monthly": 65.05596986623928,
        "52w_high": 286.19000244140625,
        "52w_low": 0
    },
    "NVDA": {
        "close": 180.4199981689453,
        "sma200": 164.39224182128908,
        "sma50": 184.25809020996093,
        "rsi_weekly": 56.613522709597284,
        "rsi_monthly": 76.36247430528417,
        "52w_high": 207.02847290039062,
        "52w_low": 0
    },
    "TSLA": {
        "close": 425.4700012207031,
        "sma200": 369.8374503326416,
        "sma50": 442.3368017578125,
        "rsi_weekly": 55.767272209839355,
        "rsi_monthly": 70.21254147643917,
        "52w_high": 489.8800048828125,
        "52w_low": 0
    },
    "MSFT": {
        "close": 454.9200134277344,
        "sma200": 481.4290846252441,
        "sma50": 483.60218017578126,
        "rsi_weekly": 40.97292772363252,
        "rsi_monthly": 64.94486534840577,
        "52w_high": 541.057373046875,
        "52w_low": 0
    },
    "AMD": {
        "close": 238.0800018310547,
        "sma200": 169.3665498352051,
        "sma50": 220.15240020751952,
        "rsi_weekly": 60.57175331207617,
        "rsi_monthly": 69.38721493424931,
        "52w_high": 264.3299865722656,
        "52w_low": 0
    },
    "PFG": {
        "close": 88.4800033569336,
        "sma200": 79.77873023986817,
        "sma50": 87.09562698364257,
        "rsi_weekly": 61.96970799966148,
        "rsi_monthly": 65.68603427367995,
        "52w_high": 91.80000305175781,
        "52w_low": 0
    },
    "PG": {
        "close": 145.9149932861328,
        "sma200": 153.39830650329588,
        "sma50": 144.7917010498047,
        "rsi_weekly": 41.56817142390019,
        "rsi_monthly": 42.97760605193431,
        "52w_high": 172.77017211914062,
        "52w_low": 0
    },
    "PGR": {
        "close": 203.52999877929688,
        "sma200": 231.82911552429198,
        "sma50": 211.61840545654297,
        "rsi_weekly": 38.94762023749869,
        "rsi_monthly": 56.734825513726385,
        "52w_high": 273.5130615234375,
        "52w_low": 0
    },
    "PLD": {
        "close": 131.72999572753906,
        "sma200": 112.71507301330567,
        "sma50": 127.25206283569337,
        "rsi_weekly": 69.68556414922023,
        "rsi_monthly": 67.48233830440853,
        "52w_high": 133.2100067138672,
        "52w_low": 0
    },
    "PRU": {
        "close": 110.27999877929688,
        "sma200": 104.08823566436767,
        "sma50": 111.59868103027344,
        "rsi_weekly": 55.25299379613998,
        "rsi_monthly": 65.30447774342319,
        "52w_high": 118.72000122070312,
        "52w_low": 0
    },
    "PEG": {
        "close": 80.09500122070312,
        "sma200": 80.80050659179688,
        "sma50": 80.32722885131835,
        "rsi_weekly": 46.46714613185416,
        "rsi_monthly": 65.55412115586304,
        "52w_high": 88.72160339355469,
        "52w_low": 0
    },
    "PTC": {
        "close": 162.49000549316406,
        "sma200": 183.3070499420166,
        "sma50": 174.07080078125,
        "rsi_weekly": 36.67637127008923,
        "rsi_monthly": 48.49976701847694,
        "52w_high": 216.52999877929688,
        "52w_low": 0
    },
    "PSA": {
        "close": 287.385009765625,
        "sma200": 281.67106079101563,
        "sma50": 269.6165246582031,
        "rsi_weekly": 58.00795397618562,
        "rsi_monthly": 43.13083442547762,
        "52w_high": 308.3981628417969,
        "52w_low": 0
    },
    "PHM": {
        "close": 127.94499969482422,
        "sma200": 116.42780216217041,
        "sma50": 122.81291580200195,
        "rsi_weekly": 57.961520299808626,
        "rsi_monthly": 55.68625576924974,
        "52w_high": 140.89910888671875,
        "52w_low": 0
    },
    "QRVO": {
        "close": 80.24500274658203,
        "sma200": 83.35434984207153,
        "sma50": 85.21349960327149,
        "rsi_weekly": 43.23197880204791,
        "rsi_monthly": 64.763389588317,
        "52w_high": 97.41999816894531,
        "52w_low": 0
    },
    "PWR": {
        "close": 467.760009765625,
        "sma200": 388.1249828338623,
        "sma50": 441.80475830078126,
        "rsi_weekly": 63.997129959698704,
        "rsi_monthly": 75.22279576929593,
        "52w_high": 467.760009765625,
        "52w_low": 0
    },
    "QCOM": {
        "close": 156.58999633789062,
        "sma200": 158.64530166625977,
        "sma50": 171.57672454833985,
        "rsi_weekly": 45.79081550713895,
        "rsi_monthly": 63.86821069228848,
        "52w_high": 186.72589111328125,
        "52w_low": 0
    },
    "DGX": {
        "close": 190.6699981689453,
        "sma200": 176.5423966217041,
        "sma50": 181.30605041503907,
        "rsi_weekly": 59.83156204467161,
        "rsi_monthly": 52.72815942552131,
        "52w_high": 191.4753875732422,
        "52w_low": 0
    },
    "RL": {
        "close": 361.0950012207031,
        "sma200": 299.20165939331054,
        "sma50": 354.44303649902344,
        "rsi_weekly": 67.15804790015933,
        "rsi_monthly": 84.52632231381497,
        "52w_high": 370.76129150390625,
        "52w_low": 0
    },
    "RJF": {
        "close": 169.63999938964844,
        "sma200": 156.89565860748291,
        "sma50": 162.22167388916014,
        "rsi_weekly": 61.25418608427606,
        "rsi_monthly": 68.49609072090729,
        "52w_high": 175.32736206054688,
        "52w_low": 0
    },
    "RTX": {
        "close": 199.27999877929688,
        "sma200": 155.93913982391356,
        "sma50": 180.42629425048827,
        "rsi_weekly": 78.62315128468452,
        "rsi_monthly": 82.73186237655679,
        "52w_high": 201.9199981689453,
        "52w_low": 0
    },
    "O": {
        "close": 61.505001068115234,
        "sma200": 56.447135066986085,
        "sma50": 57.23494178771973,
        "rsi_weekly": 65.3194343224403,
        "rsi_monthly": 45.68035641847498,
        "52w_high": 61.505001068115234,
        "52w_low": 0
    },
    "REG": {
        "close": 70.84500122070312,
        "sma200": 69.63093969345093,
        "sma50": 69.05780487060547,
        "rsi_weekly": 55.733167916869725,
        "rsi_monthly": 51.84997397610751,
        "52w_high": 74.66251373291016,
        "52w_low": 0
    },
    "REGN": {
        "close": 731.1450805664062,
        "sma200": 610.0211596679687,
        "sma50": 742.7862854003906,
        "rsi_weekly": 56.94773929492143,
        "rsi_monthly": 54.970049654692254,
        "52w_high": 812.27001953125,
        "52w_low": 0
    },
    "RF": {
        "close": 28.03499984741211,
        "sma200": 24.15555347442627,
        "sma50": 26.558930435180663,
        "rsi_weekly": 63.058526393808606,
        "rsi_monthly": 65.85490338130951,
        "52w_high": 28.84000015258789,
        "52w_low": 0
    },
    "RSG": {
        "close": 209.47000122070312,
        "sma200": 229.5378398132324,
        "sma50": 211.6933102416992,
        "rsi_weekly": 39.09582141136674,
        "rsi_monthly": 61.447354821693466,
        "52w_high": 255.99310302734375,
        "52w_low": 0
    },
    "RMD": {
        "close": 257.55999755859375,
        "sma200": 255.39177703857422,
        "sma50": 249.78556884765624,
        "rsi_weekly": 51.86782522249283,
        "rsi_monthly": 41.173231941238825,
        "52w_high": 293.03302001953125,
        "52w_low": 0
    },
    "RVTY": {
        "close": 112.36000061035156,
        "sma200": 94.19948295593262,
        "sma50": 99.82610458374023,
        "rsi_weekly": 63.5171400029505,
        "rsi_monthly": 49.66726413610256,
        "52w_high": 126.48133850097656,
        "52w_low": 0
    },
    "RHI": {
        "close": 27.389999389648438,
        "sma200": 35.31167138099671,
        "sma50": 27.252986793518065,
        "rsi_weekly": 36.284242852075394,
        "rsi_monthly": 25.48470894434883,
        "52w_high": 67.13591766357422,
        "52w_low": 0
    },