{
    "last_scan_index": 325,
    "AAPL": {
        "close": 259.19000244140625,
        "sma200": 232.80010147094725,
        "sma50": 272.57558166503907,
        "rsi_weekly": 63.04886214056686,
        "rsi_monthly": 65.055934803925,
        "52w_high": 286.19000244140625,
        "52w_low": 0
    },
    "NVDA": {
        "close": 185.2301025390625,
        "sma200": 162.17458976745604,
        "sma50": 186.37634185791015,
        "rsi_weekly": 58.6487058820972,
        "rsi_monthly": 76.36247355981695,
        "52w_high": 207.02847290039062,
        "52w_low": 0
    },
    "TSLA": {
        "close": 447.5,
        "sma200": 364.7610001373291,
        "sma50": 444.3060015869141,
        "rsi_weekly": 56.31157929953819,
        "rsi_monthly": 70.21254147643917,
        "52w_high": 489.8800048828125,
        "52w_low": 0
    },
    "MSFT": {
        "close": 478.2900085449219,
        "sma200": 478.96483657836916,
        "sma50": 490.3650744628906,
        "rsi_weekly": 44.49072430320108,
        "rsi_monthly": 64.94488115138148,
        "52w_high": 541.057373046875,
        "52w_low": 0
    },
    "AMD": {
        "close": 205.11000061035156,
        "sma200": 165.76849979400635,
        "sma50": 224.0157992553711,
        "rsi_weekly": 60.71614808686848,
        "rsi_monthly": 69.38721493424931,
        "52w_high": 264.3299865722656,
        "52w_low": 0
    },
    "MAS": {
        "close": 68.9000015258789,
        "sma200": 65.72262825012207,
        "sma50": 63.51455406188965,
        "rsi_weekly": 46.140275046405,
        "rsi_monthly": 63.330019676431455,
        "52w_high": 80.34850311279297,
        "52w_low": 0
    },
    "MA": {
        "close": 580.7000122070312,
        "sma200": 561.522423248291,
        "sma50": 556.8999975585938,
        "rsi_weekly": 50.57425115259005,
        "rsi_monthly": 71.24569839839344,
        "52w_high": 598.1703491210938,
        "52w_low": 0
    },
    "MTCH": {
        "close": 32.385398864746094,
        "sma200": 32.43178001403808,
        "sma50": 32.567705612182614,
        "rsi_weekly": 43.836105852089595,
        "rsi_monthly": 36.58013935482435,
        "52w_high": 38.33238983154297,
        "52w_low": 0
    },
    "MKC": {
        "close": 68.27639770507812,
        "sma200": 69.53788688659668,
        "sma50": 65.87355857849121,
        "rsi_weekly": 48.36573013668463,
        "rsi_monthly": 48.9620109798392,
        "52w_high": 82.57147216796875,
        "52w_low": 0
    },
    "MCD": {
        "close": 307.510009765625,
        "sma200": 303.43012634277346,
        "sma50": 306.63604919433595,
        "rsi_weekly": 48.76273962425474,
        "rsi_monthly": 58.176164565677524,
        "52w_high": 319.6499938964844,
        "52w_low": 0
    },
    "MCK": {
        "close": 819.7000122070312,
        "sma200": 742.0844195556641,
        "sma50": 832.5500866699218,
        "rsi_weekly": 60.87083925911408,
        "rsi_monthly": 71.49639681740763,
        "52w_high": 888.4524536132812,
        "52w_low": 0
    },
    "MDT": {
        "close": 97.4749984741211,
        "sma200": 90.86008167266846,
        "sma50": 97.81169967651367,
        "rsi_weekly": 52.77620165578465,
        "rsi_monthly": 49.26088946898047,
        "52w_high": 105.3499984741211,
        "52w_low": 0
    },
    "MRK": {
        "close": 111.61000061035156,
        "sma200": 84.74759838104248,
        "sma50": 97.9288265991211,
        "rsi_weekly": 68.58347950221854,
        "rsi_monthly": 67.21382739660804,
        "52w_high": 111.61000061035156,
        "52w_low": 0
    },
    "MET": {
        "close": 79.31999969482422,
        "sma200": 77.69550075531006,
        "sma50": 78.73660751342773,
        "rsi_weekly": 53.28777738878957,
        "rsi_monthly": 57.01805479254272,
        "52w_high": 84.54906463623047,
        "52w_low": 0
    },
    "MTD": {
        "close": 1490.9200439453125,
        "sma200": 1261.8748992919923,
        "sma50": 1425.0946020507813,
        "rsi_weekly": 57.1618669932194,
        "rsi_monthly": 60.78296128761418,
        "52w_high": 1506.02001953125,
        "52w_low": 0
    },
    "MGM": {
        "close": 34.60499954223633,
        "sma200": 34.1097749710083,
        "sma50": 34.59169994354248,
        "rsi_weekly": 55.02680572544634,
        "rsi_monthly": 48.11049773966102,
        "52w_high": 40.369998931884766,
        "52w_low": 0
    },
    "MCHP": {
        "close": 75.62000274658203,
        "sma200": 60.86930219650269,
        "sma50": 61.331147842407226,
        "rsi_weekly": 53.961956408280564,
        "rsi_monthly": 46.03960750552511,
        "52w_high": 75.62000274658203,
        "52w_low": 0
    },
    "MU": {
        "close": 341.54998779296875,
        "sma200": 154.87724964141844,
        "sma50": 254.1359716796875,
        "rsi_weekly": 80.88648741061692,
        "rsi_monthly": 85.13259460476915,
        "52w_high": 343.42999267578125,
        "52w_low": 0
    },
    "MAA": {
        "close": 135.9550018310547,
        "sma200": 142.81609119415282,
        "sma50": 133.32089920043944,
        "rsi_weekly": 51.74059907561317,
        "rsi_monthly": 49.2771226892546,
        "52w_high": 165.6918487548828,
        "52w_low": 0
    },
    "MRNA": {
        "close": 34.54999923706055,
        "sma200": 27.414249935150146,
        "sma50": 27.993999938964844,
        "rsi_weekly": 54.211725399258874,
        "rsi_monthly": 22.609479190243324,
        "52w_high": 44.939998626708984,
        "52w_low": 0
    },
    "MHK": {
        "close": 118.16999816894531,
        "sma200": 114.37099998474122,
        "sma50": 110.49539978027343,
        "rsi_weekly": 44.092537245494746,
        "rsi_monthly": 59.38509234588343,
        "52w_high": 139.75,
        "52w_low": 0
    },
    "MOH": {
        "close": 182.2949981689453,
        "sma200": 220.78517547607422,
        "sma50": 156.3238995361328,
        "rsi_weekly": 46.6036803075798,
        "rsi_monthly": 48.64172992303688,
        "52w_high": 353.239990234375,
        "52w_low": 0
    },
    "TAP": {
        "close": 47.650001525878906,
        "sma200": 49.38572900772095,
        "sma50": 45.9570450592041,
        "rsi_weekly": 49.018377147554844,
        "rsi_monthly": 45.65297893865355,
        "52w_high": 61.11589813232422,
        "52w_low": 0
    },
    "MDLZ": {
        "close": 54.790000915527344,
        "sma200": 61.652055721282956,
        "sma50": 54.96210426330566,
        "rsi_weekly": 31.590815649870727,
        "rsi_monthly": 27.354615419892326,
        "52w_high": 69.544921875,
        "52w_low": 0
    },
    "MPWR": {
        "close": 962.6699829101562,
        "sma200": 803.0353588867188,
        "sma50": 947.3336364746094,
        "rsi_weekly": 56.47838228098249,
        "rsi_monthly": 72.97174460802694,
        "52w_high": 1103.1842041015625,
        "52w_low": 0
    },
    "MNST": {
        "close": 77.40460205078125,
        "sma200": 65.297223072052,
        "sma50": 73.33309204101562,
        "rsi_weekly": 69.50447641973618,
        "rsi_monthly": 78.91304478658172,
        "52w_high": 77.66999816894531,
        "52w_low": 0
    },
    "MCO": {
        "close": 535.2000122070312,
        "sma200": 484.7622296142578,
        "sma50": 494.3803314208984,
        "rsi_weekly": 52.85077478265472,
        "rsi_monthly": 54.89095091393919,
        "52w_high": 535.2000122070312,
        "52w_low": 0
    },
    "MS": {
        "close": 185.96499633789062,
        "sma200": 145.50689201354982,
        "sma50": 172.23804718017578,
        "rsi_weekly": 73.32866162168293,
        "rsi_monthly": 80.3126265072385,
        "52w_high": 187.75,
        "52w_low": 0
    },
    "MOS": {
        "close": 25.989999771118164,
        "sma200": 30.460893363952636,
        "sma50": 24.83581855773926,
        "rsi_weekly": 40.54430986416901,
        "rsi_monthly": 42.496521828913906,
        "52w_high": 37.212406158447266,
        "52w_low": 0
    }
}