{
    "last_scan_index": 300,
    "AAPL": {
        "close": 259.3699951171875,
        "sma200": 232.80100128173828,
        "sma50": 272.57918151855466,
        "rsi_weekly": 63.04886273846412,
        "rsi_monthly": 65.05593464741942,
        "52w_high": 286.19000244140625,
        "52w_low": 0
    },
    "NVDA": {
        "close": 184.86000061035156,
        "sma200": 162.1727394104004,
        "sma50": 186.36893981933594,
        "rsi_weekly": 58.648705990337135,
        "rsi_monthly": 76.36247380813066,
        "52w_high": 207.02847290039062,
        "52w_low": 0
    },
    "TSLA": {
        "close": 445.010009765625,
        "sma200": 364.7485501861572,
        "sma50": 444.2562017822266,
        "rsi_weekly": 56.31157929953819,
        "rsi_monthly": 70.21254147643917,
        "52w_high": 489.8800048828125,
        "52w_low": 0
    },
    "MSFT": {
        "close": 479.2799987792969,
        "sma200": 478.96978759765625,
        "sma50": 490.38487426757814,
        "rsi_weekly": 44.4907245987664,
        "rsi_monthly": 64.94484657108961,
        "52w_high": 541.057373046875,
        "52w_low": 0
    },
    "AMD": {
        "close": 203.1699981689453,
        "sma200": 165.75879978179933,
        "sma50": 223.97699920654296,
        "rsi_weekly": 60.71614808686848,
        "rsi_monthly": 69.38721493424931,
        "52w_high": 264.3299865722656,
        "52w_low": 0
    },
    "KHC": {
        "close": 23.420000076293945,
        "sma200": 25.90249158859253,
        "sma50": 24.322459411621093,
        "rsi_weekly": 41.70417270466405,
        "rsi_monthly": 26.123266087378948,
        "52w_high": 30.794837951660156,
        "52w_low": 0
    },
    "KR": {
        "close": 59.5099983215332,
        "sma200": 67.24849739074708,
        "sma50": 63.83700584411621,
        "rsi_weekly": 42.73024378337328,
        "rsi_monthly": 64.22843774096428,
        "52w_high": 73.58164978027344,
        "52w_low": 0
    },
    "LHX": {
        "close": 335.7699890136719,
        "sma200": 263.18002754211426,
        "sma50": 290.0349993896484,
        "rsi_weekly": 69.80324803117811,
        "rsi_monthly": 72.32697712280219,
        "52w_high": 335.7699890136719,
        "52w_low": 0
    },
    "LH": {
        "close": 251.80999755859375,
        "sma200": 257.3945105743408,
        "sma50": 258.40729583740233,
        "rsi_weekly": 44.03566256949598,
        "rsi_monthly": 48.85780181629201,
        "52w_high": 290.1536865234375,
        "52w_low": 0
    },
    "LRCX": {
        "close": 218.36000061035156,
        "sma200": 115.44805213928223,
        "sma50": 165.4055334472656,
        "rsi_weekly": 77.97085023444617,
        "rsi_monthly": 86.09799224804188,
        "52w_high": 218.36000061035156,
        "52w_low": 0
    },
    "LW": {
        "close": 41.369998931884766,
        "sma200": 54.785429553985594,
        "sma50": 54.54508193969727,
        "rsi_weekly": 31.74301915294923,
        "rsi_monthly": 29.53028442216416,
        "52w_high": 66.17394256591797,
        "52w_low": 0
    },
    "LVS": {
        "close": 58.95000076293945,
        "sma200": 50.89113458633423,
        "sma50": 65.05285614013673,
        "rsi_weekly": 64.72481445409768,
        "rsi_monthly": 73.17663922764412,
        "52w_high": 69.48999786376953,
        "52w_low": 0
    },
    "LDOS": {
        "close": 198.33999633789062,
        "sma200": 170.02861602783204,
        "sma50": 189.26744720458984,
        "rsi_weekly": 53.50726339547356,
        "rsi_monthly": 76.45757606568311,
        "52w_high": 199.09774780273438,
        "52w_low": 0
    },
    "LEN": {
        "close": 119.25,
        "sma200": 116.96818767547607,
        "sma50": 117.61720031738281,
        "rsi_weekly": 36.89823674566709,
        "rsi_monthly": 46.58844976414429,
        "52w_high": 141.796142578125,
        "52w_low": 0
    },
    "LLY": {
        "close": 1063.56005859375,
        "sma200": 831.6523205566406,
        "sma50": 1022.3822204589844,
        "rsi_weekly": 68.2632483222394,
        "rsi_monthly": 75.41243056746524,
        "52w_high": 1109.93994140625,
        "52w_low": 0
    },
    "LIN": {
        "close": 444.0799865722656,
        "sma200": 449.796506652832,
        "sma50": 417.54423583984374,
        "rsi_weekly": 45.29020246315146,
        "rsi_monthly": 66.3743476396232,
        "52w_high": 481.8155212402344,
        "52w_low": 0
    },
    "LYV": {
        "close": 146.07000732421875,
        "sma200": 146.16055004119872,
        "sma50": 139.66380126953126,
        "rsi_weekly": 49.61745407277463,
        "rsi_monthly": 63.96659478076111,
        "52w_high": 174.05999755859375,
        "52w_low": 0
    },
    "LKQ": {
        "close": 33.400001525878906,
        "sma200": 33.79185604095459,
        "sma50": 30.192549018859864,
        "rsi_weekly": 43.79554266996616,
        "rsi_monthly": 57.29199998512348,
        "52w_high": 42.58024978637695,
        "52w_low": 0
    },
    "LMT": {
        "close": 542.9199829101562,
        "sma200": 462.22955810546875,
        "sma50": 473.18198974609373,
        "rsi_weekly": 60.09536456024096,
        "rsi_monthly": 55.56435709478166,
        "52w_high": 542.9199829101562,
        "52w_low": 0
    },
    "L": {
        "close": 104.58000183105469,
        "sma200": 95.38574592590332,
        "sma50": 104.49872421264648,
        "rsi_weekly": 61.25898644861016,
        "rsi_monthly": 77.6772227055368,
        "52w_high": 108.26000213623047,
        "52w_low": 0
    },
    "LOW": {
        "close": 267.2099914550781,
        "sma200": 235.38689666748047,
        "sma50": 240.75700042724608,
        "rsi_weekly": 53.513004394948595,
        "rsi_monthly": 70.04803281785274,
        "52w_high": 271.6842041015625,
        "52w_low": 0
    },
    "LULU": {
        "close": 203.89999389648438,
        "sma200": 220.09544914245606,
        "sma50": 187.54879852294923,
        "rsi_weekly": 52.9468654922589,
        "rsi_monthly": 42.09858213970717,
        "52w_high": 421.1600036621094,
        "52w_low": 0
    },
    "LYB": {
        "close": 48.709999084472656,
        "sma200": 51.079802436828615,
        "sma50": 44.06435317993164,
        "rsi_weekly": 42.004283525186054,
        "rsi_monthly": 40.85128009261113,
        "52w_high": 71.61602020263672,
        "52w_low": 0
    },
    "MTB": {
        "close": 211.67999267578125,
        "sma200": 186.21145027160645,
        "sma50": 194.8409408569336,
        "rsi_weekly": 62.231564170945106,
        "rsi_monthly": 63.98929847385087,
        "52w_high": 213.61000061035156,
        "52w_low": 0
    },
    "MPC": {
        "close": 176.1699981689453,
        "sma200": 169.39169967651367,
        "sma50": 184.21422332763672,
        "rsi_weekly": 41.976135004216616,
        "rsi_monthly": 53.029133237170846,
        "52w_high": 199.1273956298828,
        "52w_low": 0
    },
    "MKTX": {
        "close": 168.77000427246094,
        "sma200": 193.64340278625488,
        "sma50": 170.9971893310547,
        "rsi_weekly": 46.997568889608225,
        "rsi_monthly": 36.24377252475559,
        "52w_high": 228.3568115234375,
        "52w_low": 0
    },
    "MAR": {
        "close": 328.17999267578125,
        "sma200": 268.54276809692385,
        "sma50": 297.3310217285156,
        "rsi_weekly": 64.55676207773875,
        "rsi_monthly": 71.95656640051195,
        "52w_high": 328.17999267578125,
        "52w_low": 0
    },
    "MMC": {
        "close": 186.00999450683594,
        "sma200": 204.96240707397462,
        "sma50": 182.86999908447265,
        "rsi_weekly": 38.26733503593453,
        "rsi_monthly": 50.49596176346346,
        "52w_high": 242.1346435546875,
        "52w_low": 0
    },
    "MLM": {
        "close": 666.6699829101562,
        "sma200": 581.2176593017579,
        "sma50": 620.9094592285156,
        "rsi_weekly": 62.3056425551557,
        "rsi_monthly": 75.61378394674597,
        "52w_high": 666.6699829101562,
        "52w_low": 0
    }
}