{
    "last_scan_index": 400,
    "AAPL": {
        "close": 260.25,
        "sma200": 232.998376083374,
        "sma50": 272.3954052734375,
        "rsi_weekly": 53.7618532052419,
        "rsi_monthly": 65.0559190940241,
        "52w_high": 286.19000244140625,
        "52w_low": 0
    },
    "NVDA": {
        "close": 184.94000244140625,
        "sma200": 162.52874259948732,
        "sma50": 185.92717041015624,
        "rsi_weekly": 55.832537495684264,
        "rsi_monthly": 76.36247537504454,
        "52w_high": 207.02847290039062,
        "52w_low": 0
    },
    "TSLA": {
        "close": 448.9599914550781,
        "sma200": 365.63305015563964,
        "sma50": 444.0052014160156,
        "rsi_weekly": 57.433070397524055,
        "rsi_monthly": 70.21254147643917,
        "52w_high": 489.8800048828125,
        "52w_low": 0
    },
    "MSFT": {
        "close": 477.17999267578125,
        "sma200": 479.41623458862307,
        "sma50": 489.1177075195312,
        "rsi_weekly": 46.92493310803177,
        "rsi_monthly": 64.94485698507172,
        "52w_high": 541.057373046875,
        "52w_low": 0
    },
    "AMD": {
        "close": 207.69000244140625,
        "sma200": 166.2462997817993,
        "sma50": 222.8441995239258,
        "rsi_weekly": 52.90812131363197,
        "rsi_monthly": 69.38721493424931,
        "52w_high": 264.3299865722656,
        "52w_low": 0
    },
    "PFG": {
        "close": 90.19999694824219,
        "sma200": 79.59656650543212,
        "sma50": 86.315234375,
        "rsi_weekly": 67.82052108258911,
        "rsi_monthly": 65.68605971536114,
        "52w_high": 91.80000305175781,
        "52w_low": 0
    },
    "PG": {
        "close": 143.4600067138672,
        "sma200": 153.92220962524414,
        "sma50": 145.09700073242186,
        "rsi_weekly": 36.32118118237967,
        "rsi_monthly": 42.977603785233626,
        "52w_high": 172.77017211914062,
        "52w_low": 0
    },
    "PGR": {
        "close": 216.5,
        "sma200": 233.3132703399658,
        "sma50": 210.68631134033203,
        "rsi_weekly": 45.82805226829166,
        "rsi_monthly": 56.73477690401406,
        "52w_high": 273.5130310058594,
        "52w_low": 0
    },
    "PLD": {
        "close": 129.05999755859375,
        "sma200": 112.12654960632324,
        "sma50": 126.36095504760742,
        "rsi_weekly": 65.77904644429944,
        "rsi_monthly": 67.48232974921561,
        "52w_high": 129.69000244140625,
        "52w_low": 0
    },
    "PRU": {
        "close": 117.73999786376953,
        "sma200": 103.92185871124268,
        "sma50": 110.4327313232422,
        "rsi_weekly": 67.12975967843029,
        "rsi_monthly": 65.30448142402217,
        "52w_high": 118.72000122070312,
        "52w_low": 0
    },
    "PEG": {
        "close": 78.5999984741211,
        "sma200": 80.8278254699707,
        "sma50": 80.4187059020996,
        "rsi_weekly": 44.53562589312347,
        "rsi_monthly": 65.55412619860883,
        "52w_high": 88.72160339355469,
        "52w_low": 0
    },
    "PTC": {
        "close": 171.42999267578125,
        "sma200": 183.06399993896486,
        "sma50": 176.91580078125,
        "rsi_weekly": 39.644030050351866,
        "rsi_monthly": 48.49976701847694,
        "52w_high": 216.52999877929688,
        "52w_low": 0
    },
    "PSA": {
        "close": 279.20001220703125,
        "sma200": 281.6399189758301,
        "sma50": 268.314287109375,
        "rsi_weekly": 50.53658972157382,
        "rsi_monthly": 43.130811008627326,
        "52w_high": 308.3981628417969,
        "52w_low": 0
    },
    "PHM": {
        "close": 133.22999572753906,
        "sma200": 115.72032516479493,
        "sma50": 121.61508682250977,
        "rsi_weekly": 60.15761733923379,
        "rsi_monthly": 55.686257849891525,
        "52w_high": 140.8990936279297,
        "52w_low": 0
    },
    "QRVO": {
        "close": 80.45999908447266,
        "sma200": 83.15052488327026,
        "sma50": 86.38339950561523,
        "rsi_weekly": 44.91832072989048,
        "rsi_monthly": 64.763389588317,
        "52w_high": 97.41999816894531,
        "52w_low": 0
    },
    "PWR": {
        "close": 432.6600036621094,
        "sma200": 383.2297282409668,
        "sma50": 441.44244995117185,
        "rsi_weekly": 53.46819946702101,
        "rsi_monthly": 75.22279844749833,
        "52w_high": 466.7882995605469,
        "52w_low": 0
    },
    "QCOM": {
        "close": 169.27000427246094,
        "sma200": 158.40219192504884,
        "sma50": 173.17028900146485,
        "rsi_weekly": 58.48374423369755,
        "rsi_monthly": 63.8682120062954,
        "52w_high": 186.72589111328125,
        "52w_low": 0
    },
    "DGX": {
        "close": 175.94000244140625,
        "sma200": 176.78275596618653,
        "sma50": 181.0422006225586,
        "rsi_weekly": 45.39943149890344,
        "rsi_monthly": 52.72811532021474,
        "52w_high": 192.35000610351562,
        "52w_low": 0
    },
    "RL": {
        "close": 363.25,
        "sma200": 295.67062187194824,
        "sma50": 349.59134765625,
        "rsi_weekly": 71.59066664323544,
        "rsi_monthly": 84.52631715419314,
        "52w_high": 370.76129150390625,
        "52w_low": 0
    },
    "RJF": {
        "close": 170.88999938964844,
        "sma200": 156.09552268981935,
        "sma50": 160.98592224121094,
        "rsi_weekly": 57.83348429479768,
        "rsi_monthly": 68.49608929766295,
        "52w_high": 175.32736206054688,
        "52w_low": 0
    },
    "RTX": {
        "close": 193.85000610351562,
        "sma200": 154.2431957626343,
        "sma50": 178.12920501708984,
        "rsi_weekly": 72.64915955156391,
        "rsi_monthly": 82.73182974212928,
        "52w_high": 193.85000610351562,
        "52w_low": 0
    },
    "O": {
        "close": 58.88999938964844,
        "sma200": 56.293903541564944,
        "sma50": 56.838845596313476,
        "rsi_weekly": 55.35238156585759,
        "rsi_monthly": 45.680373627382224,
        "52w_high": 59.78767013549805,
        "52w_low": 0
    },
    "REG": {
        "close": 70.19000244140625,
        "sma200": 69.65169170379639,
        "sma50": 68.85564727783203,
        "rsi_weekly": 51.027390970121914,
        "rsi_monthly": 51.849932441021366,
        "52w_high": 74.66252899169922,
        "52w_low": 0
    },
    "REGN": {
        "close": 768.0,
        "sma200": 607.1087393188477,
        "sma50": 732.7281323242188,
        "rsi_weekly": 67.56241128304566,
        "rsi_monthly": 54.97004005497093,
        "52w_high": 812.27001953125,
        "52w_low": 0
    },
    "RF": {
        "close": 28.260000228881836,
        "sma200": 23.980309495925905,
        "sma50": 26.15099662780762,
        "rsi_weekly": 69.17069881247706,
        "rsi_monthly": 65.85490478645073,
        "52w_high": 28.84000015258789,
        "52w_low": 0
    },
    "RSG": {
        "close": 210.85000610351562,
        "sma200": 230.2636103820801,
        "sma50": 211.34731109619142,
        "rsi_weekly": 40.297454997366565,
        "rsi_monthly": 61.447354858748085,
        "52w_high": 255.99313354492188,
        "52w_low": 0
    },
    "RMD": {
        "close": 257.8399963378906,
        "sma200": 254.4635093688965,
        "sma50": 248.7205352783203,
        "rsi_weekly": 48.39329202797819,
        "rsi_monthly": 41.17323059674681,
        "52w_high": 293.03302001953125,
        "52w_low": 0
    },
    "RVTY": {
        "close": 103.88999938964844,
        "sma200": 94.08982360839843,
        "sma50": 97.88379974365235,
        "rsi_weekly": 57.745594476172855,
        "rsi_monthly": 49.66724279076308,
        "52w_high": 126.55815124511719,
        "52w_low": 0
    },
    "RHI": {
        "close": 29.059999465942383,
        "sma200": 35.90011341094971,
        "sma50": 26.96467388153076,
        "rsi_weekly": 38.19802964271278,
        "rsi_monthly": 25.48475079003385,
        "52w_high": 67.13592529296875,
        "52w_low": 0
    },
    "ROK": {
        "close": 414.1300048828125,