{
    "last_scan_index": 450,
    "AAPL": {
        "close": 260.25,
        "sma200": 232.99837615966797,
        "sma50": 272.3954052734375,
        "rsi_weekly": 53.76185317800732,
        "rsi_monthly": 65.05595177879242,
        "52w_high": 286.19000244140625,
        "52w_low": 0
    },
    "NVDA": {
        "close": 184.94000244140625,
        "sma200": 162.5287424850464,
        "sma50": 185.92717041015624,
        "rsi_weekly": 55.832537511689154,
        "rsi_monthly": 76.36247551542598,
        "52w_high": 207.02847290039062,
        "52w_low": 0
    },
    "TSLA": {
        "close": 448.9599914550781,
        "sma200": 365.63305015563964,
        "sma50": 444.0052014160156,
        "rsi_weekly": 57.433070397524055,
        "rsi_monthly": 70.21254147643917,
        "52w_high": 489.8800048828125,
        "52w_low": 0
    },
    "MSFT": {
        "close": 477.17999267578125,
        "sma200": 479.41623489379884,
        "sma50": 489.1177075195312,
        "rsi_weekly": 46.92493286063014,
        "rsi_monthly": 64.94485689360519,
        "52w_high": 541.057373046875,
        "52w_low": 0
    },
    "AMD": {
        "close": 207.69000244140625,
        "sma200": 166.2462997817993,
        "sma50": 222.8441995239258,
        "rsi_weekly": 52.90812131363197,
        "rsi_monthly": 69.38721493424931,
        "52w_high": 264.3299865722656,
        "52w_low": 0
    },
    "SYY": {
        "close": 74.33000183105469,
        "sma200": 75.08445987701415,
        "sma50": 73.91972290039062,
        "rsi_weekly": 46.76193672441609,
        "rsi_monthly": 47.01128907366355,
        "52w_high": 82.12374877929688,
        "52w_low": 0
    },
    "TMUS": {
        "close": 197.50999450683594,
        "sma200": 230.29549102783204,
        "sma50": 203.91171142578125,
        "rsi_weekly": 37.01244618173194,
        "rsi_monthly": 49.89463344012248,
        "52w_high": 269.53662109375,
        "52w_low": 0
    },
    "TROW": {
        "close": 106.83999633789062,
        "sma200": 98.1612324142456,
        "sma50": 102.59542922973633,
        "rsi_weekly": 61.96138302218372,
        "rsi_monthly": 60.48357904839629,
        "52w_high": 111.02996063232422,
        "52w_low": 0
    },
    "TTWO": {
        "close": 248.9199981689453,
        "sma200": 237.38915016174317,
        "sma50": 246.63679992675782,
        "rsi_weekly": 56.336029895413716,
        "rsi_monthly": 52.059212934817936,
        "52w_high": 262.2900085449219,
        "52w_low": 0
    },
    "TPR": {
        "close": 133.6999969482422,
        "sma200": 98.67276168823243,
        "sma50": 116.32075622558594,
        "rsi_weekly": 71.0797238498067,
        "rsi_monthly": 84.18371893228121,
        "52w_high": 134.35000610351562,
        "52w_low": 0
    },
    "TRGP": {
        "close": 174.97999572753906,
        "sma200": 167.14626571655273,
        "sma50": 175.0466000366211,
        "rsi_weekly": 53.978575695039915,
        "rsi_monthly": 70.66236675331302,
        "52w_high": 212.51327514648438,
        "52w_low": 0
    },
    "TGT": {
        "close": 106.13999938964844,
        "sma200": 94.36017673492432,
        "sma50": 94.00102569580078,
        "rsi_weekly": 64.04304059195421,
        "rsi_monthly": 58.73194255496289,
        "52w_high": 136.47894287109375,
        "52w_low": 0
    },
    "TEL": {
        "close": 235.39999389648438,
        "sma200": 195.03461463928224,
        "sma50": 233.49959899902345,
        "rsi_weekly": 62.07732697917258,
        "rsi_monthly": 74.7103859118798,
        "52w_high": 249.0,
        "52w_low": 0
    },
    "TDY": {
        "close": 549.6300048828125,
        "sma200": 519.6379002380371,
        "sma50": 513.2271997070312,
        "rsi_weekly": 57.7750781600255,
        "rsi_monthly": 58.290777462975825,
        "52w_high": 593.6199951171875,
        "52w_low": 0
    },
    "TFX": {
        "close": 108.55999755859375,
        "sma200": 122.35989673614502,
        "sma50": 118.13664398193359,
        "rsi_weekly": 42.44852320632055,
        "rsi_monthly": 19.834889117548183,
        "52w_high": 181.6382293701172,
        "52w_low": 0
    },
    "TER": {
        "close": 224.36000061035156,
        "sma200": 123.42733898162842,
        "sma50": 190.04999603271483,
        "rsi_weekly": 75.06701576860195,
        "rsi_monthly": 76.62604177132215,
        "52w_high": 228.83999633789062,
        "52w_low": 0
    },
    "TXN": {
        "close": 189.07000732421875,
        "sma200": 179.6316774749756,
        "sma50": 171.59700134277344,
        "rsi_weekly": 57.78470225342646,
        "rsi_monthly": 54.35193952425616,
        "52w_high": 217.718994140625,
        "52w_low": 0
    },
    "TXT": {
        "close": 93.27999877929688,
        "sma200": 79.50026197433472,
        "sma50": 84.89787628173828,
        "rsi_weekly": 68.51458876379917,
        "rsi_monthly": 65.2072323560072,
        "52w_high": 93.83000183105469,
        "52w_low": 0
    },
    "TMO": {
        "close": 615.4500122070312,
        "sma200": 487.8071090698242,
        "sma50": 580.7225354003906,
        "rsi_weekly": 71.52451924946851,
        "rsi_monthly": 64.82260207593896,
        "52w_high": 620.719970703125,
        "52w_low": 0
    },
    "TJX": {
        "close": 157.10000610351562,
        "sma200": 135.84682983398437,
        "sma50": 151.12563446044922,
        "rsi_weekly": 72.29852339359489,
        "rsi_monthly": 81.40957230631369,
        "52w_high": 158.25,
        "52w_low": 0
    },
    "TSCO": {
        "close": 50.68000030517578,
        "sma200": 54.16964147567749,
        "sma50": 52.76428688049317,
        "rsi_weekly": 41.80278771265155,
        "rsi_monthly": 62.82304937233689,
        "52w_high": 62.37771224975586,
        "52w_low": 0
    },
    "TT": {
        "close": 385.4700012207031,
        "sma200": 409.2057824707031,
        "sma50": 406.2014001464844,
        "rsi_weekly": 40.32863954521125,
        "rsi_monthly": 65.48620583173309,
        "52w_high": 471.4648742675781,
        "52w_low": 0
    },
    "TDG": {
        "close": 1386.1199951171875,
        "sma200": 1331.2098376464844,
        "sma50": 1324.6486010742187,
        "rsi_weekly": 58.21568476514714,
        "rsi_monthly": 69.26932000078428,
        "52w_high": 1516.55029296875,
        "52w_low": 0
    },
    "TRV": {
        "close": 280.489990234375,
        "sma200": 269.5403987121582,
        "sma50": 284.89912109375,
        "rsi_weekly": 53.878420962104464,
        "rsi_monthly": 74.05468928773783,
        "52w_high": 293.8399963378906,
        "52w_low": 0
    },
    "TRU": {
        "close": 85.05000305175781,
        "sma200": 85.23575080871582,
        "sma50": 83.52617736816406,
        "rsi_weekly": 53.27528189949522,
        "rsi_monthly": 65.62877338960315,
        "52w_high": 99.71393585205078,
        "52w_low": 0
    },
    "TYL": {
        "close": 446.4599914550781,
        "sma200": 531.9201986694336,
        "sma50": 460.2661993408203,
        "rsi_weekly": 32.023369882343324,
        "rsi_monthly": 44.96701049555504,
        "52w_high": 646.739990234375,
        "52w_low": 0
    },
    "TSN": {
        "close": 59.41999816894531,
        "sma200": 55.215185737609865,
        "sma50": 56.02098136901856,
        "rsi_weekly": 57.97991690159072,
        "rsi_monthly": 54.6560024133968,
        "52w_high": 62.12738037109375,
        "52w_low": 0
    },
    "USB": {
        "close": 54.38999938964844,
        "sma200": 45.602138938903806,
        "sma50": 50.480842437744144,
        "rsi_weekly": 70.82779028035858,
        "rsi_monthly": 70.08459168539456,
        "52w_high": 56.08000183105469,
        "52w_low": 0
    },
    "UDR": {
        "close": 36.20000076293945,
        "sma200": 38.158760929107665,
        "sma50": 35.52620010375976,
        "rsi_weekly": 49.22097268051431,
        "rsi_monthly": 43.74820083077664,
        "52w_high": 44.54217529296875,
        "52w_low": 0
    }
}