{
    "last_scan_index": 125,
    "AAPL": {
        "close": 258.864990234375,
        "sma200": 232.6182135772705,
        "sma50": 272.76307067871096,
        "rsi_weekly": 63.04886214347195,
        "rsi_monthly": 65.05593485135225,
        "52w_high": 286.19000244140625,
        "52w_low": 0
    },
    "NVDA": {
        "close": 184.9398956298828,
        "sma200": 161.85127944946288,
        "sma50": 186.6901141357422,
        "rsi_weekly": 58.64870587142329,
        "rsi_monthly": 76.36247459903346,
        "52w_high": 207.02847290039062,
        "52w_low": 0
    },
    "TSLA": {
        "close": 435.17999267578125,
        "sma200": 363.96110023498534,
        "sma50": 444.5546014404297,
        "rsi_weekly": 56.31157929953819,
        "rsi_monthly": 70.21254147643917,
        "52w_high": 489.8800048828125,
        "52w_low": 0
    },
    "MSFT": {
        "close": 478.70001220703125,
        "sma200": 478.5416030883789,
        "sma50": 491.63222229003907,
        "rsi_weekly": 44.49072404712103,
        "rsi_monthly": 64.94484074837186,
        "52w_high": 541.057373046875,
        "52w_low": 0
    },
    "AMD": {
        "close": 204.77000427246094,
        "sma200": 165.31744983673096,
        "sma50": 225.07559967041016,
        "rsi_weekly": 60.71614808686848,
        "rsi_monthly": 69.38721493424931,
        "52w_high": 264.3299865722656,
        "52w_low": 0
    },
    "SCHW": {
        "close": 101.2699966430664,
        "sma200": 90.870929145813,
        "sma50": 95.92921920776367,
        "rsi_weekly": 67.91997227194057,
        "rsi_monthly": 78.24942800599419,
        "52w_high": 103.73999786376953,
        "52w_low": 0
    },
    "CHTR": {
        "close": 210.70750427246094,
        "sma200": 301.97993698120115,
        "sma50": 209.61475036621093,
        "rsi_weekly": 30.138989789205187,
        "rsi_monthly": 21.08980984965178,
        "52w_high": 427.25,
        "52w_low": 0
    },
    "CVX": {
        "close": 159.4949951171875,
        "sma200": 147.63113311767577,
        "sma50": 151.91262145996095,
        "rsi_weekly": 56.111485179505074,
        "rsi_monthly": 61.37107895019706,
        "52w_high": 163.85000610351562,
        "52w_low": 0
    },
    "CMG": {
        "close": 39.095001220703125,
        "sma200": 43.96937503814697,
        "sma50": 34.48129989624024,
        "rsi_weekly": 44.40473932818097,
        "rsi_monthly": 52.18402279312576,
        "52w_high": 59.02000045776367,
        "52w_low": 0
    },
    "CB": {
        "close": 312.8699951171875,
        "sma200": 285.76278366088866,
        "sma50": 298.97,
        "rsi_weekly": 64.67975003290825,
        "rsi_monthly": 68.40724546255286,
        "52w_high": 315.19000244140625,
        "52w_low": 0
    },
    "CHD": {
        "close": 85.75499725341797,
        "sma200": 92.22650592803956,
        "sma50": 84.39308959960937,
        "rsi_weekly": 34.135175313043455,
        "rsi_monthly": 33.92565906117242,
        "52w_high": 112.09140014648438,
        "52w_low": 0
    },
    "CI": {
        "close": 284.4649963378906,
        "sma200": 296.73522453308107,
        "sma50": 271.40743743896485,
        "rsi_weekly": 47.5528010701752,
        "rsi_monthly": 58.476769155277275,
        "52w_high": 334.8284606933594,
        "52w_low": 0
    },
    "CINF": {
        "close": 165.35000610351562,
        "sma200": 151.01823162078858,
        "sma50": 162.65412292480468,
        "rsi_weekly": 55.772566435397096,
        "rsi_monthly": 71.27550391311989,
        "52w_high": 167.6038055419922,
        "52w_low": 0
    },
    "CTAS": {
        "close": 190.0399932861328,
        "sma200": 204.38817581176758,
        "sma50": 186.15270965576173,
        "rsi_weekly": 37.42712344302246,
        "rsi_monthly": 55.73671767210231,
        "52w_high": 226.6531219482422,
        "52w_low": 0
    },
    "CSCO": {
        "close": 73.95500183105469,
        "sma200": 67.2702684020996,
        "sma50": 75.71612838745118,
        "rsi_weekly": 62.02840408515154,
        "rsi_monthly": 70.43627542052388,
        "52w_high": 79.82286071777344,
        "52w_low": 0
    },
    "C": {
        "close": 120.68499755859375,
        "sma200": 90.15231676101685,
        "sma50": 107.89545120239258,
        "rsi_weekly": 75.02865709057377,
        "rsi_monthly": 85.96273173081121,
        "52w_high": 123.30000305175781,
        "52w_low": 0
    },
    "CFG": {
        "close": 61.314998626708984,
        "sma200": 47.364955501556395,
        "sma50": 55.298899765014646,
        "rsi_weekly": 73.4740407970922,
        "rsi_monthly": 67.27665705956369,
        "52w_high": 62.13999938964844,
        "52w_low": 0
    },
    "CLX": {
        "close": 103.93000030517578,
        "sma200": 120.25107479095459,
        "sma50": 103.7763996887207,
        "rsi_weekly": 31.787313841005194,
        "rsi_monthly": 43.516303842048664,
        "52w_high": 156.63059997558594,
        "52w_low": 0
    },
    "CME": {
        "close": 267.0799865722656,
        "sma200": 269.43914710998536,
        "sma50": 272.42315856933595,
        "rsi_weekly": 50.34909645027697,
        "rsi_monthly": 75.62489731642995,
        "52w_high": 286.6857604980469,
        "52w_low": 0
    },
    "CMS": {
        "close": 69.86499786376953,
        "sma200": 71.17862239837646,
        "sma50": 71.89061325073243,
        "rsi_weekly": 46.21594920301738,
        "rsi_monthly": 59.34190374225689,
        "52w_high": 75.44000244140625,
        "52w_low": 0
    },
    "KO": {
        "close": 69.26499938964844,
        "sma200": 69.00465209960937,
        "sma50": 70.04876556396485,
        "rsi_weekly": 50.25732442884347,
        "rsi_monthly": 61.85332592660288,
        "52w_high": 72.61000061035156,
        "52w_low": 0
    },
    "CTSH": {
        "close": 85.80000305175781,
        "sma200": 74.37375961303711,
        "sma50": 78.42978576660157,
        "rsi_weekly": 60.18395547383027,
        "rsi_monthly": 62.6600871867837,
        "52w_high": 89.25667572021484,
        "52w_low": 0
    },
    "CL": {
        "close": 80.8550033569336,
        "sma200": 84.26902061462403,
        "sma50": 78.40550064086914,
        "rsi_weekly": 40.312176153138154,
        "rsi_monthly": 48.328126495785945,
        "52w_high": 95.73789978027344,
        "52w_low": 0
    },
    "CMCSA": {
        "close": 28.299999237060547,
        "sma200": 29.895567779541015,
        "sma50": 26.351213645935058,
        "rsi_weekly": 45.39179606921617,
        "rsi_monthly": 27.040939957864317,
        "52w_high": 34.81536102294922,
        "52w_low": 0
    },
    "CMA": {
        "close": 92.69999694824219,
        "sma200": 67.33472591400147,
        "sma50": 82.632353515625,
        "rsi_weekly": 78.89077256457416,
        "rsi_monthly": 66.44885203210328,
        "52w_high": 92.69999694824219,
        "52w_low": 0
    },
    "CAG": {
        "close": 16.56999969482422,
        "sma200": 19.617404470443727,
        "sma50": 17.31251808166504,
        "rsi_weekly": 37.79520536155718,
        "rsi_monthly": 23.671467115353575,
        "52w_high": 26.194599151611328,
        "52w_low": 0
    },
    "COP": {
        "close": 98.7249984741211,
        "sma200": 90.88422969818116,
        "sma50": 91.0061979675293,
        "rsi_weekly": 56.426548280354126,
        "rsi_monthly": 49.0748427890563,
        "52w_high": 103.38457489013672,
        "52w_low": 0
    },
    "ED": {
        "close": 100.19999694824219,
        "sma200": 100.59759727478027,
        "sma50": 98.48660842895508,
        "rsi_weekly": 52.24858325726999,
        "rsi_monthly": 47.441818582188695,
        "52w_high": 110.50127410888672,
        "52w_low": 0
    },
    "STZ": {
        "close": 148.19000244140625,
        "sma200": 157.01559398651122,
        "sma50": 136.51310012817382,
        "rsi_weekly": 44.8441519834599,
        "rsi_monthly": 33.21146582311247,
        "52w_high": 213.8515625,
        "52w_low": 0
    },
    "CEG": {
        "close": 324.9700012207031,