{
    "last_scan_index": 50,
    "AAPL": {
        "close": 258.2099914550781,
        "sma200": 233.58638801574708,
        "sma50": 271.7791101074219,
        "rsi_weekly": 53.761853214243615,
        "rsi_monthly": 65.05595080160859,
        "52w_high": 286.19000244140625,
        "52w_low": 0
    },
    "NVDA": {
        "close": 187.0500030517578,
        "sma200": 163.66164154052734,
        "sma50": 184.80265197753906,
        "rsi_weekly": 55.832537391975166,
        "rsi_monthly": 76.36247442199192,
        "52w_high": 207.02847290039062,
        "52w_low": 0
    },
    "TSLA": {
        "close": 438.57000732421875,
        "sma200": 368.2787003326416,
        "sma50": 443.2040020751953,
        "rsi_weekly": 57.433070397524055,
        "rsi_monthly": 70.21254147643917,
        "52w_high": 489.8800048828125,
        "52w_low": 0
    },
    "MSFT": {
        "close": 456.6600036621094,
        "sma200": 480.65645599365234,
        "sma50": 485.6982153320312,
        "rsi_weekly": 46.92493278447394,
        "rsi_monthly": 64.94486321773118,
        "52w_high": 541.057373046875,
        "52w_low": 0
    },
    "AMD": {
        "close": 227.9199981689453,
        "sma200": 168.04569980621338,
        "sma50": 220.88179992675782,
        "rsi_weekly": 52.90812131363197,
        "rsi_monthly": 69.38721493424931,
        "52w_high": 264.3299865722656,
        "52w_low": 0
    },
    "AEP": {
        "close": 119.4000015258789,
        "sma200": 109.7069140625,
        "sma50": 118.03253540039063,
        "rsi_weekly": 57.32562944253715,
        "rsi_monthly": 75.8452306723792,
        "52w_high": 123.7699966430664,
        "52w_low": 0
    },
    "AXP": {
        "close": 357.3699951171875,
        "sma200": 320.6586676025391,
        "sma50": 367.4907000732422,
        "rsi_weekly": 63.34689664315404,
        "rsi_monthly": 80.55171912840386,
        "52w_high": 384.0368957519531,
        "52w_low": 0
    },
    "AIG": {
        "close": 74.02999877929688,
        "sma200": 80.08550193786621,
        "sma50": 79.18719146728516,
        "rsi_weekly": 42.89115505214477,
        "rsi_monthly": 67.04855205099838,
        "52w_high": 86.58999633789062,
        "52w_low": 0
    },
    "AMT": {
        "close": 181.5500030517578,
        "sma200": 197.0663207244873,
        "sma50": 176.59162200927733,
        "rsi_weekly": 33.677966398422775,
        "rsi_monthly": 45.475694319157014,
        "52w_high": 228.10018920898438,
        "52w_low": 0
    },
    "AWK": {
        "close": 133.35000610351562,
        "sma200": 137.67995544433595,
        "sma50": 130.30891662597656,
        "rsi_weekly": 39.00234471281842,
        "rsi_monthly": 40.577417283287076,
        "52w_high": 149.23483276367188,
        "52w_low": 0
    },
    "AMP": {
        "close": 508.1000061035156,
        "sma200": 492.05353271484375,
        "sma50": 478.1674871826172,
        "rsi_weekly": 56.49389845050029,
        "rsi_monthly": 62.21404840927872,
        "52w_high": 567.8558349609375,
        "52w_low": 0
    },
    "AME": {
        "close": 215.02000427246094,
        "sma200": 184.56487022399904,
        "sma50": 201.53201568603515,
        "rsi_weekly": 70.99960012984643,
        "rsi_monthly": 80.05659824561455,
        "52w_high": 215.02000427246094,
        "52w_low": 0
    },
    "AMGN": {
        "close": 330.0299987792969,
        "sma200": 295.346492767334,
        "sma50": 329.35290954589846,
        "rsi_weekly": 57.436949428793525,
        "rsi_monthly": 39.79333630532101,
        "52w_high": 345.4599914550781,
        "52w_low": 0
    },
    "APH": {
        "close": 154.22000122070312,
        "sma200": 110.12857748031617,
        "sma50": 137.67027084350585,
        "rsi_weekly": 68.62201186517092,
        "rsi_monthly": 87.05902503409214,
        "52w_high": 154.22000122070312,
        "52w_low": 0
    },
    "ADI": {
        "close": 302.1000061035156,
        "sma200": 235.16921997070312,
        "sma50": 265.22953033447266,
        "rsi_weekly": 71.45689303468606,
        "rsi_monthly": 66.93932999875322,
        "52w_high": 302.1000061035156,
        "52w_low": 0
    },
    "AON": {
        "close": 344.8399963378906,
        "sma200": 356.831153717041,
        "sma50": 349.1228009033203,
        "rsi_weekly": 48.24449890877291,
        "rsi_monthly": 61.81319862840855,
        "52w_high": 407.60504150390625,
        "52w_low": 0
    },
    "APA": {
        "close": 26.010000228881836,
        "sma200": 20.8682190656662,
        "sma50": 24.764199981689455,
        "rsi_weekly": 57.616093372099726,
        "rsi_monthly": 43.949578291214635,
        "52w_high": 27.100000381469727,
        "52w_low": 0
    },
    "APO": {
        "close": 144.14999389648438,
        "sma200": 135.48950637817381,
        "sma50": 139.22406158447265,
        "rsi_weekly": 57.49165896705525,
        "rsi_monthly": 67.32149701313251,
        "52w_high": 169.67230224609375,
        "52w_low": 0
    },
    "AMAT": {
        "close": 319.0799865722656,
        "sma200": 198.08361972808837,
        "sma50": 258.1043215942383,
        "rsi_weekly": 78.92556912153793,
        "rsi_monthly": 79.0695837743048,
        "52w_high": 319.0799865722656,
        "52w_low": 0
    },
    "APTV": {
        "close": 82.61000061035156,
        "sma200": 73.2213500404358,
        "sma50": 79.03879989624023,
        "rsi_weekly": 63.437768506857026,
        "rsi_monthly": 48.72551059290572,
        "52w_high": 88.66999816894531,
        "52w_low": 0
    },
    "ACGL": {
        "close": 90.94000244140625,
        "sma200": 91.25255008697509,
        "sma50": 93.16100021362304,
        "rsi_weekly": 56.4598093202281,
        "rsi_monthly": 64.04711913398052,
        "52w_high": 97.12000274658203,
        "52w_low": 0
    },
    "ADM": {
        "close": 66.56999969482422,
        "sma200": 55.35165367126465,
        "sma50": 59.13145324707031,
        "rsi_weekly": 59.440693801660466,
        "rsi_monthly": 48.401030412294695,
        "52w_high": 66.56999969482422,
        "52w_low": 0
    },
    "ANET": {
        "close": 130.58999633789062,
        "sma200": 118.52514930725097,
        "sma50": 129.63959915161132,
        "rsi_weekly": 47.112433632503915,
        "rsi_monthly": 65.79748500597414,
        "52w_high": 162.02999877929688,
        "52w_low": 0
    },
    "AJG": {
        "close": 256.1499938964844,
        "sma200": 295.1839680480957,
        "sma50": 253.05375,
        "rsi_weekly": 44.48561963646052,
        "rsi_monthly": 52.18139186587307,
        "52w_high": 346.4054870605469,
        "52w_low": 0
    },
    "AIZ": {
        "close": 237.4499969482422,
        "sma200": 207.97541053771974,
        "sma50": 230.3374237060547,
        "rsi_weekly": 67.6658971806124,
        "rsi_monthly": 75.56333995971096,
        "52w_high": 242.1300048828125,
        "52w_low": 0
    },
    "T": {
        "close": 23.729999542236328,
        "sma200": 26.328859062194823,
        "sma50": 24.541604118347166,
        "rsi_weekly": 36.27852357263905,
        "rsi_monthly": 50.609137532460075,
        "52w_high": 28.964923858642578,
        "52w_low": 0
    },
    "ATO": {
        "close": 170.27999877929688,
        "sma200": 162.21432746887206,
        "sma50": 170.74999755859375,
        "rsi_weekly": 50.87321797359227,
        "rsi_monthly": 70.51279969687069,
        "52w_high": 178.1669921875,
        "52w_low": 0
    },
    "ADSK": {
        "close": 262.260009765625,
        "sma200": 296.21509994506835,
        "sma50": 294.64440002441404,
        "rsi_weekly": 39.093804891484616,
        "rsi_monthly": 58.46462061753758,
        "52w_high": 326.7900085449219,
        "52w_low": 0
    }
}