{
    "last_scan_index": 100,
    "AAPL": {
        "close": 247.64999389648438,
        "sma200": 234.09551803588866,
        "sma50": 270.59339813232424,
        "rsi_weekly": 51.05965901364825,
        "rsi_monthly": 65.05597098772778,
        "52w_high": 286.19000244140625,
        "52w_low": 0
    },
    "NVDA": {
        "close": 183.32000732421875,
        "sma200": 164.7881840133667,
        "sma50": 184.11609985351564,
        "rsi_weekly": 56.61352269565221,
        "rsi_monthly": 76.36247686128931,
        "52w_high": 207.02847290039062,
        "52w_low": 0
    },
    "TSLA": {
        "close": 431.44000244140625,
        "sma200": 370.62715034484864,
        "sma50": 441.9230017089844,
        "rsi_weekly": 55.767272209839355,
        "rsi_monthly": 70.21254147643917,
        "52w_high": 489.8800048828125,
        "52w_low": 0
    },
    "MSFT": {
        "close": 444.1099853515625,
        "sma200": 481.7920314025879,
        "sma50": 482.55295227050783,
        "rsi_weekly": 40.972927798700475,
        "rsi_monthly": 64.94485718146734,
        "52w_high": 541.057373046875,
        "52w_low": 0
    },
    "AMD": {
        "close": 249.8000030517578,
        "sma200": 170.11574981689452,
        "sma50": 220.27120025634767,
        "rsi_weekly": 60.57175331207617,
        "rsi_monthly": 69.38721493424931,
        "52w_high": 264.3299865722656,
        "52w_low": 0
    },
    "BR": {
        "close": 206.85000610351562,
        "sma200": 235.35507316589354,
        "sma50": 224.53407318115234,
        "rsi_weekly": 39.60346027775642,
        "rsi_monthly": 49.6698311297779,
        "52w_high": 264.7299499511719,
        "52w_low": 0
    },
    "BRO": {
        "close": 78.06999969482422,
        "sma200": 95.76969337463379,
        "sma50": 79.84520004272461,
        "rsi_weekly": 36.16606775362831,
        "rsi_monthly": 51.392279733039445,
        "52w_high": 123.80648040771484,
        "52w_low": 0
    },
    "BLDR": {
        "close": 126.81999969482422,
        "sma200": 120.03049983978272,
        "sma50": 109.04800064086913,
        "rsi_weekly": 55.18763462311015,
        "rsi_monthly": 52.584272979150995,
        "52w_high": 173.50999450683594,
        "52w_low": 0
    },
    "BG": {
        "close": 112.06999969482422,
        "sma200": 84.09301952362061,
        "sma50": 95.29448928833008,
        "rsi_weekly": 70.83586306007473,
        "rsi_monthly": 65.71324135677378,
        "52w_high": 112.06999969482422,
        "52w_low": 0
    },
    "CDNS": {
        "close": 313.8399963378906,
        "sma200": 321.34780014038085,
        "sma50": 317.76800048828125,
        "rsi_weekly": 48.181916164577224,
        "rsi_monthly": 60.02370140142533,
        "52w_high": 373.3699951171875,
        "52w_low": 0
    },
    "CZR": {
        "close": 23.530000686645508,
        "sma200": 25.482525033950807,
        "sma50": 22.977600135803222,
        "rsi_weekly": 48.85674118912123,
        "rsi_monthly": 31.691570134862843,
        "52w_high": 39.7599983215332,
        "52w_low": 0
    },
    "CPT": {
        "close": 108.43000030517578,
        "sma200": 107.53102828979492,
        "sma50": 105.59968719482421,
        "rsi_weekly": 55.72446908101384,
        "rsi_monthly": 56.13713175716124,
        "52w_high": 120.8723373413086,
        "52w_low": 0
    },
    "CPB": {
        "close": 26.200000762939453,
        "sma200": 31.169489736557008,
        "sma50": 28.47070327758789,
        "rsi_weekly": 27.28817263259977,
        "rsi_monthly": 19.080512338362425,
        "52w_high": 40.011085510253906,
        "52w_low": 0
    },
    "COF": {
        "close": 231.00999450683594,
        "sma200": 211.31155487060548,
        "sma50": 231.33220825195312,
        "rsi_weekly": 59.74609380700016,
        "rsi_monthly": 75.86347242257114,
        "52w_high": 257.94000244140625,
        "52w_low": 0
    },
    "CAH": {
        "close": 208.47000122070312,
        "sma200": 166.27508087158202,
        "sma50": 204.96065551757812,
        "rsi_weekly": 72.3174392794965,
        "rsi_monthly": 79.6282277838776,
        "52w_high": 213.55999755859375,
        "52w_low": 0
    },
    "KMX": {
        "close": 48.75,
        "sma200": 54.48774983406067,
        "sma50": 39.515800094604494,
        "rsi_weekly": 51.61042416323723,
        "rsi_monthly": 45.538095683895804,
        "52w_high": 89.19000244140625,
        "52w_low": 0
    },
    "CCL": {
        "close": 28.25,
        "sma200": 26.926200094223024,
        "sma50": 28.269200210571288,
        "rsi_weekly": 51.90044941792742,
        "rsi_monthly": 59.18996459797011,
        "52w_high": 32.4900016784668,
        "52w_low": 0
    },
    "CARR": {
        "close": 57.7400016784668,
        "sma200": 62.64951368331909,
        "sma50": 53.82420989990234,
        "rsi_weekly": 43.87892252630635,
        "rsi_monthly": 41.20506225984512,
        "52w_high": 80.07727813720703,
        "52w_low": 0
    },
    "CAT": {
        "close": 645.3800048828125,
        "sma200": 451.27058029174805,
        "sma50": 587.8300842285156,
        "rsi_weekly": 77.92959021037005,
        "rsi_monthly": 81.48118397457549,
        "52w_high": 645.6693115234375,
        "52w_low": 0
    },
    "CBOE": {
        "close": 273.07000732421875,
        "sma200": 239.07907386779786,
        "sma50": 256.6460000610352,
        "rsi_weekly": 66.39831870793071,
        "rsi_monthly": 76.10914242096794,
        "52w_high": 273.54998779296875,
        "52w_low": 0
    },
    "CBRE": {
        "close": 170.2899932861328,
        "sma200": 147.89565032958984,
        "sma50": 160.56399993896486,
        "rsi_weekly": 65.36336604859382,
        "rsi_monthly": 73.58677674784748,
        "52w_high": 171.58999633789062,
        "52w_low": 0
    },
    "CDW": {
        "close": 127.62000274658203,
        "sma200": 159.39360000610353,
        "sma50": 139.78892150878906,
        "rsi_weekly": 33.26181483663515,
        "rsi_monthly": 49.75651897273225,
        "52w_high": 203.0680389404297,
        "52w_low": 0
    },
    "CE": {
        "close": 48.119998931884766,
        "sma200": 46.52753255844116,
        "sma50": 41.899400024414064,
        "rsi_weekly": 51.95000888192109,
        "rsi_monthly": 36.96579432712224,
        "52w_high": 73.93795776367188,
        "52w_low": 0
    },
    "COR": {
        "close": 351.75,
        "sma200": 310.0629281616211,
        "sma50": 349.8436627197266,
        "rsi_weekly": 64.83624551545022,
        "rsi_monthly": 69.12059121950969,
        "52w_high": 374.75,
        "52w_low": 0
    },
    "CNC": {
        "close": 45.2599983215332,
        "sma200": 41.866349935531616,
        "sma50": 40.318199996948245,
        "rsi_weekly": 60.27898634308833,
        "rsi_monthly": 43.935138280302226,
        "52w_high": 65.88999938964844,
        "52w_low": 0
    },
    "CNP": {
        "close": 39.529998779296875,
        "sma200": 37.706008434295654,
        "sma50": 38.70271484375,
        "rsi_weekly": 59.63657224754922,
        "rsi_monthly": 64.44415584311896,
        "52w_high": 39.996612548828125,
        "52w_low": 0
    },
    "CF": {
        "close": 91.86000061035156,
        "sma200": 84.76260139465332,
        "sma50": 80.24007553100586,
        "rsi_weekly": 55.24814874915118,
        "rsi_monthly": 58.063337347687444,
        "52w_high": 101.27503967285156,
        "52w_low": 0
    },
    "CHRW": {
        "close": 179.3800048828125,
        "sma200": 122.71157741546631,
        "sma50": 160.79636962890626,
        "rsi_weekly": 77.83112394461175,
        "rsi_monthly": 65.22843580254093,
        "52w_high": 179.3800048828125,
        "52w_low": 0
    },
    "CRL": {
        "close": 226.77000427246094,
        "sma200": 162.1377501296997,
        "sma50": 192.40980041503906,
        "rsi_weekly": 68.09569978107834,
        "rsi_monthly": 69.54139212632656,
        "52w_high": 226.77000427246094,
        "52w_low": 0
    }
}