{
    "last_scan_index": 225,
    "AAPL": {
        "close": 255.52999877929688,
        "sma200": 233.7518910217285,
        "sma50": 271.494140625,
        "rsi_weekly": 53.76185321048602,
        "rsi_monthly": 65.05591750126239,
        "52w_high": 286.19000244140625,
        "52w_low": 0
    },
    "NVDA": {
        "close": 186.22999572753906,
        "sma200": 164.0421415710449,
        "sma50": 184.55367309570312,
        "rsi_weekly": 55.832537435971844,
        "rsi_monthly": 76.36247443855763,
        "52w_high": 207.02847290039062,
        "52w_low": 0
    },
    "TSLA": {
        "close": 437.5,
        "sma200": 369.1239003753662,
        "sma50": 443.0688018798828,
        "rsi_weekly": 57.433070397524055,
        "rsi_monthly": 70.21254147643917,
        "52w_high": 489.8800048828125,
        "52w_low": 0
    },
    "MSFT": {
        "close": 459.8599853515625,
        "sma200": 481.05499618530274,
        "sma50": 484.6280310058594,
        "rsi_weekly": 46.92493281772795,
        "rsi_monthly": 64.94484780647966,
        "52w_high": 541.057373046875,
        "52w_low": 0
    },
    "AMD": {
        "close": 231.8300018310547,
        "sma200": 168.69094982147217,
        "sma50": 220.51739990234375,
        "rsi_weekly": 52.90812131363197,
        "rsi_monthly": 69.38721493424931,
        "52w_high": 264.3299865722656,
        "52w_low": 0
    },
    "FTV": {
        "close": 54.959999084472656,
        "sma200": 51.26702165603638,
        "sma50": 53.746595001220705,
        "rsi_weekly": 61.059370207272806,
        "rsi_monthly": 66.79452799853516,
        "52w_high": 62.253089904785156,
        "52w_low": 0
    },
    "FOXA": {
        "close": 71.98999786376953,
        "sma200": 59.435815048217776,
        "sma50": 69.74500030517578,
        "rsi_weekly": 74.08153427736283,
        "rsi_monthly": 72.54536030690282,
        "52w_high": 76.11000061035156,
        "52w_low": 0
    },
    "FOX": {
        "close": 65.41999816894531,
        "sma200": 53.9381941986084,
        "sma50": 62.314800109863285,
        "rsi_weekly": 73.65644694063712,
        "rsi_monthly": 68.72104757761507,
        "52w_high": 67.76000213623047,
        "52w_low": 0
    },
    "BEN": {
        "close": 26.0,
        "sma200": 22.381069655418397,
        "sma50": 23.275474891662597,
        "rsi_weekly": 68.32680953630026,
        "rsi_monthly": 61.44886999075543,
        "52w_high": 26.0,
        "52w_low": 0
    },
    "FCX": {
        "close": 58.709999084472656,
        "sma200": 42.20777395248413,
        "sma50": 47.2681356048584,
        "rsi_weekly": 72.18028586972251,
        "rsi_monthly": 55.83358664581355,
        "52w_high": 60.19999694824219,
        "52w_low": 0
    },
    "GRMN": {
        "close": 211.8000030517578,
        "sma200": 213.92638618469238,
        "sma50": 202.01794219970702,
        "rsi_weekly": 49.29809448167465,
        "rsi_monthly": 64.91602358770199,
        "52w_high": 258.6608581542969,
        "52w_low": 0
    },
    "IT": {
        "close": 230.6699981689453,
        "sma200": 311.19725044250487,
        "sma50": 237.4058004760742,
        "rsi_weekly": 40.051849043459065,
        "rsi_monthly": 33.00686951680514,
        "52w_high": 548.3800048828125,
        "52w_low": 0
    },
    "GE": {
        "close": 325.1199951171875,
        "sma200": 268.0012963104248,
        "sma50": 304.63905456542966,
        "rsi_weekly": 67.22746533533383,
        "rsi_monthly": 86.92090490864211,
        "52w_high": 327.5400085449219,
        "52w_low": 0
    },
    "GEV": {
        "close": 681.5499877929688,
        "sma200": 551.7533068847656,
        "sma50": 624.7051428222657,
        "rsi_weekly": 55.829667657488464,
        "rsi_monthly": 81.47095529614552,
        "52w_high": 722.468017578125,
        "52w_low": 0
    },
    "GEHC": {
        "close": 81.75,
        "sma200": 74.60058521270751,
        "sma50": 80.80594406127929,
        "rsi_weekly": 63.590894061524686,
        "rsi_monthly": 77.2289503856502,
        "52w_high": 93.30927276611328,
        "52w_low": 0
    },
    "GEN": {
        "close": 26.100000381469727,
        "sma200": 27.79598202705383,
        "sma50": 26.76144630432129,
        "rsi_weekly": 47.17346952250556,
        "rsi_monthly": 40.529576310114464,
        "52w_high": 31.882293701171875,
        "52w_low": 0
    },
    "GNRC": {
        "close": 160.85000610351562,
        "sma200": 153.26209995269775,
        "sma50": 151.0711993408203,
        "rsi_weekly": 47.63570507639144,
        "rsi_monthly": 46.472430900903376,
        "52w_high": 202.85000610351562,
        "52w_low": 0
    },
    "GD": {
        "close": 367.3800048828125,
        "sma200": 311.0085161590576,
        "sma50": 343.31196838378906,
        "rsi_weekly": 70.19335521363901,
        "rsi_monthly": 76.93096951581725,
        "52w_high": 367.3800048828125,
        "52w_low": 0
    },
    "GIS": {
        "close": 44.5099983215332,
        "sma200": 49.16785768508911,
        "sma50": 45.7880135345459,
        "rsi_weekly": 35.34884632516404,
        "rsi_monthly": 26.675045340941427,
        "52w_high": 62.187808990478516,
        "52w_low": 0
    },
    "GM": {
        "close": 80.81999969482422,
        "sma200": 59.186619701385496,
        "sma50": 77.08325942993164,
        "rsi_weekly": 78.24195358528662,
        "rsi_monthly": 85.79250388589502,
        "52w_high": 85.12999725341797,
        "52w_low": 0
    },
    "GPC": {
        "close": 136.94000244140625,
        "sma200": 126.56790241241455,
        "sma50": 127.35868133544922,
        "rsi_weekly": 50.26356871207505,
        "rsi_monthly": 59.50712781993972,
        "52w_high": 141.64169311523438,
        "52w_low": 0
    },
    "GILD": {
        "close": 124.91000366210938,
        "sma200": 113.13893463134765,
        "sma50": 122.69489974975586,
        "rsi_weekly": 56.18955340299698,
        "rsi_monthly": 60.16939127030895,
        "52w_high": 127.22968292236328,
        "52w_low": 0
    },
    "GPN": {
        "close": 73.80000305175781,
        "sma200": 80.57326866149903,
        "sma50": 77.49004318237304,
        "rsi_weekly": 47.7700300410127,
        "rsi_monthly": 29.92319681035257,
        "52w_high": 111.57887268066406,
        "52w_low": 0
    },
    "GL": {
        "close": 138.97000122070312,
        "sma200": 130.94242351531983,
        "sma50": 136.467421875,
        "rsi_weekly": 60.79064219590629,
        "rsi_monthly": 67.28472385441646,
        "52w_high": 145.98092651367188,
        "52w_low": 0
    },
    "GS": {
        "close": 962.0,
        "sma200": 721.9165739440919,
        "sma50": 862.4526623535156,
        "rsi_weekly": 80.08124792550713,
        "rsi_monthly": 84.55573950538529,
        "52w_high": 975.8599853515625,
        "52w_low": 0
    },
    "HAL": {
        "close": 32.56999969482422,
        "sma200": 23.41424666404724,
        "sma50": 28.347111434936522,
        "rsi_weekly": 71.50362854353443,
        "rsi_monthly": 48.845815005580874,
        "52w_high": 33.040000915527344,
        "52w_low": 0
    },
    "HIG": {
        "close": 129.58999633789062,
        "sma200": 127.75527194976807,
        "sma50": 134.54264587402344,
        "rsi_weekly": 58.48004812687629,
        "rsi_monthly": 75.92895980145187,
        "52w_high": 139.72000122070312,
        "52w_low": 0
    },
    "HAS": {
        "close": 86.19999694824219,
        "sma200": 72.99040924072266,
        "sma50": 81.55142883300782,
        "rsi_weekly": 70.84828390141493,
        "rsi_monthly": 73.03065874618181,
        "52w_high": 89.13999938964844,
        "52w_low": 0
    },
    "HCA": {
        "close": 469.2900085449219,
        "sma200": 407.69191802978514,
        "sma50": 479.3808703613281,
        "rsi_weekly": 61.69167913808862,
        "rsi_monthly": 66.51810166795045,
        "52w_high": 515.0838012695312,
        "52w_low": 0
    }
}