{
    "last_scan_index": 75,
    "AAPL": {
        "close": 248.35000610351562,
        "sma200": 234.39857803344728,
        "sma50": 270.19619842529295,
        "rsi_weekly": 51.05965900676993,
        "rsi_monthly": 65.05593369219902,
        "52w_high": 286.19000244140625,
        "52w_low": 0
    },
    "NVDA": {
        "close": 184.83999633789062,
        "sma200": 165.24091972351073,
        "sma50": 184.0501092529297,
        "rsi_weekly": 56.613522695212254,
        "rsi_monthly": 76.36247546889612,
        "52w_high": 207.02847290039062,
        "52w_low": 0
    },
    "TSLA": {
        "close": 449.3599853515625,
        "sma200": 371.67680030822754,
        "sma50": 442.3198016357422,
        "rsi_weekly": 55.767272209839355,
        "rsi_monthly": 70.21254147643917,
        "52w_high": 489.8800048828125,
        "52w_low": 0
    },
    "MSFT": {
        "close": 451.1400146484375,
        "sma200": 482.2581271362305,
        "sma50": 481.6579150390625,
        "rsi_weekly": 40.97292801738868,
        "rsi_monthly": 64.94486268468258,
        "52w_high": 541.057373046875,
        "52w_low": 0
    },
    "AMD": {
        "close": 253.72999572753906,
        "sma200": 170.95559978485107,
        "sma50": 220.6750003051758,
        "rsi_weekly": 60.57175331207617,
        "rsi_monthly": 69.38721493424931,
        "52w_high": 264.3299865722656,
        "52w_low": 0
    },
    "ADP": {
        "close": 259.8599853515625,
        "sma200": 286.02276969909667,
        "sma50": 257.2220260620117,
        "rsi_weekly": 41.4469297180126,
        "rsi_monthly": 48.93978209034979,
        "52w_high": 321.4271240234375,
        "52w_low": 0
    },
    "AZO": {
        "close": 3698.6298828125,
        "sma200": 3801.3275439453123,
        "sma50": 3603.602802734375,
        "rsi_weekly": 42.96985294836369,
        "rsi_monthly": 59.03724331970976,
        "52w_high": 4354.5400390625,
        "52w_low": 0
    },
    "AVB": {
        "close": 175.75999450683594,
        "sma200": 188.9819113922119,
        "sma50": 178.48820892333984,
        "rsi_weekly": 47.38599861113552,
        "rsi_monthly": 42.12834588444017,
        "52w_high": 220.1442413330078,
        "52w_low": 0
    },
    "AVY": {
        "close": 185.94000244140625,
        "sma200": 172.80534477233886,
        "sma50": 178.65236236572267,
        "rsi_weekly": 63.42604225109196,
        "rsi_monthly": 66.34417248052135,
        "52w_high": 191.80972290039062,
        "52w_low": 0
    },
    "AXON": {
        "close": 607.2899780273438,
        "sma200": 684.9409992980957,
        "sma50": 574.1156005859375,
        "rsi_weekly": 49.515258645017774,
        "rsi_monthly": 60.67064340685401,
        "52w_high": 870.969970703125,
        "52w_low": 0
    },
    "BKR": {
        "close": 54.459999084472656,
        "sma200": 43.43366397857666,
        "sma50": 48.36080009460449,
        "rsi_weekly": 63.94633869029518,
        "rsi_monthly": 63.89123223402213,
        "52w_high": 54.459999084472656,
        "52w_low": 0
    },
    "BALL": {
        "close": 56.290000915527344,
        "sma200": 51.770014457702636,
        "sma50": 51.16241317749024,
        "rsi_weekly": 62.649239128556886,
        "rsi_monthly": 67.95235008782137,
        "52w_high": 59.233028411865234,
        "52w_low": 0
    },
    "BAC": {
        "close": 52.45000076293945,
        "sma200": 48.220617599487305,
        "sma50": 53.93196533203125,
        "rsi_weekly": 55.003680068826554,
        "rsi_monthly": 79.2878554868684,
        "52w_high": 57.25,
        "52w_low": 0
    },
    "BK": {
        "close": 120.18000030517578,
        "sma200": 100.70338077545166,
        "sma50": 115.39859970092773,
        "rsi_weekly": 74.36959250890362,
        "rsi_monthly": 86.43816467177027,
        "52w_high": 124.58999633789062,
        "52w_low": 0
    },
    "BBWI": {
        "close": 22.579999923706055,
        "sma200": 26.173554019927977,
        "sma50": 20.24851173400879,
        "rsi_weekly": 48.624797880131055,
        "rsi_monthly": 45.010928668710626,
        "52w_high": 39.98191833496094,
        "52w_low": 0
    },
    "BAX": {
        "close": 20.06999969482422,
        "sma200": 24.544858446121214,
        "sma50": 19.067493743896485,
        "rsi_weekly": 42.03976728706278,
        "rsi_monthly": 42.31007201173442,
        "52w_high": 36.09502029418945,
        "52w_low": 0
    },
    "BDX": {
        "close": 206.0399932861328,
        "sma200": 185.4301557159424,
        "sma50": 196.12930572509765,
        "rsi_weekly": 62.39038118418603,
        "rsi_monthly": 40.808603654156215,
        "52w_high": 243.80545043945312,
        "52w_low": 0
    },
    "BBY": {
        "close": 67.05999755859375,
        "sma200": 70.31021558761597,
        "sma50": 71.9145964050293,
        "rsi_weekly": 42.74781472566264,
        "rsi_monthly": 57.730440353125644,
        "52w_high": 86.45199584960938,
        "52w_low": 0
    },
    "BIO": {
        "close": 305.2200012207031,
        "sma200": 277.7294494628906,
        "sma50": 313.14719970703123,
        "rsi_weekly": 54.60591694786343,
        "rsi_monthly": 52.914979021456986,
        "52w_high": 367.0,
        "52w_low": 0
    },
    "TECH": {
        "close": 69.6500015258789,
        "sma200": 55.616132793426516,
        "sma50": 62.033165817260745,
        "rsi_weekly": 62.00361973483881,
        "rsi_monthly": 52.77792690108638,
        "52w_high": 78.26500701904297,
        "52w_low": 0
    },
    "BIIB": {
        "close": 173.8000030517578,
        "sma200": 143.94405033111573,
        "sma50": 174.59100067138672,
        "rsi_weekly": 52.5256659897564,
        "rsi_monthly": 30.505703427542805,
        "52w_high": 187.6199951171875,
        "52w_low": 0
    },
    "BLK": {
        "close": 1139.719970703125,
        "sma200": 1052.5268811035157,
        "sma50": 1073.632646484375,
        "rsi_weekly": 62.48328186311083,
        "rsi_monthly": 67.76744822753263,
        "52w_high": 1196.7647705078125,
        "52w_low": 0
    },
    "BX": {
        "close": 154.91000366210938,
        "sma200": 152.94689838409423,
        "sma50": 151.1966000366211,
        "rsi_weekly": 57.163201673408814,
        "rsi_monthly": 58.11288780428843,
        "52w_high": 187.02017211914062,
        "52w_low": 0
    },
    "BA": {
        "close": 251.41000366210938,
        "sma200": 210.13680038452148,
        "sma50": 211.15200103759764,
        "rsi_weekly": 66.9329901094342,
        "rsi_monthly": 50.75980119696621,
        "52w_high": 251.41000366210938,
        "52w_low": 0
    },
    "BKNG": {
        "close": 5150.89990234375,
        "sma200": 5283.528161621094,
        "sma50": 5176.06140625,
        "rsi_weekly": 46.9333533731927,
        "rsi_monthly": 59.503803615400514,
        "52w_high": 5794.83740234375,
        "52w_low": 0
    },
    "BWA": {
        "close": 47.88999938964844,
        "sma200": 38.88628441810608,
        "sma50": 45.09494186401367,
        "rsi_weekly": 69.26272887389618,
        "rsi_monthly": 55.54675852350648,
        "52w_high": 48.599998474121094,
        "52w_low": 0
    },
    "BSX": {
        "close": 91.29000091552734,
        "sma200": 100.52380012512207,
        "sma50": 96.55159988403321,
        "rsi_weekly": 37.43529293759255,
        "rsi_monthly": 64.00956665114143,
        "52w_high": 108.13999938964844,
        "52w_low": 0
    },
    "BMY": {
        "close": 54.939998626708984,
        "sma200": 47.16558099746704,
        "sma50": 51.590974197387695,
        "rsi_weekly": 68.7558823924069,
        "rsi_monthly": 63.23712994338718,
        "52w_high": 60.075191497802734,
        "52w_low": 0
    },
    "AVGO": {
        "close": 325.489990234375,
        "sma200": 299.74666999816895,
        "sma50": 356.4389855957031,
        "rsi_weekly": 56.14572058847731,
        "rsi_monthly": 72.81598271714172,
        "52w_high": 412.18133544921875,
        "52w_low": 0
    }
}