{
    "last_scan_index": 500,
    "AAPL": {
        "close": 260.8175964355469,
        "sma200": 233.00121406555175,
        "sma50": 272.4067572021484,
        "rsi_weekly": 53.78059540294945,
        "rsi_monthly": 65.0558981431011,
        "52w_high": 286.19000244140625,
        "52w_low": 0
    },
    "NVDA": {
        "close": 186.42999267578125,
        "sma200": 162.53619239807128,
        "sma50": 185.95697021484375,
        "rsi_weekly": 55.84415923192445,
        "rsi_monthly": 76.36247625298006,
        "52w_high": 207.02847290039062,
        "52w_low": 0
    },
    "TSLA": {
        "close": 450.42999267578125,
        "sma200": 365.6404001617432,
        "sma50": 444.0346014404297,
        "rsi_weekly": 57.46603547145899,
        "rsi_monthly": 70.21254147643917,
        "52w_high": 489.8800048828125,
        "52w_low": 0
    },
    "MSFT": {
        "close": 478.70001220703125,
        "sma200": 479.42383499145507,
        "sma50": 489.1481079101562,
        "rsi_weekly": 46.93710503816373,
        "rsi_monthly": 64.9448565226,
        "52w_high": 541.057373046875,
        "52w_low": 0
    },
    "AMD": {
        "close": 209.11000061035156,
        "sma200": 166.25339977264403,
        "sma50": 222.87259948730468,
        "rsi_weekly": 52.957648755098155,
        "rsi_monthly": 69.38721493424931,
        "52w_high": 264.3299865722656,
        "52w_low": 0
    },
    "WFC": {
        "close": 94.4749984741211,
        "sma200": 79.9248780632019,
        "sma50": 89.56026687622071,
        "rsi_weekly": 69.1667414225735,
        "rsi_monthly": 85.74287118386182,
        "52w_high": 96.38999938964844,
        "52w_low": 0
    },
    "WELL": {
        "close": 186.72999572753906,
        "sma200": 166.56953926086425,
        "sma50": 191.87061767578126,
        "rsi_weekly": 57.45727225245246,
        "rsi_monthly": 76.39006406659178,
        "52w_high": 208.22000122070312,
        "52w_low": 0
    },
    "WST": {
        "close": 270.0400085449219,
        "sma200": 244.36145545959474,
        "sma50": 273.5855889892578,
        "rsi_weekly": 55.51863375374762,
        "rsi_monthly": 37.31548948405461,
        "52w_high": 346.7433776855469,
        "52w_low": 0
    },
    "WDC": {
        "close": 209.27000427246094,
        "sma200": 96.89272686958313,
        "sma50": 169.6550912475586,
        "rsi_weekly": 80.97680582230244,
        "rsi_monthly": 90.96429266241626,
        "52w_high": 219.3800048828125,
        "52w_low": 0
    },
    "WY": {
        "close": 25.829999923706055,
        "sma200": 24.629517526626586,
        "sma50": 22.82786205291748,
        "rsi_weekly": 58.682705460567924,
        "rsi_monthly": 50.91972200269505,
        "52w_high": 30.38091468811035,
        "52w_low": 0
    },
    "WHR": {
        "close": 83.9000015258789,
        "sma200": 81.29351303100586,
        "sma50": 73.8168896484375,
        "rsi_weekly": 54.15314914318061,
        "rsi_monthly": 41.214477011752216,
        "52w_high": 125.2857894897461,
        "52w_low": 0
    },
    "WMB": {
        "close": 59.25,
        "sma200": 58.580845546722415,
        "sma50": 59.56583953857422,
        "rsi_weekly": 52.864310105246275,
        "rsi_monthly": 68.94140482792481,
        "52w_high": 63.950782775878906,
        "52w_low": 0
    },
    "WTW": {
        "close": 328.0799865722656,
        "sma200": 319.5027577209473,
        "sma50": 323.663564453125,
        "rsi_weekly": 54.043424739474595,
        "rsi_monthly": 72.65668261642577,
        "52w_high": 348.96490478515625,
        "52w_low": 0
    },
    "WYNN": {
        "close": 116.93499755859375,
        "sma200": 107.92905879974366,
        "sma50": 123.64746551513672,
        "rsi_weekly": 50.65938531334397,
        "rsi_monthly": 71.07336803465282,
        "52w_high": 133.08999633789062,
        "52w_low": 0
    },
    "XEL": {
        "close": 73.81999969482422,
        "sma200": 72.51840351104737,
        "sma50": 76.91418487548827,
        "rsi_weekly": 48.828183718011815,
        "rsi_monthly": 40.885704997504845,
        "52w_high": 81.4811019897461,
        "52w_low": 0
    },
    "XYL": {
        "close": 139.28500366210938,
        "sma200": 134.05521575927733,
        "sma50": 141.45209594726563,
        "rsi_weekly": 51.57569275537322,
        "rsi_monthly": 70.20166468618669,
        "52w_high": 152.51864624023438,
        "52w_low": 0
    },
    "YUM": {
        "close": 155.40499877929688,
        "sma200": 146.3438230895996,
        "sma50": 149.52689727783203,
        "rsi_weekly": 57.87970559306232,
        "rsi_monthly": 68.39965958824854,
        "52w_high": 160.19668579101562,
        "52w_low": 0
    },
    "ZBRA": {
        "close": 262.7300109863281,
        "sma200": 285.1179000854492,
        "sma50": 253.6783999633789,
        "rsi_weekly": 43.465037647598,
        "rsi_monthly": 56.08681742013676,
        "52w_high": 421.1099853515625,
        "52w_low": 0
    },
    "ZBH": {
        "close": 91.44999694824219,
        "sma200": 96.47723079681397,
        "sma50": 92.10964508056641,
        "rsi_weekly": 46.80353756058029,
        "rsi_monthly": 35.430315896367,
        "52w_high": 112.31305694580078,
        "52w_low": 0
    },
    "ZTS": {
        "close": 126.12000274658203,
        "sma200": 145.5344048690796,
        "sma50": 123.98620071411133,
        "rsi_weekly": 40.26144362430896,
        "rsi_monthly": 45.499095154907664,
        "52w_high": 173.89024353027344,
        "52w_low": 0
    }
}