{
    "last_scan_index": 250,
    "AAPL": {
        "close": 246.6999969482422,
        "sma200": 233.86975593566893,
        "sma50": 271.0305728149414,
        "rsi_weekly": 51.059659081673814,
        "rsi_monthly": 65.05593106893721,
        "52w_high": 286.19000244140625,
        "52w_low": 0
    },
    "NVDA": {
        "close": 178.07000732421875,
        "sma200": 164.38049160003663,
        "sma50": 184.2110903930664,
        "rsi_weekly": 56.61352273428554,
        "rsi_monthly": 76.36247334146805,
        "52w_high": 207.02847290039062,
        "52w_low": 0
    },
    "TSLA": {
        "close": 419.25,
        "sma200": 369.8063503265381,
        "sma50": 442.21240173339845,
        "rsi_weekly": 55.767272209839355,
        "rsi_monthly": 70.21254147643917,
        "52w_high": 489.8800048828125,
        "52w_low": 0
    },
    "MSFT": {
        "close": 454.5199890136719,
        "sma200": 481.42708450317383,
        "sma50": 483.5941796875,
        "rsi_weekly": 40.97292747573665,
        "rsi_monthly": 64.94485656280477,
        "52w_high": 541.057373046875,
        "52w_low": 0
    },
    "AMD": {
        "close": 231.9199981689453,
        "sma200": 169.33574981689452,
        "sma50": 220.02920013427735,
        "rsi_weekly": 60.57175331207617,
        "rsi_monthly": 69.38721493424931,
        "52w_high": 264.3299865722656,
        "52w_low": 0
    },
    "HSIC": {
        "close": 77.7300033569336,
        "sma200": 69.97920026779175,
        "sma50": 75.1352000427246,
        "rsi_weekly": 67.59872606462515,
        "rsi_monthly": 57.563536541611754,
        "52w_high": 81.91000366210938,
        "52w_low": 0
    },
    "HSY": {
        "close": 198.8699951171875,
        "sma200": 175.63797874450682,
        "sma50": 183.81455200195313,
        "rsi_weekly": 61.80088060724371,
        "rsi_monthly": 48.26483501281271,
        "52w_high": 201.07000732421875,
        "52w_low": 0
    },
    "HPE": {
        "close": 20.389999389648438,
        "sma200": 20.79694890499115,
        "sma50": 22.85734630584717,
        "rsi_weekly": 46.212839520925826,
        "rsi_monthly": 63.77687277846527,
        "52w_high": 26.093069076538086,
        "52w_low": 0
    },
    "HLT": {
        "close": 289.9800109863281,
        "sma200": 262.71869941711424,
        "sma50": 283.4273303222656,
        "rsi_weekly": 66.11334486110498,
        "rsi_monthly": 74.74448208805624,
        "52w_high": 301.8599853515625,
        "52w_low": 0
    },
    "HOLX": {
        "close": 75.11000061035156,
        "sma200": 67.09055028915405,
        "sma50": 74.7122004699707,
        "rsi_weekly": 68.40177441048473,
        "rsi_monthly": 52.631403956020975,
        "52w_high": 75.19000244140625,
        "52w_low": 0
    },
    "HD": {
        "close": 375.1099853515625,
        "sma200": 369.85414916992187,
        "sma50": 355.3301208496094,
        "rsi_weekly": 54.076529920317974,
        "rsi_monthly": 58.702744713969864,
        "52w_high": 420.69903564453125,
        "52w_low": 0
    },
    "HON": {
        "close": 215.07000732421875,
        "sma200": 201.06454002380372,
        "sma50": 197.65334686279297,
        "rsi_weekly": 64.44394621575337,
        "rsi_monthly": 45.861949671303165,
        "52w_high": 224.0632781982422,
        "52w_low": 0
    },
    "HRL": {
        "close": 24.559999465942383,
        "sma200": 26.12006691932678,
        "sma50": 23.08024654388428,
        "rsi_weekly": 48.16651496285588,
        "rsi_monthly": 63.52093562861483,
        "52w_high": 30.466331481933594,
        "52w_low": 0
    },
    "HST": {
        "close": 18.239999771118164,
        "sma200": 15.921423845291137,
        "sma50": 17.684883422851563,
        "rsi_weekly": 65.99834961300324,
        "rsi_monthly": 71.29015791551177,
        "52w_high": 18.59000015258789,
        "52w_low": 0
    },
    "HWM": {
        "close": 220.36000061035156,
        "sma200": 181.29490074157715,
        "sma50": 205.1416000366211,
        "rsi_weekly": 70.88641272207984,
        "rsi_monthly": 86.11352805492176,
        "52w_high": 224.88999938964844,
        "52w_low": 0
    },
    "HPQ": {
        "close": 19.799999237060547,
        "sma200": 25.103408002853392,
        "sma50": 23.38319511413574,
        "rsi_weekly": 31.556587392363973,
        "rsi_monthly": 32.64160484488587,
        "52w_high": 33.246681213378906,
        "52w_low": 0
    },
    "HUBB": {
        "close": 472.5400085449219,
        "sma200": 415.96018295288087,
        "sma50": 447.45848693847654,
        "rsi_weekly": 67.01453475525325,
        "rsi_monthly": 70.8633871729987,
        "52w_high": 489.30999755859375,
        "52w_low": 0
    },
    "HUM": {
        "close": 268.0,
        "sma200": 257.56517524719237,
        "sma50": 254.92854125976564,
        "rsi_weekly": 53.756901873877155,
        "rsi_monthly": 35.12735773978104,
        "52w_high": 309.8533935546875,
        "52w_low": 0
    },
    "HBAN": {
        "close": 17.989999771118164,
        "sma200": 16.082360005378725,
        "sma50": 16.933980312347412,
        "rsi_weekly": 62.401469543871784,
        "rsi_monthly": 64.22569919522012,
        "52w_high": 18.469999313354492,
        "52w_low": 0
    },
    "HII": {
        "close": 415.5799865722656,
        "sma200": 273.43010009765624,
        "sma50": 337.77647888183594,
        "rsi_weekly": 86.02609214710374,
        "rsi_monthly": 77.3611627301535,
        "52w_high": 425.8999938964844,
        "52w_low": 0
    },
    "IBM": {
        "close": 291.3500061035156,
        "sma200": 272.9558620452881,
        "sma50": 303.49473876953124,
        "rsi_weekly": 60.43901926969433,
        "rsi_monthly": 67.61588503163114,
        "52w_high": 314.9800109863281,
        "52w_low": 0
    },
    "IEX": {
        "close": 193.3000030517578,
        "sma200": 171.64684051513672,
        "sma50": 176.27291442871095,
        "rsi_weekly": 69.16814182610044,
        "rsi_monthly": 64.96374468799407,
        "52w_high": 220.8609161376953,
        "52w_low": 0
    },
    "IDXX": {
        "close": 686.02001953125,
        "sma200": 598.4846992492676,
        "sma50": 706.4723962402344,
        "rsi_weekly": 62.05196739796288,
        "rsi_monthly": 73.80787068804858,
        "52w_high": 766.6799926757812,
        "52w_low": 0
    },
    "ITW": {
        "close": 254.4499969482422,
        "sma200": 247.92271751403808,
        "sma50": 248.90986755371094,
        "rsi_weekly": 60.78389972071154,
        "rsi_monthly": 50.41940532889403,
        "52w_high": 267.75982666015625,
        "52w_low": 0
    },
    "ILMN": {
        "close": 147.1699981689453,
        "sma200": 102.31275047302246,
        "sma50": 132.26200073242188,
        "rsi_weekly": 70.69362856682675,
        "rsi_monthly": 52.99594791379708,
        "52w_high": 150.13999938964844,
        "52w_low": 0
    },
    "INCY": {
        "close": 102.62000274658203,
        "sma200": 81.59414995193481,
        "sma50": 102.4038003540039,
        "rsi_weekly": 65.60612082620649,
        "rsi_monthly": 71.27031840388001,
        "52w_high": 110.56999969482422,
        "52w_low": 0
    },
    "IR": {
        "close": 85.16000366210938,
        "sma200": 80.15785160064698,
        "sma50": 80.22200592041015,
        "rsi_weekly": 60.352240552571715,
        "rsi_monthly": 64.3077755449819,
        "52w_high": 94.13667297363281,
        "52w_low": 0
    },
    "PODD": {
        "close": 284.25,
        "sma200": 304.31920036315915,
        "sma50": 303.8596032714844,
        "rsi_weekly": 41.63950708478216,
        "rsi_monthly": 43.354514287478466,
        "52w_high": 352.82000732421875,
        "52w_low": 0
    },
    "INTC": {
        "close": 48.560001373291016,
        "sma200": 28.69899998664856,
        "sma50": 39.24500015258789,
        "rsi_weekly": 71.91904706311092,
        "rsi_monthly": 58.60245325814752,
        "52w_high": 48.720001220703125,
        "52w_low": 0
    }
}