{
    "last_scan_index": 350,
    "AAPL": {
        "close": 260.25,
        "sma200": 232.998376083374,
        "sma50": 272.3954052734375,
        "rsi_weekly": 53.76185321042442,
        "rsi_monthly": 65.05593356260344,
        "52w_high": 286.19000244140625,
        "52w_low": 0
    },
    "NVDA": {
        "close": 184.94000244140625,
        "sma200": 162.52874259948732,
        "sma50": 185.92717041015624,
        "rsi_weekly": 55.83253744939908,
        "rsi_monthly": 76.36247363434583,
        "52w_high": 207.02847290039062,
        "52w_low": 0
    },
    "TSLA": {
        "close": 448.9599914550781,
        "sma200": 365.63305015563964,
        "sma50": 444.0052014160156,
        "rsi_weekly": 57.433070397524055,
        "rsi_monthly": 70.21254147643917,
        "52w_high": 489.8800048828125,
        "52w_low": 0
    },
    "MSFT": {
        "close": 477.17999267578125,
        "sma200": 479.4162356567383,
        "sma50": 489.1177075195312,
        "rsi_weekly": 46.924932510368286,
        "rsi_monthly": 64.94484352248973,
        "52w_high": 541.057373046875,
        "52w_low": 0
    },
    "AMD": {
        "close": 207.69000244140625,
        "sma200": 166.2462997817993,
        "sma50": 222.8441995239258,
        "rsi_weekly": 52.90812131363197,
        "rsi_monthly": 69.38721493424931,
        "52w_high": 264.3299865722656,
        "52w_low": 0
    },
    "MSI": {
        "close": 385.6400146484375,
        "sma200": 420.2187998962402,
        "sma50": 378.46344604492185,
        "rsi_weekly": 39.13361382016486,
        "rsi_monthly": 51.60526187302334,
        "52w_high": 487.5675354003906,
        "52w_low": 0
    },
    "MSCI": {
        "close": 586.469970703125,
        "sma200": 558.1208065795898,
        "sma50": 566.6149047851562,
        "rsi_weekly": 54.63520270531022,
        "rsi_monthly": 36.10714857150449,
        "52w_high": 620.4635620117188,
        "52w_low": 0
    },
    "NDAQ": {
        "close": 99.41999816894531,
        "sma200": 87.33533813476562,
        "sma50": 91.65232986450195,
        "rsi_weekly": 66.75233676636392,
        "rsi_monthly": 65.50112370925642,
        "52w_high": 100.69000244140625,
        "52w_low": 0
    },
    "NTAP": {
        "close": 107.02999877929688,
        "sma200": 105.80912979125976,
        "sma50": 110.79344924926758,
        "rsi_weekly": 44.023934628243985,
        "rsi_monthly": 54.730380718967375,
        "52w_high": 125.20184326171875,
        "52w_low": 0
    },
    "NFLX": {
        "close": 89.41000366210938,
        "sma200": 113.19489006042481,
        "sma50": 101.40332000732423,
        "rsi_weekly": 31.622205696637952,
        "rsi_monthly": 56.023247459645084,
        "52w_high": 133.91299438476562,
        "52w_low": 0
    },
    "NEM": {
        "close": 112.95999908447266,
        "sma200": 71.93511152267456,
        "sma50": 93.88892959594726,
        "rsi_weekly": 73.71547803426189,
        "rsi_monthly": 76.17404784917144,
        "52w_high": 112.95999908447266,
        "52w_low": 0
    },
    "NWL": {
        "close": 4.150000095367432,
        "sma200": 4.849102495908737,
        "sma50": 3.6050549077987672,
        "rsi_weekly": 46.59019872258269,
        "rsi_monthly": 28.54671991070959,
        "52w_high": 10.08272933959961,
        "52w_low": 0
    },
    "NWS": {
        "close": 30.5,
        "sma200": 31.61594614982605,
        "sma50": 29.580200004577637,
        "rsi_weekly": 45.736716715722984,
        "rsi_monthly": 63.471596145609375,
        "52w_high": 35.061614990234375,
        "52w_low": 0
    },
    "NWSA": {
        "close": 26.540000915527344,
        "sma200": 27.672963762283324,
        "sma50": 26.011599884033203,
        "rsi_weekly": 44.72352597205593,
        "rsi_monthly": 62.05953640692679,
        "52w_high": 31.030000686645508,
        "52w_low": 0
    },
    "NEE": {
        "close": 81.12000274658203,
        "sma200": 74.46376596450806,
        "sma50": 82.11623626708985,
        "rsi_weekly": 53.09069163878837,
        "rsi_monthly": 53.79026872412075,
        "52w_high": 86.29000091552734,
        "52w_low": 0
    },
    "NKE": {
        "close": 65.63999938964844,
        "sma200": 65.90910203933716,
        "sma50": 63.407262344360355,
        "rsi_weekly": 49.62857754147241,
        "rsi_monthly": 44.084709717124504,
        "52w_high": 79.84435272216797,
        "52w_low": 0
    },
    "NI": {
        "close": 42.38999938964844,
        "sma200": 40.79157011032105,
        "sma50": 42.30059997558594,
        "rsi_weekly": 52.379930701459564,
        "rsi_monthly": 71.91684419829735,
        "52w_high": 44.130001068115234,
        "52w_low": 0
    },
    "NDSN": {
        "close": 262.3999938964844,
        "sma200": 217.9750817871094,
        "sma50": 237.56854888916016,
        "rsi_weekly": 72.5479563106171,
        "rsi_monthly": 65.82906840376465,
        "52w_high": 262.3999938964844,
        "52w_low": 0
    },
    "NSC": {
        "close": 288.7300109863281,
        "sma200": 266.4805690765381,
        "sma50": 288.4360797119141,
        "rsi_weekly": 56.4231391734177,
        "rsi_monthly": 70.52094895755232,
        "52w_high": 299.489990234375,
        "52w_low": 0
    },
    "NTRS": {
        "close": 146.1699981689453,
        "sma200": 120.22900096893311,
        "sma50": 133.86653244018555,
        "rsi_weekly": 74.09771928976119,
        "rsi_monthly": 75.58430195154702,
        "52w_high": 146.1699981689453,
        "52w_low": 0
    },
    "NOC": {
        "close": 629.3200073242188,
        "sma200": 544.868120880127,
        "sma50": 570.5859802246093,
        "rsi_weekly": 64.31113441915322,
        "rsi_monthly": 68.49368196203027,
        "52w_high": 635.374755859375,
        "52w_low": 0
    },
    "NCLH": {
        "close": 24.34000015258789,
        "sma200": 21.201999988555908,
        "sma50": 20.51380012512207,
        "rsi_weekly": 59.75104708712637,
        "rsi_monthly": 58.01496446523557,
        "52w_high": 29.06999969482422,
        "52w_low": 0
    },
    "NRG": {
        "close": 148.88999938964844,
        "sma200": 149.98771926879883,
        "sma50": 163.08953552246095,
        "rsi_weekly": 45.710220130114905,
        "rsi_monthly": 70.21420265065838,
        "52w_high": 178.04299926757812,
        "52w_low": 0
    },
    "NUE": {
        "close": 165.97000122070312,
        "sma200": 136.36909812927246,
        "sma50": 157.06133819580077,
        "rsi_weekly": 62.28920583868941,
        "rsi_monthly": 59.89967891926592,
        "52w_high": 169.39999389648438,
        "52w_low": 0
    },
    "NVR": {
        "close": 7591.75,
        "sma200": 7524.684953613281,
        "sma50": 7365.749189453125,
        "rsi_weekly": 50.12122302797184,
        "rsi_monthly": 58.86456260855224,
        "52w_high": 8543.0,
        "52w_low": 0
    },
    "NXPI": {
        "close": 238.3300018310547,
        "sma200": 210.5982373046875,
        "sma50": 214.77029296875,
        "rsi_weekly": 61.279765472743996,
        "rsi_monthly": 70.08244047765876,
        "52w_high": 245.9499969482422,
        "52w_low": 0
    },
    "ORLY": {
        "close": 95.5999984741211,
        "sma200": 96.33390338897705,
        "sma50": 95.52559967041016,
        "rsi_weekly": 45.75618079075488,
        "rsi_monthly": 60.84178922226018,
        "52w_high": 107.81999969482422,
        "52w_low": 0
    },
    "OXY": {
        "close": 42.720001220703125,
        "sma200": 42.57380689620972,
        "sma50": 41.17433395385742,
        "rsi_weekly": 50.602271673904454,
        "rsi_monthly": 49.737860016096434,
        "52w_high": 51.56443786621094,
        "52w_low": 0
    },
    "ODFL": {
        "close": 173.57000732421875,
        "sma200": 152.22051151275636,
        "sma50": 148.57827529907226,
        "rsi_weekly": 64.7249928640056,
        "rsi_monthly": 62.712634967022375,
        "52w_high": 207.79452514648438,
        "52w_low": 0
    }
}