{
    "last_scan_index": 300,
    "AAPL": {
        "close": 259.32501220703125,
        "sma200": 233.59196311950683,
        "sma50": 271.8014105224609,
        "rsi_weekly": 53.761853106537096,
        "rsi_monthly": 65.05595034345852,
        "52w_high": 286.19000244140625,
        "52w_low": 0
    },
    "NVDA": {
        "close": 188.9550018310547,
        "sma200": 163.67116668701172,
        "sma50": 184.840751953125,
        "rsi_weekly": 55.832537539102674,
        "rsi_monthly": 76.36247688779103,
        "52w_high": 207.02847290039062,
        "52w_low": 0
    },
    "TSLA": {
        "close": 442.0799865722656,
        "sma200": 368.29625022888183,
        "sma50": 443.2742016601562,
        "rsi_weekly": 57.433070397524055,
        "rsi_monthly": 70.21254147643917,
        "52w_high": 489.8800048828125,
        "52w_low": 0
    },
    "MSFT": {
        "close": 459.5299987792969,
        "sma200": 480.67080642700193,
        "sma50": 485.755615234375,
        "rsi_weekly": 46.92493283337967,
        "rsi_monthly": 64.94485853336667,
        "52w_high": 541.057373046875,
        "52w_low": 0
    },
    "AMD": {
        "close": 237.4375,
        "sma200": 168.09328731536866,
        "sma50": 221.0721499633789,
        "rsi_weekly": 52.90812131363197,
        "rsi_monthly": 69.38721493424931,
        "52w_high": 264.3299865722656,
        "52w_low": 0
    },
    "KHC": {
        "close": 24.195600509643555,
        "sma200": 25.8040540599823,
        "sma50": 24.301002655029297,
        "rsi_weekly": 36.133358101678915,
        "rsi_monthly": 26.123286528466558,
        "52w_high": 30.794837951660156,
        "52w_low": 0
    },
    "KR": {
        "close": 62.0724983215332,
        "sma200": 67.1712971496582,
        "sma50": 63.635889282226564,
        "rsi_weekly": 35.86523655906148,
        "rsi_monthly": 64.22844531494503,
        "52w_high": 73.5816421508789,
        "52w_low": 0
    },
    "LHX": {
        "close": 338.5799865722656,
        "sma200": 265.8447927093506,
        "sma50": 294.1890393066406,
        "rsi_weekly": 79.20814945742649,
        "rsi_monthly": 72.32698602481229,
        "52w_high": 342.8500061035156,
        "52w_low": 0
    },
    "LH": {
        "close": 267.2099914550781,
        "sma200": 257.9613146209717,
        "sma50": 258.8875164794922,
        "rsi_weekly": 44.12597989021834,
        "rsi_monthly": 48.85782560197271,
        "52w_high": 290.1536865234375,
        "52w_low": 0
    },
    "LRCX": {
        "close": 222.5399932861328,
        "sma200": 118.30631452560425,
        "sma50": 169.94118377685547,
        "rsi_weekly": 84.17096829101826,
        "rsi_monthly": 86.09799279199893,
        "52w_high": 222.5399932861328,
        "52w_low": 0
    },
    "LW": {
        "close": 43.54999923706055,
        "sma200": 54.58233373641968,
        "sma50": 52.96539970397949,
        "rsi_weekly": 30.891056693076425,
        "rsi_monthly": 29.530304091501282,
        "52w_high": 66.17394256591797,
        "52w_low": 0
    },
    "LVS": {
        "close": 60.849998474121094,
        "sma200": 51.31855501174927,
        "sma50": 65.10639930725098,
        "rsi_weekly": 51.9361120701534,
        "rsi_monthly": 73.17663546570532,
        "52w_high": 69.48999786376953,
        "52w_low": 0
    },
    "LDOS": {
        "close": 190.07000732421875,
        "sma200": 171.20499130249024,
        "sma50": 189.49901519775392,
        "rsi_weekly": 63.62467585378182,
        "rsi_monthly": 76.45758420959042,
        "52w_high": 199.09774780273438,
        "52w_low": 0
    },
    "LEN": {
        "close": 121.30999755859375,
        "sma200": 117.11053592681884,
        "sma50": 117.5022004699707,
        "rsi_weekly": 49.52510371493478,
        "rsi_monthly": 46.58846537973056,
        "52w_high": 141.796142578125,
        "52w_low": 0
    },
    "LLY": {
        "close": 1030.7650146484375,
        "sma200": 836.573139038086,
        "sma50": 1039.3789477539062,
        "rsi_weekly": 65.91395672454144,
        "rsi_monthly": 75.41243486620534,
        "52w_high": 1109.93994140625,
        "52w_low": 0
    },
    "LIN": {
        "close": 440.3393859863281,
        "sma200": 449.4686993408203,
        "sma50": 419.15742553710936,
        "rsi_weekly": 52.62316175256525,
        "rsi_monthly": 66.37431975750391,
        "52w_high": 481.8155212402344,
        "52w_low": 0
    },
    "LYV": {
        "close": 145.1649932861328,
        "sma200": 146.54242504119873,
        "sma50": 139.46850128173827,
        "rsi_weekly": 50.27224029813544,
        "rsi_monthly": 63.96659478076111,
        "52w_high": 174.05999755859375,
        "52w_low": 0
    },
    "LKQ": {
        "close": 33.779998779296875,
        "sma200": 33.64917015075684,
        "sma50": 30.417200927734374,
        "rsi_weekly": 55.34766850516405,
        "rsi_monthly": 57.29200009052797,
        "52w_high": 42.58024978637695,
        "52w_low": 0
    },
    "LMT": {
        "close": 573.219970703125,
        "sma200": 464.8191679382324,
        "sma50": 479.48838928222654,
        "rsi_weekly": 69.97623667638727,
        "rsi_monthly": 55.564382694477786,
        "52w_high": 573.219970703125,
        "52w_low": 0
    },
    "L": {
        "close": 103.58999633789062,
        "sma200": 95.63939250946045,
        "sma50": 104.86674972534179,
        "rsi_weekly": 61.03293157496608,
        "rsi_monthly": 77.67721721355356,
        "52w_high": 108.26000213623047,
        "52w_low": 0
    },
    "LOW": {
        "close": 275.5899963378906,
        "sma200": 236.3070220184326,
        "sma50": 243.6290005493164,
        "rsi_weekly": 62.94246682388399,
        "rsi_monthly": 70.04804117988402,
        "52w_high": 275.5899963378906,
        "52w_low": 0
    },
    "LULU": {
        "close": 201.9199981689453,
        "sma200": 217.94824905395507,
        "sma50": 190.58219818115234,
        "rsi_weekly": 49.883817431229666,
        "rsi_monthly": 42.09858213970717,
        "52w_high": 421.1600036621094,
        "52w_low": 0
    },
    "LYB": {
        "close": 50.83000183105469,
        "sma200": 50.771081562042234,
        "sma50": 44.46959953308105,
        "rsi_weekly": 50.17975002490862,
        "rsi_monthly": 40.8513275557609,
        "52w_high": 71.61602020263672,
        "52w_low": 0
    },
    "MTB": {
        "close": 212.5,
        "sma200": 186.92764549255372,
        "sma50": 197.2013882446289,
        "rsi_weekly": 67.23228035724738,
        "rsi_monthly": 63.98927206062624,
        "52w_high": 213.61000061035156,
        "52w_low": 0
    },
    "MPC": {
        "close": 179.25,
        "sma200": 170.06282684326172,
        "sma50": 182.88558410644532,
        "rsi_weekly": 49.444885055940915,
        "rsi_monthly": 53.02912019712902,
        "52w_high": 199.1273956298828,
        "52w_low": 0
    },
    "MKTX": {
        "close": 175.77999877929688,
        "sma200": 192.80487396240235,
        "sma50": 172.07285888671876,
        "rsi_weekly": 41.39991477502447,
        "rsi_monthly": 36.243756980546245,
        "52w_high": 228.35679626464844,
        "52w_low": 0
    },
    "MAR": {
        "close": 323.29998779296875,
        "sma200": 270.19332244873044,
        "sma50": 302.16912231445315,
        "rsi_weekly": 68.85914632805773,
        "rsi_monthly": 71.95657293240752,
        "52w_high": 328.17999267578125,
        "52w_low": 0
    },
    "MMC": {
        "close": 183.27000427246094,
        "sma200": 204.1410919189453,
        "sma50": 183.1657992553711,
        "rsi_weekly": 42.2179399152281,
        "rsi_monthly": 50.49596129959943,
        "52w_high": 242.1346435546875,
        "52w_low": 0
    },
    "MLM": {
        "close": 642.27001953125,
        "sma200": 584.6827354431152,
        "sma50": 623.8962463378906,
        "rsi_weekly": 70.55454390490694,
        "rsi_monthly": 75.61377982575506,
        "52w_high": 666.6699829101562,
        "52w_low": 0
    }
}