{
    "last_scan_index": 450,
    "AAPL": {
        "close": 259.9599914550781,
        "sma200": 233.4022031402588,
        "sma50": 271.9906988525391,
        "rsi_weekly": 53.76185322988252,
        "rsi_monthly": 65.05595221693265,
        "52w_high": 286.19000244140625,
        "52w_low": 0
    },
    "NVDA": {
        "close": 183.13999938964844,
        "sma200": 163.26819305419923,
        "sma50": 185.1990216064453,
        "rsi_weekly": 55.83253751646801,
        "rsi_monthly": 76.36247563022553,
        "52w_high": 207.02847290039062,
        "52w_low": 0
    },
    "TSLA": {
        "close": 439.20001220703125,
        "sma200": 367.38165031433107,
        "sma50": 443.8000018310547,
        "rsi_weekly": 57.433070397524055,
        "rsi_monthly": 70.21254147643917,
        "52w_high": 489.8800048828125,
        "52w_low": 0
    },
    "MSFT": {
        "close": 459.3800048828125,
        "sma200": 480.2400975036621,
        "sma50": 486.88629821777346,
        "rsi_weekly": 46.924932947695275,
        "rsi_monthly": 64.94485551725907,
        "52w_high": 541.057373046875,
        "52w_low": 0
    },
    "AMD": {
        "close": 223.60000610351562,
        "sma200": 167.4197998046875,
        "sma50": 221.51639984130858,
        "rsi_weekly": 52.90812131363197,
        "rsi_monthly": 69.38721493424931,
        "52w_high": 264.3299865722656,
        "52w_low": 0
    },
    "SYY": {
        "close": 77.11000061035156,
        "sma200": 75.12978984832763,
        "sma50": 74.02535736083985,
        "rsi_weekly": 46.7619368982778,
        "rsi_monthly": 47.01129231189933,
        "52w_high": 82.1237564086914,
        "52w_low": 0
    },
    "TMUS": {
        "close": 192.02000427246094,
        "sma200": 229.5700732421875,
        "sma50": 203.1729916381836,
        "rsi_weekly": 37.01244635915511,
        "rsi_monthly": 49.89463343078645,
        "52w_high": 269.53662109375,
        "52w_low": 0
    },
    "TROW": {
        "close": 106.08000183105469,
        "sma200": 98.3123762512207,
        "sma50": 102.74358489990234,
        "rsi_weekly": 61.961381706011984,
        "rsi_monthly": 60.48356170939237,
        "52w_high": 111.02996826171875,
        "52w_low": 0
    },
    "TTWO": {
        "close": 245.49000549316406,
        "sma200": 237.73025024414062,
        "sma50": 246.3134002685547,
        "rsi_weekly": 56.336029895413716,
        "rsi_monthly": 52.059212934817936,
        "52w_high": 262.2900085449219,
        "52w_low": 0
    },
    "TPR": {
        "close": 133.1699981689453,
        "sma200": 99.3038265991211,
        "sma50": 117.26333526611329,
        "rsi_weekly": 71.07972391454756,
        "rsi_monthly": 84.18371887530792,
        "52w_high": 134.3800048828125,
        "52w_low": 0
    },
    "TRGP": {
        "close": 182.77999877929688,
        "sma200": 167.01328788757326,
        "sma50": 176.2166000366211,
        "rsi_weekly": 53.97857517420786,
        "rsi_monthly": 70.66237907983066,
        "52w_high": 212.51329040527344,
        "52w_low": 0
    },
    "TGT": {
        "close": 109.81999969482422,
        "sma200": 94.43744373321533,
        "sma50": 94.70344299316406,
        "rsi_weekly": 64.0430372751166,
        "rsi_monthly": 58.7319542484615,
        "52w_high": 136.47891235351562,
        "52w_low": 0
    },
    "TEL": {
        "close": 237.3000030517578,
        "sma200": 195.9693218231201,
        "sma50": 233.16839935302735,
        "rsi_weekly": 62.07732700663349,
        "rsi_monthly": 74.71039509553502,
        "52w_high": 249.0,
        "52w_low": 0
    },
    "TDY": {
        "close": 562.5399780273438,
        "sma200": 520.2135002136231,
        "sma50": 514.6867993164062,
        "rsi_weekly": 57.7750781600255,
        "rsi_monthly": 58.290777462975825,
        "52w_high": 593.6199951171875,
        "52w_low": 0
    },
    "TFX": {
        "close": 103.05000305175781,
        "sma200": 122.02062408447266,
        "sma50": 117.3049348449707,
        "rsi_weekly": 42.448523006066914,
        "rsi_monthly": 19.834898140912824,
        "52w_high": 181.6382293701172,
        "52w_low": 0
    },
    "TER": {
        "close": 230.19000244140625,
        "sma200": 124.88509853363037,
        "sma50": 192.07181243896486,
        "rsi_weekly": 75.06701503053924,
        "rsi_monthly": 76.62604489108394,
        "52w_high": 230.19000244140625,
        "52w_low": 0
    },
    "TXN": {
        "close": 193.4499969482422,
        "sma200": 179.79948471069335,
        "sma50": 172.82560119628906,
        "rsi_weekly": 57.78470254649569,
        "rsi_monthly": 54.35194948651573,
        "52w_high": 217.718994140625,
        "52w_low": 0
    },
    "TXT": {
        "close": 94.16999816894531,
        "sma200": 79.69775339126586,
        "sma50": 85.44741424560547,
        "rsi_weekly": 68.51458569209545,
        "rsi_monthly": 65.20720280077265,
        "52w_high": 94.16999816894531,
        "52w_low": 0
    },
    "TMO": {
        "close": 621.8300170898438,
        "sma200": 488.906025390625,
        "sma50": 582.8454211425782,
        "rsi_weekly": 71.5245168456551,
        "rsi_monthly": 64.8225943352772,
        "52w_high": 621.8300170898438,
        "52w_low": 0
    },
    "TJX": {
        "close": 155.1300048828125,
        "sma200": 136.23033241271972,
        "sma50": 151.7586962890625,
        "rsi_weekly": 72.29852359438149,
        "rsi_monthly": 81.40957470169937,
        "52w_high": 158.25,
        "52w_low": 0
    },
    "TSCO": {
        "close": 51.15999984741211,
        "sma200": 54.15286764144898,
        "sma50": 52.66749458312988,
        "rsi_weekly": 41.80278754334113,
        "rsi_monthly": 62.82304245522527,
        "52w_high": 62.37771224975586,
        "52w_low": 0
    },
    "TT": {
        "close": 385.8399963378906,
        "sma200": 409.7124873352051,
        "sma50": 403.8394000244141,
        "rsi_weekly": 40.328639467248955,
        "rsi_monthly": 65.48620591261204,
        "52w_high": 471.4648742675781,
        "52w_low": 0
    },
    "TDG": {
        "close": 1423.8399658203125,
        "sma200": 1332.3199609375,
        "sma50": 1328.4719995117186,
        "rsi_weekly": 58.21568476514714,
        "rsi_monthly": 69.26932000078428,
        "52w_high": 1516.55029296875,
        "52w_low": 0
    },
    "TRV": {
        "close": 272.739990234375,
        "sma200": 269.6692710113525,
        "sma50": 285.02784851074216,
        "rsi_weekly": 53.87842072210771,
        "rsi_monthly": 74.05468546538687,
        "52w_high": 293.8399963378906,
        "52w_low": 0
    },
    "TRU": {
        "close": 85.5,
        "sma200": 85.25185722351074,
        "sma50": 83.69776733398437,
        "rsi_weekly": 53.275281787447845,
        "rsi_monthly": 65.62877084641862,
        "52w_high": 99.71392822265625,
        "52w_low": 0
    },
    "TYL": {
        "close": 452.0,
        "sma200": 530.6055987548829,
        "sma50": 459.08219970703124,
        "rsi_weekly": 32.023369882343324,
        "rsi_monthly": 44.96701049555504,
        "52w_high": 646.739990234375,
        "52w_low": 0
    },
    "TSN": {
        "close": 60.439998626708984,
        "sma200": 55.21048334121704,
        "sma50": 56.393047943115235,
        "rsi_weekly": 57.97991820744919,
        "rsi_monthly": 54.655972571105075,
        "52w_high": 62.12738037109375,
        "52w_low": 0
    },
    "USB": {
        "close": 53.5,
        "sma200": 45.73050357818604,
        "sma50": 50.77935081481934,
        "rsi_weekly": 70.82779419064015,
        "rsi_monthly": 70.08458613117433,
        "52w_high": 56.08000183105469,
        "52w_low": 0
    },
    "UDR": {
        "close": 36.72999954223633,
        "sma200": 37.65523962020874,
        "sma50": 35.246287689208984,
        "rsi_weekly": 49.220977530348506,
        "rsi_monthly": 43.74815606842479,
        "52w_high": 44.02199172973633,
        "52w_low": 0
    }
}