{
    "last_scan_index": 300,
    "AAPL": {
        "close": 248.35000610351562,
        "sma200": 234.39857795715332,
        "sma50": 270.19619842529295,
        "rsi_weekly": 51.05965920779798,
        "rsi_monthly": 65.05591706348105,
        "52w_high": 286.19000244140625,
        "52w_low": 0
    },
    "NVDA": {
        "close": 184.83999633789062,
        "sma200": 165.24091972351073,
        "sma50": 184.0501092529297,
        "rsi_weekly": 56.61352265682403,
        "rsi_monthly": 76.36247614321196,
        "52w_high": 207.02847290039062,
        "52w_low": 0
    },
    "TSLA": {
        "close": 449.3599853515625,
        "sma200": 371.67680030822754,
        "sma50": 442.3198016357422,
        "rsi_weekly": 55.767272209839355,
        "rsi_monthly": 70.21254147643917,
        "52w_high": 489.8800048828125,
        "52w_low": 0
    },
    "MSFT": {
        "close": 451.1400146484375,
        "sma200": 482.25812576293947,
        "sma50": 481.6579150390625,
        "rsi_weekly": 40.97292775287468,
        "rsi_monthly": 64.94484830677895,
        "52w_high": 541.057373046875,
        "52w_low": 0
    },
    "AMD": {
        "close": 253.72999572753906,
        "sma200": 170.95559978485107,
        "sma50": 220.6750003051758,
        "rsi_weekly": 60.57175331207617,
        "rsi_monthly": 69.38721493424931,
        "52w_high": 264.3299865722656,
        "52w_low": 0
    },
    "KHC": {
        "close": 22.719999313354492,
        "sma200": 25.688277730941774,
        "sma50": 24.25398754119873,
        "rsi_weekly": 37.180933415192946,
        "rsi_monthly": 26.123271421591205,
        "52w_high": 30.794836044311523,
        "52w_low": 0
    },
    "KR": {
        "close": 62.650001525878906,
        "sma200": 67.09193225860595,
        "sma50": 63.624523620605466,
        "rsi_weekly": 45.85908684203911,
        "rsi_monthly": 64.22843998709044,
        "52w_high": 73.58164978027344,
        "52w_low": 0
    },
    "LHX": {
        "close": 355.75,
        "sma200": 268.70341796875,
        "sma50": 299.0905352783203,
        "rsi_weekly": 81.32489663006197,
        "rsi_monthly": 72.32699605120555,
        "52w_high": 355.75,
        "52w_low": 0
    },
    "LH": {
        "close": 269.9700012207031,
        "sma200": 258.7765068054199,
        "sma50": 260.55281005859376,
        "rsi_weekly": 55.75441560221275,
        "rsi_monthly": 48.85784772868097,
        "52w_high": 290.1536865234375,
        "52w_low": 0
    },
    "LRCX": {
        "close": 220.6999969482422,
        "sma200": 121.40690645217896,
        "sma50": 174.90269958496094,
        "rsi_weekly": 84.80645918678756,
        "rsi_monthly": 86.09799172584476,
        "52w_high": 228.38999938964844,
        "52w_low": 0
    },
    "LW": {
        "close": 44.11000061035156,
        "sma200": 54.352366008758544,
        "sma50": 51.496799850463866,
        "rsi_weekly": 34.719453625596515,
        "rsi_monthly": 29.530303507399584,
        "52w_high": 66.17394256591797,
        "52w_low": 0
    },
    "LVS": {
        "close": 59.939998626708984,
        "sma200": 51.77395251274109,
        "sma50": 64.80579933166504,
        "rsi_weekly": 51.92832244588291,
        "rsi_monthly": 73.17663223582119,
        "52w_high": 69.48999786376953,
        "52w_low": 0
    },
    "LDOS": {
        "close": 193.4499969482422,
        "sma200": 172.34430320739747,
        "sma50": 189.2970590209961,
        "rsi_weekly": 60.16545298178916,
        "rsi_monthly": 76.45757412920173,
        "52w_high": 199.09774780273438,
        "52w_low": 0
    },
    "LEN": {
        "close": 114.70999908447266,
        "sma200": 117.22910121917725,
        "sma50": 117.15600036621093,
        "rsi_weekly": 49.09964048037752,
        "rsi_monthly": 46.588464781486785,
        "52w_high": 141.796142578125,
        "52w_low": 0
    },
    "LLY": {
        "close": 1087.3800048828125,
        "sma200": 842.1480465698243,
        "sma50": 1050.5536047363282,
        "rsi_weekly": 62.431716023455714,
        "rsi_monthly": 75.41243222874594,
        "52w_high": 1109.93994140625,
        "52w_low": 0
    },
    "LIN": {
        "close": 445.6400146484375,
        "sma200": 449.1347024536133,
        "sma50": 420.9761407470703,
        "rsi_weekly": 50.165335481434916,
        "rsi_monthly": 66.3743279529143,
        "52w_high": 481.8155212402344,
        "52w_low": 0
    },
    "LYV": {
        "close": 138.13999938964844,
        "sma200": 146.79210010528564,
        "sma50": 139.46200134277345,
        "rsi_weekly": 48.7722456263887,
        "rsi_monthly": 63.96659478076111,
        "52w_high": 174.05999755859375,
        "52w_low": 0
    },
    "LKQ": {
        "close": 34.119998931884766,
        "sma200": 33.49392147064209,
        "sma50": 30.69465560913086,
        "rsi_weekly": 55.654932328274185,
        "rsi_monthly": 57.29197901810477,
        "52w_high": 42.58024978637695,
        "52w_low": 0
    },
    "LMT": {
        "close": 593.9099731445312,
        "sma200": 467.7853987121582,
        "sma50": 488.9307177734375,
        "rsi_weekly": 75.66295094272915,
        "rsi_monthly": 55.56437945529205,
        "52w_high": 593.9099731445312,
        "52w_low": 0
    },
    "L": {
        "close": 102.4000015258789,
        "sma200": 95.89682991027831,
        "sma50": 104.93988540649414,
        "rsi_weekly": 55.434097347252305,
        "rsi_monthly": 77.67718922367301,
        "52w_high": 108.26000213623047,
        "52w_low": 0
    },
    "LOW": {
        "close": 274.95001220703125,
        "sma200": 236.2503113555908,
        "sma50": 245.83075439453125,
        "rsi_weekly": 66.70466672160939,
        "rsi_monthly": 70.04803999758917,
        "52w_high": 277.1099853515625,
        "52w_low": 0
    },
    "LULU": {
        "close": 194.66000366210938,
        "sma200": 216.430698928833,
        "sma50": 192.98799774169922,
        "rsi_weekly": 48.96737744482774,
        "rsi_monthly": 42.09858213970717,
        "52w_high": 421.1600036621094,
        "52w_low": 0
    },
    "LYB": {
        "close": 51.540000915527344,
        "sma200": 50.57448015213013,
        "sma50": 45.15421112060547,
        "rsi_weekly": 53.69843278783136,
        "rsi_monthly": 40.85130351309202,
        "52w_high": 71.61602020263672,
        "52w_low": 0
    },
    "MTB": {
        "close": 217.4600067138672,
        "sma200": 187.9249961090088,
        "sma50": 199.86245666503908,
        "rsi_weekly": 67.52428991688424,
        "rsi_monthly": 63.98927731146655,
        "52w_high": 219.16000366210938,
        "52w_low": 0
    },
    "MPC": {
        "close": 175.75999450683594,
        "sma200": 170.89611316680907,
        "sma50": 181.8743762207031,
        "rsi_weekly": 49.10658690127853,
        "rsi_monthly": 53.0291344908167,
        "52w_high": 199.1273956298828,
        "52w_low": 0
    },
    "MKTX": {
        "close": 171.66000366210938,
        "sma200": 192.03143577575685,
        "sma50": 172.84464569091796,
        "rsi_weekly": 46.33806329189112,
        "rsi_monthly": 36.24378004948619,
        "52w_high": 228.3568115234375,
        "52w_low": 0
    },
    "MAR": {
        "close": 321.6700134277344,
        "sma200": 272.0497989654541,
        "sma50": 305.35888916015625,
        "rsi_weekly": 67.47695604517911,
        "rsi_monthly": 71.95656789386403,
        "52w_high": 328.17999267578125,
        "52w_low": 0
    },
    "MMC": {
        "close": 180.64999389648438,
        "sma200": 202.7051915740967,
        "sma50": 183.43239868164062,
        "rsi_weekly": 39.442512251410044,
        "rsi_monthly": 50.49594604470299,
        "52w_high": 242.1346435546875,
        "52w_low": 0
    },
    "MLM": {
        "close": 652.0700073242188,
        "sma200": 587.9312046813965,
        "sma50": 626.3536303710938,
        "rsi_weekly": 63.596124878083195,
        "rsi_monthly": 75.61379237974113,
        "52w_high": 666.6699829101562,
        "52w_low": 0
    }
}