{
    "last_scan_index": 50,
    "AAPL": {
        "close": 255.52999877929688,
        "sma200": 233.7518910217285,
        "sma50": 271.494140625,
        "rsi_weekly": 53.76185331706377,
        "rsi_monthly": 65.05597433005521,
        "52w_high": 286.19000244140625,
        "52w_low": 0
    },
    "NVDA": {
        "close": 186.22999572753906,
        "sma200": 164.0421415710449,
        "sma50": 184.55367309570312,
        "rsi_weekly": 55.832537580285,
        "rsi_monthly": 76.36247207528285,
        "52w_high": 207.02847290039062,
        "52w_low": 0
    },
    "TSLA": {
        "close": 437.5,
        "sma200": 369.1239003753662,
        "sma50": 443.0688018798828,
        "rsi_weekly": 57.433070397524055,
        "rsi_monthly": 70.21254147643917,
        "52w_high": 489.8800048828125,
        "52w_low": 0
    },
    "MSFT": {
        "close": 459.8599853515625,
        "sma200": 481.05499572753905,
        "sma50": 484.6280310058594,
        "rsi_weekly": 46.92493293875397,
        "rsi_monthly": 64.94486719737016,
        "52w_high": 541.057373046875,
        "52w_low": 0
    },
    "AMD": {
        "close": 231.8300018310547,
        "sma200": 168.69094982147217,
        "sma50": 220.51739990234375,
        "rsi_weekly": 52.90812131363197,
        "rsi_monthly": 69.38721493424931,
        "52w_high": 264.3299865722656,
        "52w_low": 0
    },
    "AEP": {
        "close": 119.95999908447266,
        "sma200": 109.77821380615234,
        "sma50": 118.04455856323243,
        "rsi_weekly": 57.32562905933074,
        "rsi_monthly": 75.84522472018888,
        "52w_high": 123.7699966430664,
        "52w_low": 0
    },
    "AXP": {
        "close": 364.7900085449219,
        "sma200": 321.14445747375487,
        "sma50": 367.5926812744141,
        "rsi_weekly": 63.346893656945255,
        "rsi_monthly": 80.55173273057392,
        "52w_high": 384.0368957519531,
        "52w_low": 0
    },
    "AIG": {
        "close": 72.93000030517578,
        "sma200": 80.02313873291016,
        "sma50": 79.04000854492188,
        "rsi_weekly": 42.891155250042125,
        "rsi_monthly": 67.04857540583751,
        "52w_high": 86.58999633789062,
        "52w_low": 0
    },
    "AMT": {
        "close": 183.57000732421875,
        "sma200": 196.9241714477539,
        "sma50": 176.69078125,
        "rsi_weekly": 33.67796686750019,
        "rsi_monthly": 45.47567349081708,
        "52w_high": 228.10018920898438,
        "52w_low": 0
    },
    "AWK": {
        "close": 133.33999633789062,
        "sma200": 137.6248365020752,
        "sma50": 130.43046081542968,
        "rsi_weekly": 39.00234480895825,
        "rsi_monthly": 40.57743987514537,
        "52w_high": 149.23483276367188,
        "52w_low": 0
    },
    "AMP": {
        "close": 509.32000732421875,
        "sma200": 492.18098907470704,
        "sma50": 479.3452337646484,
        "rsi_weekly": 56.49389889246045,
        "rsi_monthly": 62.21403953840073,
        "52w_high": 567.8557739257812,
        "52w_low": 0
    },
    "AME": {
        "close": 215.64999389648438,
        "sma200": 184.78788368225096,
        "sma50": 201.88997924804687,
        "rsi_weekly": 70.99960101611367,
        "rsi_monthly": 80.0566185939436,
        "52w_high": 215.64999389648438,
        "52w_low": 0
    },
    "AMGN": {
        "close": 330.4100036621094,
        "sma200": 295.50031341552733,
        "sma50": 330.06913330078123,
        "rsi_weekly": 57.4369502651361,
        "rsi_monthly": 39.79332710069744,
        "52w_high": 345.4599914550781,
        "52w_low": 0
    },
    "APH": {
        "close": 154.38999938964844,
        "sma200": 110.5718512916565,
        "sma50": 138.0293327331543,
        "rsi_weekly": 68.6220115650475,
        "rsi_monthly": 87.05903194672453,
        "52w_high": 154.38999938964844,
        "52w_low": 0
    },
    "ADI": {
        "close": 300.25,
        "sma200": 235.68646438598634,
        "sma50": 266.663076171875,
        "rsi_weekly": 71.45689353950416,
        "rsi_monthly": 66.93934278988228,
        "52w_high": 302.1000061035156,
        "52w_low": 0
    },
    "AON": {
        "close": 343.8599853515625,
        "sma200": 356.564758605957,
        "sma50": 349.11580078125,
        "rsi_weekly": 48.244499212501495,
        "rsi_monthly": 61.813201100930826,
        "52w_high": 407.60504150390625,
        "52w_low": 0
    },
    "APA": {
        "close": 25.780000686645508,
        "sma200": 20.895705618858337,
        "sma50": 24.837999992370605,
        "rsi_weekly": 57.61609312942304,
        "rsi_monthly": 43.94956782719926,
        "52w_high": 27.100000381469727,
        "52w_low": 0
    },
    "APO": {
        "close": 143.8800048828125,
        "sma200": 135.52471145629883,
        "sma50": 139.50165466308593,
        "rsi_weekly": 57.49165956212464,
        "rsi_monthly": 67.32149433455128,
        "52w_high": 169.67230224609375,
        "52w_low": 0
    },
    "AMAT": {
        "close": 327.010009765625,
        "sma200": 198.9959275817871,
        "sma50": 260.0497283935547,
        "rsi_weekly": 78.92556808608768,
        "rsi_monthly": 79.0695856557872,
        "52w_high": 327.010009765625,
        "52w_low": 0
    },
    "APTV": {
        "close": 78.61000061035156,
        "sma200": 73.31865003585816,
        "sma50": 78.99399993896485,
        "rsi_weekly": 63.437768506857026,
        "rsi_monthly": 48.72551059290572,
        "52w_high": 88.66999816894531,
        "52w_low": 0
    },
    "ACGL": {
        "close": 90.6500015258789,
        "sma200": 91.22510009765625,
        "sma50": 93.22460021972657,
        "rsi_weekly": 56.4598093202281,
        "rsi_monthly": 64.04711913398052,
        "52w_high": 97.12000274658203,
        "52w_low": 0
    },
    "ADM": {
        "close": 65.18000030517578,
        "sma200": 55.44296092987061,
        "sma50": 59.24270118713379,
        "rsi_weekly": 59.44069362109061,
        "rsi_monthly": 48.401043271920976,
        "52w_high": 66.56999969482422,
        "52w_low": 0
    },
    "ANET": {
        "close": 129.8300018310547,
        "sma200": 118.7818493270874,
        "sma50": 129.16519912719727,
        "rsi_weekly": 47.112433632503915,
        "rsi_monthly": 65.79748500597414,
        "52w_high": 162.02999877929688,
        "52w_low": 0
    },
    "AJG": {
        "close": 258.5199890136719,
        "sma200": 294.76892349243167,
        "sma50": 253.2034832763672,
        "rsi_weekly": 44.48562012089321,
        "rsi_monthly": 52.18140021388882,
        "52w_high": 346.4054870605469,
        "52w_low": 0
    },
    "AIZ": {
        "close": 234.0,
        "sma200": 208.0997274017334,
        "sma50": 230.7419775390625,
        "rsi_weekly": 67.66589760450823,
        "rsi_monthly": 75.56334277026448,
        "52w_high": 242.1300048828125,
        "52w_low": 0
    },
    "T": {
        "close": 23.489999771118164,
        "sma200": 26.309883995056154,
        "sma50": 24.528268394470214,
        "rsi_weekly": 36.27852750348995,
        "rsi_monthly": 50.60915368719338,
        "52w_high": 28.964923858642578,
        "52w_low": 0
    },
    "ATO": {
        "close": 170.47000122070312,
        "sma200": 162.30462295532226,
        "sma50": 170.70025939941405,
        "rsi_weekly": 50.87321708538781,
        "rsi_monthly": 70.51276715581292,
        "52w_high": 178.1669921875,
        "52w_low": 0
    },
    "ADSK": {
        "close": 265.69000244140625,
        "sma200": 296.2205000305176,
        "sma50": 293.9410003662109,
        "rsi_weekly": 39.093804891484616,
        "rsi_monthly": 58.46462061753758,
        "52w_high": 326.7900085449219,
        "52w_low": 0
    }
}