{
    "last_scan_index": 400,
    "AAPL": {
        "close": 259.3699951171875,
        "sma200": 232.80100143432617,
        "sma50": 272.57918151855466,
        "rsi_weekly": 63.04886250631755,
        "rsi_monthly": 65.05595227162694,
        "52w_high": 286.19000244140625,
        "52w_low": 0
    },
    "NVDA": {
        "close": 184.86000061035156,
        "sma200": 162.17273921966552,
        "sma50": 186.36893981933594,
        "rsi_weekly": 58.6487057322824,
        "rsi_monthly": 76.36247542782036,
        "52w_high": 207.02847290039062,
        "52w_low": 0
    },
    "TSLA": {
        "close": 445.010009765625,
        "sma200": 364.7485501861572,
        "sma50": 444.2562017822266,
        "rsi_weekly": 56.31157929953819,
        "rsi_monthly": 70.21254147643917,
        "52w_high": 489.8800048828125,
        "52w_low": 0
    },
    "MSFT": {
        "close": 479.2799987792969,
        "sma200": 478.96978759765625,
        "sma50": 490.38487426757814,
        "rsi_weekly": 44.490724597069544,
        "rsi_monthly": 64.94486431935181,
        "52w_high": 541.057373046875,
        "52w_low": 0
    },
    "AMD": {
        "close": 203.1699981689453,
        "sma200": 165.75879978179933,
        "sma50": 223.97699920654296,
        "rsi_weekly": 60.71614808686848,
        "rsi_monthly": 69.38721493424931,
        "52w_high": 264.3299865722656,
        "52w_low": 0
    },
    "PFG": {
        "close": 90.29000091552734,
        "sma200": 79.56133518218994,
        "sma50": 86.14438858032227,
        "rsi_weekly": 66.39217246162063,
        "rsi_monthly": 65.68604012503437,
        "52w_high": 91.80000305175781,
        "52w_low": 0
    },
    "PG": {
        "close": 141.8699951171875,
        "sma200": 154.02131896972656,
        "sma50": 145.20320068359376,
        "rsi_weekly": 36.029353198935965,
        "rsi_monthly": 42.97759873491181,
        "52w_high": 172.77017211914062,
        "52w_low": 0
    },
    "PGR": {
        "close": 215.16000366210938,
        "sma200": 233.51061653137208,
        "sma50": 210.2673016357422,
        "rsi_weekly": 43.61054353593029,
        "rsi_monthly": 56.734807365363146,
        "52w_high": 273.5130615234375,
        "52w_low": 0
    },
    "PLD": {
        "close": 129.39999389648438,
        "sma200": 112.02256412506104,
        "sma50": 126.23006668090821,
        "rsi_weekly": 65.3824273326234,
        "rsi_monthly": 67.48234020758908,
        "52w_high": 129.69000244140625,
        "52w_low": 0
    },
    "PRU": {
        "close": 118.08000183105469,
        "sma200": 103.88930728912354,
        "sma50": 110.07533660888672,
        "rsi_weekly": 62.16017059446652,
        "rsi_monthly": 65.3044756642975,
        "52w_high": 118.72000122070312,
        "52w_low": 0
    },
    "PEG": {
        "close": 78.68000030517578,
        "sma200": 80.83290927886964,
        "sma50": 80.43975357055665,
        "rsi_weekly": 49.659631031401055,
        "rsi_monthly": 65.5541255611653,
        "52w_high": 88.72160339355469,
        "52w_low": 0
    },
    "PTC": {
        "close": 171.52000427246094,
        "sma200": 183.01759994506835,
        "sma50": 177.4444009399414,
        "rsi_weekly": 38.26453870805651,
        "rsi_monthly": 48.49976701847694,
        "52w_high": 216.52999877929688,
        "52w_low": 0
    },
    "PSA": {
        "close": 278.1499938964844,
        "sma200": 281.6566558837891,
        "sma50": 268.4507861328125,
        "rsi_weekly": 37.56530224263638,
        "rsi_monthly": 43.13086813534985,
        "52w_high": 308.3981628417969,
        "52w_low": 0
    },
    "PHM": {
        "close": 132.1999969482422,
        "sma200": 115.57721118927002,
        "sma50": 121.31022735595702,
        "rsi_weekly": 47.88447877618152,
        "rsi_monthly": 55.686274283941586,
        "52w_high": 140.8990936279297,
        "52w_low": 0
    },
    "QRVO": {
        "close": 81.77999877929688,
        "sma200": 83.1232248878479,
        "sma50": 86.68379959106446,
        "rsi_weekly": 49.846131820847475,
        "rsi_monthly": 64.763389588317,
        "52w_high": 97.41999816894531,
        "52w_low": 0
    },
    "PWR": {
        "close": 422.57000732421875,
        "sma200": 382.36813774108884,
        "sma50": 441.7607110595703,
        "rsi_weekly": 59.7486810380389,
        "rsi_monthly": 75.22279454800932,
        "52w_high": 466.7882995605469,
        "52w_low": 0
    },
    "QCOM": {
        "close": 177.77999877929688,
        "sma200": 158.3346290588379,
        "sma50": 173.34012298583986,
        "rsi_weekly": 55.5549146795876,
        "rsi_monthly": 63.86822264930513,
        "52w_high": 186.72589111328125,
        "52w_low": 0
    },
    "DGX": {
        "close": 174.44000244140625,
        "sma200": 176.7246990966797,
        "sma50": 181.01900054931642,
        "rsi_weekly": 44.644314397583074,
        "rsi_monthly": 52.72814360804608,
        "52w_high": 192.35000610351562,
        "52w_low": 0
    },
    "RL": {
        "close": 369.80999755859375,
        "sma200": 294.98394386291505,
        "sma50": 348.8614013671875,
        "rsi_weekly": 69.5739245391944,
        "rsi_monthly": 84.52631855480475,
        "52w_high": 370.76129150390625,
        "52w_low": 0
    },
    "RJF": {
        "close": 167.7100067138672,
        "sma200": 155.95433788299562,
        "sma50": 160.72247955322266,
        "rsi_weekly": 54.01232817771066,
        "rsi_monthly": 68.49606619299706,
        "52w_high": 175.32736206054688,
        "52w_low": 0
    },
    "RTX": {
        "close": 188.5,
        "sma200": 153.93664016723633,
        "sma50": 177.7655191040039,
        "rsi_weekly": 71.94547826680282,
        "rsi_monthly": 82.73182561530054,
        "52w_high": 190.39999389648438,
        "52w_low": 0
    },
    "O": {
        "close": 58.16999816894531,
        "sma200": 56.26933721542358,
        "sma50": 56.81183990478516,
        "rsi_weekly": 51.950012862936795,
        "rsi_monthly": 45.68041753912123,
        "52w_high": 59.78767013549805,
        "52w_low": 0
    },
    "REG": {
        "close": 69.72000122070312,
        "sma200": 69.65385349273681,
        "sma50": 68.82339294433594,
        "rsi_weekly": 45.54096854232324,
        "rsi_monthly": 51.84997623669778,
        "52w_high": 74.66252136230469,
        "52w_low": 0
    },
    "REGN": {
        "close": 796.5499877929688,
        "sma200": 606.4558761596679,
        "sma50": 730.40998046875,
        "rsi_weekly": 65.66468545533408,
        "rsi_monthly": 54.97004005497093,
        "52w_high": 812.27001953125,
        "52w_low": 0
    },
    "RF": {
        "close": 28.520000457763672,
        "sma200": 23.946716251373292,
        "sma50": 26.062183990478516,
        "rsi_weekly": 65.19409384993276,
        "rsi_monthly": 65.85490103968193,
        "52w_high": 28.84000015258789,
        "52w_low": 0
    },
    "RSG": {
        "close": 212.22000122070312,
        "sma200": 230.38573791503907,
        "sma50": 211.3278955078125,
        "rsi_weekly": 37.43997295140545,
        "rsi_monthly": 61.44733379104037,
        "52w_high": 255.99313354492188,
        "52w_low": 0
    },
    "RMD": {
        "close": 252.47000122070312,
        "sma200": 254.2763821411133,
        "sma50": 248.62409912109376,
        "rsi_weekly": 42.386140663062505,
        "rsi_monthly": 41.173224327939394,
        "52w_high": 293.03302001953125,
        "52w_low": 0
    },
    "RVTY": {
        "close": 104.43000030517578,
        "sma200": 94.10598079681397,
        "sma50": 97.71199981689453,
        "rsi_weekly": 52.231498078666796,
        "rsi_monthly": 49.66723132612653,
        "52w_high": 126.55814361572266,
        "52w_low": 0
    },
    "RHI": {
        "close": 29.020000457763672,
        "sma200": 36.011216249465946,
        "sma50": 26.920622100830077,
        "rsi_weekly": 29.917851717031066,
        "rsi_monthly": 25.484711384866888,
        "52w_high": 67.13591766357422,
        "52w_low": 0
    },