{
    "last_scan_index": 100,
    "AAPL": {
        "close": 248.2100067138672,
        "sma200": 234.735419921875,
        "sma50": 269.7717987060547,
        "rsi_weekly": 51.05965918875138,
        "rsi_monthly": 65.05591712142645,
        "52w_high": 286.19000244140625,
        "52w_low": 0
    },
    "NVDA": {
        "close": 187.94500732421875,
        "sma200": 165.69253318786622,
        "sma50": 183.8282308959961,
        "rsi_weekly": 56.613522768417,
        "rsi_monthly": 76.36247911136279,
        "52w_high": 207.02847290039062,
        "52w_low": 0
    },
    "TSLA": {
        "close": 447.9590148925781,
        "sma200": 372.7501454162598,
        "sma50": 442.3743817138672,
        "rsi_weekly": 55.767272209839355,
        "rsi_monthly": 70.21254147643917,
        "52w_high": 489.8800048828125,
        "52w_low": 0
    },
    "MSFT": {
        "close": 469.3550109863281,
        "sma200": 482.82514358520507,
        "sma50": 480.9439208984375,
        "rsi_weekly": 40.972927874949995,
        "rsi_monthly": 64.94487476413148,
        "52w_high": 541.057373046875,
        "52w_low": 0
    },
    "AMD": {
        "close": 258.65008544921875,
        "sma200": 171.83065021514892,
        "sma50": 220.96840209960936,
        "rsi_weekly": 60.57175331207617,
        "rsi_monthly": 69.38721493424931,
        "52w_high": 264.3299865722656,
        "52w_low": 0
    },
    "BR": {
        "close": 207.05999755859375,
        "sma200": 235.2390002441406,
        "sma50": 224.01094665527344,
        "rsi_weekly": 39.60346037469484,
        "rsi_monthly": 49.66980912499056,
        "52w_high": 264.7299499511719,
        "52w_low": 0
    },
    "BRO": {
        "close": 79.01000213623047,
        "sma200": 95.42514766693115,
        "sma50": 79.8568000793457,
        "rsi_weekly": 36.16606726922982,
        "rsi_monthly": 51.39226887190748,
        "52w_high": 123.80648040771484,
        "52w_low": 0
    },
    "BLDR": {
        "close": 124.31999969482422,
        "sma200": 120.06399982452393,
        "sma50": 109.70980072021484,
        "rsi_weekly": 55.18763462311015,
        "rsi_monthly": 52.584272979150995,
        "52w_high": 173.50999450683594,
        "52w_low": 0
    },
    "BG": {
        "close": 111.80999755859375,
        "sma200": 84.50783828735352,
        "sma50": 96.01576416015625,
        "rsi_weekly": 70.83586358654671,
        "rsi_monthly": 65.71326256301958,
        "52w_high": 112.66000366210938,
        "52w_low": 0
    },
    "CDNS": {
        "close": 323.239990234375,
        "sma200": 322.21595001220703,
        "sma50": 317.49480041503904,
        "rsi_weekly": 48.181916164577224,
        "rsi_monthly": 60.02370140142533,
        "52w_high": 373.3699951171875,
        "52w_low": 0
    },
    "CZR": {
        "close": 23.295000076293945,
        "sma200": 25.482400035858156,
        "sma50": 23.11870014190674,
        "rsi_weekly": 48.85674118912123,
        "rsi_monthly": 31.691570134862843,
        "52w_high": 39.7599983215332,
        "52w_low": 0
    },
    "CPT": {
        "close": 107.31500244140625,
        "sma200": 107.53897693634033,
        "sma50": 105.83246459960938,
        "rsi_weekly": 55.724469333698266,
        "rsi_monthly": 56.13709974186473,
        "52w_high": 120.8723373413086,
        "52w_low": 0
    },
    "CPB": {
        "close": 26.674999237060547,
        "sma200": 31.066108112335204,
        "sma50": 28.3258349609375,
        "rsi_weekly": 27.288171319977085,
        "rsi_monthly": 19.08050822418597,
        "52w_high": 40.011085510253906,
        "52w_low": 0
    },
    "COF": {
        "close": 218.81179809570312,
        "sma200": 212.06949783325194,
        "sma50": 231.67944763183593,
        "rsi_weekly": 59.74609349773267,
        "rsi_monthly": 75.86346719919756,
        "52w_high": 257.94000244140625,
        "52w_low": 0
    },
    "CAH": {
        "close": 207.8000030517578,
        "sma200": 167.0831620788574,
        "sma50": 205.09280151367187,
        "rsi_weekly": 72.31743929553613,
        "rsi_monthly": 79.62822763991235,
        "52w_high": 213.55999755859375,
        "52w_low": 0
    },
    "KMX": {
        "close": 46.810001373291016,
        "sma200": 54.213549833297726,
        "sma50": 40.09640014648438,
        "rsi_weekly": 51.61042416323723,
        "rsi_monthly": 45.538095683895804,
        "52w_high": 89.19000244140625,
        "52w_low": 0
    },
    "CCL": {
        "close": 28.844200134277344,
        "sma200": 27.04822109222412,
        "sma50": 28.343484230041504,
        "rsi_weekly": 51.90044941792742,
        "rsi_monthly": 59.18996459797011,
        "52w_high": 32.4900016784668,
        "52w_low": 0
    },
    "CARR": {
        "close": 57.35499954223633,
        "sma200": 62.66152549743652,
        "sma50": 53.83311996459961,
        "rsi_weekly": 43.878920561818624,
        "rsi_monthly": 41.20504576794175,
        "52w_high": 80.07727813720703,
        "52w_low": 0
    },
    "CAT": {
        "close": 632.2349853515625,
        "sma200": 454.8716613769531,
        "sma50": 590.8169226074219,
        "rsi_weekly": 77.92958957809192,
        "rsi_monthly": 81.48118822544681,
        "52w_high": 648.4099731445312,
        "52w_low": 0
    },
    "CBOE": {
        "close": 274.739990234375,
        "sma200": 239.73242851257325,
        "sma50": 257.3679995727539,
        "rsi_weekly": 66.39831865677577,
        "rsi_monthly": 76.10912643270807,
        "52w_high": 277.1199951171875,
        "52w_low": 0
    },
    "CBRE": {
        "close": 167.75,
        "sma200": 148.4091003036499,
        "sma50": 161.23279998779296,
        "rsi_weekly": 65.36336604859382,
        "rsi_monthly": 73.58677674784748,
        "52w_high": 171.58999633789062,
        "52w_low": 0
    },
    "CDW": {
        "close": 127.30500030517578,
        "sma200": 159.23506313323975,
        "sma50": 139.23139205932617,
        "rsi_weekly": 33.261815885626646,
        "rsi_monthly": 49.75648285699342,
        "52w_high": 203.06805419921875,
        "52w_low": 0
    },
    "CE": {
        "close": 47.494998931884766,
        "sma200": 46.59817785263061,
        "sma50": 42.15709999084473,
        "rsi_weekly": 51.95000967211646,
        "rsi_monthly": 36.96584166564073,
        "52w_high": 73.9379653930664,
        "52w_low": 0
    },
    "COR": {
        "close": 348.5199890136719,
        "sma200": 310.81811462402345,
        "sma50": 349.3802801513672,
        "rsi_weekly": 64.83624492698527,
        "rsi_monthly": 69.12058776402174,
        "52w_high": 374.75,
        "52w_low": 0
    },
    "CNC": {
        "close": 45.84000015258789,
        "sma200": 41.706249933242795,
        "sma50": 40.70719993591309,
        "rsi_weekly": 60.27898634308833,
        "rsi_monthly": 43.935138280302226,
        "52w_high": 65.88999938964844,
        "52w_low": 0
    },
    "CNP": {
        "close": 38.5099983215332,
        "sma200": 37.741158714294436,
        "sma50": 38.68127807617188,
        "rsi_weekly": 59.63657137494985,
        "rsi_monthly": 64.44414335633837,
        "52w_high": 39.996612548828125,
        "52w_low": 0
    },
    "CF": {
        "close": 92.6500015258789,
        "sma200": 84.95915252685546,
        "sma50": 80.59962753295899,
        "rsi_weekly": 55.24814876591864,
        "rsi_monthly": 58.06333397662284,
        "52w_high": 101.27503967285156,
        "52w_low": 0
    },
    "CHRW": {
        "close": 177.72500610351562,
        "sma200": 123.60288646697998,
        "sma50": 161.90967834472656,
        "rsi_weekly": 77.83112400339218,
        "rsi_monthly": 65.22844931970458,
        "52w_high": 179.3800048828125,
        "52w_low": 0
    },
    "CRL": {
        "close": 218.88999938964844,
        "sma200": 162.99750011444092,
        "sma50": 194.52780029296875,
        "rsi_weekly": 68.09569978107834,
        "rsi_monthly": 69.54139212632656,
        "52w_high": 226.77000427246094,
        "52w_low": 0
    }
}