{
    "last_scan_index": 200,
    "AAPL": {
        "close": 246.6999969482422,
        "sma200": 233.86975593566893,
        "sma50": 271.0305728149414,
        "rsi_weekly": 51.05965919092025,
        "rsi_monthly": 65.05591590927058,
        "52w_high": 286.19000244140625,
        "52w_low": 0
    },
    "NVDA": {
        "close": 178.07000732421875,
        "sma200": 164.38049156188964,
        "sma50": 184.2110903930664,
        "rsi_weekly": 56.61352280170353,
        "rsi_monthly": 76.36247489375792,
        "52w_high": 207.02847290039062,
        "52w_low": 0
    },
    "TSLA": {
        "close": 419.25,
        "sma200": 369.8063503265381,
        "sma50": 442.21240173339845,
        "rsi_weekly": 55.767272209839355,
        "rsi_monthly": 70.21254147643917,
        "52w_high": 489.8800048828125,
        "52w_low": 0
    },
    "MSFT": {
        "close": 454.5199890136719,
        "sma200": 481.42708404541014,
        "sma50": 483.5941796875,
        "rsi_weekly": 40.972927726117646,
        "rsi_monthly": 64.94484759304824,
        "52w_high": 541.057373046875,
        "52w_low": 0
    },
    "AMD": {
        "close": 231.9199981689453,
        "sma200": 169.33574981689452,
        "sma50": 220.02920013427735,
        "rsi_weekly": 60.57175331207617,
        "rsi_monthly": 69.38721493424931,
        "52w_high": 264.3299865722656,
        "52w_low": 0
    },
    "EQR": {
        "close": 61.02000045776367,
        "sma200": 63.54614255905151,
        "sma50": 60.56315284729004,
        "rsi_weekly": 49.30774718521436,
        "rsi_monthly": 48.42464108663838,
        "52w_high": 71.96408081054688,
        "52w_low": 0
    },
    "ESS": {
        "close": 256.25,
        "sma200": 263.72480926513674,
        "sma50": 255.4742581176758,
        "rsi_weekly": 48.7234060596214,
        "rsi_monthly": 48.808417244310824,
        "52w_high": 302.4346923828125,
        "52w_low": 0
    },
    "EL": {
        "close": 114.45999908447266,
        "sma200": 85.06769330978393,
        "sma50": 101.53996597290039,
        "rsi_weekly": 71.46212774068222,
        "rsi_monthly": 68.64616494698456,
        "52w_high": 116.91000366210938,
        "52w_low": 0
    },
    "ETR": {
        "close": 94.75,
        "sma200": 88.11211574554443,
        "sma50": 93.95330596923829,
        "rsi_weekly": 62.51464046768792,
        "rsi_monthly": 76.15064059745762,
        "52w_high": 97.5199966430664,
        "52w_low": 0
    },
    "EVRG": {
        "close": 76.12999725341797,
        "sma200": 70.71733785629273,
        "sma50": 74.38839050292968,
        "rsi_weekly": 61.82662735275233,
        "rsi_monthly": 62.14405022912938,
        "52w_high": 78.00737762451172,
        "52w_low": 0
    },
    "ES": {
        "close": 70.79000091552734,
        "sma200": 64.87223030090333,
        "sma50": 67.92615493774414,
        "rsi_weekly": 58.58498679027553,
        "rsi_monthly": 69.25084989220811,
        "52w_high": 74.04946899414062,
        "52w_low": 0
    },
    "EXC": {
        "close": 44.95000076293945,
        "sma200": 44.10812126159668,
        "sma50": 44.48868637084961,
        "rsi_weekly": 52.5449302538551,
        "rsi_monthly": 64.00485421137013,
        "52w_high": 47.82242965698242,
        "52w_low": 0
    },
    "EXPE": {
        "close": 272.1499938964844,
        "sma200": 208.93891716003418,
        "sma50": 272.66489654541016,
        "rsi_weekly": 69.11086768884823,
        "rsi_monthly": 68.73352830335362,
        "52w_high": 301.30999755859375,
        "52w_low": 0
    },
    "EXPD": {
        "close": 159.1199951171875,
        "sma200": 123.9562801361084,
        "sma50": 149.23905181884766,
        "rsi_weekly": 79.32250117430465,
        "rsi_monthly": 57.16397111775566,
        "52w_high": 163.75999450683594,
        "52w_low": 0
    },
    "EXR": {
        "close": 145.52999877929688,
        "sma200": 138.8168447494507,
        "sma50": 132.38524780273437,
        "rsi_weekly": 61.13791438215275,
        "rsi_monthly": 37.89414634668107,
        "52w_high": 154.12899780273438,
        "52w_low": 0
    },
    "XOM": {
        "close": 130.4600067138672,
        "sma200": 110.82916591644288,
        "sma50": 119.41806030273438,
        "rsi_weekly": 69.73019367998482,
        "rsi_monthly": 69.64759018090668,
        "52w_high": 130.4600067138672,
        "52w_low": 0
    },
    "FFIV": {
        "close": 259.70001220703125,
        "sma200": 285.26925170898437,
        "sma50": 252.1898013305664,
        "rsi_weekly": 47.271307626501596,
        "rsi_monthly": 54.25150740359023,
        "52w_high": 343.1700134277344,
        "52w_low": 0
    },
    "FDS": {
        "close": 277.04998779296875,
        "sma200": 358.6906336975098,
        "sma50": 282.9266387939453,
        "rsi_weekly": 36.82401803373663,
        "rsi_monthly": 24.446321736691363,
        "52w_high": 469.9656982421875,
        "52w_low": 0
    },
    "FICO": {
        "close": 1494.5,
        "sma200": 1691.5827996826172,
        "sma50": 1723.991796875,
        "rsi_weekly": 42.721669409623026,
        "rsi_monthly": 56.750432779784276,
        "52w_high": 2206.010009765625,
        "52w_low": 0
    },
    "FAST": {
        "close": 42.619998931884766,
        "sma200": 43.04079723358154,
        "sma50": 41.21100006103516,
        "rsi_weekly": 53.98899649785312,
        "rsi_monthly": 61.33827022389715,
        "52w_high": 50.12940216064453,
        "52w_low": 0
    },
    "FRT": {
        "close": 102.5999984741211,
        "sma200": 94.86316715240478,
        "sma50": 98.58464614868164,
        "rsi_weekly": 61.74774070437463,
        "rsi_monthly": 50.9843747361388,
        "52w_high": 106.85189056396484,
        "52w_low": 0
    },
    "FDX": {
        "close": 301.0299987792969,
        "sma200": 239.50464897155763,
        "sma50": 283.05609436035155,
        "rsi_weekly": 72.38028938513756,
        "rsi_monthly": 66.61324339811195,
        "52w_high": 313.54998779296875,
        "52w_low": 0
    },
    "FIS": {
        "close": 60.06999969482422,
        "sma200": 71.001953125,
        "sma50": 65.43348815917969,
        "rsi_weekly": 39.31068529421482,
        "rsi_monthly": 60.57514242326217,
        "52w_high": 81.56632995605469,
        "52w_low": 0
    },
    "FITB": {
        "close": 50.119998931884766,
        "sma200": 41.630316486358645,
        "sma50": 45.70483085632324,
        "rsi_weekly": 68.6896603939847,
        "rsi_monthly": 64.904423369955,
        "52w_high": 50.119998931884766,
        "52w_low": 0
    },
    "FSLR": {
        "close": 242.11000061035156,
        "sma200": 201.53870040893554,
        "sma50": 258.83260040283204,
        "rsi_weekly": 53.85217890795089,
        "rsi_monthly": 68.47152006392845,
        "52w_high": 284.5899963378906,
        "52w_low": 0
    },
    "FE": {
        "close": 47.2599983215332,
        "sma200": 42.929445590972904,
        "sma50": 45.501099853515626,
        "rsi_weekly": 63.92307482108482,
        "rsi_monthly": 64.35215677142112,
        "52w_high": 47.720001220703125,
        "52w_low": 0
    },
    "FMC": {
        "close": 15.390000343322754,
        "sma200": 30.6317582654953,
        "sma50": 13.77800994873047,
        "rsi_weekly": 31.080590282447957,
        "rsi_monthly": 23.117855670740052,
        "52w_high": 53.59580612182617,
        "52w_low": 0
    },
    "F": {
        "close": 13.279999732971191,
        "sma200": 11.521662192344666,
        "sma50": 13.351199951171875,
        "rsi_weekly": 59.66122579816554,
        "rsi_monthly": 79.14169775164918,
        "52w_high": 14.399999618530273,
        "52w_low": 0
    },
    "FTNT": {
        "close": 75.45999908447266,
        "sma200": 90.05860008239746,
        "sma50": 80.57720016479492,
        "rsi_weekly": 39.06279634370114,
        "rsi_monthly": 54.912633029532515,
        "52w_high": 114.56999969482422,
        "52w_low": 0
    }
}