{
    "last_scan_index": 350,
    "AAPL": {
        "close": 259.56500244140625,
        "sma200": 232.99495124816895,
        "sma50": 272.38170532226565,
        "rsi_weekly": 53.78059540755534,
        "rsi_monthly": 65.05595136058972,
        "52w_high": 286.19000244140625,
        "52w_low": 0
    },
    "NVDA": {
        "close": 183.96499633789062,
        "sma200": 162.52386764526366,
        "sma50": 185.90767028808594,
        "rsi_weekly": 55.84415939037007,
        "rsi_monthly": 76.36247396591423,
        "52w_high": 207.02847290039062,
        "52w_low": 0
    },
    "TSLA": {
        "close": 448.25,
        "sma200": 365.62950019836427,
        "sma50": 443.9910015869141,
        "rsi_weekly": 57.46603547145899,
        "rsi_monthly": 70.21254147643917,
        "52w_high": 489.8800048828125,
        "52w_low": 0
    },
    "MSFT": {
        "close": 478.239990234375,
        "sma200": 479.4215356445313,
        "sma50": 489.13890747070315,
        "rsi_weekly": 46.93710488339975,
        "rsi_monthly": 64.94487511540814,
        "52w_high": 541.057373046875,
        "52w_low": 0
    },
    "AMD": {
        "close": 207.75999450683594,
        "sma200": 166.24664974212646,
        "sma50": 222.84559936523436,
        "rsi_weekly": 52.957648755098155,
        "rsi_monthly": 69.38721493424931,
        "52w_high": 264.3299865722656,
        "52w_low": 0
    },
    "MSI": {
        "close": 385.2200012207031,
        "sma200": 420.21669921875,
        "sma50": 378.4550457763672,
        "rsi_weekly": 39.16898587373203,
        "rsi_monthly": 51.60525979151473,
        "52w_high": 487.5675354003906,
        "52w_low": 0
    },
    "MSCI": {
        "close": 580.4199829101562,
        "sma200": 558.0905569458008,
        "sma50": 566.4939050292969,
        "rsi_weekly": 54.655074373960524,
        "rsi_monthly": 36.10719046365491,
        "52w_high": 620.4635009765625,
        "52w_low": 0
    },
    "NDAQ": {
        "close": 99.29000091552734,
        "sma200": 87.33468788146973,
        "sma50": 91.6497299194336,
        "rsi_weekly": 66.7536497001863,
        "rsi_monthly": 65.50112437158234,
        "52w_high": 100.69000244140625,
        "52w_low": 0
    },
    "NTAP": {
        "close": 107.06999969482422,
        "sma200": 105.80932991027832,
        "sma50": 110.79424926757812,
        "rsi_weekly": 44.031119044069214,
        "rsi_monthly": 54.730403764556,
        "52w_high": 125.20184326171875,
        "52w_low": 0
    },
    "NFLX": {
        "close": 89.75,
        "sma200": 113.19659004211425,
        "sma50": 101.41011993408203,
        "rsi_weekly": 31.536560956236283,
        "rsi_monthly": 56.023247459645084,
        "52w_high": 133.91299438476562,
        "52w_low": 0
    },
    "NEM": {
        "close": 113.21499633789062,
        "sma200": 71.93638650894165,
        "sma50": 93.89402954101563,
        "rsi_weekly": 73.69265066227265,
        "rsi_monthly": 76.17404109249503,
        "52w_high": 113.21499633789062,
        "52w_low": 0
    },
    "NWL": {
        "close": 4.224999904632568,
        "sma200": 4.849477487802505,
        "sma50": 3.60655490398407,
        "rsi_weekly": 46.52463317957756,
        "rsi_monthly": 28.546735011183127,
        "52w_high": 10.082728385925293,
        "52w_low": 0
    },
    "NWS": {
        "close": 30.420000076293945,
        "sma200": 31.61554615020752,
        "sma50": 29.578600006103514,
        "rsi_weekly": 45.689176971113994,
        "rsi_monthly": 63.4715854476424,
        "52w_high": 35.061614990234375,
        "52w_low": 0
    },
    "NWSA": {
        "close": 26.530000686645508,
        "sma200": 27.672913761138915,
        "sma50": 26.011399879455567,
        "rsi_weekly": 44.67301535079235,
        "rsi_monthly": 62.059547536639855,
        "52w_high": 31.030000686645508,
        "52w_low": 0
    },
    "NEE": {
        "close": 80.19999694824219,
        "sma200": 74.4591660118103,
        "sma50": 82.09783615112305,
        "rsi_weekly": 53.025222389771734,
        "rsi_monthly": 53.79024747916113,
        "52w_high": 86.29000091552734,
        "52w_low": 0
    },
    "NKE": {
        "close": 65.69000244140625,
        "sma200": 65.90935214996338,
        "sma50": 63.408262405395504,
        "rsi_weekly": 49.59401434885988,
        "rsi_monthly": 44.08472884146454,
        "52w_high": 79.84435272216797,
        "52w_low": 0
    },
    "NI": {
        "close": 42.244998931884766,
        "sma200": 40.790844974517825,
        "sma50": 42.29769996643066,
        "rsi_weekly": 52.3392598278695,
        "rsi_monthly": 71.9168375197471,
        "52w_high": 44.130001068115234,
        "52w_low": 0
    },
    "NDSN": {
        "close": 261.3900146484375,
        "sma200": 217.97003227233887,
        "sma50": 237.5483493041992,
        "rsi_weekly": 72.5605721164091,
        "rsi_monthly": 65.8290689909137,
        "52w_high": 261.3900146484375,
        "52w_low": 0
    },
    "NSC": {
        "close": 285.94000244140625,
        "sma200": 266.46661895751953,
        "sma50": 288.3802795410156,
        "rsi_weekly": 56.444662368055624,
        "rsi_monthly": 70.52094152749142,
        "52w_high": 299.489990234375,
        "52w_low": 0
    },
    "NTRS": {
        "close": 145.10000610351562,
        "sma200": 120.22365089416503,
        "sma50": 133.84513259887694,
        "rsi_weekly": 74.06250594570383,
        "rsi_monthly": 75.58430773196055,
        "52w_high": 145.74000549316406,
        "52w_low": 0
    },
    "NOC": {
        "close": 633.2650146484375,
        "sma200": 544.8878465270996,
        "sma50": 570.6648803710938,
        "rsi_weekly": 64.35797119519373,
        "rsi_monthly": 68.49368026054124,
        "52w_high": 635.374755859375,
        "52w_low": 0
    },
    "NCLH": {
        "close": 24.209999084472656,
        "sma200": 21.201349983215334,
        "sma50": 20.511200103759766,
        "rsi_weekly": 59.78652716181884,
        "rsi_monthly": 58.01496446523557,
        "52w_high": 29.06999969482422,
        "52w_low": 0
    },
    "NRG": {
        "close": 146.39999389648438,
        "sma200": 149.975269241333,
        "sma50": 163.03973541259765,
        "rsi_weekly": 45.71050835919297,
        "rsi_monthly": 70.21419570929403,
        "52w_high": 178.04299926757812,
        "52w_low": 0
    },
    "NUE": {
        "close": 166.85989379882812,
        "sma200": 136.37354778289796,
        "sma50": 157.07913604736328,
        "rsi_weekly": 62.24677809298008,
        "rsi_monthly": 59.89969198872281,
        "52w_high": 169.39999389648438,
        "52w_low": 0
    },
    "NVR": {
        "close": 7665.142578125,
        "sma200": 7525.051916503906,
        "sma50": 7367.217041015625,
        "rsi_weekly": 50.148962706312375,
        "rsi_monthly": 58.86456260855224,
        "52w_high": 8543.0,
        "52w_low": 0
    },
    "NXPI": {
        "close": 239.75,
        "sma200": 210.60533737182618,
        "sma50": 214.79869293212892,
        "rsi_weekly": 61.31072076328087,
        "rsi_monthly": 70.08245448245215,
        "52w_high": 245.9499969482422,
        "52w_low": 0
    },
    "ORLY": {
        "close": 95.69000244140625,
        "sma200": 96.33435340881347,
        "sma50": 95.52739974975586,
        "rsi_weekly": 45.81696624048341,
        "rsi_monthly": 60.84178922226018,
        "52w_high": 107.81999969482422,
        "52w_low": 0
    },
    "OXY": {
        "close": 42.545101165771484,
        "sma200": 42.572932395935055,
        "sma50": 41.170835952758786,
        "rsi_weekly": 50.53527430251866,
        "rsi_monthly": 49.73786111297595,
        "52w_high": 51.56443786621094,
        "52w_low": 0
    },
    "ODFL": {
        "close": 172.2050018310547,
        "sma200": 152.21368579864503,
        "sma50": 148.550975189209,
        "rsi_weekly": 64.71198827860871,
        "rsi_monthly": 62.71264973906221,
        "52w_high": 207.7945098876953,
        "52w_low": 0
    }
}