{
    "last_scan_index": 25,
    "AAPL": {
        "close": 261.04998779296875,
        "sma200": 233.18819023132323,
        "sma50": 272.193662109375,
        "rsi_weekly": 53.76185343203056,
        "rsi_monthly": 65.05593406385363,
        "52w_high": 286.19000244140625,
        "52w_low": 0
    },
    "NVDA": {
        "close": 185.80999755859375,
        "sma200": 162.90074375152588,
        "sma50": 185.58579620361328,
        "rsi_weekly": 55.832537622791016,
        "rsi_monthly": 76.3624733740452,
        "52w_high": 207.02847290039062,
        "52w_low": 0
    },
    "TSLA": {
        "close": 447.20001220703125,
        "sma200": 366.50340019226076,
        "sma50": 444.14720153808594,
        "rsi_weekly": 57.433070397524055,
        "rsi_monthly": 70.21254147643917,
        "52w_high": 489.8800048828125,
        "52w_low": 0
    },
    "MSFT": {
        "close": 470.6700134277344,
        "sma200": 479.82709930419924,
        "sma50": 488.0355511474609,
        "rsi_weekly": 46.92493259121566,
        "rsi_monthly": 64.94485194252712,
        "52w_high": 541.057373046875,
        "52w_low": 0
    },
    "AMD": {
        "close": 220.97000122070312,
        "sma200": 166.81789978027345,
        "sma50": 222.16679962158204,
        "rsi_weekly": 52.90812131363197,
        "rsi_monthly": 69.38721493424931,
        "52w_high": 264.3299865722656,
        "52w_low": 0
    },
    "MMM": {
        "close": 169.4199981689453,
        "sma200": 153.0471004486084,
        "sma50": 165.63972442626954,
        "rsi_weekly": 56.62397709875027,
        "rsi_monthly": 66.94034584978475,
        "52w_high": 173.08999633789062,
        "52w_low": 0
    },
    "AOS": {
        "close": 70.56999969482422,
        "sma200": 67.72458450317383,
        "sma50": 66.96080032348632,
        "rsi_weekly": 55.938635518999774,
        "rsi_monthly": 58.82057010977798,
        "52w_high": 73.89897918701172,
        "52w_low": 0
    },
    "ABT": {
        "close": 124.30000305175781,
        "sma200": 129.3495516204834,
        "sma50": 126.009599609375,
        "rsi_weekly": 46.28191038338694,
        "rsi_monthly": 62.3075586081425,
        "52w_high": 138.33462524414062,
        "52w_low": 0
    },
    "ABBV": {
        "close": 220.75,
        "sma200": 205.04652236938477,
        "sma50": 226.02899963378906,
        "rsi_weekly": 52.37522727695244,
        "rsi_monthly": 74.25423505332908,
        "52w_high": 242.630859375,
        "52w_low": 0
    },
    "ACN": {
        "close": 276.79998779296875,
        "sma200": 272.6089507293701,
        "sma50": 260.6966000366211,
        "rsi_weekly": 57.5189241257916,
        "rsi_monthly": 46.79374260772242,
        "52w_high": 394.31280517578125,
        "52w_low": 0
    },
    "ADBE": {
        "close": 309.92999267578125,
        "sma200": 360.17169937133787,
        "sma50": 336.3020001220703,
        "rsi_weekly": 42.65774486200828,
        "rsi_monthly": 22.841396768378708,
        "52w_high": 464.1099853515625,
        "52w_low": 0
    },
    "AES": {
        "close": 13.970000267028809,
        "sma200": 12.485921683311462,
        "sma50": 13.983599967956543,
        "rsi_weekly": 57.72685543337549,
        "rsi_monthly": 41.76983477040052,
        "52w_high": 15.17705249786377,
        "52w_low": 0
    },
    "AFL": {
        "close": 107.95999908447266,
        "sma200": 106.10821964263916,
        "sma50": 110.34513442993165,
        "rsi_weekly": 52.58507890827562,
        "rsi_monthly": 53.16260564902682,
        "52w_high": 114.41313171386719,
        "52w_low": 0
    },
    "A": {
        "close": 146.32000732421875,
        "sma200": 125.54783706665039,
        "sma50": 144.54605560302736,
        "rsi_weekly": 61.20131630334309,
        "rsi_monthly": 59.2497531175773,
        "52w_high": 156.91954040527344,
        "52w_low": 0
    },
    "APD": {
        "close": 266.17999267578125,
        "sma200": 268.2822595977783,
        "sma50": 250.53452392578126,
        "rsi_weekly": 50.656027146555964,
        "rsi_monthly": 35.15970855717795,
        "52w_high": 329.2906799316406,
        "52w_low": 0
    },
    "ABNB": {
        "close": 140.07000732421875,
        "sma200": 127.21865013122559,
        "sma50": 126.89459991455078,
        "rsi_weekly": 59.28611905759668,
        "rsi_monthly": 64.48632187152391,
        "52w_high": 161.4199981689453,
        "52w_low": 0
    },
    "AKAM": {
        "close": 88.86000061035156,
        "sma200": 79.38334964752197,
        "sma50": 86.28199951171875,
        "rsi_weekly": 58.04833152690319,
        "rsi_monthly": 28.03165935349632,
        "52w_high": 102.0999984741211,
        "52w_low": 0
    },
    "ALB": {
        "close": 176.8800048828125,
        "sma200": 85.9136686706543,
        "sma50": 129.1988624572754,
        "rsi_weekly": 77.88089035748538,
        "rsi_monthly": 78.91607797278016,
        "52w_high": 176.8800048828125,
        "52w_low": 0
    },
    "ARE": {
        "close": 54.63999938964844,
        "sma200": 68.36792310714722,
        "sma50": 50.13210182189941,
        "rsi_weekly": 39.69573222675557,
        "rsi_monthly": 31.17752038126621,
        "52w_high": 96.58305358886719,
        "52w_low": 0
    },
    "ALGN": {
        "close": 170.1999969482422,
        "sma200": 159.0154499053955,
        "sma50": 152.02959899902345,
        "rsi_weekly": 59.698774277085,
        "rsi_monthly": 57.06397118369214,
        "52w_high": 234.88999938964844,
        "52w_low": 0
    },
    "ALLE": {
        "close": 161.69000244140625,
        "sma200": 156.19094509124756,
        "sma50": 162.48520141601563,
        "rsi_weekly": 51.81012134149101,
        "rsi_monthly": 65.98129709793358,
        "52w_high": 179.47000122070312,
        "52w_low": 0
    },
    "LNT": {
        "close": 66.16999816894531,
        "sma200": 63.697726268768314,
        "sma50": 66.31459930419922,
        "rsi_weekly": 49.69738625686947,
        "rsi_monthly": 58.69284624359154,
        "52w_high": 69.47000122070312,
        "52w_low": 0
    },
    "ALL": {
        "close": 197.64999389648438,
        "sma200": 200.7128451538086,
        "sma50": 206.30374145507812,
        "rsi_weekly": 57.36333789967052,
        "rsi_monthly": 63.84692218672666,
        "52w_high": 213.64215087890625,
        "52w_low": 0
    },
    "GOOGL": {
        "close": 335.9700012207031,
        "sma200": 223.44459632873534,
        "sma50": 306.1403839111328,
        "rsi_weekly": 78.81484370825653,
        "rsi_monthly": 79.40274782454063,
        "52w_high": 335.9700012207031,
        "52w_low": 0
    },
    "GOOG": {
        "close": 336.42999267578125,
        "sma200": 224.43394844055175,
        "sma50": 306.8384814453125,
        "rsi_weekly": 79.04037010843362,
        "rsi_monthly": 79.24080454451173,
        "52w_high": 336.42999267578125,
        "52w_low": 0
    },
    "MO": {
        "close": 60.150001525878906,
        "sma200": 58.831129207611085,
        "sma50": 57.20546417236328,
        "rsi_weekly": 45.621870461513616,
        "rsi_monthly": 63.972684022121314,
        "52w_high": 65.45215606689453,
        "52w_low": 0
    },
    "AMZN": {
        "close": 242.60000610351562,
        "sma200": 218.52915023803712,
        "sma50": 234.03940032958985,
        "rsi_weekly": 60.90414428011612,
        "rsi_monthly": 71.52946981803966,
        "52w_high": 254.0,
        "52w_low": 0
    },
    "AMCR": {
        "close": 8.75,
        "sma200": 8.595226829051972,
        "sma50": 8.323010549545288,
        "rsi_weekly": 54.88650013563315,
        "rsi_monthly": 40.20521377066249,
        "52w_high": 9.841448783874512,
        "52w_low": 0
    },
    "AEE": {
        "close": 101.43000030517578,
        "sma200": 98.65909656524659,
        "sma50": 101.05631988525391,
        "rsi_weekly": 50.116780788236554,
        "rsi_monthly": 68.76175870972146,
        "52w_high": 105.5897445678711,
        "52w_low": 0
    }
}