{
    "last_scan_index": 25,
    "AAPL": {
        "close": 258.2099914550781,
        "sma200": 233.58638801574708,
        "sma50": 271.7791101074219,
        "rsi_weekly": 53.761853225760845,
        "rsi_monthly": 65.05591508343328,
        "52w_high": 286.19000244140625,
        "52w_low": 0
    },
    "NVDA": {
        "close": 187.0500030517578,
        "sma200": 163.66164165496826,
        "sma50": 184.80265197753906,
        "rsi_weekly": 55.832537549856,
        "rsi_monthly": 76.36247757351785,
        "52w_high": 207.02847290039062,
        "52w_low": 0
    },
    "TSLA": {
        "close": 438.57000732421875,
        "sma200": 368.2787003326416,
        "sma50": 443.2040020751953,
        "rsi_weekly": 57.433070397524055,
        "rsi_monthly": 70.21254147643917,
        "52w_high": 489.8800048828125,
        "52w_low": 0
    },
    "MSFT": {
        "close": 456.6600036621094,
        "sma200": 480.65645599365234,
        "sma50": 485.6982153320312,
        "rsi_weekly": 46.92493291984103,
        "rsi_monthly": 64.94484562649727,
        "52w_high": 541.057373046875,
        "52w_low": 0
    },
    "AMD": {
        "close": 227.9199981689453,
        "sma200": 168.04569980621338,
        "sma50": 220.88179992675782,
        "rsi_weekly": 52.90812131363197,
        "rsi_monthly": 69.38721493424931,
        "52w_high": 264.3299865722656,
        "52w_low": 0
    },
    "MMM": {
        "close": 171.10000610351562,
        "sma200": 153.314016456604,
        "sma50": 165.9158508300781,
        "rsi_weekly": 56.62397564761382,
        "rsi_monthly": 66.94033126805861,
        "52w_high": 173.08999633789062,
        "52w_low": 0
    },
    "AOS": {
        "close": 71.98999786376953,
        "sma200": 67.79553369522095,
        "sma50": 67.19120025634766,
        "rsi_weekly": 55.938636011005514,
        "rsi_monthly": 58.8206102740163,
        "52w_high": 73.89897918701172,
        "52w_low": 0
    },
    "ABT": {
        "close": 123.52999877929688,
        "sma200": 129.29256511688232,
        "sma50": 126.03099960327148,
        "rsi_weekly": 46.281910867352835,
        "rsi_monthly": 62.30755418350279,
        "52w_high": 138.33462524414062,
        "52w_low": 0
    },
    "ABBV": {
        "close": 216.75,
        "sma200": 205.21684501647948,
        "sma50": 226.20179962158204,
        "rsi_weekly": 52.37522709960047,
        "rsi_monthly": 74.25424435750958,
        "52w_high": 242.630859375,
        "52w_low": 0
    },
    "ACN": {
        "close": 287.7699890136719,
        "sma200": 272.4391185760498,
        "sma50": 262.2519998168945,
        "rsi_weekly": 57.518923745172344,
        "rsi_monthly": 46.79372300491214,
        "52w_high": 394.31280517578125,
        "52w_low": 0
    },
    "ADBE": {
        "close": 304.0899963378906,
        "sma200": 359.3681494140625,
        "sma50": 334.9170001220703,
        "rsi_weekly": 42.65774486200828,
        "rsi_monthly": 22.841396768378708,
        "52w_high": 464.1099853515625,
        "52w_low": 0
    },
    "AES": {
        "close": 14.4399995803833,
        "sma200": 12.509299731254577,
        "sma50": 14.002599964141845,
        "rsi_weekly": 57.72685459824691,
        "rsi_monthly": 41.76983498289351,
        "52w_high": 15.17705249786377,
        "52w_low": 0
    },
    "AFL": {
        "close": 109.61000061035156,
        "sma200": 106.11992214202881,
        "sma50": 110.47996292114257,
        "rsi_weekly": 52.58507895132616,
        "rsi_monthly": 53.16255131765096,
        "52w_high": 114.41313171386719,
        "52w_low": 0
    },
    "A": {
        "close": 144.8300018310547,
        "sma200": 125.84256706237792,
        "sma50": 144.55044067382812,
        "rsi_weekly": 61.20131320714048,
        "rsi_monthly": 59.249742509330375,
        "52w_high": 156.91954040527344,
        "52w_low": 0
    },
    "APD": {
        "close": 265.9800109863281,
        "sma200": 268.0887014770508,
        "sma50": 251.6299722290039,
        "rsi_weekly": 50.65602766773574,
        "rsi_monthly": 35.15969982166338,
        "52w_high": 329.2906494140625,
        "52w_low": 0
    },
    "ABNB": {
        "close": 132.60000610351562,
        "sma200": 127.34485012054444,
        "sma50": 127.13559982299805,
        "rsi_weekly": 59.28611905759668,
        "rsi_monthly": 64.48632187152391,
        "52w_high": 161.4199981689453,
        "52w_low": 0
    },
    "AKAM": {
        "close": 91.52999877929688,
        "sma200": 79.49149963378906,
        "sma50": 86.9329995727539,
        "rsi_weekly": 58.04833152690319,
        "rsi_monthly": 28.03165935349632,
        "52w_high": 102.0999984741211,
        "52w_low": 0
    },
    "ALB": {
        "close": 173.77999877929688,
        "sma200": 86.95995250701904,
        "sma50": 132.34198364257813,
        "rsi_weekly": 77.88089029359779,
        "rsi_monthly": 78.9160811517295,
        "52w_high": 177.5500030517578,
        "52w_low": 0
    },
    "ARE": {
        "close": 57.2599983215332,
        "sma200": 68.04525657653808,
        "sma50": 50.155059280395506,
        "rsi_weekly": 39.69573042647513,
        "rsi_monthly": 31.17756910200897,
        "52w_high": 96.58303833007812,
        "52w_low": 0
    },
    "ALGN": {
        "close": 171.47000122070312,
        "sma200": 159.12859985351562,
        "sma50": 153.3153988647461,
        "rsi_weekly": 59.698774277085,
        "rsi_monthly": 57.06397118369214,
        "52w_high": 234.88999938964844,
        "52w_low": 0
    },
    "ALLE": {
        "close": 163.49000549316406,
        "sma200": 156.5275032043457,
        "sma50": 162.3784014892578,
        "rsi_weekly": 51.810121295671856,
        "rsi_monthly": 65.98129641932076,
        "52w_high": 179.47000122070312,
        "52w_low": 0
    },
    "LNT": {
        "close": 67.05999755859375,
        "sma200": 63.742586097717286,
        "sma50": 66.32719924926758,
        "rsi_weekly": 49.69738609510523,
        "rsi_monthly": 58.692889642444165,
        "52w_high": 69.47000122070312,
        "52w_low": 0
    },
    "ALL": {
        "close": 195.47000122070312,
        "sma200": 200.6323448944092,
        "sma50": 206.51408599853517,
        "rsi_weekly": 57.36333873520421,
        "rsi_monthly": 63.84695996042078,
        "52w_high": 213.64215087890625,
        "52w_low": 0
    },
    "GOOGL": {
        "close": 332.7799987792969,
        "sma200": 225.24710121154786,
        "sma50": 308.22196899414064,
        "rsi_weekly": 78.81484426824647,
        "rsi_monthly": 79.40272984823041,
        "52w_high": 335.9700012207031,
        "52w_low": 0
    },
    "GOOG": {
        "close": 333.1600036621094,
        "sma200": 226.22413154602052,
        "sma50": 308.9164611816406,
        "rsi_weekly": 79.04036933379768,
        "rsi_monthly": 79.24078858489277,
        "52w_high": 336.42999267578125,
        "52w_low": 0
    },
    "MO": {
        "close": 61.58000183105469,
        "sma200": 58.8851139831543,
        "sma50": 57.44609931945801,
        "rsi_weekly": 45.6218690018676,
        "rsi_monthly": 63.97269878119092,
        "52w_high": 65.45215606689453,
        "52w_low": 0
    },
    "AMZN": {
        "close": 238.17999267578125,
        "sma200": 218.98840019226074,
        "sma50": 233.5716000366211,
        "rsi_weekly": 60.90414428011612,
        "rsi_monthly": 71.52946981803966,
        "52w_high": 254.0,
        "52w_low": 0
    },
    "AMCR": {
        "close": 44.15999984741211,
        "sma200": 42.955010356903074,
        "sma50": 41.82802070617676,
        "rsi_weekly": 54.87230833814932,
        "rsi_monthly": 39.803705227183364,
        "52w_high": 49.207244873046875,
        "52w_low": 0
    },
    "AEE": {
        "close": 103.23999786376953,
        "sma200": 98.70900215148926,
        "sma50": 101.12982330322265,
        "rsi_weekly": 50.11678128356993,
        "rsi_monthly": 68.76182389276043,
        "52w_high": 105.5897445678711,
        "52w_low": 0
    }
}