{
    "last_scan_index": 300,
    "AAPL": {
        "close": 259.9599914550781,
        "sma200": 233.4022031402588,
        "sma50": 271.9906988525391,
        "rsi_weekly": 53.76185328824033,
        "rsi_monthly": 65.05593515791611,
        "52w_high": 286.19000244140625,
        "52w_low": 0
    },
    "NVDA": {
        "close": 183.13999938964844,
        "sma200": 163.26819301605224,
        "sma50": 185.1990216064453,
        "rsi_weekly": 55.83253753181745,
        "rsi_monthly": 76.3624778373274,
        "52w_high": 207.02847290039062,
        "52w_low": 0
    },
    "TSLA": {
        "close": 439.20001220703125,
        "sma200": 367.38165031433107,
        "sma50": 443.8000018310547,
        "rsi_weekly": 57.433070397524055,
        "rsi_monthly": 70.21254147643917,
        "52w_high": 489.8800048828125,
        "52w_low": 0
    },
    "MSFT": {
        "close": 459.3800048828125,
        "sma200": 480.24009796142576,
        "sma50": 486.88629821777346,
        "rsi_weekly": 46.92493295040258,
        "rsi_monthly": 64.94484674423242,
        "52w_high": 541.057373046875,
        "52w_low": 0
    },
    "AMD": {
        "close": 223.60000610351562,
        "sma200": 167.4197998046875,
        "sma50": 221.51639984130858,
        "rsi_weekly": 52.90812131363197,
        "rsi_monthly": 69.38721493424931,
        "52w_high": 264.3299865722656,
        "52w_low": 0
    },
    "KHC": {
        "close": 24.31999969482422,
        "sma200": 25.828496112823487,
        "sma50": 24.296087532043458,
        "rsi_weekly": 36.13335922693903,
        "rsi_monthly": 26.12327175593694,
        "52w_high": 30.794836044311523,
        "52w_low": 0
    },
    "KR": {
        "close": 62.459999084472656,
        "sma200": 67.1942716217041,
        "sma50": 63.65650772094727,
        "rsi_weekly": 35.86523538041872,
        "rsi_monthly": 64.22843727630922,
        "52w_high": 73.58164978027344,
        "52w_low": 0
    },
    "LHX": {
        "close": 342.8500061035156,
        "sma200": 265.18440040588376,
        "sma50": 293.1653057861328,
        "rsi_weekly": 79.20814906469163,
        "rsi_monthly": 72.32699221466301,
        "52w_high": 342.8500061035156,
        "52w_low": 0
    },
    "LH": {
        "close": 262.0,
        "sma200": 257.7794937133789,
        "sma50": 258.6863568115234,
        "rsi_weekly": 44.12598003936337,
        "rsi_monthly": 48.85784895917644,
        "52w_high": 290.1536865234375,
        "52w_low": 0
    },
    "LRCX": {
        "close": 208.7899932861328,
        "sma200": 117.55490343093872,
        "sma50": 168.70988372802734,
        "rsi_weekly": 84.1709690746893,
        "rsi_monthly": 86.0979906815565,
        "52w_high": 220.39999389648438,
        "52w_low": 0
    },
    "LW": {
        "close": 43.279998779296875,
        "sma200": 54.62591192245483,
        "sma50": 53.34959968566895,
        "rsi_weekly": 30.89105626705807,
        "rsi_monthly": 29.530327017862017,
        "52w_high": 66.17394256591797,
        "52w_low": 0
    },
    "LVS": {
        "close": 59.900001525878906,
        "sma200": 51.20450577735901,
        "sma50": 65.11899932861328,
        "rsi_weekly": 51.93611222218182,
        "rsi_monthly": 73.1766389716366,
        "52w_high": 69.48999786376953,
        "52w_low": 0
    },
    "LDOS": {
        "close": 190.82000732421875,
        "sma200": 170.92454612731933,
        "sma50": 189.54986450195312,
        "rsi_weekly": 63.62467519892252,
        "rsi_monthly": 76.4575837522947,
        "52w_high": 199.09774780273438,
        "52w_low": 0
    },
    "LEN": {
        "close": 121.38999938964844,
        "sma200": 117.0703385925293,
        "sma50": 117.48780044555664,
        "rsi_weekly": 49.52510365484112,
        "rsi_monthly": 46.58846504027105,
        "52w_high": 141.796142578125,
        "52w_low": 0
    },
    "LLY": {
        "close": 1073.2900390625,
        "sma200": 835.5253524780273,
        "sma50": 1036.6679541015626,
        "rsi_weekly": 65.91395837679421,
        "rsi_monthly": 75.41243363029581,
        "52w_high": 1109.93994140625,
        "52w_low": 0
    },
    "LIN": {
        "close": 439.9800109863281,
        "sma200": 449.5719329833984,
        "sma50": 418.5639886474609,
        "rsi_weekly": 52.62316161900729,
        "rsi_monthly": 66.37431946220214,
        "52w_high": 481.8155212402344,
        "52w_low": 0
    },
    "LYV": {
        "close": 146.77999877929688,
        "sma200": 146.46950008392335,
        "sma50": 139.56200134277344,
        "rsi_weekly": 50.27224029813544,
        "rsi_monthly": 63.96659478076111,
        "52w_high": 174.05999755859375,
        "52w_low": 0
    },
    "LKQ": {
        "close": 33.27000045776367,
        "sma200": 33.68733355522156,
        "sma50": 30.34403274536133,
        "rsi_weekly": 55.34766861701145,
        "rsi_monthly": 57.29198840947528,
        "52w_high": 42.58024978637695,
        "52w_low": 0
    },
    "LMT": {
        "close": 572.7000122070312,
        "sma200": 464.1386776733398,
        "sma50": 477.7092572021484,
        "rsi_weekly": 69.97623705384193,
        "rsi_monthly": 55.56435704021922,
        "52w_high": 572.7000122070312,
        "52w_low": 0
    },
    "L": {
        "close": 103.5999984741211,
        "sma200": 95.58009815216064,
        "sma50": 104.78218933105468,
        "rsi_weekly": 61.03293197509766,
        "rsi_monthly": 77.67720381720163,
        "52w_high": 108.26000213623047,
        "52w_low": 0
    },
    "LOW": {
        "close": 274.95001220703125,
        "sma200": 236.07731842041017,
        "sma50": 242.83000061035156,
        "rsi_weekly": 62.94246745209782,
        "rsi_monthly": 70.04804799537898,
        "52w_high": 274.95001220703125,
        "52w_low": 0
    },
    "LULU": {
        "close": 203.13999938964844,
        "sma200": 218.3539490509033,
        "sma50": 189.8531982421875,
        "rsi_weekly": 49.883817431229666,
        "rsi_monthly": 42.09858213970717,
        "52w_high": 421.1600036621094,
        "52w_low": 0
    },
    "LYB": {
        "close": 52.0,
        "sma200": 50.84300729751587,
        "sma50": 44.35252082824707,
        "rsi_weekly": 50.17974984606706,
        "rsi_monthly": 40.85134958936907,
        "52w_high": 71.61602020263672,
        "52w_low": 0
    },
    "MTB": {
        "close": 209.7899932861328,
        "sma200": 186.73874778747557,
        "sma50": 196.57716918945312,
        "rsi_weekly": 67.23227904983115,
        "rsi_monthly": 63.989268219601925,
        "52w_high": 213.61000061035156,
        "52w_low": 0
    },
    "MPC": {
        "close": 181.08999633789062,
        "sma200": 169.8833041000366,
        "sma50": 183.19676666259767,
        "rsi_weekly": 49.44488517279531,
        "rsi_monthly": 53.029135671325,
        "52w_high": 199.1273956298828,
        "52w_low": 0
    },
    "MKTX": {
        "close": 172.77999877929688,
        "sma200": 192.99492980957032,
        "sma50": 171.72647247314453,
        "rsi_weekly": 41.39991504007438,
        "rsi_monthly": 36.243766697336625,
        "52w_high": 228.3568115234375,
        "52w_low": 0
    },
    "MAR": {
        "close": 319.67999267578125,
        "sma200": 269.7589476776123,
        "sma50": 300.9684802246094,
        "rsi_weekly": 68.85914743156252,
        "rsi_monthly": 71.95656734397755,
        "52w_high": 328.17999267578125,
        "52w_low": 0
    },
    "MMC": {
        "close": 182.6999969482422,
        "sma200": 204.42207870483398,
        "sma50": 183.06339904785156,
        "rsi_weekly": 42.21793960471824,
        "rsi_monthly": 50.495976510994645,
        "52w_high": 242.1346435546875,
        "52w_low": 0
    },
    "MLM": {
        "close": 636.7100219726562,
        "sma200": 583.8521968078613,
        "sma50": 623.4203503417968,
        "rsi_weekly": 70.5545423136288,
        "rsi_monthly": 75.61377995182859,
        "52w_high": 666.6699829101562,
        "52w_low": 0
    }
}