{
    "last_scan_index": 450,
    "AAPL": {
        "close": 247.64999389648438,
        "sma200": 234.09551811218262,
        "sma50": 270.59339813232424,
        "rsi_weekly": 51.05965912948009,
        "rsi_monthly": 65.05591616239752,
        "52w_high": 286.19000244140625,
        "52w_low": 0
    },
    "NVDA": {
        "close": 183.32000732421875,
        "sma200": 164.7881841659546,
        "sma50": 184.11609985351564,
        "rsi_weekly": 56.61352267736419,
        "rsi_monthly": 76.36247487264315,
        "52w_high": 207.02847290039062,
        "52w_low": 0
    },
    "TSLA": {
        "close": 431.44000244140625,
        "sma200": 370.62715034484864,
        "sma50": 441.9230017089844,
        "rsi_weekly": 55.767272209839355,
        "rsi_monthly": 70.21254147643917,
        "52w_high": 489.8800048828125,
        "52w_low": 0
    },
    "MSFT": {
        "close": 444.1099853515625,
        "sma200": 481.7920314025879,
        "sma50": 482.55295227050783,
        "rsi_weekly": 40.97292764975523,
        "rsi_monthly": 64.94486643556114,
        "52w_high": 541.057373046875,
        "52w_low": 0
    },
    "AMD": {
        "close": 249.8000030517578,
        "sma200": 170.11574981689452,
        "sma50": 220.27120025634767,
        "rsi_weekly": 60.57175331207617,
        "rsi_monthly": 69.38721493424931,
        "52w_high": 264.3299865722656,
        "52w_low": 0
    },
    "SYY": {
        "close": 76.93000030517578,
        "sma200": 75.22211631774903,
        "sma50": 74.4549658203125,
        "rsi_weekly": 58.17708198000878,
        "rsi_monthly": 47.01140213731657,
        "52w_high": 82.1237564086914,
        "52w_low": 0
    },
    "TMUS": {
        "close": 183.60000610351562,
        "sma200": 228.01716522216796,
        "sma50": 201.83078491210938,
        "rsi_weekly": 30.470890550111502,
        "rsi_monthly": 49.89463327071112,
        "52w_high": 269.53662109375,
        "52w_low": 0
    },
    "TROW": {
        "close": 106.12999725341797,
        "sma200": 98.67672863006592,
        "sma50": 103.16445755004882,
        "rsi_weekly": 59.730512393941225,
        "rsi_monthly": 60.483590401662255,
        "52w_high": 111.02996063232422,
        "52w_low": 0
    },
    "TTWO": {
        "close": 238.22999572753906,
        "sma200": 238.35980018615723,
        "sma50": 245.27500061035155,
        "rsi_weekly": 49.243094906042806,
        "rsi_monthly": 52.059212934817936,
        "52w_high": 262.2900085449219,
        "52w_low": 0
    },
    "TPR": {
        "close": 132.24000549316406,
        "sma200": 100.53038972854614,
        "sma50": 119.37879608154297,
        "rsi_weekly": 66.87385155914458,
        "rsi_monthly": 84.18371291447741,
        "52w_high": 134.3800048828125,
        "52w_low": 0
    },
    "TRGP": {
        "close": 190.05999755859375,
        "sma200": 166.84684921264648,
        "sma50": 178.20019989013673,
        "rsi_weekly": 58.96085352280505,
        "rsi_monthly": 70.66237127418574,
        "52w_high": 212.5133056640625,
        "52w_low": 0
    },
    "TGT": {
        "close": 106.04000091552734,
        "sma200": 94.65187088012695,
        "sma50": 96.2990966796875,
        "rsi_weekly": 69.34310146079537,
        "rsi_monthly": 58.73192650309788,
        "52w_high": 136.4789276123047,
        "52w_low": 0
    },
    "TEL": {
        "close": 231.0,
        "sma200": 197.9557334136963,
        "sma50": 232.47399932861327,
        "rsi_weekly": 66.68325449121897,
        "rsi_monthly": 74.71038826258462,
        "52w_high": 249.0,
        "52w_low": 0
    },
    "TDY": {
        "close": 621.7899780273438,
        "sma200": 522.0741998291015,
        "sma50": 520.4981970214844,
        "rsi_weekly": 65.1844708432563,
        "rsi_monthly": 58.290777462975825,
        "52w_high": 621.7899780273438,
        "52w_low": 0
    },
    "TFX": {
        "close": 102.95999908447266,
        "sma200": 121.30967834472656,
        "sma50": 115.94259155273437,
        "rsi_weekly": 37.087264291842885,
        "rsi_monthly": 19.834902234784654,
        "52w_high": 181.63824462890625,
        "52w_low": 0
    },
    "TER": {
        "close": 231.88999938964844,
        "sma200": 127.82940444946288,
        "sma50": 195.6906573486328,
        "rsi_weekly": 77.1428128448225,
        "rsi_monthly": 76.62604934731145,
        "52w_high": 231.88999938964844,
        "52w_low": 0
    },
    "TXN": {
        "close": 194.41000366210938,
        "sma200": 180.20758659362792,
        "sma50": 175.2042007446289,
        "rsi_weekly": 58.492318919666275,
        "rsi_monthly": 54.35191689719119,
        "52w_high": 217.718994140625,
        "52w_low": 0
    },
    "TXT": {
        "close": 96.31999969482422,
        "sma200": 80.16633951187134,
        "sma50": 86.5854899597168,
        "rsi_weekly": 68.92094947259362,
        "rsi_monthly": 65.20719773082779,
        "52w_high": 96.31999969482422,
        "52w_low": 0
    },
    "TMO": {
        "close": 636.2999877929688,
        "sma200": 491.7271284484863,
        "sma50": 587.5782397460938,
        "rsi_weekly": 71.48568739428465,
        "rsi_monthly": 64.82255802756177,
        "52w_high": 636.2999877929688,
        "52w_low": 0
    },
    "TJX": {
        "close": 155.85000610351562,
        "sma200": 136.90618949890137,
        "sma50": 152.9023114013672,
        "rsi_weekly": 71.32802485759153,
        "rsi_monthly": 81.40957971718882,
        "52w_high": 158.25,
        "52w_low": 0
    },
    "TSCO": {
        "close": 53.16999816894531,
        "sma200": 54.088120250701905,
        "sma50": 52.55237106323242,
        "rsi_weekly": 40.53550487146945,
        "rsi_monthly": 62.823051362471546,
        "52w_high": 62.37771224975586,
        "52w_low": 0
    },
    "TT": {
        "close": 395.3299865722656,
        "sma200": 410.7522573852539,
        "sma50": 400.0073992919922,
        "rsi_weekly": 43.693932051540294,
        "rsi_monthly": 65.48620478808897,
        "52w_high": 471.4648742675781,
        "52w_low": 0
    },
    "TDG": {
        "close": 1449.97998046875,
        "sma200": 1335.2950482177735,
        "sma50": 1341.51580078125,
        "rsi_weekly": 63.40682415545306,
        "rsi_monthly": 69.26932000078428,
        "52w_high": 1516.55029296875,
        "52w_low": 0
    },
    "TRV": {
        "close": 272.6499938964844,
        "sma200": 269.8649268341064,
        "sma50": 284.81776733398436,
        "rsi_weekly": 46.0161905141468,
        "rsi_monthly": 74.05469833141291,
        "52w_high": 293.8399963378906,
        "52w_low": 0
    },
    "TRU": {
        "close": 83.3499984741211,
        "sma200": 85.30429794311523,
        "sma50": 84.04588821411133,
        "rsi_weekly": 51.06770317856365,
        "rsi_monthly": 65.6287734044205,
        "52w_high": 99.71392059326172,
        "52w_low": 0
    },
    "TYL": {
        "close": 434.3299865722656,
        "sma200": 527.7633485412598,
        "sma50": 456.8103997802734,
        "rsi_weekly": 30.23398140464292,
        "rsi_monthly": 44.96701049555504,
        "52w_high": 646.739990234375,
        "52w_low": 0
    },
    "TSN": {
        "close": 59.9900016784668,
        "sma200": 55.18467082977295,
        "sma50": 57.10155891418457,
        "rsi_weekly": 63.045953465744795,
        "rsi_monthly": 54.655972137370405,
        "52w_high": 62.127384185791016,
        "52w_low": 0
    },
    "USB": {
        "close": 55.470001220703125,
        "sma200": 46.0180806350708,
        "sma50": 51.44629112243652,
        "rsi_weekly": 67.26960349800756,
        "rsi_monthly": 70.0845802933934,
        "52w_high": 56.08000183105469,
        "52w_low": 0
    },
    "UDR": {
        "close": 37.66999816894531,
        "sma200": 37.54530672073364,
        "sma50": 35.54509979248047,
        "rsi_weekly": 55.93594453875163,
        "rsi_monthly": 43.748219979446354,
        "52w_high": 44.02199172973633,
        "52w_low": 0
    }
}