{
    "last_scan_index": 125,
    "AAPL": {
        "close": 257.9049987792969,
        "sma200": 232.7936762237549,
        "sma50": 272.54988159179686,
        "rsi_weekly": 63.04886228694668,
        "rsi_monthly": 65.055950332859,
        "52w_high": 286.19000244140625,
        "52w_low": 0
    },
    "NVDA": {
        "close": 184.60989379882812,
        "sma200": 162.1714886856079,
        "sma50": 186.36393768310546,
        "rsi_weekly": 58.64870580009608,
        "rsi_monthly": 76.36247678582261,
        "52w_high": 207.02847290039062,
        "52w_low": 0
    },
    "TSLA": {
        "close": 441.7099914550781,
        "sma200": 364.7320500946045,
        "sma50": 444.1902014160156,
        "rsi_weekly": 56.31157929953819,
        "rsi_monthly": 70.21254147643917,
        "52w_high": 489.8800048828125,
        "52w_low": 0
    },
    "MSFT": {
        "close": 474.7099914550781,
        "sma200": 478.9469377136231,
        "sma50": 490.29347412109377,
        "rsi_weekly": 44.490724178252314,
        "rsi_monthly": 64.94485799431352,
        "52w_high": 541.057373046875,
        "52w_low": 0
    },
    "AMD": {
        "close": 205.45880126953125,
        "sma200": 165.77024379730224,
        "sma50": 224.02277526855468,
        "rsi_weekly": 60.71614808686848,
        "rsi_monthly": 69.38721493424931,
        "52w_high": 264.3299865722656,
        "52w_low": 0
    },
    "SCHW": {
        "close": 101.22000122070312,
        "sma200": 90.9771895980835,
        "sma50": 96.08333374023438,
        "rsi_weekly": 67.9199681292292,
        "rsi_monthly": 78.24943078308225,
        "52w_high": 103.73999786376953,
        "52w_low": 0
    },
    "CHTR": {
        "close": 207.51260375976562,
        "sma200": 301.1374624633789,
        "sma50": 208.76745239257812,
        "rsi_weekly": 30.138989789205187,
        "rsi_monthly": 21.08980984965178,
        "52w_high": 427.25,
        "52w_low": 0
    },
    "CVX": {
        "close": 160.6699981689453,
        "sma200": 147.63152114868163,
        "sma50": 152.07256896972658,
        "rsi_weekly": 56.11148404796327,
        "rsi_monthly": 61.37102753569121,
        "52w_high": 163.85000610351562,
        "52w_low": 0
    },
    "CMG": {
        "close": 39.7400016784668,
        "sma200": 43.920950050354,
        "sma50": 34.47259994506836,
        "rsi_weekly": 44.40473932818097,
        "rsi_monthly": 52.18402279312576,
        "52w_high": 59.02000045776367,
        "52w_low": 0
    },
    "CB": {
        "close": 310.9299011230469,
        "sma200": 285.8659686279297,
        "sma50": 299.6795983886719,
        "rsi_weekly": 64.67975072178652,
        "rsi_monthly": 68.40723854594856,
        "52w_high": 315.19000244140625,
        "52w_low": 0
    },
    "CHD": {
        "close": 85.28500366210938,
        "sma200": 92.13493450164795,
        "sma50": 84.42154251098633,
        "rsi_weekly": 34.13517387425737,
        "rsi_monthly": 33.925673315235734,
        "52w_high": 112.09139251708984,
        "52w_low": 0
    },
    "CI": {
        "close": 282.7099914550781,
        "sma200": 296.58607933044436,
        "sma50": 270.91679290771486,
        "rsi_weekly": 47.552801270856264,
        "rsi_monthly": 58.47675709228656,
        "52w_high": 334.8284606933594,
        "52w_low": 0
    },
    "CINF": {
        "close": 164.64999389648438,
        "sma200": 151.1238288116455,
        "sma50": 162.92470642089845,
        "rsi_weekly": 55.77256727816921,
        "rsi_monthly": 71.27550083049749,
        "52w_high": 167.6038055419922,
        "52w_low": 0
    },
    "CTAS": {
        "close": 192.1199951171875,
        "sma200": 204.38860748291015,
        "sma50": 186.21080444335936,
        "rsi_weekly": 37.42712487474668,
        "rsi_monthly": 55.73673103732535,
        "52w_high": 226.6531219482422,
        "52w_low": 0
    },
    "CSCO": {
        "close": 74.0250015258789,
        "sma200": 67.34270202636719,
        "sma50": 75.7520588684082,
        "rsi_weekly": 62.02840370313013,
        "rsi_monthly": 70.43627266602296,
        "52w_high": 79.82286071777344,
        "52w_low": 0
    },
    "C": {
        "close": 121.01499938964844,
        "sma200": 90.39215929031371,
        "sma50": 108.29827011108398,
        "rsi_weekly": 75.02865747959424,
        "rsi_monthly": 85.96275593992415,
        "52w_high": 123.30000305175781,
        "52w_low": 0
    },
    "CFG": {
        "close": 61.0099983215332,
        "sma200": 47.46425386428833,
        "sma50": 55.49999969482422,
        "rsi_weekly": 73.474040109201,
        "rsi_monthly": 67.27664773970977,
        "52w_high": 62.13999938964844,
        "52w_low": 0
    },
    "CLX": {
        "close": 104.69000244140625,
        "sma200": 120.08770248413086,
        "sma50": 103.57219970703125,
        "rsi_weekly": 31.787314095090377,
        "rsi_monthly": 43.51630315992294,
        "52w_high": 156.630615234375,
        "52w_low": 0
    },
    "CME": {
        "close": 265.3399963378906,
        "sma200": 269.47148422241213,
        "sma50": 272.41900146484375,
        "rsi_weekly": 50.349096550964646,
        "rsi_monthly": 75.62489403547131,
        "52w_high": 286.6857604980469,
        "52w_low": 0
    },
    "CMS": {
        "close": 70.08999633789062,
        "sma200": 71.17675983428956,
        "sma50": 71.83433670043945,
        "rsi_weekly": 46.21594987337718,
        "rsi_monthly": 59.34189880960947,
        "52w_high": 75.44000244140625,
        "52w_low": 0
    },
    "KO": {
        "close": 69.87000274658203,
        "sma200": 69.01787101745606,
        "sma50": 70.05485260009766,
        "rsi_weekly": 50.25732264151,
        "rsi_monthly": 61.85329590732038,
        "52w_high": 72.61000061035156,
        "52w_low": 0
    },
    "CTSH": {
        "close": 85.45999908447266,
        "sma200": 74.41175083160401,
        "sma50": 78.7878938293457,
        "rsi_weekly": 60.18395622172317,
        "rsi_monthly": 62.6601158836248,
        "52w_high": 89.25666809082031,
        "52w_low": 0
    },
    "CL": {
        "close": 80.40499877929688,
        "sma200": 84.23126647949219,
        "sma50": 78.47110061645508,
        "rsi_weekly": 40.31217589421746,
        "rsi_monthly": 48.328129142150765,
        "52w_high": 95.7378921508789,
        "52w_low": 0
    },
    "CMCSA": {
        "close": 28.184999465942383,
        "sma200": 29.867839879989624,
        "sma50": 26.364285125732422,
        "rsi_weekly": 45.39179534727507,
        "rsi_monthly": 27.04092626442234,
        "52w_high": 34.815364837646484,
        "52w_low": 0
    },
    "CMA": {
        "close": 92.1500015258789,
        "sma200": 67.50005853652954,
        "sma50": 82.93227584838867,
        "rsi_weekly": 78.89077517817181,
        "rsi_monthly": 66.44886253116306,
        "52w_high": 92.55999755859375,
        "52w_low": 0
    },
    "CAG": {
        "close": 16.7549991607666,
        "sma200": 19.581020736694335,
        "sma50": 17.29349998474121,
        "rsi_weekly": 37.795204266285104,
        "rsi_monthly": 23.671473107284903,
        "52w_high": 26.194599151611328,
        "52w_low": 0
    },
    "COP": {
        "close": 99.62000274658203,
        "sma200": 90.88267784118652,
        "sma50": 91.27865585327149,
        "rsi_weekly": 56.426548774836604,
        "rsi_monthly": 49.07486154037741,
        "52w_high": 103.38456726074219,
        "52w_low": 0
    },
    "ED": {
        "close": 100.19999694824219,
        "sma200": 100.58378368377686,
        "sma50": 98.53548812866211,
        "rsi_weekly": 52.24858319987211,
        "rsi_monthly": 47.441818031834515,
        "52w_high": 110.50127410888672,
        "52w_low": 0
    },
    "STZ": {
        "close": 147.86000061035156,
        "sma200": 156.87885234832763,
        "sma50": 136.80280014038087,
        "rsi_weekly": 44.84415129803575,
        "rsi_monthly": 33.211471003867636,
        "52w_high": 213.85157775878906,
        "52w_low": 0
    },
    "CEG": {
        "close": 334.80499267578125,