{
    "last_scan_index": 425,
    "AAPL": {
        "close": 259.0,
        "sma200": 233.1779402923584,
        "sma50": 272.1526623535156,
        "rsi_weekly": 53.76185334044332,
        "rsi_monthly": 65.05593583966014,
        "52w_high": 286.19000244140625,
        "52w_low": 0
    },
    "NVDA": {
        "close": 184.57989501953125,
        "sma200": 162.8945931625366,
        "sma50": 185.56119415283203,
        "rsi_weekly": 55.83253748216713,
        "rsi_monthly": 76.36247508667589,
        "52w_high": 207.02847290039062,
        "52w_low": 0
    },
    "TSLA": {
        "close": 445.91241455078125,
        "sma200": 366.4969622039795,
        "sma50": 444.12144958496094,
        "rsi_weekly": 57.433070397524055,
        "rsi_monthly": 70.21254147643917,
        "52w_high": 489.8800048828125,
        "52w_low": 0
    },
    "MSFT": {
        "close": 467.8349914550781,
        "sma200": 479.81292327880857,
        "sma50": 487.9788507080078,
        "rsi_weekly": 46.92493284774081,
        "rsi_monthly": 64.9448336716803,
        "52w_high": 541.057373046875,
        "52w_low": 0
    },
    "AMD": {
        "close": 221.88999938964844,
        "sma200": 166.82249977111817,
        "sma50": 222.18519958496094,
        "rsi_weekly": 52.90812131363197,
        "rsi_monthly": 69.38721493424931,
        "52w_high": 264.3299865722656,
        "52w_low": 0
    },
    "ROL": {
        "close": 61.35499954223633,
        "sma200": 57.08569372177124,
        "sma50": 59.778477630615235,
        "rsi_weekly": 59.774753395786284,
        "rsi_monthly": 72.24758758445559,
        "52w_high": 61.5,
        "52w_low": 0
    },
    "ROP": {
        "close": 425.2200012207031,
        "sma200": 515.3495069885254,
        "sma50": 443.6176983642578,
        "rsi_weekly": 26.320896714590475,
        "rsi_monthly": 36.594832702168866,
        "52w_high": 589.9105224609375,
        "52w_low": 0
    },
    "ROST": {
        "close": 192.84500122070312,
        "sma200": 150.329405670166,
        "sma50": 175.31366424560548,
        "rsi_weekly": 80.57225294270002,
        "rsi_monthly": 74.96832720673787,
        "52w_high": 192.84500122070312,
        "52w_low": 0
    },
    "RCL": {
        "close": 290.42999267578125,
        "sma200": 283.45349143981935,
        "sma50": 272.68392852783205,
        "rsi_weekly": 56.72023021019843,
        "rsi_monthly": 57.18995476371935,
        "52w_high": 363.4812927246094,
        "52w_low": 0
    },
    "SPGI": {
        "close": 541.3200073242188,
        "sma200": 509.4224185180664,
        "sma50": 506.51573791503904,
        "rsi_weekly": 61.49003481919172,
        "rsi_monthly": 47.47781523453951,
        "52w_high": 562.0632934570312,
        "52w_low": 0
    },
    "CRM": {
        "close": 243.7100067138672,
        "sma200": 255.3299468231201,
        "sma50": 250.1955810546875,
        "rsi_weekly": 52.41322262996331,
        "rsi_monthly": 61.20225104225189,
        "52w_high": 357.6153564453125,
        "52w_low": 0
    },
    "SBAC": {
        "close": 186.4001007080078,
        "sma200": 209.965032119751,
        "sma50": 191.92498565673827,
        "rsi_weekly": 32.94280308474219,
        "rsi_monthly": 31.933415573050155,
        "52w_high": 239.70611572265625,
        "52w_low": 0
    },
    "SLB": {
        "close": 45.935001373291016,
        "sma200": 35.20987195968628,
        "sma50": 38.22757575988769,
        "rsi_weekly": 70.88016659832066,
        "rsi_monthly": 47.5652114439681,
        "52w_high": 45.935001373291016,
        "52w_low": 0
    },
    "STX": {
        "close": 318.1099853515625,
        "sma200": 181.97780311584472,
        "sma50": 278.84098236083986,
        "rsi_weekly": 71.66555363143586,
        "rsi_monthly": 89.80354683379,
        "52w_high": 330.4200134277344,
        "52w_low": 0
    },
    "SRE": {
        "close": 90.06999969482422,
        "sma200": 81.24218809127808,
        "sma50": 89.91158050537109,
        "rsi_weekly": 55.654598959494095,
        "rsi_monthly": 58.77791866438113,
        "52w_high": 94.03408813476562,
        "52w_low": 0
    },
    "NOW": {
        "close": 138.25999450683594,
        "sma200": 180.56146942138673,
        "sma50": 162.03039916992188,
        "rsi_weekly": 30.539893970185155,
        "rsi_monthly": 42.4680627861414,
        "52w_high": 234.0780029296875,
        "52w_low": 0
    },
    "SHW": {
        "close": 355.44500732421875,
        "sma200": 343.27276077270506,
        "sma50": 334.29048889160157,
        "rsi_weekly": 56.138688838771635,
        "rsi_monthly": 60.75316627492043,
        "52w_high": 374.35516357421875,
        "52w_low": 0
    },
    "SPG": {
        "close": 184.74000549316406,
        "sma200": 168.01666763305664,
        "sma50": 182.28718383789064,
        "rsi_weekly": 60.19397509461727,
        "rsi_monthly": 72.6105261631085,
        "52w_high": 188.2899932861328,
        "52w_low": 0
    },
    "SWKS": {
        "close": 58.54999923706055,
        "sma200": 68.90424524307251,
        "sma50": 65.91916046142578,
        "rsi_weekly": 38.54018757728119,
        "rsi_monthly": 37.66627068701543,
        "52w_high": 90.16692352294922,
        "52w_low": 0
    },
    "SJM": {
        "close": 100.75499725341797,
        "sma200": 105.43572654724122,
        "sma50": 101.64549057006836,
        "rsi_weekly": 45.31895218605136,
        "rsi_monthly": 28.528020140841658,
        "52w_high": 115.06596374511719,
        "52w_low": 0
    },
    "SNA": {
        "close": 360.19000244140625,
        "sma200": 327.0270230102539,
        "sma50": 344.2949786376953,
        "rsi_weekly": 62.84028027642391,
        "rsi_monthly": 51.62142013125522,
        "52w_high": 362.1700134277344,
        "52w_low": 0
    },
    "SO": {
        "close": 87.35009765625,
        "sma200": 90.2455715560913,
        "sma50": 88.18268859863281,
        "rsi_weekly": 42.97319528604342,
        "rsi_monthly": 51.19795876872344,
        "52w_high": 98.90631866455078,
        "52w_low": 0
    },
    "LUV": {
        "close": 43.290000915527344,
        "sma200": 32.75920641899109,
        "sma50": 37.18206630706787,
        "rsi_weekly": 75.43389916972343,
        "rsi_monthly": 75.95084289057668,
        "52w_high": 44.52000045776367,
        "52w_low": 0
    },
    "SWK": {
        "close": 82.76000213623047,
        "sma200": 68.72003067016601,
        "sma50": 71.77225738525391,
        "rsi_weekly": 62.97527133764299,
        "rsi_monthly": 41.77160126863878,
        "52w_high": 86.36911010742188,
        "52w_low": 0
    },
    "SBUX": {
        "close": 90.08999633789062,
        "sma200": 86.12175846099854,
        "sma50": 85.12475662231445,
        "rsi_weekly": 53.607153296231495,
        "rsi_monthly": 51.027102787424376,
        "52w_high": 113.42715454101562,
        "52w_low": 0
    },
    "STT": {
        "close": 132.1649932861328,
        "sma200": 107.53379985809326,
        "sma50": 123.08727966308594,
        "rsi_weekly": 72.91804726467613,
        "rsi_monthly": 84.02673043809719,
        "52w_high": 134.32000732421875,
        "52w_low": 0
    },
    "SYK": {
        "close": 355.2699890136719,
        "sma200": 372.59881759643554,
        "sma50": 359.1346447753906,
        "rsi_weekly": 50.335182777474564,
        "rsi_monthly": 56.455600766047745,
        "52w_high": 401.61309814453125,
        "52w_low": 0
    },
    "SYF": {
        "close": 78.29000091552734,
        "sma200": 68.54639614105224,
        "sma50": 79.71765396118164,
        "rsi_weekly": 71.97019288252145,
        "rsi_monthly": 77.20157651398151,
        "52w_high": 88.47000122070312,
        "52w_low": 0
    },
    "SNPS": {
        "close": 514.3099975585938,
        "sma200": 492.2648503112793,
        "sma50": 448.00359985351565,
        "rsi_weekly": 57.56032531814409,
        "rsi_monthly": 54.61157390579129,
        "52w_high": 645.3499755859375,
        "52w_low": 0
    }
}