{
    "last_scan_index": 300,
    "AAPL": {
        "close": 256.2300109863281,
        "sma200": 233.75539100646972,
        "sma50": 271.5081408691406,
        "rsi_weekly": 53.76185326382552,
        "rsi_monthly": 65.05593484682106,
        "52w_high": 286.19000244140625,
        "52w_low": 0
    },
    "NVDA": {
        "close": 187.69009399414062,
        "sma200": 164.04944206237792,
        "sma50": 184.58287506103517,
        "rsi_weekly": 55.83253756528286,
        "rsi_monthly": 76.36247562854585,
        "52w_high": 207.02847290039062,
        "52w_low": 0
    },
    "TSLA": {
        "close": 439.6354064941406,
        "sma200": 369.1345774078369,
        "sma50": 443.11151000976565,
        "rsi_weekly": 57.433070397524055,
        "rsi_monthly": 70.21254147643917,
        "52w_high": 489.8800048828125,
        "52w_low": 0
    },
    "MSFT": {
        "close": 461.4779968261719,
        "sma200": 481.0630857849121,
        "sma50": 484.66039123535154,
        "rsi_weekly": 46.924932899008944,
        "rsi_monthly": 64.94487704151112,
        "52w_high": 541.057373046875,
        "52w_low": 0
    },
    "AMD": {
        "close": 232.23500061035156,
        "sma200": 168.69297481536864,
        "sma50": 220.5254998779297,
        "rsi_weekly": 52.90812131363197,
        "rsi_monthly": 69.38721493424931,
        "52w_high": 264.3299865722656,
        "52w_low": 0
    },
    "KHC": {
        "close": 23.556800842285156,
        "sma200": 25.77707010269165,
        "sma50": 24.297179794311525,
        "rsi_weekly": 36.133357355934066,
        "rsi_monthly": 26.123252303338468,
        "52w_high": 30.794836044311523,
        "52w_low": 0
    },
    "KR": {
        "close": 63.084999084472656,
        "sma200": 67.15325698852538,
        "sma50": 63.6375048828125,
        "rsi_weekly": 35.86523602128346,
        "rsi_monthly": 64.2284307452461,
        "52w_high": 73.5816421508789,
        "52w_low": 0
    },
    "LHX": {
        "close": 347.17999267578125,
        "sma200": 266.5552141571045,
        "sma50": 295.3711828613281,
        "rsi_weekly": 79.20814959089833,
        "rsi_monthly": 72.326978579865,
        "52w_high": 347.17999267578125,
        "52w_low": 0
    },
    "LH": {
        "close": 270.63751220703125,
        "sma200": 258.169119720459,
        "sma50": 259.30073303222656,
        "rsi_weekly": 44.125980263669405,
        "rsi_monthly": 48.85781443606927,
        "52w_high": 290.1536865234375,
        "52w_low": 0
    },
    "LRCX": {
        "close": 222.88999938964844,
        "sma200": 119.03348026275634,
        "sma50": 171.18710479736328,
        "rsi_weekly": 84.17096835627318,
        "rsi_monthly": 86.09798922229567,
        "52w_high": 222.88999938964844,
        "52w_low": 0
    },
    "LW": {
        "close": 43.18000030517578,
        "sma200": 54.53875652313232,
        "sma50": 52.596399765014645,
        "rsi_weekly": 30.89105588777183,
        "rsi_monthly": 29.530326728830794,
        "52w_high": 66.17394256591797,
        "52w_low": 0
    },
    "LVS": {
        "close": 58.95500183105469,
        "sma200": 51.41936910629273,
        "sma50": 65.05509941101074,
        "rsi_weekly": 51.936112093177776,
        "rsi_monthly": 73.17664128318287,
        "52w_high": 69.48999786376953,
        "52w_low": 0
    },
    "LDOS": {
        "close": 193.51010131835938,
        "sma200": 171.5189877319336,
        "sma50": 189.45306213378908,
        "rsi_weekly": 63.624674793020795,
        "rsi_monthly": 76.45758350440889,
        "52w_high": 199.09774780273438,
        "52w_low": 0
    },
    "LEN": {
        "close": 118.05999755859375,
        "sma200": 117.14051628112793,
        "sma50": 117.44920043945312,
        "rsi_weekly": 49.52510376529443,
        "rsi_monthly": 46.588449899709566,
        "52w_high": 141.796142578125,
        "52w_low": 0
    },
    "LLY": {
        "close": 1038.77001953125,
        "sma200": 837.7747848510742,
        "sma50": 1042.0878454589845,
        "rsi_weekly": 65.91395697856537,
        "rsi_monthly": 75.4124401992906,
        "52w_high": 1109.93994140625,
        "52w_low": 0
    },
    "LIN": {
        "close": 437.9750061035156,
        "sma200": 449.3449685668945,
        "sma50": 419.5828094482422,
        "rsi_weekly": 52.6231617258569,
        "rsi_monthly": 66.37432862968922,
        "52w_high": 481.8155212402344,
        "52w_low": 0
    },
    "LYV": {
        "close": 144.89999389648438,
        "sma200": 146.609700050354,
        "sma50": 139.36280120849608,
        "rsi_weekly": 50.27224029813544,
        "rsi_monthly": 63.96659478076111,
        "52w_high": 174.05999755859375,
        "52w_low": 0
    },
    "LKQ": {
        "close": 33.54499816894531,
        "sma200": 33.608488683700564,
        "sma50": 30.489263076782226,
        "rsi_weekly": 55.34766843504629,
        "rsi_monthly": 57.29198873489734,
        "52w_high": 42.58024597167969,
        "52w_low": 0
    },
    "LMT": {
        "close": 581.5438232421875,
        "sma200": 465.555184173584,
        "sma50": 481.5861535644531,
        "rsi_weekly": 69.97623635140562,
        "rsi_monthly": 55.56436947120497,
        "52w_high": 581.5438232421875,
        "52w_low": 0
    },
    "L": {
        "close": 102.55999755859375,
        "sma200": 95.69048881530762,
        "sma50": 104.8977244567871,
        "rsi_weekly": 61.03293079287481,
        "rsi_monthly": 77.677213101193,
        "52w_high": 108.26000213623047,
        "52w_low": 0
    },
    "LOW": {
        "close": 277.4599914550781,
        "sma200": 236.54933609008788,
        "sma50": 244.45140075683594,
        "rsi_weekly": 62.942466720535165,
        "rsi_monthly": 70.04804570400407,
        "52w_high": 277.4599914550781,
        "52w_low": 0
    },
    "LULU": {
        "close": 202.85000610351562,
        "sma200": 217.57979904174806,
        "sma50": 191.48779815673828,
        "rsi_weekly": 49.883817431229666,
        "rsi_monthly": 42.09858213970717,
        "52w_high": 421.1600036621094,
        "52w_low": 0
    },
    "LYB": {
        "close": 50.77000045776367,
        "sma200": 50.7007732963562,
        "sma50": 44.622054748535156,
        "rsi_weekly": 50.1797500535893,
        "rsi_monthly": 40.8513257226268,
        "52w_high": 71.61602783203125,
        "52w_low": 0
    },
    "MTB": {
        "close": 212.4499969482422,
        "sma200": 187.12827590942382,
        "sma50": 197.86231872558594,
        "rsi_weekly": 67.23227975931702,
        "rsi_monthly": 63.98926187986908,
        "52w_high": 213.61000061035156,
        "52w_low": 0
    },
    "MPC": {
        "close": 175.05999755859375,
        "sma200": 170.20847469329834,
        "sma50": 182.69639801025392,
        "rsi_weekly": 49.444885212643335,
        "rsi_monthly": 53.029165154740866,
        "52w_high": 199.1273956298828,
        "52w_low": 0
    },
    "MKTX": {
        "close": 175.625,
        "sma200": 192.61056777954101,
        "sma50": 172.35113342285158,
        "rsi_weekly": 41.39991426990603,
        "rsi_monthly": 36.24377234156999,
        "52w_high": 228.3568115234375,
        "52w_low": 0
    },
    "MAR": {
        "close": 326.0874938964844,
        "sma200": 270.6538858795166,
        "sma50": 303.3087091064453,
        "rsi_weekly": 68.85914737971943,
        "rsi_monthly": 71.95657984507531,
        "52w_high": 328.17999267578125,
        "52w_low": 0
    },
    "MMC": {
        "close": 182.25999450683594,
        "sma200": 203.84695358276366,
        "sma50": 183.26839904785157,
        "rsi_weekly": 42.21794021149781,
        "rsi_monthly": 50.49593186656081,
        "52w_high": 242.1346435546875,
        "52w_low": 0
    },
    "MLM": {
        "close": 652.4400024414062,
        "sma200": 585.5254562377929,
        "sma50": 624.4298999023438,
        "rsi_weekly": 70.55454206526558,
        "rsi_monthly": 75.6137795931139,
        "52w_high": 666.6699829101562,
        "52w_low": 0
    }
}