{
    "last_scan_index": 375,
    "AAPL": {
        "close": 259.7410888671875,
        "sma200": 233.18164581298828,
        "sma50": 272.16748413085935,
        "rsi_weekly": 53.76185307134885,
        "rsi_monthly": 65.05593426795942,
        "52w_high": 286.19000244140625,
        "52w_low": 0
    },
    "NVDA": {
        "close": 184.72500610351562,
        "sma200": 162.89531856536865,
        "sma50": 185.5640963745117,
        "rsi_weekly": 55.832537526691674,
        "rsi_monthly": 76.36247125345072,
        "52w_high": 207.02847290039062,
        "52w_low": 0
    },
    "TSLA": {
        "close": 444.8335876464844,
        "sma200": 366.491568069458,
        "sma50": 444.099873046875,
        "rsi_weekly": 57.433070397524055,
        "rsi_monthly": 70.21254147643917,
        "52w_high": 489.8800048828125,
        "52w_low": 0
    },
    "MSFT": {
        "close": 466.95001220703125,
        "sma200": 479.8084992980957,
        "sma50": 487.9611511230469,
        "rsi_weekly": 46.924932733982416,
        "rsi_monthly": 64.94486472468452,
        "52w_high": 541.057373046875,
        "52w_low": 0
    },
    "AMD": {
        "close": 221.93499755859375,
        "sma200": 166.8227247619629,
        "sma50": 222.18609954833985,
        "rsi_weekly": 52.90812131363197,
        "rsi_monthly": 69.38721493424931,
        "52w_high": 264.3299865722656,
        "52w_low": 0
    },
    "OMC": {
        "close": 77.63500213623047,
        "sma200": 74.2766449356079,
        "sma50": 75.5794483947754,
        "rsi_weekly": 54.90056171729722,
        "rsi_monthly": 45.46670653586862,
        "52w_high": 85.1419448852539,
        "52w_low": 0
    },
    "ON": {
        "close": 59.54999923706055,
        "sma200": 49.54355003356934,
        "sma50": 52.90660026550293,
        "rsi_weekly": 66.63842813991741,
        "rsi_monthly": 61.550226337426814,
        "52w_high": 62.45000076293945,
        "52w_low": 0
    },
    "OKE": {
        "close": 74.21949768066406,
        "sma200": 75.4315030670166,
        "sma50": 71.54378967285156,
        "rsi_weekly": 47.72022630152849,
        "rsi_monthly": 59.091528947692815,
        "52w_high": 104.35751342773438,
        "52w_low": 0
    },
    "ORCL": {
        "close": 202.1999969482422,
        "sma200": 216.03876152038575,
        "sma50": 209.32248291015625,
        "rsi_weekly": 42.6008753765977,
        "rsi_monthly": 53.693581245011956,
        "52w_high": 326.8970947265625,
        "52w_low": 0
    },
    "OTIS": {
        "close": 89.38999938964844,
        "sma200": 91.57089561462402,
        "sma50": 88.51329437255859,
        "rsi_weekly": 50.94193304780034,
        "rsi_monthly": 59.90756650149977,
        "52w_high": 102.87491607666016,
        "52w_low": 0
    },
    "PCAR": {
        "close": 119.33499908447266,
        "sma200": 97.0513256072998,
        "sma50": 106.04188217163086,
        "rsi_weekly": 72.5947170958792,
        "rsi_monthly": 72.91687069551698,
        "52w_high": 119.33499908447266,
        "52w_low": 0
    },
    "PKG": {
        "close": 218.44000244140625,
        "sma200": 198.10794258117676,
        "sma50": 202.10123413085938,
        "rsi_weekly": 61.98625973952877,
        "rsi_monthly": 66.40380296975027,
        "52w_high": 236.1614990234375,
        "52w_low": 0
    },
    "PANW": {
        "close": 190.3199005126953,
        "sma200": 192.60054969787598,
        "sma50": 194.69699829101563,
        "rsi_weekly": 47.43266878873063,
        "rsi_monthly": 41.463758262734274,
        "52w_high": 221.3800048828125,
        "52w_low": 0
    },
    "PH": {
        "close": 939.1400146484375,
        "sma200": 734.3496405029297,
        "sma50": 863.5299377441406,
        "rsi_weekly": 76.77899958453673,
        "rsi_monthly": 85.16236583110948,
        "52w_high": 939.1400146484375,
        "52w_low": 0
    },
    "PAYX": {
        "close": 109.79000091552734,
        "sma200": 132.86950595855714,
        "sma50": 112.50860687255859,
        "rsi_weekly": 38.209166455028125,
        "rsi_monthly": 41.10532516389416,
        "52w_high": 157.0591278076172,
        "52w_low": 0
    },
    "PAYC": {
        "close": 157.11500549316406,
        "sma200": 210.02967132568358,
        "sma50": 163.72464904785156,
        "rsi_weekly": 31.32847565621613,
        "rsi_monthly": 34.30216282847733,
        "52w_high": 264.6704406738281,
        "52w_low": 0
    },
    "PYPL": {
        "close": 56.540000915527344,
        "sma200": 67.41113710403442,
        "sma50": 61.586423034667966,
        "rsi_weekly": 33.85673439075665,
        "rsi_monthly": 38.232637776079414,
        "52w_high": 91.5982437133789,
        "52w_low": 0
    },
    "PNR": {
        "close": 103.3550033569336,
        "sma200": 102.01155849456786,
        "sma50": 104.90870025634766,
        "rsi_weekly": 46.95492508829703,
        "rsi_monthly": 68.20960056411846,
        "52w_high": 112.33572387695312,
        "52w_low": 0
    },
    "PEP": {
        "close": 143.27499389648438,
        "sma200": 139.30920307159423,
        "sma50": 144.6535675048828,
        "rsi_weekly": 45.32753551220421,
        "rsi_monthly": 42.553488086428054,
        "52w_high": 152.22113037109375,
        "52w_low": 0
    },
    "PFE": {
        "close": 25.094999313354492,
        "sma200": 23.915413284301756,
        "sma50": 25.200108451843263,
        "rsi_weekly": 55.07166420889166,
        "rsi_monthly": 46.704964205308926,
        "52w_high": 26.896394729614258,
        "52w_low": 0
    },
    "PCG": {
        "close": 15.520000457763672,
        "sma200": 15.553836550712585,
        "sma50": 15.798039150238036,
        "rsi_weekly": 51.395268424391425,
        "rsi_monthly": 45.16955187085619,
        "52w_high": 17.753080368041992,
        "52w_low": 0
    },
    "PM": {
        "close": 166.50999450683594,
        "sma200": 161.83208686828613,
        "sma50": 154.50584075927733,
        "rsi_weekly": 54.815673652561834,
        "rsi_monthly": 63.337575313220846,
        "52w_high": 180.2153778076172,
        "52w_low": 0
    },
    "PSX": {
        "close": 138.48500061035156,
        "sma200": 123.99974136352539,
        "sma50": 136.0009701538086,
        "rsi_weekly": 59.223423524823694,
        "rsi_monthly": 49.69666930020721,
        "52w_high": 144.22000122070312,
        "52w_low": 0
    },
    "PNW": {
        "close": 90.75499725341797,
        "sma200": 89.13092727661133,
        "sma50": 88.58030014038086,
        "rsi_weekly": 51.46898047057821,
        "rsi_monthly": 59.38408013335569,
        "52w_high": 92.81592559814453,
        "52w_low": 0
    },
    "PNC": {
        "close": 213.11000061035156,
        "sma200": 186.1026791381836,
        "sma50": 199.39059997558593,
        "rsi_weekly": 67.98248268592967,
        "rsi_monthly": 58.82046543301727,
        "52w_high": 218.63999938964844,
        "52w_low": 0
    },
    "POOL": {
        "close": 261.239990234375,
        "sma200": 288.31494033813476,
        "sma50": 241.59814880371093,
        "rsi_weekly": 41.66912276385996,
        "rsi_monthly": 45.12073433986661,
        "52w_high": 358.43194580078125,
        "52w_low": 0
    },
    "PPG": {
        "close": 107.51499938964844,
        "sma200": 105.49905929565429,
        "sma50": 100.57462478637696,
        "rsi_weekly": 54.82064983484138,
        "rsi_monthly": 39.604089060332996,
        "52w_high": 121.09014129638672,
        "52w_low": 0
    },
    "PPL": {
        "close": 34.96500015258789,
        "sma200": 35.09954538345337,
        "sma50": 35.178830490112304,
        "rsi_weekly": 46.0634730126919,
        "rsi_monthly": 63.58123159855805,
        "52w_high": 37.66332244873047,
        "52w_low": 0
    }
}