{
    "last_scan_index": 150,
    "AAPL": {
        "close": 260.2699890136719,
        "sma200": 233.59668800354004,
        "sma50": 271.82031005859375,
        "rsi_weekly": 53.76185319780747,
        "rsi_monthly": 65.05593415419068,
        "52w_high": 286.19000244140625,
        "52w_low": 0
    },
    "NVDA": {
        "close": 188.46009826660156,
        "sma200": 163.66869216918946,
        "sma50": 184.83085388183594,
        "rsi_weekly": 55.832537469839416,
        "rsi_monthly": 76.36247271985106,
        "52w_high": 207.02847290039062,
        "52w_low": 0
    },
    "TSLA": {
        "close": 442.4800109863281,
        "sma200": 368.2982503509522,
        "sma50": 443.2822021484375,
        "rsi_weekly": 57.433070397524055,
        "rsi_monthly": 70.21254147643917,
        "52w_high": 489.8800048828125,
        "52w_low": 0
    },
    "MSFT": {
        "close": 458.7900085449219,
        "sma200": 480.66710739135743,
        "sma50": 485.7408154296875,
        "rsi_weekly": 46.92493261087517,
        "rsi_monthly": 64.9448341585716,
        "52w_high": 541.057373046875,
        "52w_low": 0
    },
    "AMD": {
        "close": 235.65499877929688,
        "sma200": 168.08437480926514,
        "sma50": 221.03649993896485,
        "rsi_weekly": 52.90812131363197,
        "rsi_monthly": 69.38721493424931,
        "52w_high": 264.3299865722656,
        "52w_low": 0
    },
    "COO": {
        "close": 81.88999938964844,
        "sma200": 74.48930000305175,
        "sma50": 78.26719985961914,
        "rsi_weekly": 62.35298251220104,
        "rsi_monthly": 48.46041333422471,
        "52w_high": 99.44999694824219,
        "52w_low": 0
    },
    "CPRT": {
        "close": 40.68000030517578,
        "sma200": 47.66300001144409,
        "sma50": 39.6881999206543,
        "rsi_weekly": 36.37544266038222,
        "rsi_monthly": 51.94995856135763,
        "52w_high": 63.84000015258789,
        "52w_low": 0
    },
    "GLW": {
        "close": 93.34500122070312,
        "sma200": 67.10155132293701,
        "sma50": 86.63594482421875,
        "rsi_weekly": 62.61302077524034,
        "rsi_monthly": 83.83169760298621,
        "52w_high": 95.97000122070312,
        "52w_low": 0
    },
    "CPAY": {
        "close": 327.3349914550781,
        "sma200": 312.14857513427734,
        "sma50": 300.79669982910156,
        "rsi_weekly": 58.9815898077651,
        "rsi_monthly": 42.64298440673572,
        "52w_high": 389.54998779296875,
        "52w_low": 0
    },
    "CTVA": {
        "close": 69.96900177001953,
        "sma200": 67.70545150756836,
        "sma50": 66.37423332214355,
        "rsi_weekly": 54.94198649216523,
        "rsi_monthly": 72.06121369265827,
        "52w_high": 76.72765350341797,
        "52w_low": 0
    },
    "CSGP": {
        "close": 63.540000915527344,
        "sma200": 78.24145002365113,
        "sma50": 66.46180000305176,
        "rsi_weekly": 28.054894524670246,
        "rsi_monthly": 47.61567195546935,
        "52w_high": 96.83000183105469,
        "52w_low": 0
    },
    "COST": {
        "close": 952.469970703125,
        "sma200": 948.7551440429687,
        "sma50": 896.9152014160156,
        "rsi_weekly": 51.04787633355592,
        "rsi_monthly": 59.5177641591485,
        "52w_high": 1072.4534912109375,
        "52w_low": 0
    },
    "CTRA": {
        "close": 25.364999771118164,
        "sma200": 24.60907868385315,
        "sma50": 26.02934169769287,
        "rsi_weekly": 48.85916938951939,
        "rsi_monthly": 61.894112848812945,
        "52w_high": 28.81731414794922,
        "52w_low": 0
    },
    "CCI": {
        "close": 89.06999969482422,
        "sma200": 95.59069194793702,
        "sma50": 88.45506607055664,
        "rsi_weekly": 36.103393683911854,
        "rsi_monthly": 46.953295626728256,
        "52w_high": 111.32425689697266,
        "52w_low": 0
    },
    "CSX": {
        "close": 36.33000183105469,
        "sma200": 33.30155117988586,
        "sma50": 35.678237762451175,
        "rsi_weekly": 51.91973352990373,
        "rsi_monthly": 66.84470934495921,
        "52w_high": 37.38999938964844,
        "52w_low": 0
    },
    "CMI": {
        "close": 574.6500244140625,
        "sma200": 393.32634399414064,
        "sma50": 504.0432141113281,
        "rsi_weekly": 82.52293653169603,
        "rsi_monthly": 85.26034407114741,
        "52w_high": 574.6500244140625,
        "52w_low": 0
    },
    "CVS": {
        "close": 79.23999786376953,
        "sma200": 70.78547143936157,
        "sma50": 78.7586003112793,
        "rsi_weekly": 61.43105885016267,
        "rsi_monthly": 62.222328316942956,
        "52w_high": 82.44999694824219,
        "52w_low": 0
    },
    "DHR": {
        "close": 237.77000427246094,
        "sma200": 205.37574020385742,
        "sma50": 226.44159149169923,
        "rsi_weekly": 63.635603372008,
        "rsi_monthly": 64.20377977882242,
        "52w_high": 249.025634765625,
        "52w_low": 0
    },
    "DRI": {
        "close": 210.55499267578125,
        "sma200": 195.48382438659667,
        "sma50": 182.99619201660155,
        "rsi_weekly": 59.920047529727725,
        "rsi_monthly": 62.035449806465174,
        "52w_high": 220.7618865966797,
        "52w_low": 0
    },
    "DVA": {
        "close": 104.2300033569336,
        "sma200": 132.2727000427246,
        "sma50": 116.73760025024414,
        "rsi_weekly": 32.88866900886936,
        "rsi_monthly": 58.53862959030401,
        "52w_high": 177.35000610351562,
        "52w_low": 0
    },
    "DAY": {
        "close": 69.37999725341797,
        "sma200": 63.128349933624264,
        "sma50": 69.08639999389648,
        "rsi_weekly": 60.791485473398616,
        "rsi_monthly": 55.44195534123394,
        "52w_high": 74.08000183105469,
        "52w_low": 0
    },
    "DEW": {
        "close": 63.369998931884766,
        "sma200": 57.578670806884766,
        "sma50": 60.96227714538574,
        "rsi_weekly": 70.41007795121546,
        "rsi_monthly": 82.41922000547194,
        "52w_high": 63.369998931884766,
        "52w_low": 0
    },
    "DE": {
        "close": 518.719970703125,
        "sma200": 481.11524993896484,
        "sma50": 476.5847009277344,
        "rsi_weekly": 55.057710330810515,
        "rsi_monthly": 42.404628699484256,
        "52w_high": 526.138916015625,
        "52w_low": 0
    },
    "DAL": {
        "close": 70.38999938964844,
        "sma200": 55.830552349090574,
        "sma50": 65.82179962158203,
        "rsi_weekly": 70.38267217169643,
        "rsi_monthly": 69.74173451155987,
        "52w_high": 72.30999755859375,
        "52w_low": 0
    },
    "XRAY": {
        "close": 12.395000457763672,
        "sma200": 13.30457721233368,
        "sma50": 11.256424236297608,
        "rsi_weekly": 51.03396659845026,
        "rsi_monthly": 15.909465011536165,
        "52w_high": 19.363664627075195,
        "52w_low": 0
    },
    "DVN": {
        "close": 37.17499923706055,
        "sma200": 33.38326180458069,
        "sma50": 35.93534507751465,
        "rsi_weekly": 52.894828032797705,
        "rsi_monthly": 58.258920043147576,
        "52w_high": 38.164306640625,
        "52w_low": 0
    },
    "DXCM": {
        "close": 69.27999877929688,
        "sma200": 73.76170013427735,
        "sma50": 64.39940010070801,
        "rsi_weekly": 47.3484117569779,
        "rsi_monthly": 32.1728819719612,
        "52w_high": 90.75,
        "52w_low": 0
    },
    "FANG": {
        "close": 151.98500061035156,
        "sma200": 141.75801723480225,
        "sma50": 149.50484832763672,
        "rsi_weekly": 50.56714397020492,
        "rsi_monthly": 73.00641712972563,
        "52w_high": 175.20565795898438,
        "52w_low": 0
    },
    "DLR": {
        "close": 161.3699951171875,
        "sma200": 163.6960871887207,
        "sma50": 157.7147689819336,
        "rsi_weekly": 46.87533655811193,
        "rsi_monthly": 56.82888271372119,
        "52w_high": 178.07101440429688,
        "52w_low": 0
    }
}