{
    "last_scan_index": 75,
    "AAPL": {
        "close": 256.5968017578125,
        "sma200": 232.7871354675293,
        "sma50": 272.5237176513672,
        "rsi_weekly": 63.04886235115009,
        "rsi_monthly": 65.05593315600858,
        "52w_high": 286.19000244140625,
        "52w_low": 0
    },
    "NVDA": {
        "close": 184.7301025390625,
        "sma200": 162.17208972930908,
        "sma50": 186.36634185791016,
        "rsi_weekly": 58.64870599975898,
        "rsi_monthly": 76.36247662275723,
        "52w_high": 207.02847290039062,
        "52w_low": 0
    },
    "TSLA": {
        "close": 436.5150146484375,
        "sma200": 364.70607521057127,
        "sma50": 444.0863018798828,
        "rsi_weekly": 56.31157929953819,
        "rsi_monthly": 70.21254147643917,
        "52w_high": 489.8800048828125,
        "52w_low": 0
    },
    "MSFT": {
        "close": 472.7749938964844,
        "sma200": 478.93726348876953,
        "sma50": 490.25477416992186,
        "rsi_weekly": 44.49072428266266,
        "rsi_monthly": 64.94484193658279,
        "52w_high": 541.057373046875,
        "52w_low": 0
    },
    "AMD": {
        "close": 205.7100067138672,
        "sma200": 165.77149982452391,
        "sma50": 224.0277993774414,
        "rsi_weekly": 60.71614808686848,
        "rsi_monthly": 69.38721493424931,
        "52w_high": 264.3299865722656,
        "52w_low": 0
    },
    "ADP": {
        "close": 266.2300109863281,
        "sma200": 287.5672132110596,
        "sma50": 256.8523068237305,
        "rsi_weekly": 33.10957423291078,
        "rsi_monthly": 48.93981129467237,
        "52w_high": 321.4271240234375,
        "52w_low": 0
    },
    "AZO": {
        "close": 3376.23828125,
        "sma200": 3809.9144873046876,
        "sma50": 3621.9397705078127,
        "rsi_weekly": 33.58807043115551,
        "rsi_monthly": 59.03724331970976,
        "52w_high": 4354.5400390625,
        "52w_low": 0
    },
    "AVB": {
        "close": 183.3000030517578,
        "sma200": 189.99805931091308,
        "sma50": 177.7636752319336,
        "rsi_weekly": 44.56984296093984,
        "rsi_monthly": 42.128370266358075,
        "52w_high": 220.1442413330078,
        "52w_low": 0
    },
    "AVY": {
        "close": 186.75,
        "sma200": 172.28553756713868,
        "sma50": 176.4747479248047,
        "rsi_weekly": 58.5775932966493,
        "rsi_monthly": 66.34417829866017,
        "52w_high": 191.8097381591797,
        "52w_low": 0
    },
    "AXON": {
        "close": 623.1599731445312,
        "sma200": 681.3648497009277,
        "sma50": 583.4692016601563,
        "rsi_weekly": 40.36992684015042,
        "rsi_monthly": 60.67064340685401,
        "52w_high": 870.969970703125,
        "52w_low": 0
    },
    "BKR": {
        "close": 50.349998474121094,
        "sma200": 43.061592979431154,
        "sma50": 47.79325782775879,
        "rsi_weekly": 54.39906676862557,
        "rsi_monthly": 63.891230479993446,
        "52w_high": 50.61000061035156,
        "52w_low": 0
    },
    "BALL": {
        "close": 55.150001525878906,
        "sma200": 51.56479623794556,
        "sma50": 49.856261291503905,
        "rsi_weekly": 56.45249649712344,
        "rsi_monthly": 67.95235184607719,
        "52w_high": 59.233028411865234,
        "52w_low": 0
    },
    "BAC": {
        "close": 56.29999923706055,
        "sma200": 47.69084524154663,
        "sma50": 53.91121131896973,
        "rsi_weekly": 67.45021993518478,
        "rsi_monthly": 79.2878444021229,
        "52w_high": 57.25,
        "52w_low": 0
    },
    "BK": {
        "close": 120.54000091552734,
        "sma200": 99.0736801147461,
        "sma50": 113.26079956054687,
        "rsi_weekly": 70.17688982960422,
        "rsi_monthly": 86.4381718622933,
        "52w_high": 121.30999755859375,
        "52w_low": 0
    },
    "BBWI": {
        "close": 23.139999389648438,
        "sma200": 26.444243478775025,
        "sma50": 20.37017780303955,
        "rsi_weekly": 42.086031714381186,
        "rsi_monthly": 45.010928725641584,
        "52w_high": 39.98191833496094,
        "52w_low": 0
    },
    "BAX": {
        "close": 20.790000915527344,
        "sma200": 25.04423858642578,
        "sma50": 18.8773059463501,
        "rsi_weekly": 37.83127381337141,
        "rsi_monthly": 42.31007083409397,
        "52w_high": 36.09502029418945,
        "52w_low": 0
    },
    "BDX": {
        "close": 203.69500732421875,
        "sma200": 186.04438690185546,
        "sma50": 191.6900439453125,
        "rsi_weekly": 53.87524816972698,
        "rsi_monthly": 40.80857732901083,
        "52w_high": 243.80545043945312,
        "52w_low": 0
    },
    "BBY": {
        "close": 72.25,
        "sma200": 70.3668808746338,
        "sma50": 74.02047836303711,
        "rsi_weekly": 44.191347217125006,
        "rsi_monthly": 57.73043871139326,
        "52w_high": 86.45199584960938,
        "52w_low": 0
    },
    "BIO": {
        "close": 323.0,
        "sma200": 274.7072493743897,
        "sma50": 312.322998046875,
        "rsi_weekly": 52.85321926273481,
        "rsi_monthly": 52.914979021456986,
        "52w_high": 367.0,
        "52w_low": 0
    },
    "TECH": {
        "close": 65.7750015258789,
        "sma200": 55.14852025985718,
        "sma50": 60.67943962097168,
        "rsi_weekly": 51.64493403457039,
        "rsi_monthly": 52.777894719196524,
        "52w_high": 78.30477142333984,
        "52w_low": 0
    },
    "BIIB": {
        "close": 188.9550018310547,
        "sma200": 142.4356253051758,
        "sma50": 171.42090057373048,
        "rsi_weekly": 65.41166285497414,
        "rsi_monthly": 30.505703427542805,
        "52w_high": 188.9550018310547,
        "52w_low": 0
    },
    "BLK": {
        "close": 1087.6400146484375,
        "sma200": 1044.3782208251953,
        "sma50": 1066.1415185546875,
        "rsi_weekly": 52.336943315882145,
        "rsi_monthly": 67.76743647070407,
        "52w_high": 1196.7647705078125,
        "52w_low": 0
    },
    "BX": {
        "close": 156.093505859375,
        "sma200": 152.1081356048584,
        "sma50": 149.19336120605467,
        "rsi_weekly": 53.61597942796957,
        "rsi_monthly": 58.11288762722122,
        "52w_high": 187.02017211914062,
        "52w_low": 0
    },
    "BA": {
        "close": 232.25,
        "sma200": 206.88980033874512,
        "sma50": 203.76920104980468,
        "rsi_weekly": 59.97203070354573,
        "rsi_monthly": 50.75980119696621,
        "52w_high": 237.3800048828125,
        "52w_low": 0
    },
    "BKNG": {
        "close": 5446.5751953125,
        "sma200": 5258.935632324219,
        "sma50": 5142.8745703125,
        "rsi_weekly": 52.91510182495125,
        "rsi_monthly": 59.50383856173963,
        "52w_high": 5794.83740234375,
        "52w_low": 0
    },
    "BWA": {
        "close": 47.59000015258789,
        "sma200": 38.09168352127075,
        "sma50": 44.45949447631836,
        "rsi_weekly": 69.59308791166846,
        "rsi_monthly": 55.546777424417925,
        "52w_high": 47.88999938964844,
        "52w_low": 0
    },
    "BSX": {
        "close": 98.02999877929688,
        "sma200": 100.81060012817383,
        "sma50": 97.78119995117187,
        "rsi_weekly": 43.545718808009184,
        "rsi_monthly": 64.00956665114143,
        "52w_high": 108.13999938964844,
        "52w_low": 0
    },
    "BMY": {
        "close": 56.20500183105469,
        "sma200": 47.19251878738403,
        "sma50": 49.941251602172855,
        "rsi_weekly": 66.81213649999869,
        "rsi_monthly": 63.23713978389358,
        "52w_high": 60.075191497802734,
        "52w_low": 0
    },
    "AVGO": {
        "close": 337.44000244140625,
        "sma200": 292.6713972473145,
        "sma50": 359.82201782226565,
        "rsi_weekly": 55.30561510207779,
        "rsi_monthly": 72.8159855466485,
        "52w_high": 412.18133544921875,
        "52w_low": 0
    }
}