{
    "last_scan_index": 250,
    "AAPL": {
        "close": 248.35000610351562,
        "sma200": 234.39857795715332,
        "sma50": 270.19619842529295,
        "rsi_weekly": 51.05965919854953,
        "rsi_monthly": 65.05591598362726,
        "52w_high": 286.19000244140625,
        "52w_low": 0
    },
    "NVDA": {
        "close": 184.83999633789062,
        "sma200": 165.24091957092284,
        "sma50": 184.0501092529297,
        "rsi_weekly": 56.61352272464441,
        "rsi_monthly": 76.36247601161979,
        "52w_high": 207.02847290039062,
        "52w_low": 0
    },
    "TSLA": {
        "close": 449.3599853515625,
        "sma200": 371.67680030822754,
        "sma50": 442.3198016357422,
        "rsi_weekly": 55.767272209839355,
        "rsi_monthly": 70.21254147643917,
        "52w_high": 489.8800048828125,
        "52w_low": 0
    },
    "MSFT": {
        "close": 451.1400146484375,
        "sma200": 482.25812606811525,
        "sma50": 481.6579150390625,
        "rsi_weekly": 40.97292744382654,
        "rsi_monthly": 64.94486589121267,
        "52w_high": 541.057373046875,
        "52w_low": 0
    },
    "AMD": {
        "close": 253.72999572753906,
        "sma200": 170.95559978485107,
        "sma50": 220.6750003051758,
        "rsi_weekly": 60.57175331207617,
        "rsi_monthly": 69.38721493424931,
        "52w_high": 264.3299865722656,
        "52w_low": 0
    },
    "HSIC": {
        "close": 78.47000122070312,
        "sma200": 70.10595029830932,
        "sma50": 75.44420013427734,
        "rsi_weekly": 67.59872606462515,
        "rsi_monthly": 57.563536541611754,
        "52w_high": 81.91000366210938,
        "52w_low": 0
    },
    "HSY": {
        "close": 190.64999389648438,
        "sma200": 175.96477836608886,
        "sma50": 184.83567077636718,
        "rsi_weekly": 61.800881775513815,
        "rsi_monthly": 48.264832251355216,
        "52w_high": 201.07000732421875,
        "52w_low": 0
    },
    "HPE": {
        "close": 21.360000610351562,
        "sma200": 20.878932237625122,
        "sma50": 22.773547973632812,
        "rsi_weekly": 46.21283971737134,
        "rsi_monthly": 63.776874652140044,
        "52w_high": 26.093069076538086,
        "52w_low": 0
    },
    "HLT": {
        "close": 295.9200134277344,
        "sma200": 263.55310974121096,
        "sma50": 284.5092437744141,
        "rsi_weekly": 66.11334478085712,
        "rsi_monthly": 74.74447612950192,
        "52w_high": 301.8599853515625,
        "52w_low": 0
    },
    "HOLX": {
        "close": 75.11000061035156,
        "sma200": 67.22905029296875,
        "sma50": 74.7522004699707,
        "rsi_weekly": 68.40177441048473,
        "rsi_monthly": 52.631403956020975,
        "52w_high": 75.19000244140625,
        "52w_low": 0
    },
    "HD": {
        "close": 381.0299987792969,
        "sma200": 370.19780471801755,
        "sma50": 355.9350524902344,
        "rsi_weekly": 54.07653019631159,
        "rsi_monthly": 58.70277265862702,
        "52w_high": 420.69903564453125,
        "52w_low": 0
    },
    "HON": {
        "close": 222.5399932861328,
        "sma200": 201.42928146362306,
        "sma50": 198.73438385009766,
        "rsi_weekly": 64.443945159872,
        "rsi_monthly": 45.86192916653749,
        "52w_high": 224.0632781982422,
        "52w_low": 0
    },
    "HRL": {
        "close": 24.360000610351562,
        "sma200": 26.066573839187622,
        "sma50": 23.192082939147948,
        "rsi_weekly": 48.16651580247784,
        "rsi_monthly": 63.52091822394677,
        "52w_high": 30.466331481933594,
        "52w_low": 0
    },
    "HST": {
        "close": 18.809999465942383,
        "sma200": 15.982318201065063,
        "sma50": 17.74493995666504,
        "rsi_weekly": 65.99834951974113,
        "rsi_monthly": 71.29016737677347,
        "52w_high": 18.809999465942383,
        "52w_low": 0
    },
    "HWM": {
        "close": 217.6999969482422,
        "sma200": 182.32397926330566,
        "sma50": 205.75039978027343,
        "rsi_weekly": 70.8864129286891,
        "rsi_monthly": 86.11352046337029,
        "52w_high": 225.0,
        "52w_low": 0
    },
    "HPQ": {
        "close": 19.829999923706055,
        "sma200": 25.075834970474244,
        "sma50": 23.13374111175537,
        "rsi_weekly": 31.55658668744814,
        "rsi_monthly": 32.64159289379954,
        "52w_high": 33.24667739868164,
        "52w_low": 0
    },
    "HUBB": {
        "close": 484.05999755859375,
        "sma200": 417.63702713012697,
        "sma50": 448.3729260253906,
        "rsi_weekly": 67.01453139814961,
        "rsi_monthly": 70.86338811467685,
        "52w_high": 489.30999755859375,
        "52w_low": 0
    },
    "HUM": {
        "close": 266.2900085449219,
        "sma200": 257.6811001586914,
        "sma50": 255.6390936279297,
        "rsi_weekly": 53.75690214320742,
        "rsi_monthly": 35.12736620527417,
        "52w_high": 309.8533935546875,
        "52w_low": 0
    },
    "HBAN": {
        "close": 17.639999389648438,
        "sma200": 16.1376602602005,
        "sma50": 17.04541358947754,
        "rsi_weekly": 62.401469137493905,
        "rsi_monthly": 64.2257063750674,
        "52w_high": 18.770000457763672,
        "52w_low": 0
    },
    "HII": {
        "close": 424.1400146484375,
        "sma200": 275.77264762878417,
        "sma50": 342.46708312988284,
        "rsi_weekly": 86.02609354602768,
        "rsi_monthly": 77.36115971744398,
        "52w_high": 425.8999938964844,
        "52w_low": 0
    },
    "IBM": {
        "close": 294.6700134277344,
        "sma200": 273.60608108520506,
        "sma50": 303.0308013916016,
        "rsi_weekly": 60.439019756968015,
        "rsi_monthly": 67.61587958693548,
        "52w_high": 314.9800109863281,
        "52w_low": 0
    },
    "IEX": {
        "close": 197.83999633789062,
        "sma200": 172.00095169067382,
        "sma50": 177.53965515136719,
        "rsi_weekly": 69.16814715636548,
        "rsi_monthly": 64.96375930119922,
        "52w_high": 220.8609161376953,
        "52w_low": 0
    },
    "IDXX": {
        "close": 691.0499877929688,
        "sma200": 601.399799194336,
        "sma50": 705.7787963867188,
        "rsi_weekly": 62.05196739796288,
        "rsi_monthly": 73.80787068804858,
        "52w_high": 766.6799926757812,
        "52w_low": 0
    },
    "ITW": {
        "close": 259.69000244140625,
        "sma200": 248.23885429382324,
        "sma50": 249.56954376220702,
        "rsi_weekly": 60.78389910549246,
        "rsi_monthly": 50.419359341740936,
        "52w_high": 267.75982666015625,
        "52w_low": 0
    },
    "ILMN": {
        "close": 153.9499969482422,
        "sma200": 103.09200042724609,
        "sma50": 133.5304005432129,
        "rsi_weekly": 70.69362856682675,
        "rsi_monthly": 52.99594791379708,
        "52w_high": 153.9499969482422,
        "52w_low": 0
    },
    "INCY": {
        "close": 105.05999755859375,
        "sma200": 82.02759992599488,
        "sma50": 102.37480026245117,
        "rsi_weekly": 65.60612082620649,
        "rsi_monthly": 71.27031840388001,
        "52w_high": 110.56999969482422,
        "52w_low": 0
    },
    "IR": {
        "close": 87.55000305175781,
        "sma200": 80.32913486480713,
        "sma50": 80.6666046142578,
        "rsi_weekly": 60.352241181076835,
        "rsi_monthly": 64.30778544305565,
        "52w_high": 94.13667297363281,
        "52w_low": 0
    },
    "PODD": {
        "close": 280.0,
        "sma200": 304.63370040893557,
        "sma50": 302.2944030761719,
        "rsi_weekly": 41.63950708478216,
        "rsi_monthly": 43.354514287478466,
        "52w_high": 352.82000732421875,
        "52w_low": 0
    },
    "INTC": {
        "close": 54.31999969482422,
        "sma200": 29.030449981689454,
        "sma50": 39.909000091552734,
        "rsi_weekly": 71.91904705902907,
        "rsi_monthly": 58.60245325814752,
        "52w_high": 54.31999969482422,
        "52w_low": 0
    }
}