{
    "last_scan_index": 300,
    "AAPL": {
        "close": 259.0400085449219,
        "sma200": 232.61908889770507,
        "sma50": 272.7665710449219,
        "rsi_weekly": 63.04886141789552,
        "rsi_monthly": 65.05589662886447,
        "52w_high": 286.19000244140625,
        "52w_low": 0
    },
    "NVDA": {
        "close": 185.0399932861328,
        "sma200": 161.85177986145018,
        "sma50": 186.69211608886718,
        "rsi_weekly": 58.648705796301655,
        "rsi_monthly": 76.3624767394648,
        "52w_high": 207.02847290039062,
        "52w_low": 0
    },
    "TSLA": {
        "close": 435.79998779296875,
        "sma200": 363.9642002105713,
        "sma50": 444.56700134277344,
        "rsi_weekly": 56.31157929953819,
        "rsi_monthly": 70.21254147643917,
        "52w_high": 489.8800048828125,
        "52w_low": 0
    },
    "MSFT": {
        "close": 478.1099853515625,
        "sma200": 478.53865203857424,
        "sma50": 491.6204217529297,
        "rsi_weekly": 44.4907246426841,
        "rsi_monthly": 64.94485640932541,
        "52w_high": 541.057373046875,
        "52w_low": 0
    },
    "AMD": {
        "close": 204.67999267578125,
        "sma200": 165.31699977874757,
        "sma50": 225.07379943847656,
        "rsi_weekly": 60.71614808686848,
        "rsi_monthly": 69.38721493424931,
        "52w_high": 264.3299865722656,
        "52w_low": 0
    },
    "KHC": {
        "close": 23.43000030517578,
        "sma200": 25.92445580482483,
        "sma50": 24.356484413146973,
        "rsi_weekly": 41.704171846588316,
        "rsi_monthly": 26.12328673122959,
        "52w_high": 30.794836044311523,
        "52w_low": 0
    },
    "KR": {
        "close": 59.790000915527344,
        "sma200": 67.2677871131897,
        "sma50": 63.993423309326175,
        "rsi_weekly": 42.730243310983305,
        "rsi_monthly": 64.22844685866443,
        "52w_high": 73.58164978027344,
        "52w_low": 0
    },
    "LHX": {
        "close": 325.739990234375,
        "sma200": 262.5497177886963,
        "sma50": 289.0433666992187,
        "rsi_weekly": 69.80325000168992,
        "rsi_monthly": 72.32699393491889,
        "52w_high": 325.739990234375,
        "52w_low": 0
    },
    "LH": {
        "close": 254.6699981689453,
        "sma200": 257.2981702423096,
        "sma50": 258.5510372924805,
        "rsi_weekly": 44.03566317493062,
        "rsi_monthly": 48.85784856461531,
        "52w_high": 290.1536865234375,
        "52w_low": 0
    },
    "LRCX": {
        "close": 200.9600067138672,
        "sma200": 114.74223937988282,
        "sma50": 164.14561767578124,
        "rsi_weekly": 77.97085164351604,
        "rsi_monthly": 86.09798275820202,
        "52w_high": 206.9600067138672,
        "52w_low": 0
    },
    "LW": {
        "close": 41.29999923706055,
        "sma200": 54.83848575592041,
        "sma50": 55.02127983093262,
        "rsi_weekly": 31.743018793494453,
        "rsi_monthly": 29.530284614797,
        "52w_high": 66.17394256591797,
        "52w_low": 0
    },
    "LVS": {
        "close": 61.900001525878906,
        "sma200": 50.79465999603271,
        "sma50": 65.03314208984375,
        "rsi_weekly": 64.72481434477947,
        "rsi_monthly": 73.1766339585644,
        "52w_high": 69.48999786376953,
        "52w_low": 0
    },
    "LDOS": {
        "close": 195.22000122070312,
        "sma200": 169.71332481384277,
        "sma50": 189.04833404541014,
        "rsi_weekly": 53.5072633493719,
        "rsi_monthly": 76.4575748044926,
        "52w_high": 199.09774780273438,
        "52w_low": 0
    },
    "LEN": {
        "close": 109.55000305175781,
        "sma200": 116.95289489746094,
        "sma50": 117.79660034179688,
        "rsi_weekly": 36.898236686905776,
        "rsi_monthly": 46.58845135491158,
        "52w_high": 141.796142578125,
        "52w_low": 0
    },
    "LLY": {
        "close": 1085.18994140625,
        "sma200": 830.572007446289,
        "sma50": 1017.4889660644532,
        "rsi_weekly": 68.26324824986489,
        "rsi_monthly": 75.4124278480084,
        "52w_high": 1109.93994140625,
        "52w_low": 0
    },
    "LIN": {
        "close": 439.69000244140625,
        "sma200": 449.84049560546873,
        "sma50": 417.4845458984375,
        "rsi_weekly": 45.29020257606,
        "rsi_monthly": 66.37433199763869,
        "52w_high": 481.8155212402344,
        "52w_low": 0
    },
    "LYV": {
        "close": 147.27000427246094,
        "sma200": 146.06529998779297,
        "sma50": 139.76380126953126,
        "rsi_weekly": 49.61745407277463,
        "rsi_monthly": 63.96659478076111,
        "52w_high": 174.05999755859375,
        "52w_low": 0
    },
    "LKQ": {
        "close": 33.0,
        "sma200": 33.82335264205933,
        "sma50": 30.13747329711914,
        "rsi_weekly": 43.795542654449214,
        "rsi_monthly": 57.2919889162328,
        "52w_high": 42.58025360107422,
        "52w_low": 0
    },
    "LMT": {
        "close": 518.4400024414062,
        "sma200": 461.6778674316406,
        "sma50": 471.9657836914063,
        "rsi_weekly": 60.095364101188814,
        "rsi_monthly": 55.56435568035008,
        "52w_high": 522.0399780273438,
        "52w_low": 0
    },
    "L": {
        "close": 105.48999786376953,
        "sma200": 95.30792816162109,
        "sma50": 104.37337600708008,
        "rsi_weekly": 61.25898691544804,
        "rsi_monthly": 77.67720652467803,
        "52w_high": 108.26000213623047,
        "52w_low": 0
    },
    "LOW": {
        "close": 256.2099914550781,
        "sma200": 235.18658813476563,
        "sma50": 240.2942007446289,
        "rsi_weekly": 53.51300456006823,
        "rsi_monthly": 70.04804681737636,
        "52w_high": 271.6842041015625,
        "52w_low": 0
    },
    "LULU": {
        "close": 212.1699981689453,
        "sma200": 220.76269920349122,
        "sma50": 187.07039855957032,
        "rsi_weekly": 52.9468654922589,
        "rsi_monthly": 42.09858213970717,
        "52w_high": 421.1600036621094,
        "52w_low": 0
    },
    "LYB": {
        "close": 47.63999938964844,
        "sma200": 51.159780769348146,
        "sma50": 44.01572502136231,
        "rsi_weekly": 42.00428377676359,
        "rsi_monthly": 40.85134927826698,
        "52w_high": 71.61602020263672,
        "52w_low": 0
    },
    "MTB": {
        "close": 213.61000061035156,
        "sma200": 186.0473731994629,
        "sma50": 194.2069305419922,
        "rsi_weekly": 62.231564365130495,
        "rsi_monthly": 63.98928715607647,
        "52w_high": 213.61000061035156,
        "52w_low": 0
    },
    "MPC": {
        "close": 177.07000732421875,
        "sma200": 169.2443034362793,
        "sma50": 184.5157650756836,
        "rsi_weekly": 41.97613459267768,
        "rsi_monthly": 53.02912069074,
        "52w_high": 199.1273956298828,
        "52w_low": 0
    },
    "MKTX": {
        "close": 171.67999267578125,
        "sma200": 193.85403175354003,
        "sma50": 170.87503204345703,
        "rsi_weekly": 46.99756934843148,
        "rsi_monthly": 36.243779552872084,
        "52w_high": 228.35679626464844,
        "52w_low": 0
    },
    "MAR": {
        "close": 324.9100036621094,
        "sma200": 268.1250846099854,
        "sma50": 296.06410522460936,
        "rsi_weekly": 64.55676310622026,
        "rsi_monthly": 71.95657177225063,
        "52w_high": 324.9100036621094,
        "52w_low": 0
    },
    "MMC": {
        "close": 186.89999389648438,
        "sma200": 205.2011919403076,
        "sma50": 182.8061993408203,
        "rsi_weekly": 38.26733568856157,
        "rsi_monthly": 50.49596136643565,
        "52w_high": 242.1346435546875,
        "52w_low": 0
    },
    "MLM": {
        "close": 638.1099853515625,
        "sma200": 580.3157611083984,
        "sma50": 619.8964306640624,
        "rsi_weekly": 62.305644435154534,
        "rsi_monthly": 75.61378587291829,
        "52w_high": 655.9752197265625,
        "52w_low": 0
    }
}