{
    "last_scan_index": 475,
    "AAPL": {
        "close": 257.8999938964844,
        "sma200": 233.5848380279541,
        "sma50": 271.77291015625,
        "rsi_weekly": 53.761853078309585,
        "rsi_monthly": 65.05593360955187,
        "52w_high": 286.19000244140625,
        "52w_low": 0
    },
    "NVDA": {
        "close": 186.64999389648438,
        "sma200": 163.65964164733887,
        "sma50": 184.7946517944336,
        "rsi_weekly": 55.832537487185164,
        "rsi_monthly": 76.36247158966188,
        "52w_high": 207.02847290039062,
        "52w_low": 0
    },
    "TSLA": {
        "close": 438.7200012207031,
        "sma200": 368.279450302124,
        "sma50": 443.207001953125,
        "rsi_weekly": 57.433070397524055,
        "rsi_monthly": 70.21254147643917,
        "52w_high": 489.8800048828125,
        "52w_low": 0
    },
    "MSFT": {
        "close": 456.44000244140625,
        "sma200": 480.65535736083984,
        "sma50": 485.6938153076172,
        "rsi_weekly": 46.92493250746444,
        "rsi_monthly": 64.94484055950056,
        "52w_high": 541.057373046875,
        "52w_low": 0
    },
    "AMD": {
        "close": 227.25999450683594,
        "sma200": 168.04239978790284,
        "sma50": 220.86859985351563,
        "rsi_weekly": 52.90812131363197,
        "rsi_monthly": 69.38721493424931,
        "52w_high": 264.3299865722656,
        "52w_low": 0
    },
    "ULTA": {
        "close": 664.9249877929688,
        "sma200": 500.7391259765625,
        "sma50": 576.9399035644532,
        "rsi_weekly": 78.54155246654247,
        "rsi_monthly": 75.1755326241503,
        "52w_high": 666.1799926757812,
        "52w_low": 0
    },
    "UNP": {
        "close": 230.55999755859375,
        "sma200": 223.35992904663087,
        "sma50": 229.136416015625,
        "rsi_weekly": 51.15889811452371,
        "rsi_monthly": 60.28594571376959,
        "52w_high": 248.4905242919922,
        "52w_low": 0
    },
    "UAL": {
        "close": 115.8499984741211,
        "sma200": 91.7070500946045,
        "sma50": 105.51579940795898,
        "rsi_weekly": 68.61311387913746,
        "rsi_monthly": 72.20676528285428,
        "52w_high": 117.52999877929688,
        "52w_low": 0
    },
    "UPS": {
        "close": 108.56999969482422,
        "sma200": 92.34611785888671,
        "sma50": 98.38246444702149,
        "rsi_weekly": 68.48738288086773,
        "rsi_monthly": 55.449173722613324,
        "52w_high": 127.49671173095703,
        "52w_low": 0
    },
    "URI": {
        "close": 925.4299926757812,
        "sma200": 813.503630065918,
        "sma50": 835.4826513671875,
        "rsi_weekly": 62.26412893117903,
        "rsi_monthly": 64.85712668357256,
        "52w_high": 1017.8645629882812,
        "52w_low": 0
    },
    "UNH": {
        "close": 339.2650146484375,
        "sma200": 336.8420999908447,
        "sma50": 329.0810266113281,
        "rsi_weekly": 51.644449790748034,
        "rsi_monthly": 35.61749732663182,
        "52w_high": 587.5621948242188,
        "52w_low": 0
    },
    "UHS": {
        "close": 203.60000610351562,
        "sma200": 194.4830876159668,
        "sma50": 224.720546875,
        "rsi_weekly": 49.242500757248216,
        "rsi_monthly": 62.124060871044755,
        "52w_high": 243.9795379638672,
        "52w_low": 0
    },
    "VLO": {
        "close": 184.39999389648438,
        "sma200": 148.3197108078003,
        "sma50": 173.92703552246093,
        "rsi_weekly": 65.70525623299437,
        "rsi_monthly": 62.03157847863894,
        "52w_high": 191.32000732421875,
        "52w_low": 0
    },
    "VTR": {
        "close": 76.91999816894531,
        "sma200": 68.85494863510132,
        "sma50": 77.78123184204101,
        "rsi_weekly": 56.2352264857023,
        "rsi_monthly": 58.017243789842055,
        "52w_high": 80.50691223144531,
        "52w_low": 0
    },
    "VRSN": {
        "close": 248.81939697265625,
        "sma200": 264.92232345581056,
        "sma50": 246.62812377929689,
        "rsi_weekly": 46.261694661055564,
        "rsi_monthly": 51.36045353589154,
        "52w_high": 304.1607360839844,
        "52w_low": 0
    },
    "VRSK": {
        "close": 222.3699951171875,
        "sma200": 264.2576851654053,
        "sma50": 219.86192810058594,
        "rsi_weekly": 36.48830044675837,
        "rsi_monthly": 37.163465797597325,
        "52w_high": 319.65484619140625,
        "52w_low": 0
    },
    "VZ": {
        "close": 39.32500076293945,
        "sma200": 40.82290266036987,
        "sma50": 39.83893005371094,
        "rsi_weekly": 46.54246859534516,
        "rsi_monthly": 38.81488729666976,
        "52w_high": 43.54305648803711,
        "52w_low": 0
    },
    "VRTX": {
        "close": 438.6099853515625,
        "sma200": 437.47204849243167,
        "sma50": 444.05519897460937,
        "rsi_weekly": 59.05082555191575,
        "rsi_monthly": 46.594517356502074,
        "52w_high": 513.760009765625,
        "52w_low": 0
    },
    "V": {
        "close": 327.92999267578125,
        "sma200": 344.1530206298828,
        "sma50": 339.0706549072266,
        "rsi_weekly": 54.494653585258405,
        "rsi_monthly": 70.78072069843773,
        "52w_high": 371.9176025390625,
        "52w_low": 0
    },
    "VICI": {
        "close": 28.349000930786133,
        "sma200": 30.496490650177,
        "sma50": 28.38151565551758,
        "rsi_weekly": 36.46739496754614,
        "rsi_monthly": 43.10206176596061,
        "52w_high": 32.929752349853516,
        "52w_low": 0
    },
    "VMC": {
        "close": 301.8500061035156,
        "sma200": 278.87535705566404,
        "sma50": 292.7305401611328,
        "rsi_weekly": 67.42988239258077,
        "rsi_monthly": 72.26484928805716,
        "52w_high": 311.6199951171875,
        "52w_low": 0
    },
    "WRB": {
        "close": 68.62000274658203,
        "sma200": 70.8217790031433,
        "sma50": 71.4324380493164,
        "rsi_weekly": 45.55070088683256,
        "rsi_monthly": 60.24337393655467,
        "52w_high": 77.22645568847656,
        "52w_low": 0
    },
    "WAB": {
        "close": 228.1750030517578,
        "sma200": 199.29752334594727,
        "sma50": 212.45871917724608,
        "rsi_weekly": 66.70851618932178,
        "rsi_monthly": 74.22801582274386,
        "52w_high": 228.1750030517578,
        "52w_low": 0
    },
    "WMT": {
        "close": 118.95999908447266,
        "sma200": 101.22218517303467,
        "sma50": 110.48077301025391,
        "rsi_weekly": 64.55479357036232,
        "rsi_monthly": 83.11046992077539,
        "52w_high": 120.36000061035156,
        "52w_low": 0
    },
    "DIS": {
        "close": 113.41999816894531,
        "sma200": 110.03653144836426,
        "sma50": 109.61647674560547,
        "rsi_weekly": 58.494767090396095,
        "rsi_monthly": 69.08330710182163,
        "52w_high": 123.17660522460938,
        "52w_low": 0
    },
    "WBD": {
        "close": 28.424999237060547,
        "sma200": 16.157725040912627,
        "sma50": 26.22989994049072,
        "rsi_weekly": 76.0789482988065,
        "rsi_monthly": 74.44514014960353,
        "52w_high": 29.979999542236328,
        "52w_low": 0
    },
    "WM": {
        "close": 219.61000061035156,
        "sma200": 221.7039878845215,
        "sma50": 213.8323760986328,
        "rsi_weekly": 53.54862239243981,
        "rsi_monthly": 69.27547836734297,
        "52w_high": 239.4345703125,
        "52w_low": 0
    },
    "WAT": {
        "close": 395.06500244140625,
        "sma200": 340.6179753112793,
        "sma50": 387.66710021972654,
        "rsi_weekly": 63.10082435649836,
        "rsi_monthly": 62.65981477757844,
        "52w_high": 417.2799987792969,
        "52w_low": 0
    },
    "WEC": {
        "close": 108.01000213623047,
        "sma200": 107.17125679016114,
        "sma50": 107.59536499023437,
        "rsi_weekly": 43.20517758492887,
        "rsi_monthly": 56.76682175302957,
        "52w_high": 116.56096649169922,
        "52w_low": 0
    }
}