{
    "last_scan_index": 225,
    "AAPL": {
        "close": 260.5,
        "sma200": 233.59783805847167,
        "sma50": 271.8249102783203,
        "rsi_weekly": 53.761853231436234,
        "rsi_monthly": 65.05591978558607,
        "52w_high": 286.19000244140625,
        "52w_low": 0
    },
    "NVDA": {
        "close": 188.67999267578125,
        "sma200": 163.66979164123535,
        "sma50": 184.83525177001954,
        "rsi_weekly": 55.832537499870384,
        "rsi_monthly": 76.36247086790259,
        "52w_high": 207.02847290039062,
        "52w_low": 0
    },
    "TSLA": {
        "close": 442.6236877441406,
        "sma200": 368.2989687347412,
        "sma50": 443.28507568359373,
        "rsi_weekly": 57.433070397524055,
        "rsi_monthly": 70.21254147643917,
        "52w_high": 489.8800048828125,
        "52w_low": 0
    },
    "MSFT": {
        "close": 460.75,
        "sma200": 480.67690643310544,
        "sma50": 485.78001525878904,
        "rsi_weekly": 46.92493287237887,
        "rsi_monthly": 64.94486738621282,
        "52w_high": 541.057373046875,
        "52w_low": 0
    },
    "AMD": {
        "close": 236.3699951171875,
        "sma200": 168.08794979095458,
        "sma50": 221.05079986572267,
        "rsi_weekly": 52.90812131363197,
        "rsi_monthly": 69.38721493424931,
        "52w_high": 264.3299865722656,
        "52w_low": 0
    },
    "FTV": {
        "close": 55.80500030517578,
        "sma200": 51.26967914581299,
        "sma50": 53.65896018981934,
        "rsi_weekly": 61.0593698369744,
        "rsi_monthly": 66.79452852084498,
        "52w_high": 62.253089904785156,
        "52w_low": 0
    },
    "FOXA": {
        "close": 73.21499633789062,
        "sma200": 59.357009963989256,
        "sma50": 69.60910018920899,
        "rsi_weekly": 74.08153415405407,
        "rsi_monthly": 72.54536876496368,
        "52w_high": 76.11000061035156,
        "52w_low": 0
    },
    "FOX": {
        "close": 66.08000183105469,
        "sma200": 53.8709411239624,
        "sma50": 62.17860015869141,
        "rsi_weekly": 73.65644699640592,
        "rsi_monthly": 68.72104770954303,
        "52w_high": 67.76000213623047,
        "52w_low": 0
    },
    "BEN": {
        "close": 25.985000610351562,
        "sma200": 22.343803539276124,
        "sma50": 23.20145950317383,
        "rsi_weekly": 68.32681258731562,
        "rsi_monthly": 61.44887311015528,
        "52w_high": 25.985000610351562,
        "52w_low": 0
    },
    "FCX": {
        "close": 59.85499954223633,
        "sma200": 42.20589262008667,
        "sma50": 46.992100143432616,
        "rsi_weekly": 72.18028938018341,
        "rsi_monthly": 55.833610750229546,
        "52w_high": 60.349998474121094,
        "52w_low": 0
    },
    "GRMN": {
        "close": 212.94000244140625,
        "sma200": 213.9434245300293,
        "sma50": 201.88019805908203,
        "rsi_weekly": 49.29809429609232,
        "rsi_monthly": 64.9160186965548,
        "52w_high": 258.6608581542969,
        "52w_low": 0
    },
    "IT": {
        "close": 236.19500732421875,
        "sma200": 312.1415754699707,
        "sma50": 237.45210052490233,
        "rsi_weekly": 40.051849043459065,
        "rsi_monthly": 33.00686951680514,
        "52w_high": 548.3800048828125,
        "52w_low": 0
    },
    "GE": {
        "close": 321.56500244140625,
        "sma200": 267.3988822174072,
        "sma50": 304.2462048339844,
        "rsi_weekly": 67.22746472423623,
        "rsi_monthly": 86.92091436700024,
        "52w_high": 327.5400085449219,
        "52w_low": 0
    },
    "GEV": {
        "close": 651.4514770507812,
        "sma200": 549.9661596679688,
        "sma50": 622.2097106933594,
        "rsi_weekly": 55.829668097620996,
        "rsi_monthly": 81.47095366130843,
        "52w_high": 722.468017578125,
        "52w_low": 0
    },
    "GEHC": {
        "close": 83.43900299072266,
        "sma200": 74.59360332489014,
        "sma50": 80.67493408203126,
        "rsi_weekly": 63.59089350567304,
        "rsi_monthly": 77.22896614042467,
        "52w_high": 93.30926513671875,
        "52w_low": 0
    },
    "GEN": {
        "close": 26.405000686645508,
        "sma200": 27.79757742881775,
        "sma50": 26.75492404937744,
        "rsi_weekly": 47.17346920586799,
        "rsi_monthly": 40.52957535272807,
        "52w_high": 31.882293701171875,
        "52w_low": 0
    },
    "GNRC": {
        "close": 159.5500030517578,
        "sma200": 153.08009998321532,
        "sma50": 150.94839935302736,
        "rsi_weekly": 47.63570507639144,
        "rsi_monthly": 46.472430900903376,
        "52w_high": 202.85000610351562,
        "52w_low": 0
    },
    "GD": {
        "close": 364.2799987792969,
        "sma200": 311.7627932739258,
        "sma50": 344.1180010986328,
        "rsi_weekly": 70.19335260938787,
        "rsi_monthly": 76.93099878163451,
        "52w_high": 366.0,
        "52w_low": 0
    },
    "GIS": {
        "close": 45.41999816894531,
        "sma200": 49.228776416778565,
        "sma50": 45.808930206298825,
        "rsi_weekly": 35.34884583229099,
        "rsi_monthly": 26.67505018169558,
        "52w_high": 62.18781280517578,
        "52w_low": 0
    },
    "GM": {
        "close": 81.36000061035156,
        "sma200": 59.019243965148924,
        "sma50": 76.81059494018555,
        "rsi_weekly": 78.24195101890462,
        "rsi_monthly": 85.79250327397068,
        "52w_high": 85.12999725341797,
        "52w_low": 0
    },
    "GPC": {
        "close": 135.86000061035156,
        "sma200": 126.46022514343262,
        "sma50": 127.04828872680665,
        "rsi_weekly": 50.26356863210614,
        "rsi_monthly": 59.507125819992865,
        "52w_high": 141.64169311523438,
        "52w_low": 0
    },
    "GILD": {
        "close": 122.88500213623047,
        "sma200": 113.06757644653321,
        "sma50": 122.67305847167968,
        "rsi_weekly": 56.18955305971854,
        "rsi_monthly": 60.16935361792572,
        "52w_high": 127.22968292236328,
        "52w_low": 0
    },
    "GPN": {
        "close": 76.31999969482422,
        "sma200": 80.69863914489746,
        "sma50": 77.63496276855469,
        "rsi_weekly": 47.77002945187163,
        "rsi_monthly": 29.92314531643937,
        "52w_high": 111.5788803100586,
        "52w_low": 0
    },
    "GL": {
        "close": 141.4600067138672,
        "sma200": 130.91104934692382,
        "sma50": 136.38321868896483,
        "rsi_weekly": 60.79064161310314,
        "rsi_monthly": 67.28474096661536,
        "52w_high": 145.98092651367188,
        "52w_low": 0
    },
    "GS": {
        "close": 969.3699951171875,
        "sma200": 719.774852142334,
        "sma50": 858.8214392089844,
        "rsi_weekly": 80.08124912557166,
        "rsi_monthly": 84.55574880853081,
        "52w_high": 969.3699951171875,
        "52w_low": 0
    },
    "HAL": {
        "close": 32.72999954223633,
        "sma200": 23.376090154647827,
        "sma50": 28.227524070739747,
        "rsi_weekly": 71.50363027711875,
        "rsi_monthly": 48.84583800545957,
        "52w_high": 33.040000915527344,
        "52w_low": 0
    },
    "HIG": {
        "close": 132.22000122070312,
        "sma200": 127.72864475250245,
        "sma50": 134.52644180297852,
        "rsi_weekly": 58.48004818280582,
        "rsi_monthly": 75.92895367912924,
        "52w_high": 139.72000122070312,
        "52w_low": 0
    },
    "HAS": {
        "close": 86.86000061035156,
        "sma200": 72.86128232955933,
        "sma50": 81.33244003295898,
        "rsi_weekly": 70.8482851891393,
        "rsi_monthly": 73.03065938543753,
        "52w_high": 89.13999938964844,
        "52w_low": 0
    },
    "HCA": {
        "close": 485.7300109863281,
        "sma200": 407.07477615356447,
        "sma50": 479.45325927734376,
        "rsi_weekly": 61.69167752900578,
        "rsi_monthly": 66.51809901129735,
        "52w_high": 515.0838012695312,
        "52w_low": 0
    }
}