{
    "last_scan_index": 325,
    "AAPL": {
        "close": 255.6199951171875,
        "sma200": 233.752340927124,
        "sma50": 271.4959405517578,
        "rsi_weekly": 53.76185336101614,
        "rsi_monthly": 65.05595334923517,
        "52w_high": 286.19000244140625,
        "52w_low": 0
    },
    "NVDA": {
        "close": 187.33999633789062,
        "sma200": 164.04769134521484,
        "sma50": 184.57587310791016,
        "rsi_weekly": 55.83253746766738,
        "rsi_monthly": 76.36248076866102,
        "52w_high": 207.02847290039062,
        "52w_low": 0
    },
    "TSLA": {
        "close": 439.3700866699219,
        "sma200": 369.13325080871584,
        "sma50": 443.10620361328125,
        "rsi_weekly": 57.433070397524055,
        "rsi_monthly": 70.21254147643917,
        "52w_high": 489.8800048828125,
        "52w_low": 0
    },
    "MSFT": {
        "close": 460.5635070800781,
        "sma200": 481.05851470947266,
        "sma50": 484.6421014404297,
        "rsi_weekly": 46.924932447867434,
        "rsi_monthly": 64.94485117479024,
        "52w_high": 541.057373046875,
        "52w_low": 0
    },
    "AMD": {
        "close": 232.18499755859375,
        "sma200": 168.69272480010986,
        "sma50": 220.52449981689452,
        "rsi_weekly": 52.90812131363197,
        "rsi_monthly": 69.38721493424931,
        "52w_high": 264.3299865722656,
        "52w_low": 0
    },
    "MAS": {
        "close": 70.62000274658203,
        "sma200": 65.76164348602295,
        "sma50": 64.14766921997071,
        "rsi_weekly": 56.281426042261266,
        "rsi_monthly": 63.33003093291694,
        "52w_high": 80.3485107421875,
        "52w_low": 0
    },
    "MA": {
        "close": 540.4099731445312,
        "sma200": 560.7238945007324,
        "sma50": 555.74326171875,
        "rsi_weekly": 54.618331123357066,
        "rsi_monthly": 71.24568112750408,
        "52w_high": 597.273193359375,
        "52w_low": 0
    },
    "MTCH": {
        "close": 31.19499969482422,
        "sma200": 32.457132501602175,
        "sma50": 32.53951274871826,
        "rsi_weekly": 46.8884747673413,
        "rsi_monthly": 36.580138217903624,
        "52w_high": 38.3323860168457,
        "52w_low": 0
    },
    "MKC": {
        "close": 67.08000183105469,
        "sma200": 69.23759094238281,
        "sma50": 66.27999206542968,
        "rsi_weekly": 49.47132607644718,
        "rsi_monthly": 48.9621047425145,
        "52w_high": 82.57147216796875,
        "52w_low": 0
    },
    "MCD": {
        "close": 307.9599914550781,
        "sma200": 303.47059844970704,
        "sma50": 307.6532550048828,
        "rsi_weekly": 52.08472431134644,
        "rsi_monthly": 58.176130026397125,
        "52w_high": 319.6499938964844,
        "52w_low": 0
    },
    "MCK": {
        "close": 840.8300170898438,
        "sma200": 746.2446328735351,
        "sma50": 833.798916015625,
        "rsi_weekly": 58.94068919826838,
        "rsi_monthly": 71.49638618845788,
        "52w_high": 888.4524536132812,
        "52w_low": 0
    },
    "MDT": {
        "close": 97.18499755859375,
        "sma200": 91.12754554748535,
        "sma50": 98.49829956054687,
        "rsi_weekly": 55.25321476274268,
        "rsi_monthly": 49.26090348232838,
        "52w_high": 105.3499984741211,
        "52w_low": 0
    },
    "MRK": {
        "close": 108.95999908447266,
        "sma200": 85.33669651031494,
        "sma50": 100.4432926940918,
        "rsi_weekly": 71.48229109856362,
        "rsi_monthly": 67.21382335887513,
        "52w_high": 111.01000213623047,
        "52w_low": 0
    },
    "MET": {
        "close": 76.83999633789062,
        "sma200": 77.64631408691406,
        "sma50": 78.6402001953125,
        "rsi_weekly": 51.33784735219124,
        "rsi_monthly": 57.018035295197066,
        "52w_high": 84.54906463623047,
        "52w_low": 0
    },
    "MTD": {
        "close": 1456.0799560546875,
        "sma200": 1269.427299194336,
        "sma50": 1432.985,
        "rsi_weekly": 63.015747584078845,
        "rsi_monthly": 60.78296128761418,
        "52w_high": 1506.02001953125,
        "52w_low": 0
    },
    "MGM": {
        "close": 34.994998931884766,
        "sma200": 34.212074975967404,
        "sma50": 34.915099983215335,
        "rsi_weekly": 48.40221973101226,
        "rsi_monthly": 48.11049773966102,
        "52w_high": 40.369998931884766,
        "52w_low": 0
    },
    "MCHP": {
        "close": 75.08000183105469,
        "sma200": 61.51178470611572,
        "sma50": 62.63298065185547,
        "rsi_weekly": 63.55736066413272,
        "rsi_monthly": 46.039622142154286,
        "52w_high": 75.22000122070312,
        "52w_low": 0
    },
    "MU": {
        "close": 360.8599853515625,
        "sma200": 161.23866672515868,
        "sma50": 265.96987487792967,
        "rsi_weekly": 83.49890448979696,
        "rsi_monthly": 85.13259207930459,
        "52w_high": 360.8599853515625,
        "52w_low": 0
    },
    "MAA": {
        "close": 136.84500122070312,
        "sma200": 140.59442008972167,
        "sma50": 132.62020477294922,
        "rsi_weekly": 46.873129270121,
        "rsi_monthly": 49.27709005408848,
        "52w_high": 163.8314971923828,
        "52w_low": 0
    },
    "MRNA": {
        "close": 41.68000030517578,
        "sma200": 27.63714994430542,
        "sma50": 29.31699996948242,
        "rsi_weekly": 59.84390070369504,
        "rsi_monthly": 22.609479190243324,
        "52w_high": 44.939998626708984,
        "52w_low": 0
    },
    "MHK": {
        "close": 122.5250015258789,
        "sma200": 114.51707500457763,
        "sma50": 111.24710006713867,
        "rsi_weekly": 52.356764420677294,
        "rsi_monthly": 59.38509234588343,
        "52w_high": 139.75,
        "52w_low": 0
    },
    "MOH": {
        "close": 191.66000366210938,
        "sma200": 217.33205047607422,
        "sma50": 159.78539978027345,
        "rsi_weekly": 47.866895094977785,
        "rsi_monthly": 48.64172992303688,
        "52w_high": 353.239990234375,
        "52w_low": 0
    },
    "TAP": {
        "close": 49.05500030517578,
        "sma200": 49.151875019073486,
        "sma50": 46.62086585998535,
        "rsi_weekly": 51.233714261627114,
        "rsi_monthly": 45.65296019446379,
        "52w_high": 61.11589431762695,
        "52w_low": 0
    },
    "MDLZ": {
        "close": 57.349998474121094,
        "sma200": 61.4290252494812,
        "sma50": 54.958651580810546,
        "rsi_weekly": 38.08216084181205,
        "rsi_monthly": 27.354651774082246,
        "52w_high": 69.54491424560547,
        "52w_low": 0
    },
    "MPWR": {
        "close": 1034.8699951171875,
        "sma200": 813.2984240722657,
        "sma50": 944.0336950683594,
        "rsi_weekly": 58.55068195560144,
        "rsi_monthly": 72.97174440834196,
        "52w_high": 1103.1842041015625,
        "52w_low": 0
    },
    "MNST": {
        "close": 78.12999725341797,
        "sma200": 65.78660005569458,
        "sma50": 74.45899993896484,
        "rsi_weekly": 71.2951036965348,
        "rsi_monthly": 78.91304478658172,
        "52w_high": 78.43000030517578,
        "52w_low": 0
    },
    "MCO": {
        "close": 539.8599853515625,
        "sma200": 486.56354995727537,
        "sma50": 500.02558959960936,
        "rsi_weekly": 61.107051544445724,
        "rsi_monthly": 54.89093196880551,
        "52w_high": 539.8599853515625,
        "52w_low": 0
    },
    "MS": {
        "close": 189.6300048828125,
        "sma200": 147.27996551513672,
        "sma50": 174.4853988647461,
        "rsi_weekly": 75.56020761298169,
        "rsi_monthly": 80.31264573899838,
        "52w_high": 191.22999572753906,
        "52w_low": 0
    },
    "MOS": {
        "close": 26.475000381469727,
        "sma200": 30.465377683639527,
        "sma50": 24.780730018615724,
        "rsi_weekly": 43.77302073500823,
        "rsi_monthly": 42.4965093178886,
        "52w_high": 37.212406158447266,
        "52w_low": 0
    }
}