{
    "last_scan_index": 275,
    "AAPL": {
        "close": 259.9599914550781,
        "sma200": 233.4022031402588,
        "sma50": 271.9906988525391,
        "rsi_weekly": 53.76185335584599,
        "rsi_monthly": 65.05593587934464,
        "52w_high": 286.19000244140625,
        "52w_low": 0
    },
    "NVDA": {
        "close": 183.13999938964844,
        "sma200": 163.26819301605224,
        "sma50": 185.1990216064453,
        "rsi_weekly": 55.83253750849583,
        "rsi_monthly": 76.36247390713521,
        "52w_high": 207.02847290039062,
        "52w_low": 0
    },
    "TSLA": {
        "close": 439.20001220703125,
        "sma200": 367.38165031433107,
        "sma50": 443.8000018310547,
        "rsi_weekly": 57.433070397524055,
        "rsi_monthly": 70.21254147643917,
        "52w_high": 489.8800048828125,
        "52w_low": 0
    },
    "MSFT": {
        "close": 459.3800048828125,
        "sma200": 480.2400968933105,
        "sma50": 486.88629821777346,
        "rsi_weekly": 46.92493295516578,
        "rsi_monthly": 64.94485457748397,
        "52w_high": 541.057373046875,
        "52w_low": 0
    },
    "AMD": {
        "close": 223.60000610351562,
        "sma200": 167.4197998046875,
        "sma50": 221.51639984130858,
        "rsi_weekly": 52.90812131363197,
        "rsi_monthly": 69.38721493424931,
        "52w_high": 264.3299865722656,
        "52w_low": 0
    },
    "ICE": {
        "close": 172.94000244140625,
        "sma200": 167.99635597229005,
        "sma50": 157.673203125,
        "rsi_weekly": 53.240607810209845,
        "rsi_monthly": 64.72604862358446,
        "52w_high": 187.36590576171875,
        "52w_low": 0
    },
    "IFF": {
        "close": 70.18000030517578,
        "sma200": 68.7922101020813,
        "sma50": 66.08258163452149,
        "rsi_weekly": 52.99612021083174,
        "rsi_monthly": 29.921284217487425,
        "52w_high": 85.7145004272461,
        "52w_low": 0
    },
    "INTU": {
        "close": 566.5999755859375,
        "sma200": 680.9003747558594,
        "sma50": 652.06904296875,
        "rsi_weekly": 45.75150358611725,
        "rsi_monthly": 59.652248185656525,
        "52w_high": 804.435546875,
        "52w_low": 0
    },
    "ISRG": {
        "close": 546.760009765625,
        "sma200": 514.3168499755859,
        "sma50": 565.1916027832032,
        "rsi_weekly": 61.42482845175602,
        "rsi_monthly": 63.82447224376114,
        "52w_high": 610.4500122070312,
        "52w_low": 0
    },
    "IVZ": {
        "close": 28.25,
        "sma200": 20.0202383518219,
        "sma50": 25.526274604797365,
        "rsi_weekly": 81.98782148502112,
        "rsi_monthly": 75.09768395097672,
        "52w_high": 28.760000228881836,
        "52w_low": 0
    },
    "INVH": {
        "close": 26.75,
        "sma200": 29.99637589454651,
        "sma50": 27.295808219909667,
        "rsi_weekly": 36.13199851352267,
        "rsi_monthly": 48.2164579028992,
        "52w_high": 34.426910400390625,
        "52w_low": 0
    },
    "IQV": {
        "close": 241.35000610351562,
        "sma200": 186.13455001831053,
        "sma50": 225.18760009765626,
        "rsi_weekly": 69.11979473168655,
        "rsi_monthly": 73.87981808116163,
        "52w_high": 244.2899932861328,
        "52w_low": 0
    },
    "IRM": {
        "close": 91.54000091552734,
        "sma200": 92.86313190460206,
        "sma50": 87.10783645629883,
        "rsi_weekly": 47.46970004408894,
        "rsi_monthly": 59.96879208775986,
        "52w_high": 107.43501281738281,
        "52w_low": 0
    },
    "JBHT": {
        "close": 205.80999755859375,
        "sma200": 153.21229034423828,
        "sma50": 185.72631011962892,
        "rsi_weekly": 76.27185229883078,
        "rsi_monthly": 65.67223402618173,
        "52w_high": 206.85000610351562,
        "52w_low": 0
    },
    "JBL": {
        "close": 241.33999633789062,
        "sma200": 199.12906204223634,
        "sma50": 218.81736114501953,
        "rsi_weekly": 57.31314992555725,
        "rsi_monthly": 77.63876685798044,
        "52w_high": 241.33999633789062,
        "52w_low": 0
    },
    "JKHY": {
        "close": 192.60000610351562,
        "sma200": 169.86162284851073,
        "sma50": 176.7481658935547,
        "rsi_weekly": 63.95830104739837,
        "rsi_monthly": 67.08494149996802,
        "52w_high": 192.60000610351562,
        "52w_low": 0
    },
    "J": {
        "close": 139.0,
        "sma200": 137.48008590698242,
        "sma50": 140.16125854492188,
        "rsi_weekly": 49.59740510882828,
        "rsi_monthly": 64.2039296647421,
        "52w_high": 164.04388427734375,
        "52w_low": 0
    },
    "JNJ": {
        "close": 218.5500030517578,
        "sma200": 174.2370997619629,
        "sma50": 202.83386627197265,
        "rsi_weekly": 66.25157473597632,
        "rsi_monthly": 80.19775055215818,
        "52w_high": 218.5500030517578,
        "52w_low": 0
    },
    "JCI": {
        "close": 112.12999725341797,
        "sma200": 104.9134631729126,
        "sma50": 116.90839965820312,
        "rsi_weekly": 50.233121705156215,
        "rsi_monthly": 88.83884810522424,
        "52w_high": 122.66000366210938,
        "52w_low": 0
    },
    "JPM": {
        "close": 307.8699951171875,
        "sma200": 286.6573123931885,
        "sma50": 313.71912353515626,
        "rsi_weekly": 67.00101258823135,
        "rsi_monthly": 84.61116899577043,
        "52w_high": 334.6099853515625,
        "52w_low": 0
    },
    "K": {
        "close": 83.44000244140625,
        "sma200": 80.34924022674561,
        "sma50": 82.65304901123046,
        "rsi_weekly": 68.33612107110075,
        "rsi_monthly": 86.62422353415494,
        "52w_high": 83.44999694824219,
        "52w_low": 0
    },
    "KVUE": {
        "close": 17.1200008392334,
        "sma200": 19.37008066654205,
        "sma50": 16.857545166015626,
        "rsi_weekly": 43.01434327090886,
        "rsi_monthly": 35.6567959239207,
        "52w_high": 23.699586868286133,
        "52w_low": 0
    },
    "KDP": {
        "close": 28.1200008392334,
        "sma200": 30.221377592086792,
        "sma50": 27.566925010681153,
        "rsi_weekly": 45.1905808287796,
        "rsi_monthly": 32.299328535232696,
        "52w_high": 34.85608673095703,
        "52w_low": 0
    },
    "KEY": {
        "close": 20.950000762939453,
        "sma200": 17.430465989112854,
        "sma50": 19.39787712097168,
        "rsi_weekly": 70.06417947189503,
        "rsi_monthly": 67.78412343778913,
        "52w_high": 21.56999969482422,
        "52w_low": 0
    },
    "KEYS": {
        "close": 209.39999389648438,
        "sma200": 170.11864982604982,
        "sma50": 197.43899993896486,
        "rsi_weekly": 66.29917277013719,
        "rsi_monthly": 71.44103933425825,
        "52w_high": 214.13999938964844,
        "52w_low": 0
    },
    "KMB": {
        "close": 99.1500015258789,
        "sma200": 121.22905490875245,
        "sma50": 101.83318511962891,
        "rsi_weekly": 28.048471785847177,
        "rsi_monthly": 35.427419832372756,
        "52w_high": 142.86663818359375,
        "52w_low": 0
    },
    "KIM": {
        "close": 20.639999389648438,
        "sma200": 20.63690417289734,
        "sma50": 20.20240882873535,
        "rsi_weekly": 47.82052103848857,
        "rsi_monthly": 44.26791254595807,
        "52w_high": 22.46935272216797,
        "52w_low": 0
    },
    "KMI": {
        "close": 27.530000686645508,
        "sma200": 26.90356265068054,
        "sma50": 26.980799980163575,
        "rsi_weekly": 51.16877295382279,
        "rsi_monthly": 67.71467267801187,
        "52w_high": 29.902156829833984,
        "52w_low": 0
    },
    "KLAC": {
        "close": 1434.5,
        "sma200": 970.2073605346679,
        "sma50": 1231.6850830078124,
        "rsi_weekly": 75.02660677165926,
        "rsi_monthly": 84.62336376770341,
        "52w_high": 1441.8199462890625,
        "52w_low": 0
    }
}