{
    "last_scan_index": 200,
    "AAPL": {
        "close": 261.04998779296875,
        "sma200": 233.18819023132323,
        "sma50": 272.193662109375,
        "rsi_weekly": 53.76185332793174,
        "rsi_monthly": 65.05596955979061,
        "52w_high": 286.19000244140625,
        "52w_low": 0
    },
    "NVDA": {
        "close": 185.80999755859375,
        "sma200": 162.90074378967284,
        "sma50": 185.58579620361328,
        "rsi_weekly": 55.83253745328474,
        "rsi_monthly": 76.36247148176406,
        "52w_high": 207.02847290039062,
        "52w_low": 0
    },
    "TSLA": {
        "close": 447.20001220703125,
        "sma200": 366.50340019226076,
        "sma50": 444.14720153808594,
        "rsi_weekly": 57.433070397524055,
        "rsi_monthly": 70.21254147643917,
        "52w_high": 489.8800048828125,
        "52w_low": 0
    },
    "MSFT": {
        "close": 470.6700134277344,
        "sma200": 479.8270980834961,
        "sma50": 488.0355511474609,
        "rsi_weekly": 46.924932930540535,
        "rsi_monthly": 64.94485264806283,
        "52w_high": 541.057373046875,
        "52w_low": 0
    },
    "AMD": {
        "close": 220.97000122070312,
        "sma200": 166.81789978027345,
        "sma50": 222.16679962158204,
        "rsi_weekly": 52.90812131363197,
        "rsi_monthly": 69.38721493424931,
        "52w_high": 264.3299865722656,
        "52w_low": 0
    },
    "EQR": {
        "close": 60.189998626708984,
        "sma200": 63.70020401000976,
        "sma50": 60.35569877624512,
        "rsi_weekly": 43.49788880920247,
        "rsi_monthly": 48.42462261622853,
        "52w_high": 71.96407318115234,
        "52w_low": 0
    },
    "ESS": {
        "close": 249.9199981689453,
        "sma200": 264.55979530334474,
        "sma50": 255.30911529541015,
        "rsi_weekly": 43.0895971920983,
        "rsi_monthly": 48.80841646998129,
        "52w_high": 302.4346923828125,
        "52w_low": 0
    },
    "EL": {
        "close": 115.37000274658203,
        "sma200": 84.08071325302124,
        "sma50": 99.74883239746094,
        "rsi_weekly": 70.66969974689394,
        "rsi_monthly": 68.64617542225646,
        "52w_high": 115.37000274658203,
        "52w_low": 0
    },
    "ETR": {
        "close": 94.37000274658203,
        "sma200": 87.87820446014405,
        "sma50": 93.97139785766602,
        "rsi_weekly": 56.760223649890946,
        "rsi_monthly": 76.15065482131519,
        "52w_high": 97.5199966430664,
        "52w_low": 0
    },
    "EVRG": {
        "close": 73.93000030517578,
        "sma200": 70.53670637130737,
        "sma50": 74.41747039794922,
        "rsi_weekly": 51.331392175226554,
        "rsi_monthly": 62.14404852148148,
        "52w_high": 78.00737762451172,
        "52w_low": 0
    },
    "ES": {
        "close": 68.4000015258789,
        "sma200": 64.66687225341796,
        "sma50": 68.14793746948243,
        "rsi_weekly": 53.04981417869925,
        "rsi_monthly": 69.25085082330239,
        "52w_high": 74.04946899414062,
        "52w_low": 0
    },
    "EXC": {
        "close": 43.31999969482422,
        "sma200": 44.11053201675415,
        "sma50": 44.6050846862793,
        "rsi_weekly": 44.946436385742324,
        "rsi_monthly": 64.00488718960735,
        "52w_high": 47.82242965698242,
        "52w_low": 0
    },
    "EXPE": {
        "close": 299.9700012207031,
        "sma200": 206.56626594543457,
        "sma50": 267.0211785888672,
        "rsi_weekly": 76.12957536310822,
        "rsi_monthly": 68.73354033239048,
        "52w_high": 301.30999755859375,
        "52w_low": 0
    },
    "EXPD": {
        "close": 160.69000244140625,
        "sma200": 123.11014575958252,
        "sma50": 146.594747467041,
        "rsi_weekly": 77.76657268796409,
        "rsi_monthly": 57.16398342913478,
        "52w_high": 161.1199951171875,
        "52w_low": 0
    },
    "EXR": {
        "close": 140.5,
        "sma200": 138.73318340301515,
        "sma50": 131.1161557006836,
        "rsi_weekly": 52.78373641178368,
        "rsi_monthly": 37.89414832152455,
        "52w_high": 154.12899780273438,
        "52w_low": 0
    },
    "XOM": {
        "close": 126.54000091552734,
        "sma200": 110.53911205291747,
        "sma50": 118.06419357299805,
        "rsi_weekly": 64.95666890166606,
        "rsi_monthly": 69.64757232536908,
        "52w_high": 126.54000091552734,
        "52w_low": 0
    },
    "FFIV": {
        "close": 269.80999755859375,
        "sma200": 285.2797515869141,
        "sma50": 250.60180114746095,
        "rsi_weekly": 47.7122131044615,
        "rsi_monthly": 54.25150740359023,
        "52w_high": 343.1700134277344,
        "52w_low": 0
    },
    "FDS": {
        "close": 291.7699890136719,
        "sma200": 361.91467788696286,
        "sma50": 280.97260620117186,
        "rsi_weekly": 38.681835837244826,
        "rsi_monthly": 24.446310301352487,
        "52w_high": 469.9656982421875,
        "52w_low": 0
    },
    "FICO": {
        "close": 1623.1800537109375,
        "sma200": 1697.4757501220704,
        "sma50": 1729.7151977539063,
        "rsi_weekly": 47.791148397930556,
        "rsi_monthly": 56.750432779784276,
        "52w_high": 2206.010009765625,
        "52w_low": 0
    },
    "FAST": {
        "close": 42.41999816894531,
        "sma200": 42.94087734222412,
        "sma50": 41.06820014953613,
        "rsi_weekly": 47.80707292166632,
        "rsi_monthly": 61.338272205017425,
        "52w_high": 50.12940216064453,
        "52w_low": 0
    },
    "FRT": {
        "close": 102.08999633789062,
        "sma200": 94.6906513595581,
        "sma50": 97.97932174682617,
        "rsi_weekly": 58.68105535603204,
        "rsi_monthly": 50.98428932708866,
        "52w_high": 106.85189819335938,
        "52w_low": 0
    },
    "FDX": {
        "close": 309.6600036621094,
        "sma200": 238.10180229187011,
        "sma50": 278.5299963378906,
        "rsi_weekly": 75.37696256797705,
        "rsi_monthly": 66.61322442319415,
        "52w_high": 312.3599853515625,
        "52w_low": 0
    },
    "FIS": {
        "close": 64.2300033569336,
        "sma200": 71.21596328735352,
        "sma50": 65.4382120513916,
        "rsi_weekly": 46.58882135726039,
        "rsi_monthly": 60.57513704350198,
        "52w_high": 81.56632995605469,
        "52w_low": 0
    },
    "FITB": {
        "close": 48.130001068115234,
        "sma200": 41.40667980194092,
        "sma50": 45.09538581848145,
        "rsi_weekly": 69.274175286842,
        "rsi_monthly": 64.90445361276097,
        "52w_high": 49.81999969482422,
        "52w_low": 0
    },
    "FSLR": {
        "close": 241.36000061035156,
        "sma200": 199.26475048065186,
        "sma50": 260.96880096435547,
        "rsi_weekly": 52.29060658896504,
        "rsi_monthly": 68.47152006392845,
        "52w_high": 284.5899963378906,
        "52w_low": 0
    },
    "FE": {
        "close": 45.29999923706055,
        "sma200": 42.77596744537354,
        "sma50": 45.393255386352536,
        "rsi_weekly": 52.751542360376774,
        "rsi_monthly": 64.35212271817683,
        "52w_high": 47.720001220703125,
        "52w_low": 0
    },
    "FMC": {
        "close": 15.3100004196167,
        "sma200": 31.13730079174042,
        "sma50": 13.666985874176026,
        "rsi_weekly": 30.61947023912059,
        "rsi_monthly": 23.117859799098216,
        "52w_high": 53.59580612182617,
        "52w_low": 0
    },
    "F": {
        "close": 13.979999542236328,
        "sma200": 11.440530796051025,
        "sma50": 13.289500503540038,
        "rsi_weekly": 66.14459567118196,
        "rsi_monthly": 79.14170791902043,
        "52w_high": 14.399999618530273,
        "52w_low": 0
    },
    "FTNT": {
        "close": 78.33000183105469,
        "sma200": 90.4789001083374,
        "sma50": 81.40940017700196,
        "rsi_weekly": 42.90815847713661,
        "rsi_monthly": 54.912633029532515,
        "52w_high": 114.56999969482422,
        "52w_low": 0
    }
}