{
    "last_scan_index": 475,
    "AAPL": {
        "close": 250.34500122070312,
        "sma200": 234.4085528564453,
        "sma50": 270.23609832763674,
        "rsi_weekly": 51.0596590248596,
        "rsi_monthly": 65.05593429895833,
        "52w_high": 286.19000244140625,
        "52w_low": 0
    },
    "NVDA": {
        "close": 184.58999633789062,
        "sma200": 165.23966976165772,
        "sma50": 184.04510925292968,
        "rsi_weekly": 56.613522819017625,
        "rsi_monthly": 76.36247501551071,
        "52w_high": 207.02847290039062,
        "52w_low": 0
    },
    "TSLA": {
        "close": 445.4100036621094,
        "sma200": 371.65705039978025,
        "sma50": 442.2408020019531,
        "rsi_weekly": 55.767272209839355,
        "rsi_monthly": 70.21254147643917,
        "52w_high": 489.8800048828125,
        "52w_low": 0
    },
    "MSFT": {
        "close": 451.2699890136719,
        "sma200": 482.25877700805665,
        "sma50": 481.6605145263672,
        "rsi_weekly": 40.97292787471116,
        "rsi_monthly": 64.94485422384052,
        "52w_high": 541.057373046875,
        "52w_low": 0
    },
    "AMD": {
        "close": 253.21249389648438,
        "sma200": 170.9530122756958,
        "sma50": 220.66465026855468,
        "rsi_weekly": 60.57175331207617,
        "rsi_monthly": 69.38721493424931,
        "52w_high": 264.3299865722656,
        "52w_low": 0
    },
    "ULTA": {
        "close": 681.719970703125,
        "sma200": 506.84375076293946,
        "sma50": 589.7068035888672,
        "rsi_weekly": 77.56489973546107,
        "rsi_monthly": 75.1755326241503,
        "52w_high": 683.4500122070312,
        "52w_low": 0
    },
    "UNP": {
        "close": 231.6649932861328,
        "sma200": 223.43841979980468,
        "sma50": 229.9270114135742,
        "rsi_weekly": 52.10874658451313,
        "rsi_monthly": 60.2859800867619,
        "52w_high": 248.4905242919922,
        "52w_low": 0
    },
    "UAL": {
        "close": 112.05000305175781,
        "sma200": 92.64590009689331,
        "sma50": 106.8091993713379,
        "rsi_weekly": 63.286163462903204,
        "rsi_monthly": 72.20676528285428,
        "52w_high": 117.52999877929688,
        "52w_low": 0
    },
    "UPS": {
        "close": 109.4800033569336,
        "sma200": 92.52321029663086,
        "sma50": 99.62585891723633,
        "rsi_weekly": 66.04646301720358,
        "rsi_monthly": 55.449172125338784,
        "52w_high": 127.49671936035156,
        "52w_low": 0
    },
    "URI": {
        "close": 954.3250122070312,
        "sma200": 820.0500918579102,
        "sma50": 842.3603186035157,
        "rsi_weekly": 59.456610530690405,
        "rsi_monthly": 64.85713271608718,
        "52w_high": 1017.8645629882812,
        "52w_low": 0
    },
    "UNH": {
        "close": 354.1700134277344,
        "sma200": 333.3481175994873,
        "sma50": 330.5897491455078,
        "rsi_weekly": 47.550407983766405,
        "rsi_monthly": 35.61749004499106,
        "52w_high": 587.5621948242188,
        "52w_low": 0
    },
    "UHS": {
        "close": 205.26499938964844,
        "sma200": 194.84124984741212,
        "sma50": 222.76595123291017,
        "rsi_weekly": 45.92639164651467,
        "rsi_monthly": 62.12406103139175,
        "52w_high": 243.9795379638672,
        "52w_low": 0
    },
    "VLO": {
        "close": 187.24000549316406,
        "sma200": 149.66200359344484,
        "sma50": 175.072021484375,
        "rsi_weekly": 64.19462986359709,
        "rsi_monthly": 62.03157750778518,
        "52w_high": 191.32000732421875,
        "52w_low": 0
    },
    "VTR": {
        "close": 77.62999725341797,
        "sma200": 69.07438205718994,
        "sma50": 78.0402685546875,
        "rsi_weekly": 63.103939394999905,
        "rsi_monthly": 58.01724043586537,
        "52w_high": 80.50691223144531,
        "52w_low": 0
    },
    "VRSN": {
        "close": 252.97500610351562,
        "sma200": 264.9539617919922,
        "sma50": 247.44668334960937,
        "rsi_weekly": 46.61844076449636,
        "rsi_monthly": 51.36045469194529,
        "52w_high": 304.1607360839844,
        "52w_low": 0
    },
    "VRSK": {
        "close": 219.02000427246094,
        "sma200": 262.7176121520996,
        "sma50": 220.14983917236327,
        "rsi_weekly": 34.03015336731951,
        "rsi_monthly": 37.16340781987367,
        "52w_high": 319.65484619140625,
        "52w_low": 0
    },
    "VZ": {
        "close": 39.655399322509766,
        "sma200": 40.770927581787106,
        "sma50": 39.85432174682617,
        "rsi_weekly": 42.14523517059349,
        "rsi_monthly": 38.81496240741399,
        "52w_high": 43.543052673339844,
        "52w_low": 0
    },
    "VRTX": {
        "close": 470.69000244140625,
        "sma200": 436.91564865112304,
        "sma50": 447.0789990234375,
        "rsi_weekly": 51.31201260533305,
        "rsi_monthly": 46.594517356502074,
        "52w_high": 513.760009765625,
        "52w_low": 0
    },
    "V": {
        "close": 325.6499938964844,
        "sma200": 343.98756744384764,
        "sma50": 338.1551611328125,
        "rsi_weekly": 43.46094291448324,
        "rsi_monthly": 70.7806975919976,
        "52w_high": 371.9176025390625,
        "52w_low": 0
    },
    "VICI": {
        "close": 28.4950008392334,
        "sma200": 30.462721252441405,
        "sma50": 28.303756332397462,
        "rsi_weekly": 46.08897659063327,
        "rsi_monthly": 43.102062575290844,
        "52w_high": 32.929752349853516,
        "52w_low": 0
    },
    "VMC": {
        "close": 301.8699951171875,
        "sma200": 280.1875842285156,
        "sma50": 293.80779907226565,
        "rsi_weekly": 62.21611279012463,
        "rsi_monthly": 72.2648514972502,
        "52w_high": 311.6199951171875,
        "52w_low": 0
    },
    "WRB": {
        "close": 67.44000244140625,
        "sma200": 70.83075950622559,
        "sma50": 70.97344116210938,
        "rsi_weekly": 44.48335916615162,
        "rsi_monthly": 60.243351064951305,
        "52w_high": 77.22645568847656,
        "52w_low": 0
    },
    "WAB": {
        "close": 232.77000427246094,
        "sma200": 200.40655799865723,
        "sma50": 214.53275024414063,
        "rsi_weekly": 69.40610249416892,
        "rsi_monthly": 74.22803112712734,
        "52w_high": 233.0,
        "52w_low": 0
    },
    "WMT": {
        "close": 118.24500274658203,
        "sma200": 101.87006004333496,
        "sma50": 111.86227340698242,
        "rsi_weekly": 69.5761770818407,
        "rsi_monthly": 83.11046560930153,
        "52w_high": 120.36000061035156,
        "52w_low": 0
    },
    "DIS": {
        "close": 113.1449966430664,
        "sma200": 110.45632888793945,
        "sma50": 109.75226211547852,
        "rsi_weekly": 50.79666657023222,
        "rsi_monthly": 69.0833070214442,
        "52w_high": 123.17660522460938,
        "52w_low": 0
    },
    "WBD": {
        "close": 28.389999389648438,
        "sma200": 16.536750042438506,
        "sma50": 26.696999931335448,
        "rsi_weekly": 74.5223639854951,
        "rsi_monthly": 74.44514014960353,
        "52w_high": 29.979999542236328,
        "52w_low": 0
    },
    "WM": {
        "close": 228.77000427246094,
        "sma200": 221.59350440979003,
        "sma50": 215.79981658935546,
        "rsi_weekly": 53.89173416295282,
        "rsi_monthly": 69.27545482532986,
        "52w_high": 239.43455505371094,
        "52w_low": 0
    },
    "WAT": {
        "close": 397.9100036621094,
        "sma200": 341.5014500427246,
        "sma50": 389.33139953613284,
        "rsi_weekly": 59.23368819832549,
        "rsi_monthly": 62.65981477757844,
        "52w_high": 417.2799987792969,
        "52w_low": 0
    },
    "WEC": {
        "close": 109.83000183105469,
        "sma200": 107.25673095703125,
        "sma50": 107.4624705505371,
        "rsi_weekly": 52.35538685552989,
        "rsi_monthly": 56.76679822754393,
        "52w_high": 116.56096649169922,
        "52w_low": 0
    }
}