{
    "last_scan_index": 50,
    "AAPL": {
        "close": 258.2900085449219,
        "sma200": 232.79560150146483,
        "sma50": 272.55758178710937,
        "rsi_weekly": 63.048861461795944,
        "rsi_monthly": 65.05596983624673,
        "52w_high": 286.19000244140625,
        "52w_low": 0
    },
    "NVDA": {
        "close": 185.72500610351562,
        "sma200": 162.17706428527833,
        "sma50": 186.3862399291992,
        "rsi_weekly": 58.64870571211259,
        "rsi_monthly": 76.36247971715628,
        "52w_high": 207.02847290039062,
        "52w_low": 0
    },
    "TSLA": {
        "close": 435.0849914550781,
        "sma200": 364.6989250946045,
        "sma50": 444.0577014160156,
        "rsi_weekly": 56.31157929953819,
        "rsi_monthly": 70.21254147643917,
        "52w_high": 489.8800048828125,
        "52w_low": 0
    },
    "MSFT": {
        "close": 476.2650146484375,
        "sma200": 478.9547116088867,
        "sma50": 490.32457458496094,
        "rsi_weekly": 44.490724342791886,
        "rsi_monthly": 64.94485885919367,
        "52w_high": 541.057373046875,
        "52w_low": 0
    },
    "AMD": {
        "close": 206.16000366210938,
        "sma200": 165.77374980926513,
        "sma50": 224.03679931640625,
        "rsi_weekly": 60.71614808686848,
        "rsi_monthly": 69.38721493424931,
        "52w_high": 264.3299865722656,
        "52w_low": 0
    },
    "AEP": {
        "close": 116.75199890136719,
        "sma200": 109.42663597106933,
        "sma50": 118.22321594238281,
        "rsi_weekly": 55.409071650916296,
        "rsi_monthly": 75.84522344510572,
        "52w_high": 123.7699966430664,
        "52w_low": 0
    },
    "AXP": {
        "close": 380.3999938964844,
        "sma200": 318.8722738647461,
        "sma50": 367.64728881835936,
        "rsi_weekly": 62.42695661729428,
        "rsi_monthly": 80.55172777628945,
        "52w_high": 384.0368957519531,
        "52w_low": 0
    },
    "AIG": {
        "close": 77.04499816894531,
        "sma200": 80.2946824645996,
        "sma50": 79.59953582763671,
        "rsi_weekly": 58.80780404830631,
        "rsi_monthly": 67.04854393478664,
        "52w_high": 86.58999633789062,
        "52w_low": 0
    },
    "AMT": {
        "close": 169.0,
        "sma200": 197.68694915771485,
        "sma50": 176.65638214111328,
        "rsi_weekly": 37.77252170971306,
        "rsi_monthly": 45.475674269828964,
        "52w_high": 228.10018920898438,
        "52w_low": 0
    },
    "AWK": {
        "close": 129.24000549316406,
        "sma200": 137.8873823928833,
        "sma50": 129.94488723754884,
        "rsi_weekly": 42.138564042011616,
        "rsi_monthly": 40.57744437713258,
        "52w_high": 149.23483276367188,
        "52w_low": 0
    },
    "AMP": {
        "close": 505.6300048828125,
        "sma200": 491.6910334777832,
        "sma50": 474.3316357421875,
        "rsi_weekly": 52.500645017646036,
        "rsi_monthly": 62.214016862144106,
        "52w_high": 567.8558959960938,
        "52w_low": 0
    },
    "AME": {
        "close": 210.92750549316406,
        "sma200": 183.78607109069824,
        "sma50": 200.22738861083985,
        "rsi_weekly": 69.96650784274908,
        "rsi_monthly": 80.05660830145304,
        "52w_high": 214.16000366210938,
        "52w_low": 0
    },
    "AMGN": {
        "close": 329.5,
        "sma200": 294.82344146728514,
        "sma50": 326.6471893310547,
        "rsi_weekly": 58.16264099024807,
        "rsi_monthly": 39.79332622503525,
        "52w_high": 345.4599914550781,
        "52w_low": 0
    },
    "APH": {
        "close": 138.2100067138672,
        "sma200": 108.47643991470336,
        "sma50": 136.90372482299804,
        "rsi_weekly": 68.33014427617866,
        "rsi_monthly": 87.05902288761294,
        "52w_high": 143.57315063476562,
        "52w_low": 0
    },
    "ADI": {
        "close": 298.5199890136719,
        "sma200": 233.27074035644532,
        "sma50": 260.02586822509767,
        "rsi_weekly": 63.61919310755238,
        "rsi_monthly": 66.93932584865018,
        "52w_high": 299.1600036621094,
        "52w_low": 0
    },
    "AON": {
        "close": 351.3500061035156,
        "sma200": 357.8205470275879,
        "sma50": 348.1110015869141,
        "rsi_weekly": 44.82950328777695,
        "rsi_monthly": 61.81320105867822,
        "52w_high": 407.60504150390625,
        "52w_low": 0
    },
    "APA": {
        "close": 25.450000762939453,
        "sma200": 20.75707902431488,
        "sma50": 24.503999977111818,
        "rsi_weekly": 58.18976986340665,
        "rsi_monthly": 43.94956780255315,
        "52w_high": 27.100000381469727,
        "52w_low": 0
    },
    "APO": {
        "close": 146.5850067138672,
        "sma200": 135.3883687210083,
        "sma50": 137.625177154541,
        "rsi_weekly": 58.280186831382196,
        "rsi_monthly": 67.32149410889075,
        "52w_high": 169.67230224609375,
        "52w_low": 0
    },
    "AMAT": {
        "close": 292.69000244140625,
        "sma200": 194.79601593017577,
        "sma50": 252.01837799072266,
        "rsi_weekly": 72.69142936832363,
        "rsi_monthly": 79.06958403988457,
        "52w_high": 296.010009765625,
        "52w_low": 0
    },
    "APTV": {
        "close": 87.0199966430664,
        "sma200": 72.75070003509522,
        "sma50": 78.80859970092773,
        "rsi_weekly": 52.46330720995351,
        "rsi_monthly": 48.72551059290572,
        "52w_high": 87.9800033569336,
        "52w_low": 0
    },
    "ACGL": {
        "close": 96.01000213623047,
        "sma200": 91.34605010986328,
        "sma50": 92.74880020141602,
        "rsi_weekly": 54.081312340345164,
        "rsi_monthly": 64.04711913398052,
        "52w_high": 97.12000274658203,
        "52w_low": 0
    },
    "ADM": {
        "close": 61.34000015258789,
        "sma200": 54.99544044494629,
        "sma50": 58.78063575744629,
        "rsi_weekly": 53.35648446672235,
        "rsi_monthly": 48.40104325729962,
        "52w_high": 63.673423767089844,
        "52w_low": 0
    },
    "ANET": {
        "close": 124.12000274658203,
        "sma200": 117.56634944915771,
        "sma50": 132.19859954833984,
        "rsi_weekly": 52.94920615497757,
        "rsi_monthly": 65.79748500597414,
        "52w_high": 162.02999877929688,
        "52w_low": 0
    },
    "AJG": {
        "close": 264.5400085449219,
        "sma200": 296.7812901306152,
        "sma50": 252.62990173339844,
        "rsi_weekly": 39.75297544050514,
        "rsi_monthly": 52.18138486931463,
        "52w_high": 346.4054870605469,
        "52w_low": 0
    },
    "AIZ": {
        "close": 237.95509338378906,
        "sma200": 207.38308166503907,
        "sma50": 228.1849917602539,
        "rsi_weekly": 67.50696067759506,
        "rsi_monthly": 75.56335697756182,
        "52w_high": 242.1300048828125,
        "52w_low": 0
    },
    "T": {
        "close": 24.258800506591797,
        "sma200": 26.705745697021484,
        "sma50": 24.90697597503662,
        "rsi_weekly": 39.500477721104176,
        "rsi_monthly": 50.60915403198581,
        "52w_high": 29.304508209228516,
        "52w_low": 0
    },
    "ATO": {
        "close": 167.52999877929688,
        "sma200": 161.8340436553955,
        "sma50": 170.9744778442383,
        "rsi_weekly": 55.1642578687483,
        "rsi_monthly": 70.51274856184467,
        "52w_high": 178.1669921875,
        "52w_low": 0
    },
    "ADSK": {
        "close": 276.0899963378906,
        "sma200": 296.17739974975586,
        "sma50": 297.2611993408203,
        "rsi_weekly": 43.36920336828304,
        "rsi_monthly": 58.46462061753758,
        "52w_high": 326.7900085449219,
        "52w_low": 0
    }
}