{
    "last_scan_index": 500,
    "AAPL": {
        "close": 259.3699951171875,
        "sma200": 232.80100120544432,
        "sma50": 272.57918151855466,
        "rsi_weekly": 63.04886229112176,
        "rsi_monthly": 65.0559342897937,
        "52w_high": 286.19000244140625,
        "52w_low": 0
    },
    "NVDA": {
        "close": 184.86000061035156,
        "sma200": 162.1727392578125,
        "sma50": 186.36893981933594,
        "rsi_weekly": 58.64870587810775,
        "rsi_monthly": 76.36247335907628,
        "52w_high": 207.02847290039062,
        "52w_low": 0
    },
    "TSLA": {
        "close": 445.010009765625,
        "sma200": 364.7485501861572,
        "sma50": 444.2562017822266,
        "rsi_weekly": 56.31157929953819,
        "rsi_monthly": 70.21254147643917,
        "52w_high": 489.8800048828125,
        "52w_low": 0
    },
    "MSFT": {
        "close": 479.2799987792969,
        "sma200": 478.9697885131836,
        "sma50": 490.38487426757814,
        "rsi_weekly": 44.49072422178058,
        "rsi_monthly": 64.94485240923956,
        "52w_high": 541.057373046875,
        "52w_low": 0
    },
    "AMD": {
        "close": 203.1699981689453,
        "sma200": 165.75879978179933,
        "sma50": 223.97699920654296,
        "rsi_weekly": 60.71614808686848,
        "rsi_monthly": 69.38721493424931,
        "52w_high": 264.3299865722656,
        "52w_low": 0
    },
    "WFC": {
        "close": 95.94999694824219,
        "sma200": 79.81381532669067,
        "sma50": 89.38177108764648,
        "rsi_weekly": 68.37683467652924,
        "rsi_monthly": 85.74287253169756,
        "52w_high": 96.38999938964844,
        "52w_low": 0
    },
    "WELL": {
        "close": 186.0800018310547,
        "sma200": 166.37551078796386,
        "sma50": 191.6614517211914,
        "rsi_weekly": 58.29422348893253,
        "rsi_monthly": 76.3900627977566,
        "52w_high": 208.22000122070312,
        "52w_low": 0
    },
    "WST": {
        "close": 275.5199890136719,
        "sma200": 244.1328759765625,
        "sma50": 273.877470703125,
        "rsi_weekly": 55.96709359922638,
        "rsi_monthly": 37.31548859144851,
        "52w_high": 346.7433776855469,
        "52w_low": 0
    },
    "WDC": {
        "close": 200.4600067138672,
        "sma200": 96.05866250038147,
        "sma50": 168.29501953125,
        "rsi_weekly": 78.6005258872571,
        "rsi_monthly": 90.96429266241626,
        "52w_high": 219.3800048828125,
        "52w_low": 0
    },
    "WY": {
        "close": 25.729999542236328,
        "sma200": 24.64373490333557,
        "sma50": 22.770884704589843,
        "rsi_weekly": 48.47139944168095,
        "rsi_monthly": 50.91967583364436,
        "52w_high": 30.380916595458984,
        "52w_low": 0
    },
    "WHR": {
        "close": 83.44999694824219,
        "sma200": 81.32333221435547,
        "sma50": 73.61098526000977,
        "rsi_weekly": 45.25228154070862,
        "rsi_monthly": 41.214494974320345,
        "52w_high": 125.28579711914062,
        "52w_low": 0
    },
    "WMB": {
        "close": 60.31999969482422,
        "sma200": 58.57692678451538,
        "sma50": 59.51108627319336,
        "rsi_weekly": 54.234992780239736,
        "rsi_monthly": 68.94141133015002,
        "52w_high": 63.950782775878906,
        "52w_low": 0
    },
    "WTW": {
        "close": 330.260009765625,
        "sma200": 319.53643325805666,
        "sma50": 323.43524963378906,
        "rsi_weekly": 51.7387317932588,
        "rsi_monthly": 72.65667659047783,
        "52w_high": 348.96490478515625,
        "52w_low": 0
    },
    "WYNN": {
        "close": 117.83000183105469,
        "sma200": 107.77057395935059,
        "sma50": 123.72115982055664,
        "rsi_weekly": 54.974285430667216,
        "rsi_monthly": 71.07335463577543,
        "52w_high": 133.08999633789062,
        "52w_low": 0
    },
    "XEL": {
        "close": 74.26000213623047,
        "sma200": 72.48580657958985,
        "sma50": 77.01937759399414,
        "rsi_weekly": 49.84441393460343,
        "rsi_monthly": 40.88571430457346,
        "52w_high": 81.4811019897461,
        "52w_low": 0
    },
    "XYL": {
        "close": 139.69000244140625,
        "sma200": 133.96905723571777,
        "sma50": 141.71676879882813,
        "rsi_weekly": 47.5578081521978,
        "rsi_monthly": 70.20166801132788,
        "52w_high": 152.51864624023438,
        "52w_low": 0
    },
    "YUM": {
        "close": 155.52000427246094,
        "sma200": 146.34880813598633,
        "sma50": 149.18947662353514,
        "rsi_weekly": 53.34689972920851,
        "rsi_monthly": 68.39964235713879,
        "52w_high": 160.19668579101562,
        "52w_low": 0
    },
    "ZBRA": {
        "close": 259.4800109863281,
        "sma200": 285.2443499755859,
        "sma50": 253.83919952392577,
        "rsi_weekly": 39.05972641457557,
        "rsi_monthly": 56.08681742013676,
        "52w_high": 421.1099853515625,
        "52w_low": 0
    },
    "ZBH": {
        "close": 92.8499984741211,
        "sma200": 96.56776920318603,
        "sma50": 92.26955841064454,
        "rsi_weekly": 43.06473055202962,
        "rsi_monthly": 35.430318393960725,
        "52w_high": 112.31304931640625,
        "52w_low": 0
    },
    "ZTS": {
        "close": 127.16999816894531,
        "sma200": 145.70965698242188,
        "sma50": 124.33261169433594,
        "rsi_weekly": 38.82470443953522,
        "rsi_monthly": 45.49909652064695,
        "52w_high": 173.89024353027344,
        "52w_low": 0
    }
}