{
    "last_scan_index": 225,
    "AAPL": {
        "close": 247.64999389648438,
        "sma200": 234.09551811218262,
        "sma50": 270.59339813232424,
        "rsi_weekly": 51.05965920662524,
        "rsi_monthly": 65.05595442303546,
        "52w_high": 286.19000244140625,
        "52w_low": 0
    },
    "NVDA": {
        "close": 183.32000732421875,
        "sma200": 164.78818397521974,
        "sma50": 184.11609985351564,
        "rsi_weekly": 56.61352273475257,
        "rsi_monthly": 76.36247437883131,
        "52w_high": 207.02847290039062,
        "52w_low": 0
    },
    "TSLA": {
        "close": 431.44000244140625,
        "sma200": 370.62715034484864,
        "sma50": 441.9230017089844,
        "rsi_weekly": 55.767272209839355,
        "rsi_monthly": 70.21254147643917,
        "52w_high": 489.8800048828125,
        "52w_low": 0
    },
    "MSFT": {
        "close": 444.1099853515625,
        "sma200": 481.7920323181152,
        "sma50": 482.55295227050783,
        "rsi_weekly": 40.972928228660166,
        "rsi_monthly": 64.94487398292438,
        "52w_high": 541.057373046875,
        "52w_low": 0
    },
    "AMD": {
        "close": 249.8000030517578,
        "sma200": 170.11574981689452,
        "sma50": 220.27120025634767,
        "rsi_weekly": 60.57175331207617,
        "rsi_monthly": 69.38721493424931,
        "52w_high": 264.3299865722656,
        "52w_low": 0
    },
    "FTV": {
        "close": 54.439998626708984,
        "sma200": 51.26986885070801,
        "sma50": 53.86547882080078,
        "rsi_weekly": 60.976275285644455,
        "rsi_monthly": 66.79453547278051,
        "52w_high": 62.253089904785156,
        "52w_low": 0
    },
    "FOXA": {
        "close": 72.69999694824219,
        "sma200": 59.61726161956787,
        "sma50": 70.02840026855469,
        "rsi_weekly": 68.33697542888136,
        "rsi_monthly": 72.5453675792106,
        "52w_high": 76.11000061035156,
        "52w_low": 0
    },
    "FOX": {
        "close": 65.47000122070312,
        "sma200": 54.08928392410278,
        "sma50": 62.57300010681152,
        "rsi_weekly": 69.90428271890757,
        "rsi_monthly": 68.72102867487034,
        "52w_high": 67.76000213623047,
        "52w_low": 0
    },
    "BEN": {
        "close": 25.469999313354492,
        "sma200": 22.453252334594726,
        "sma50": 23.373930397033693,
        "rsi_weekly": 69.68866658296534,
        "rsi_monthly": 61.44887267508681,
        "52w_high": 26.0,
        "52w_low": 0
    },
    "FCX": {
        "close": 60.58000183105469,
        "sma200": 42.45739360809326,
        "sma50": 48.10785575866699,
        "rsi_weekly": 74.41132185476067,
        "rsi_monthly": 55.83358594979784,
        "52w_high": 60.58000183105469,
        "52w_low": 0
    },
    "GRMN": {
        "close": 204.57000732421875,
        "sma200": 213.96088844299317,
        "sma50": 201.96970764160156,
        "rsi_weekly": 49.046801356120405,
        "rsi_monthly": 64.91601692121728,
        "52w_high": 258.6608581542969,
        "52w_low": 0
    },
    "IT": {
        "close": 232.44000244140625,
        "sma200": 309.3220004272461,
        "sma50": 237.22000061035158,
        "rsi_weekly": 35.44128891266822,
        "rsi_monthly": 33.00686951680514,
        "52w_high": 548.3800048828125,
        "52w_low": 0
    },
    "GE": {
        "close": 318.5,
        "sma200": 269.22588760375976,
        "sma50": 305.0622003173828,
        "rsi_weekly": 68.34907318918549,
        "rsi_monthly": 86.92090998927284,
        "52w_high": 327.5400085449219,
        "52w_low": 0
    },
    "GEV": {
        "close": 667.8900146484375,
        "sma200": 555.3821327209473,
        "sma50": 629.5790747070313,
        "rsi_weekly": 63.517297429992766,
        "rsi_monthly": 81.47095538246822,
        "52w_high": 722.468017578125,
        "52w_low": 0
    },
    "GEHC": {
        "close": 81.0999984741211,
        "sma200": 74.64481727600098,
        "sma50": 81.0101335144043,
        "rsi_weekly": 54.37633385167686,
        "rsi_monthly": 77.22895506106205,
        "52w_high": 93.30926513671875,
        "52w_low": 0
    },
    "GEN": {
        "close": 25.200000762939453,
        "sma200": 27.786060791015625,
        "sma50": 26.74724872589111,
        "rsi_weekly": 43.00895486981637,
        "rsi_monthly": 40.52958531634236,
        "52w_high": 31.882293701171875,
        "52w_low": 0
    },
    "GNRC": {
        "close": 172.05999755859375,
        "sma200": 153.71359996795655,
        "sma50": 151.49419952392577,
        "rsi_weekly": 51.52898765353988,
        "rsi_monthly": 46.472430900903376,
        "52w_high": 202.85000610351562,
        "52w_low": 0
    },
    "GD": {
        "close": 364.7799987792969,
        "sma200": 311.9516156768799,
        "sma50": 344.18236083984374,
        "rsi_weekly": 75.82258696735892,
        "rsi_monthly": 76.93098370180846,
        "52w_high": 367.3800048828125,
        "52w_low": 0
    },
    "GIS": {
        "close": 43.97999954223633,
        "sma200": 49.03784185409546,
        "sma50": 45.73487190246582,
        "rsi_weekly": 35.03902583806799,
        "rsi_monthly": 26.67504845850218,
        "52w_high": 62.187808990478516,
        "52w_low": 0
    },
    "GM": {
        "close": 80.93000030517578,
        "sma200": 59.514546661376954,
        "sma50": 77.5113426208496,
        "rsi_weekly": 72.72174123914348,
        "rsi_monthly": 85.79250671093702,
        "52w_high": 85.12999725341797,
        "52w_low": 0
    },
    "GPC": {
        "close": 136.24000549316406,
        "sma200": 126.74287132263184,
        "sma50": 127.7699366760254,
        "rsi_weekly": 60.18175466823538,
        "rsi_monthly": 59.507158257905324,
        "52w_high": 141.64169311523438,
        "52w_low": 0
    },
    "GILD": {
        "close": 129.11000061035156,
        "sma200": 113.30662586212158,
        "sma50": 122.87257949829102,
        "rsi_weekly": 60.962570067852916,
        "rsi_monthly": 60.16939346109851,
        "52w_high": 129.11000061035156,
        "52w_low": 0
    },
    "GPN": {
        "close": 73.3499984741211,
        "sma200": 80.34423301696778,
        "sma50": 77.28853836059571,
        "rsi_weekly": 41.686716156746996,
        "rsi_monthly": 29.923150477284572,
        "52w_high": 111.5788803100586,
        "52w_low": 0
    },
    "GL": {
        "close": 138.72999572753906,
        "sma200": 131.02738891601564,
        "sma50": 136.68078247070312,
        "rsi_weekly": 56.070396474663895,
        "rsi_monthly": 67.2847305809865,
        "52w_high": 145.98092651367188,
        "52w_low": 0
    },
    "GS": {
        "close": 953.010009765625,
        "sma200": 726.1081539916992,
        "sma50": 868.9228125,
        "rsi_weekly": 81.80812392522785,
        "rsi_monthly": 84.55575465618071,
        "52w_high": 975.8599853515625,
        "52w_low": 0
    },
    "HAL": {
        "close": 33.36000061035156,
        "sma200": 23.50617910385132,
        "sma50": 28.573788566589357,
        "rsi_weekly": 71.11036103207914,
        "rsi_monthly": 48.84583848558465,
        "52w_high": 33.36000061035156,
        "52w_low": 0
    },
    "HIG": {
        "close": 129.55999755859375,
        "sma200": 127.82079650878906,
        "sma50": 134.60887939453124,
        "rsi_weekly": 48.665668872879905,
        "rsi_monthly": 75.92895835278874,
        "52w_high": 139.72000122070312,
        "52w_low": 0
    },
    "HAS": {
        "close": 87.9000015258789,
        "sma200": 73.28359117507935,
        "sma50": 81.97068649291992,
        "rsi_weekly": 69.25996717952911,
        "rsi_monthly": 73.03065079773876,
        "52w_high": 89.13999938964844,
        "52w_low": 0
    },
    "HCA": {
        "close": 465.44000244140625,
        "sma200": 408.87827499389647,
        "sma50": 479.11412841796874,
        "rsi_weekly": 60.5546674489879,
        "rsi_monthly": 66.51811135612385,
        "52w_high": 515.0838012695312,
        "52w_low": 0
    }
}