{
    "last_scan_index": 350,
    "AAPL": {
        "close": 256.1400146484375,
        "sma200": 232.60458885192872,
        "sma50": 272.7085711669922,
        "rsi_weekly": 63.04886242969534,
        "rsi_monthly": 65.05595230509557,
        "52w_high": 286.19000244140625,
        "52w_low": 0
    },
    "NVDA": {
        "close": 184.96499633789062,
        "sma200": 161.8514047241211,
        "sma50": 186.69061614990235,
        "rsi_weekly": 58.648706015777776,
        "rsi_monthly": 76.36247545380165,
        "52w_high": 207.02847290039062,
        "52w_low": 0
    },
    "TSLA": {
        "close": 433.7699890136719,
        "sma200": 363.95405021667483,
        "sma50": 444.5264013671875,
        "rsi_weekly": 56.31157929953819,
        "rsi_monthly": 70.21254147643917,
        "52w_high": 489.8800048828125,
        "52w_low": 0
    },
    "MSFT": {
        "close": 477.2699890136719,
        "sma200": 478.5344529724121,
        "sma50": 491.6036218261719,
        "rsi_weekly": 44.4907242134458,
        "rsi_monthly": 64.94487411177853,
        "52w_high": 541.057373046875,
        "52w_low": 0
    },
    "AMD": {
        "close": 204.04750061035156,
        "sma200": 165.3138373184204,
        "sma50": 225.06114959716797,
        "rsi_weekly": 60.71614808686848,
        "rsi_monthly": 69.38721493424931,
        "52w_high": 264.3299865722656,
        "52w_low": 0
    },
    "MSI": {
        "close": 386.0799865722656,
        "sma200": 420.66268432617187,
        "sma50": 380.5615570068359,
        "rsi_weekly": 38.02847069007542,
        "rsi_monthly": 51.60524726433534,
        "52w_high": 487.5675354003906,
        "52w_low": 0
    },
    "MSCI": {
        "close": 579.2899780273438,
        "sma200": 557.9389710998535,
        "sma50": 566.3745861816407,
        "rsi_weekly": 50.98221279696718,
        "rsi_monthly": 36.10719442087316,
        "52w_high": 620.4635620117188,
        "52w_low": 0
    },
    "NDAQ": {
        "close": 100.4800033569336,
        "sma200": 87.11984191894531,
        "sma50": 91.17116058349609,
        "rsi_weekly": 64.51971092362332,
        "rsi_monthly": 65.50109731558791,
        "52w_high": 100.69000244140625,
        "52w_low": 0
    },
    "NTAP": {
        "close": 105.74009704589844,
        "sma200": 105.66474552154541,
        "sma50": 111.12711196899414,
        "rsi_weekly": 45.107627543400795,
        "rsi_monthly": 54.7303569072226,
        "52w_high": 125.20184326171875,
        "52w_low": 0
    },
    "NFLX": {
        "close": 89.93450164794922,
        "sma200": 113.28152755737305,
        "sma50": 102.21983001708985,
        "rsi_weekly": 32.539498248207536,
        "rsi_monthly": 56.023247459645084,
        "52w_high": 133.91299438476562,
        "52w_low": 0
    },
    "NEM": {
        "close": 105.41999816894531,
        "sma200": 71.2875686454773,
        "sma50": 92.591513671875,
        "rsi_weekly": 69.4969518396775,
        "rsi_monthly": 76.17404100809273,
        "52w_high": 109.19999694824219,
        "52w_low": 0
    },
    "NWL": {
        "close": 4.09499979019165,
        "sma200": 4.869575377702713,
        "sma50": 3.631660780906677,
        "rsi_weekly": 39.489066889516685,
        "rsi_monthly": 28.546720803319708,
        "52w_high": 10.08272933959961,
        "52w_low": 0
    },
    "NWS": {
        "close": 30.34000015258789,
        "sma200": 31.620146217346193,
        "sma50": 29.596599998474122,
        "rsi_weekly": 42.50759902872287,
        "rsi_monthly": 63.471585604021726,
        "52w_high": 35.061614990234375,
        "52w_low": 0
    },
    "NWSA": {
        "close": 26.5,
        "sma200": 27.681880197525025,
        "sma50": 26.006999855041503,
        "rsi_weekly": 42.1546915619304,
        "rsi_monthly": 62.05954880155084,
        "52w_high": 31.030000686645508,
        "52w_low": 0
    },
    "NEE": {
        "close": 79.875,
        "sma200": 74.33684637069702,
        "sma50": 82.18809631347656,
        "rsi_weekly": 55.31142403631508,
        "rsi_monthly": 53.79027988964023,
        "52w_high": 86.29000091552734,
        "52w_low": 0
    },
    "NKE": {
        "close": 64.20500183105469,
        "sma200": 65.89551763534546,
        "sma50": 63.39371574401856,
        "rsi_weekly": 46.01950274387634,
        "rsi_monthly": 44.08465462277788,
        "52w_high": 79.84435272216797,
        "52w_low": 0
    },
    "NI": {
        "close": 41.750099182128906,
        "sma200": 40.760401229858395,
        "sma50": 42.321790618896486,
        "rsi_weekly": 52.96654978364557,
        "rsi_monthly": 71.9168227441174,
        "52w_high": 44.130001068115234,
        "52w_low": 0
    },
    "NDSN": {
        "close": 253.41000366210938,
        "sma200": 217.38798431396484,
        "sma50": 236.3966436767578,
        "rsi_weekly": 61.90606224264836,
        "rsi_monthly": 65.82909228105304,
        "52w_high": 253.41000366210938,
        "52w_low": 0
    },
    "NSC": {
        "close": 289.2799987792969,
        "sma200": 265.91071739196775,
        "sma50": 288.05348815917966,
        "rsi_weekly": 57.05945122998825,
        "rsi_monthly": 70.52095905045435,
        "52w_high": 299.489990234375,
        "52w_low": 0
    },
    "NTRS": {
        "close": 144.5800018310547,
        "sma200": 119.76635524749756,
        "sma50": 133.09415222167968,
        "rsi_weekly": 68.74859027494256,
        "rsi_monthly": 75.5843010266805,
        "52w_high": 144.5800018310547,
        "52w_low": 0
    },
    "NOC": {
        "close": 601.3699951171875,
        "sma200": 543.684930267334,
        "sma50": 569.3403100585938,
        "rsi_weekly": 57.153700305119656,
        "rsi_monthly": 68.49368401908593,
        "52w_high": 635.374755859375,
        "52w_low": 0
    },
    "NCLH": {
        "close": 24.726999282836914,
        "sma200": 21.162884969711303,
        "sma50": 20.434940071105956,
        "rsi_weekly": 54.008717570143595,
        "rsi_monthly": 58.01496446523557,
        "52w_high": 29.06999969482422,
        "52w_low": 0
    },
    "NRG": {
        "close": 145.30499267578125,
        "sma200": 149.49483116149904,
        "sma50": 164.16904907226564,
        "rsi_weekly": 56.858947367724085,
        "rsi_monthly": 70.21419561357803,
        "52w_high": 178.04299926757812,
        "52w_low": 0
    },
    "NUE": {
        "close": 167.47999572753906,
        "sma200": 135.97226123809816,
        "sma50": 156.56611328125,
        "rsi_weekly": 67.79386316632744,
        "rsi_monthly": 59.89970234260279,
        "52w_high": 169.39999389648438,
        "52w_low": 0
    },
    "NVR": {
        "close": 7204.43994140625,
        "sma200": 7521.093503417968,
        "sma50": 7354.550791015625,
        "rsi_weekly": 41.73829878401096,
        "rsi_monthly": 58.86456260855224,
        "52w_high": 8543.0,
        "52w_low": 0
    },
    "NXPI": {
        "close": 234.5,
        "sma200": 210.24089874267577,
        "sma50": 213.42915100097656,
        "rsi_weekly": 53.44893693073683,
        "rsi_monthly": 70.0824440891872,
        "52w_high": 245.9499969482422,
        "52w_low": 0
    },
    "ORLY": {
        "close": 91.48999786376953,
        "sma200": 96.30502338409424,
        "sma50": 95.55119964599609,
        "rsi_weekly": 39.28492539392627,
        "rsi_monthly": 60.84178922226018,
        "52w_high": 107.81999969482422,
        "52w_low": 0
    },
    "OXY": {
        "close": 41.54999923706055,
        "sma200": 42.62313354492188,
        "sma50": 41.047929229736326,
        "rsi_weekly": 49.149352673901944,
        "rsi_monthly": 49.737846341875304,
        "52w_high": 51.56443786621094,
        "52w_low": 0
    },
    "ODFL": {
        "close": 168.0050048828125,
        "sma200": 152.1436968612671,
        "sma50": 147.0165986633301,
        "rsi_weekly": 56.87572084585325,
        "rsi_monthly": 62.71264020451801,
        "52w_high": 207.79449462890625,
        "52w_low": 0
    }
}