{
    "last_scan_index": 475,
    "AAPL": {
        "close": 246.6999969482422,
        "sma200": 233.86975593566893,
        "sma50": 271.0305728149414,
        "rsi_weekly": 51.059659079586105,
        "rsi_monthly": 65.0559537547038,
        "52w_high": 286.19000244140625,
        "52w_low": 0
    },
    "NVDA": {
        "close": 178.07000732421875,
        "sma200": 164.38049182891845,
        "sma50": 184.2110903930664,
        "rsi_weekly": 56.61352284859378,
        "rsi_monthly": 76.36247552849717,
        "52w_high": 207.02847290039062,
        "52w_low": 0
    },
    "TSLA": {
        "close": 419.25,
        "sma200": 369.8063503265381,
        "sma50": 442.21240173339845,
        "rsi_weekly": 55.767272209839355,
        "rsi_monthly": 70.21254147643917,
        "52w_high": 489.8800048828125,
        "52w_low": 0
    },
    "MSFT": {
        "close": 454.5199890136719,
        "sma200": 481.42708450317383,
        "sma50": 483.5941796875,
        "rsi_weekly": 40.97292729718427,
        "rsi_monthly": 64.94485230455184,
        "52w_high": 541.057373046875,
        "52w_low": 0
    },
    "AMD": {
        "close": 231.9199981689453,
        "sma200": 169.33574981689452,
        "sma50": 220.02920013427735,
        "rsi_weekly": 60.57175331207617,
        "rsi_monthly": 69.38721493424931,
        "52w_high": 264.3299865722656,
        "52w_low": 0
    },
    "ULTA": {
        "close": 675.6199951171875,
        "sma200": 503.6535008239746,
        "sma50": 582.9562036132812,
        "rsi_weekly": 77.56489973546107,
        "rsi_monthly": 75.1755326241503,
        "52w_high": 675.6199951171875,
        "52w_low": 0
    },
    "UNP": {
        "close": 221.69000244140625,
        "sma200": 223.2800838470459,
        "sma50": 229.44419525146483,
        "rsi_weekly": 52.10874608816904,
        "rsi_monthly": 60.28597643686718,
        "52w_high": 248.4905242919922,
        "52w_low": 0
    },
    "UAL": {
        "close": 108.56999969482422,
        "sma200": 92.12035007476807,
        "sma50": 106.21199935913086,
        "rsi_weekly": 63.286163462903204,
        "rsi_monthly": 72.20676528285428,
        "52w_high": 117.52999877929688,
        "52w_low": 0
    },
    "UPS": {
        "close": 106.54000091552734,
        "sma200": 92.3721928024292,
        "sma50": 98.9928823852539,
        "rsi_weekly": 66.0464628505406,
        "rsi_monthly": 55.44915160165004,
        "52w_high": 127.49671173095703,
        "52w_low": 0
    },
    "URI": {
        "close": 910.5499877929688,
        "sma200": 816.319091796875,
        "sma50": 838.2669165039063,
        "rsi_weekly": 59.45661054443123,
        "rsi_monthly": 64.8571475503436,
        "52w_high": 1017.8645629882812,
        "52w_low": 0
    },
    "UNH": {
        "close": 338.42999267578125,
        "sma200": 335.060143661499,
        "sma50": 329.38049255371095,
        "rsi_weekly": 47.55040790621929,
        "rsi_monthly": 35.61748676052353,
        "52w_high": 587.5621948242188,
        "52w_low": 0
    },
    "UHS": {
        "close": 199.8699951171875,
        "sma200": 194.60743019104004,
        "sma50": 223.69197052001954,
        "rsi_weekly": 45.92639161571931,
        "rsi_monthly": 62.124057988754984,
        "52w_high": 243.9795379638672,
        "52w_low": 0
    },
    "VLO": {
        "close": 184.72999572753906,
        "sma200": 148.85499229431153,
        "sma50": 174.55195251464843,
        "rsi_weekly": 64.19462922796296,
        "rsi_monthly": 62.03157333524519,
        "52w_high": 191.32000732421875,
        "52w_low": 0
    },
    "VTR": {
        "close": 78.18000030517578,
        "sma200": 68.95902244567871,
        "sma50": 77.93408203125,
        "rsi_weekly": 63.10393826190998,
        "rsi_monthly": 58.01725437679412,
        "52w_high": 80.50691223144531,
        "52w_low": 0
    },
    "VRSN": {
        "close": 248.1199951171875,
        "sma200": 264.88195304870607,
        "sma50": 246.93354095458983,
        "rsi_weekly": 46.61844032394026,
        "rsi_monthly": 51.36045617543,
        "52w_high": 304.1607360839844,
        "52w_low": 0
    },
    "VRSK": {
        "close": 218.49000549316406,
        "sma200": 263.4745809173584,
        "sma50": 219.9705191040039,
        "rsi_weekly": 34.030152968283176,
        "rsi_monthly": 37.16339460516565,
        "52w_high": 319.65484619140625,
        "52w_low": 0
    },
    "VZ": {
        "close": 39.08000183105469,
        "sma200": 40.791299743652345,
        "sma50": 39.84617866516113,
        "rsi_weekly": 42.14523395299921,
        "rsi_monthly": 38.81490903640307,
        "52w_high": 43.54305648803711,
        "52w_low": 0
    },
    "VRTX": {
        "close": 442.0799865722656,
        "sma200": 437.0496485900879,
        "sma50": 444.9567987060547,
        "rsi_weekly": 51.31201260533305,
        "rsi_monthly": 46.594517356502074,
        "52w_high": 513.760009765625,
        "52w_low": 0
    },
    "V": {
        "close": 325.82000732421875,
        "sma200": 343.9779591369629,
        "sma50": 338.56955383300783,
        "rsi_weekly": 43.46094410158401,
        "rsi_monthly": 70.78072078341972,
        "52w_high": 371.9176025390625,
        "52w_low": 0
    },
    "VICI": {
        "close": 28.81999969482422,
        "sma200": 30.47642379760742,
        "sma50": 28.34974365234375,
        "rsi_weekly": 46.08897603557997,
        "rsi_monthly": 43.10207672350708,
        "52w_high": 32.92975616455078,
        "52w_low": 0
    },
    "VMC": {
        "close": 296.1499938964844,
        "sma200": 279.5107174682617,
        "sma50": 293.2426330566406,
        "rsi_weekly": 62.21611236831527,
        "rsi_monthly": 72.26484533999468,
        "52w_high": 311.6199951171875,
        "52w_low": 0
    },
    "WRB": {
        "close": 67.7300033569336,
        "sma200": 70.81763460159301,
        "sma50": 71.21781692504882,
        "rsi_weekly": 44.48335921939441,
        "rsi_monthly": 60.24335961079572,
        "52w_high": 77.22645568847656,
        "52w_low": 0
    },
    "WAB": {
        "close": 227.55999755859375,
        "sma200": 199.74410552978514,
        "sma50": 213.40908935546875,
        "rsi_weekly": 69.40610060617237,
        "rsi_monthly": 74.22802329541246,
        "52w_high": 229.60000610351562,
        "52w_low": 0
    },
    "WMT": {
        "close": 118.70999908447266,
        "sma200": 101.52852275848389,
        "sma50": 111.1872622680664,
        "rsi_weekly": 69.57617639515955,
        "rsi_monthly": 83.11046609895499,
        "52w_high": 120.36000061035156,
        "52w_low": 0
    },
    "DIS": {
        "close": 110.33999633789062,
        "sma200": 110.17707664489745,
        "sma50": 109.62042694091797,
        "rsi_weekly": 50.796666460863904,
        "rsi_monthly": 69.08330241141776,
        "52w_high": 123.17660522460938,
        "52w_low": 0
    },
    "WBD": {
        "close": 28.239999771118164,
        "sma200": 16.338300039768217,
        "sma50": 26.46039993286133,
        "rsi_weekly": 74.5223639854951,
        "rsi_monthly": 74.44514014960353,
        "52w_high": 29.979999542236328,
        "52w_low": 0
    },
    "WM": {
        "close": 221.3000030517578,
        "sma200": 221.6019206237793,
        "sma50": 214.6944839477539,
        "rsi_weekly": 53.891734719770675,
        "rsi_monthly": 69.2754712958185,
        "52w_high": 239.4345703125,
        "52w_low": 0
    },
    "WAT": {
        "close": 383.8599853515625,
        "sma200": 340.8785501098633,
        "sma50": 388.2959997558594,
        "rsi_weekly": 59.23368819832549,
        "rsi_monthly": 62.65981477757844,
        "52w_high": 417.2799987792969,
        "52w_low": 0
    },
    "WEC": {
        "close": 109.05999755859375,
        "sma200": 107.19831596374512,
        "sma50": 107.51272338867187,
        "rsi_weekly": 52.355386869535316,
        "rsi_monthly": 56.766823303569616,
        "52w_high": 116.56096649169922,
        "52w_low": 0
    }
}