{
    "last_scan_index": 400,
    "AAPL": {
        "close": 246.6999969482422,
        "sma200": 233.86975593566893,
        "sma50": 271.0305728149414,
        "rsi_weekly": 51.05965896120801,
        "rsi_monthly": 65.05596730418175,
        "52w_high": 286.19000244140625,
        "52w_low": 0
    },
    "NVDA": {
        "close": 178.07000732421875,
        "sma200": 164.38049156188964,
        "sma50": 184.2110903930664,
        "rsi_weekly": 56.613522673204656,
        "rsi_monthly": 76.36247547942581,
        "52w_high": 207.02847290039062,
        "52w_low": 0
    },
    "TSLA": {
        "close": 419.25,
        "sma200": 369.8063503265381,
        "sma50": 442.21240173339845,
        "rsi_weekly": 55.767272209839355,
        "rsi_monthly": 70.21254147643917,
        "52w_high": 489.8800048828125,
        "52w_low": 0
    },
    "MSFT": {
        "close": 454.5199890136719,
        "sma200": 481.42708557128907,
        "sma50": 483.5941796875,
        "rsi_weekly": 40.972928233096155,
        "rsi_monthly": 64.94485524317575,
        "52w_high": 541.057373046875,
        "52w_low": 0
    },
    "AMD": {
        "close": 231.9199981689453,
        "sma200": 169.33574981689452,
        "sma50": 220.02920013427735,
        "rsi_weekly": 60.57175331207617,
        "rsi_monthly": 69.38721493424931,
        "52w_high": 264.3299865722656,
        "52w_low": 0
    },
    "PFG": {
        "close": 88.54000091552734,
        "sma200": 79.77903041839599,
        "sma50": 87.09682693481446,
        "rsi_weekly": 61.96970762146593,
        "rsi_monthly": 65.68606115644013,
        "52w_high": 91.80000305175781,
        "52w_low": 0
    },
    "PG": {
        "close": 147.0,
        "sma200": 153.40373184204103,
        "sma50": 144.81340118408204,
        "rsi_weekly": 41.56817224935309,
        "rsi_monthly": 42.97760081207812,
        "52w_high": 172.7701873779297,
        "52w_low": 0
    },
    "PGR": {
        "close": 203.9199981689453,
        "sma200": 231.83106552124025,
        "sma50": 211.62620544433594,
        "rsi_weekly": 38.947620268678705,
        "rsi_monthly": 56.734797051898724,
        "52w_high": 273.5130615234375,
        "52w_low": 0
    },
    "PLD": {
        "close": 130.80999755859375,
        "sma200": 112.71047332763672,
        "sma50": 127.23366287231445,
        "rsi_weekly": 69.6855682913876,
        "rsi_monthly": 67.48234858664841,
        "52w_high": 133.2100067138672,
        "52w_low": 0
    },
    "PRU": {
        "close": 108.3499984741211,
        "sma200": 104.07858570098877,
        "sma50": 111.56008102416992,
        "rsi_weekly": 55.25299470609747,
        "rsi_monthly": 65.30447187963215,
        "52w_high": 118.72000122070312,
        "52w_low": 0
    },
    "PEG": {
        "close": 79.37000274658203,
        "sma200": 80.79688190460205,
        "sma50": 80.31272888183594,
        "rsi_weekly": 46.46714700103491,
        "rsi_monthly": 65.55415109006448,
        "52w_high": 88.72160339355469,
        "52w_low": 0
    },
    "PTC": {
        "close": 161.11000061035156,
        "sma200": 183.30014991760254,
        "sma50": 174.04320068359374,
        "rsi_weekly": 36.67637127008923,
        "rsi_monthly": 48.49976701847694,
        "52w_high": 216.52999877929688,
        "52w_low": 0
    },
    "PSA": {
        "close": 285.17999267578125,
        "sma200": 281.66003570556643,
        "sma50": 269.5724243164062,
        "rsi_weekly": 58.00795377887059,
        "rsi_monthly": 43.130865861157254,
        "52w_high": 308.3981628417969,
        "52w_low": 0
    },
    "PHM": {
        "close": 126.80999755859375,
        "sma200": 116.4221273803711,
        "sma50": 122.79021575927734,
        "rsi_weekly": 57.961520182372304,
        "rsi_monthly": 55.68625700035289,
        "52w_high": 140.8990936279297,
        "52w_low": 0
    },
    "QRVO": {
        "close": 79.8499984741211,
        "sma200": 83.35237482070923,
        "sma50": 85.20559951782226,
        "rsi_weekly": 43.23197880204791,
        "rsi_monthly": 64.763389588317,
        "52w_high": 97.41999816894531,
        "52w_low": 0
    },
    "PWR": {
        "close": 463.489990234375,
        "sma200": 388.1036322784424,
        "sma50": 441.71935791015625,
        "rsi_weekly": 63.99712998617519,
        "rsi_monthly": 75.22279621261299,
        "52w_high": 466.7882995605469,
        "52w_low": 0
    },
    "QCOM": {
        "close": 154.07000732421875,
        "sma200": 158.63270111083983,
        "sma50": 171.52632476806642,
        "rsi_weekly": 45.79081577215229,
        "rsi_monthly": 63.86820936115909,
        "52w_high": 186.72589111328125,
        "52w_low": 0
    },
    "DGX": {
        "close": 188.9499969482422,
        "sma200": 176.53379669189454,
        "sma50": 181.271650390625,
        "rsi_weekly": 59.831562318252,
        "rsi_monthly": 52.728141223379865,
        "52w_high": 191.4753875732422,
        "52w_low": 0
    },
    "RL": {
        "close": 360.2200012207031,
        "sma200": 299.1972845458984,
        "sma50": 354.42553649902345,
        "rsi_weekly": 67.15804824181923,
        "rsi_monthly": 84.52632265190029,
        "52w_high": 370.76129150390625,
        "52w_low": 0
    },
    "RJF": {
        "close": 167.8300018310547,
        "sma200": 156.88660861968995,
        "sma50": 162.1854739379883,
        "rsi_weekly": 61.2541858021283,
        "rsi_monthly": 68.49609480270414,
        "52w_high": 175.32736206054688,
        "52w_low": 0
    },
    "RTX": {
        "close": 196.36000061035156,
        "sma200": 155.92453983306885,
        "sma50": 180.36789428710938,
        "rsi_weekly": 78.62315124942081,
        "rsi_monthly": 82.73184240478221,
        "52w_high": 201.9199981689453,
        "52w_low": 0
    },
    "O": {
        "close": 61.619998931884766,
        "sma200": 56.447709770202636,
        "sma50": 57.237241439819336,
        "rsi_weekly": 65.31943865475381,
        "rsi_monthly": 45.68036894870177,
        "52w_high": 61.619998931884766,
        "52w_low": 0
    },
    "REG": {
        "close": 70.52999877929688,
        "sma200": 69.62936441421509,
        "sma50": 69.05150482177734,
        "rsi_weekly": 55.73316851357879,
        "rsi_monthly": 51.84995326434619,
        "52w_high": 74.66252136230469,
        "52w_low": 0
    },
    "REGN": {
        "close": 733.780029296875,
        "sma200": 610.0343341064453,
        "sma50": 742.838984375,
        "rsi_weekly": 56.94773965328639,
        "rsi_monthly": 54.97005016615493,
        "52w_high": 812.27001953125,
        "52w_low": 0
    },
    "RF": {
        "close": 27.6299991607666,
        "sma200": 24.15352847099304,
        "sma50": 26.550830421447753,
        "rsi_weekly": 63.058526498848316,
        "rsi_monthly": 65.85490253297789,
        "52w_high": 28.84000015258789,
        "52w_low": 0
    },
    "RSG": {
        "close": 210.6199951171875,
        "sma200": 229.5435903930664,
        "sma50": 211.7163101196289,
        "rsi_weekly": 39.095821479066345,
        "rsi_monthly": 61.44734040412368,
        "52w_high": 255.99310302734375,
        "52w_low": 0
    },
    "RMD": {
        "close": 253.19000244140625,
        "sma200": 255.36992645263672,
        "sma50": 249.6981689453125,
        "rsi_weekly": 51.86782544026366,
        "rsi_monthly": 41.173211739767574,
        "52w_high": 293.03302001953125,
        "52w_low": 0
    },
    "RVTY": {
        "close": 111.88999938964844,
        "sma200": 94.19713306427002,
        "sma50": 99.81670455932617,
        "rsi_weekly": 63.517140343506696,
        "rsi_monthly": 49.667274916284946,
        "52w_high": 126.48133087158203,
        "52w_low": 0
    },
    "RHI": {
        "close": 27.219999313354492,
        "sma200": 35.31082149505615,
        "sma50": 27.249586791992186,
        "rsi_weekly": 36.28424234948944,
        "rsi_monthly": 25.484710937205637,
        "52w_high": 67.13591766357422,
        "52w_low": 0
    },
    "ROK": {
        "close": 404.0,