{
    "last_scan_index": 75,
    "AAPL": {
        "close": 255.52999877929688,
        "sma200": 233.7518910217285,
        "sma50": 271.494140625,
        "rsi_weekly": 53.761853358424034,
        "rsi_monthly": 65.05591571246418,
        "52w_high": 286.19000244140625,
        "52w_low": 0
    },
    "NVDA": {
        "close": 186.22999572753906,
        "sma200": 164.04214149475098,
        "sma50": 184.55367309570312,
        "rsi_weekly": 55.83253745521486,
        "rsi_monthly": 76.36247487264315,
        "52w_high": 207.02847290039062,
        "52w_low": 0
    },
    "TSLA": {
        "close": 437.5,
        "sma200": 369.1239003753662,
        "sma50": 443.0688018798828,
        "rsi_weekly": 57.433070397524055,
        "rsi_monthly": 70.21254147643917,
        "52w_high": 489.8800048828125,
        "52w_low": 0
    },
    "MSFT": {
        "close": 459.8599853515625,
        "sma200": 481.0549951171875,
        "sma50": 484.6280310058594,
        "rsi_weekly": 46.92493322197647,
        "rsi_monthly": 64.94487901355063,
        "52w_high": 541.057373046875,
        "52w_low": 0
    },
    "AMD": {
        "close": 231.8300018310547,
        "sma200": 168.69094982147217,
        "sma50": 220.51739990234375,
        "rsi_weekly": 52.90812131363197,
        "rsi_monthly": 69.38721493424931,
        "52w_high": 264.3299865722656,
        "52w_low": 0
    },
    "ADP": {
        "close": 260.44000244140625,
        "sma200": 286.5827547454834,
        "sma50": 257.0064208984375,
        "rsi_weekly": 44.64445778852216,
        "rsi_monthly": 48.939796233505504,
        "52w_high": 321.4271240234375,
        "52w_low": 0
    },
    "AZO": {
        "close": 3522.02001953125,
        "sma200": 3803.049344482422,
        "sma50": 3605.7916064453125,
        "rsi_weekly": 38.794882181113415,
        "rsi_monthly": 59.03724331970976,
        "52w_high": 4354.5400390625,
        "52w_low": 0
    },
    "AVB": {
        "close": 182.4199981689453,
        "sma200": 189.30063499450682,
        "sma50": 178.33547119140624,
        "rsi_weekly": 43.43435027153087,
        "rsi_monthly": 42.1283663285926,
        "52w_high": 220.14422607421875,
        "52w_low": 0
    },
    "AVY": {
        "close": 188.64999389648438,
        "sma200": 172.62851303100587,
        "sma50": 177.92593933105468,
        "rsi_weekly": 63.25881935375207,
        "rsi_monthly": 66.34417223407694,
        "52w_high": 191.8097381591797,
        "52w_low": 0
    },
    "AXON": {
        "close": 636.0399780273438,
        "sma200": 683.7268992614746,
        "sma50": 573.9380017089844,
        "rsi_weekly": 49.00436041366448,
        "rsi_monthly": 60.67064340685401,
        "52w_high": 870.969970703125,
        "52w_low": 0
    },
    "BKR": {
        "close": 51.75,
        "sma200": 43.23327369689942,
        "sma50": 48.018600158691406,
        "rsi_weekly": 60.63793109784781,
        "rsi_monthly": 63.89123823497127,
        "52w_high": 52.0,
        "52w_low": 0
    },
    "BALL": {
        "close": 56.08000183105469,
        "sma200": 51.68043912887573,
        "sma50": 50.724002075195315,
        "rsi_weekly": 61.672625398944554,
        "rsi_monthly": 67.95234946746825,
        "52w_high": 59.233028411865234,
        "52w_low": 0
    },
    "BAC": {
        "close": 52.970001220703125,
        "sma200": 47.995475025177,
        "sma50": 53.96193145751953,
        "rsi_weekly": 67.01206585873909,
        "rsi_monthly": 79.28786162768579,
        "52w_high": 57.25,
        "52w_low": 0
    },
    "BK": {
        "close": 121.33000183105469,
        "sma200": 100.06815631866455,
        "sma50": 114.7211996459961,
        "rsi_weekly": 72.21132739304402,
        "rsi_monthly": 86.43816825333212,
        "52w_high": 124.58999633789062,
        "52w_low": 0
    },
    "BBWI": {
        "close": 23.270000457763672,
        "sma200": 26.264038400650023,
        "sma50": 20.285609855651856,
        "rsi_weekly": 48.65558523872547,
        "rsi_monthly": 45.01091611813703,
        "52w_high": 39.98191833496094,
        "52w_low": 0
    },
    "BAX": {
        "close": 20.110000610351562,
        "sma200": 24.711917600631715,
        "sma50": 18.962323417663573,
        "rsi_weekly": 45.39217448899353,
        "rsi_monthly": 42.310052033019446,
        "52w_high": 36.09501647949219,
        "52w_low": 0
    },
    "BDX": {
        "close": 207.11000061035156,
        "sma200": 185.5740647125244,
        "sma50": 194.39194763183593,
        "rsi_weekly": 59.59179107599605,
        "rsi_monthly": 40.808602322670545,
        "52w_high": 243.80543518066406,
        "52w_low": 0
    },
    "BBY": {
        "close": 67.76000213623047,
        "sma200": 70.26627376556397,
        "sma50": 72.6350065612793,
        "rsi_weekly": 46.535958803397925,
        "rsi_monthly": 57.730422066788094,
        "52w_high": 86.45199584960938,
        "52w_low": 0
    },
    "BIO": {
        "close": 313.5299987792969,
        "sma200": 276.6111994171143,
        "sma50": 312.99919921875,
        "rsi_weekly": 58.6040900729729,
        "rsi_monthly": 52.914979021456986,
        "52w_high": 367.0,
        "52w_low": 0
    },
    "TECH": {
        "close": 68.66999816894531,
        "sma200": 55.38425359725952,
        "sma50": 61.3270361328125,
        "rsi_weekly": 59.03788059432845,
        "rsi_monthly": 52.777894652838874,
        "52w_high": 78.30477142333984,
        "52w_low": 0
    },
    "BIIB": {
        "close": 164.4199981689453,
        "sma200": 143.31010040283203,
        "sma50": 173.6686004638672,
        "rsi_weekly": 69.8578919844878,
        "rsi_monthly": 30.505703427542805,
        "52w_high": 187.6199951171875,
        "52w_low": 0
    },
    "BLK": {
        "close": 1163.1700439453125,
        "sma200": 1048.8024258422852,
        "sma50": 1070.2719921875,
        "rsi_weekly": 52.31745637566752,
        "rsi_monthly": 67.76742186894084,
        "52w_high": 1196.7647705078125,
        "52w_low": 0
    },
    "BX": {
        "close": 163.5,
        "sma200": 152.60794990539551,
        "sma50": 150.5745999145508,
        "rsi_weekly": 52.56792445689544,
        "rsi_monthly": 58.11287553078334,
        "52w_high": 187.02017211914062,
        "52w_low": 0
    },
    "BA": {
        "close": 247.67999267578125,
        "sma200": 208.66470031738282,
        "sma50": 207.91700073242188,
        "rsi_weekly": 62.485385716632614,
        "rsi_monthly": 50.75980119696621,
        "52w_high": 247.74000549316406,
        "52w_low": 0
    },
    "BKNG": {
        "close": 5115.91015625,
        "sma200": 5273.581335449218,
        "sma50": 5163.67185546875,
        "rsi_weekly": 57.16983659185969,
        "rsi_monthly": 59.50383802483936,
        "52w_high": 5794.83740234375,
        "52w_low": 0
    },
    "BWA": {
        "close": 47.189998626708984,
        "sma200": 38.57932746887207,
        "sma50": 44.926896514892576,
        "rsi_weekly": 71.88561707092198,
        "rsi_monthly": 55.54677687900227,
        "52w_high": 48.599998474121094,
        "52w_low": 0
    },
    "BSX": {
        "close": 88.06999969482422,
        "sma200": 100.59405014038086,
        "sma50": 97.02699996948242,
        "rsi_weekly": 48.14556723363362,
        "rsi_monthly": 64.00956665114143,
        "52w_high": 108.13999938964844,
        "52w_low": 0
    },
    "BMY": {
        "close": 55.2599983215332,
        "sma200": 47.17220537185669,
        "sma50": 51.08092025756836,
        "rsi_weekly": 71.24680800473885,
        "rsi_monthly": 63.23713985939112,
        "52w_high": 60.075191497802734,
        "52w_low": 0
    },
    "AVGO": {
        "close": 351.7099914550781,
        "sma200": 297.16010047912596,
        "sma50": 357.940546875,
        "rsi_weekly": 54.56206673403874,
        "rsi_monthly": 72.81598507103091,
        "52w_high": 412.18133544921875,
        "52w_low": 0
    }
}