{
    "last_scan_index": 25,
    "AAPL": {
        "close": 259.3699951171875,
        "sma200": 232.80100143432617,
        "sma50": 272.57918151855466,
        "rsi_weekly": 63.04886237166123,
        "rsi_monthly": 65.05599034954737,
        "52w_high": 286.19000244140625,
        "52w_low": 0
    },
    "NVDA": {
        "close": 184.86000061035156,
        "sma200": 162.17273921966552,
        "sma50": 186.36893981933594,
        "rsi_weekly": 58.648705881241966,
        "rsi_monthly": 76.36247376865157,
        "52w_high": 207.02847290039062,
        "52w_low": 0
    },
    "TSLA": {
        "close": 445.010009765625,
        "sma200": 364.7485501861572,
        "sma50": 444.2562017822266,
        "rsi_weekly": 56.31157929953819,
        "rsi_monthly": 70.21254147643917,
        "52w_high": 489.8800048828125,
        "52w_low": 0
    },
    "MSFT": {
        "close": 479.2799987792969,
        "sma200": 478.96978759765625,
        "sma50": 490.38487426757814,
        "rsi_weekly": 44.49072463171636,
        "rsi_monthly": 64.94485582652443,
        "52w_high": 541.057373046875,
        "52w_low": 0
    },
    "AMD": {
        "close": 203.1699981689453,
        "sma200": 165.75879978179933,
        "sma50": 223.97699920654296,
        "rsi_weekly": 60.71614808686848,
        "rsi_monthly": 69.38721493424931,
        "52w_high": 264.3299865722656,
        "52w_low": 0
    },
    "MMM": {
        "close": 165.24000549316406,
        "sma200": 152.84529148101808,
        "sma50": 165.48579376220704,
        "rsi_weekly": 53.61862138990884,
        "rsi_monthly": 66.94034715150772,
        "52w_high": 173.08999633789062,
        "52w_low": 0
    },
    "AOS": {
        "close": 70.5199966430664,
        "sma200": 67.67773628234863,
        "sma50": 66.76052108764648,
        "rsi_weekly": 50.16285558580438,
        "rsi_monthly": 58.820608311460035,
        "52w_high": 73.89897918701172,
        "52w_low": 0
    },
    "ABT": {
        "close": 125.91999816894531,
        "sma200": 129.37730972290038,
        "sma50": 126.0127995300293,
        "rsi_weekly": 42.63851288475139,
        "rsi_monthly": 62.30755389595891,
        "52w_high": 138.33462524414062,
        "52w_low": 0
    },
    "ABBV": {
        "close": 220.0800018310547,
        "sma200": 204.81283111572264,
        "sma50": 226.27999969482423,
        "rsi_weekly": 60.97210718187005,
        "rsi_monthly": 74.25422286868348,
        "52w_high": 242.630859375,
        "52w_low": 0
    },
    "ACN": {
        "close": 280.6700134277344,
        "sma200": 272.88796913146973,
        "sma50": 259.48140045166014,
        "rsi_weekly": 47.23456424758239,
        "rsi_monthly": 46.79368459887142,
        "52w_high": 394.31280517578125,
        "52w_low": 0
    },
    "ADBE": {
        "close": 333.95001220703125,
        "sma200": 360.95359939575195,
        "sma50": 337.09239990234374,
        "rsi_weekly": 42.42371750248893,
        "rsi_monthly": 22.841396768378708,
        "52w_high": 464.1099853515625,
        "52w_low": 0
    },
    "AES": {
        "close": 14.319999694824219,
        "sma200": 12.465124382972718,
        "sma50": 13.984072074890136,
        "rsi_weekly": 63.001757463930836,
        "rsi_monthly": 41.769816819312986,
        "52w_high": 15.17705249786377,
        "52w_low": 0
    },
    "AFL": {
        "close": 109.23999786376953,
        "sma200": 106.1123988723755,
        "sma50": 110.23707397460937,
        "rsi_weekly": 55.18767131835425,
        "rsi_monthly": 53.16258866172339,
        "52w_high": 114.41313171386719,
        "52w_low": 0
    },
    "A": {
        "close": 148.52000427246094,
        "sma200": 125.26109920501709,
        "sma50": 144.38083038330078,
        "rsi_weekly": 52.68337666667846,
        "rsi_monthly": 59.249729638145844,
        "52w_high": 156.91954040527344,
        "52w_low": 0
    },
    "APD": {
        "close": 263.7200012207031,
        "sma200": 268.4913996887207,
        "sma50": 249.65867462158204,
        "rsi_weekly": 43.40301950411054,
        "rsi_monthly": 35.159704932824056,
        "52w_high": 329.2906799316406,
        "52w_low": 0
    },
    "ABNB": {
        "close": 139.27000427246094,
        "sma200": 127.09720012664795,
        "sma50": 126.37939987182617,
        "rsi_weekly": 54.88139493357396,
        "rsi_monthly": 64.48632187152391,
        "52w_high": 161.4199981689453,
        "52w_low": 0
    },
    "AKAM": {
        "close": 88.12000274658203,
        "sma200": 79.29784965515137,
        "sma50": 85.61819961547852,
        "rsi_weekly": 54.313051137321615,
        "rsi_monthly": 28.03165935349632,
        "52w_high": 102.0999984741211,
        "52w_low": 0
    },
    "ALB": {
        "close": 161.2899932861328,
        "sma200": 84.92382131576538,
        "sma50": 126.17668518066407,
        "rsi_weekly": 73.16134930025497,
        "rsi_monthly": 78.91608415623458,
        "52w_high": 161.57000732421875,
        "52w_low": 0
    },
    "ARE": {
        "close": 53.970001220703125,
        "sma200": 68.72402711868286,
        "sma50": 50.22118911743164,
        "rsi_weekly": 32.21648008268986,
        "rsi_monthly": 31.17754825439982,
        "52w_high": 96.58303833007812,
        "52w_low": 0
    },
    "ALGN": {
        "close": 172.7899932861328,
        "sma200": 158.9581999206543,
        "sma50": 150.59239898681642,
        "rsi_weekly": 51.402557171200975,
        "rsi_monthly": 57.06397118369214,
        "52w_high": 234.88999938964844,
        "52w_low": 0
    },
    "ALLE": {
        "close": 162.69000244140625,
        "sma200": 155.87325351715089,
        "sma50": 162.63980102539062,
        "rsi_weekly": 49.6844603081513,
        "rsi_monthly": 65.98128749791559,
        "52w_high": 179.47000122070312,
        "52w_low": 0
    },
    "LNT": {
        "close": 65.0199966430664,
        "sma200": 63.65624366760254,
        "sma50": 66.3819401550293,
        "rsi_weekly": 51.92640289624342,
        "rsi_monthly": 58.6928684624885,
        "52w_high": 69.47000122070312,
        "52w_low": 0
    },
    "ALL": {
        "close": 212.2100067138672,
        "sma200": 200.7441332244873,
        "sma50": 205.7792807006836,
        "rsi_weekly": 51.070187696960794,
        "rsi_monthly": 63.84693507285023,
        "52w_high": 213.64215087890625,
        "52w_low": 0
    },
    "GOOGL": {
        "close": 328.57000732421875,
        "sma200": 221.73743980407716,
        "sma50": 303.89751525878904,
        "rsi_weekly": 76.10821823942418,
        "rsi_monthly": 79.40274709801075,
        "52w_high": 328.57000732421875,
        "52w_low": 0
    },
    "GOOG": {
        "close": 329.1400146484375,
        "sma200": 222.73970558166505,
        "sma50": 304.5894171142578,
        "rsi_weekly": 76.23582044560506,
        "rsi_monthly": 79.2408026578434,
        "52w_high": 329.1400146484375,
        "52w_low": 0
    },
    "MO": {
        "close": 57.529998779296875,
        "sma200": 58.78887521743774,
        "sma50": 57.1708544921875,
        "rsi_weekly": 44.72300598057194,
        "rsi_monthly": 63.9726607024242,
        "52w_high": 65.45215606689453,
        "52w_low": 0
    },
    "AMZN": {
        "close": 247.3800048828125,
        "sma200": 218.09625022888184,
        "sma50": 233.32120025634765,
        "rsi_weekly": 50.99707935660241,
        "rsi_monthly": 71.52946981803966,
        "52w_high": 254.0,
        "52w_low": 0
    },
    "AMCR": {
        "close": 8.649999618530273,
        "sma200": 8.79253633260727,
        "sma50": 8.340599946975708,
        "rsi_weekly": 46.50457884191068,
        "rsi_monthly": 37.63835310338869,
        "52w_high": 10.146522521972656,
        "52w_low": 0
    },
    "AEE": {
        "close": 99.91000366210938,
        "sma200": 98.61726940155029,
        "sma50": 101.0946092224121,
        "rsi_weekly": 52.313743653611056,
        "rsi_monthly": 68.76181045108297,
        "52w_high": 105.5897445678711,
        "52w_low": 0
    }
}