{
    "last_scan_index": 275,
    "AAPL": {
        "close": 261.04998779296875,
        "sma200": 233.18819023132323,
        "sma50": 272.193662109375,
        "rsi_weekly": 53.76185323946793,
        "rsi_monthly": 65.0559329014945,
        "52w_high": 286.19000244140625,
        "52w_low": 0
    },
    "NVDA": {
        "close": 185.80999755859375,
        "sma200": 162.90074367523192,
        "sma50": 185.58579620361328,
        "rsi_weekly": 55.832537439814,
        "rsi_monthly": 76.36247021644276,
        "52w_high": 207.02847290039062,
        "52w_low": 0
    },
    "TSLA": {
        "close": 447.20001220703125,
        "sma200": 366.50340019226076,
        "sma50": 444.14720153808594,
        "rsi_weekly": 57.433070397524055,
        "rsi_monthly": 70.21254147643917,
        "52w_high": 489.8800048828125,
        "52w_low": 0
    },
    "MSFT": {
        "close": 470.6700134277344,
        "sma200": 479.82709930419924,
        "sma50": 488.0355511474609,
        "rsi_weekly": 46.92493249637415,
        "rsi_monthly": 64.94486289941324,
        "52w_high": 541.057373046875,
        "52w_low": 0
    },
    "AMD": {
        "close": 220.97000122070312,
        "sma200": 166.81789978027345,
        "sma50": 222.16679962158204,
        "rsi_weekly": 52.90812131363197,
        "rsi_monthly": 69.38721493424931,
        "52w_high": 264.3299865722656,
        "52w_low": 0
    },
    "ICE": {
        "close": 166.69000244140625,
        "sma200": 167.9978525543213,
        "sma50": 157.13150177001953,
        "rsi_weekly": 53.240608004602436,
        "rsi_monthly": 64.72607260607963,
        "52w_high": 187.36590576171875,
        "52w_low": 0
    },
    "IFF": {
        "close": 69.61000061035156,
        "sma200": 68.81685140609741,
        "sma50": 65.93068008422851,
        "rsi_weekly": 52.99612037765729,
        "rsi_monthly": 29.92128203949995,
        "52w_high": 85.71450805664062,
        "52w_low": 0
    },
    "INTU": {
        "close": 605.280029296875,
        "sma200": 681.0417898559571,
        "sma50": 654.0634985351562,
        "rsi_weekly": 45.75150388351646,
        "rsi_monthly": 59.65224874087957,
        "52w_high": 804.435546875,
        "52w_low": 0
    },
    "ISRG": {
        "close": 561.8200073242188,
        "sma200": 514.0422499084473,
        "sma50": 564.9420031738281,
        "rsi_weekly": 61.42482845175602,
        "rsi_monthly": 63.82447224376114,
        "52w_high": 610.4500122070312,
        "52w_low": 0
    },
    "IVZ": {
        "close": 28.299999237060547,
        "sma200": 19.95253821849823,
        "sma50": 25.431123657226564,
        "rsi_weekly": 81.9878218293089,
        "rsi_monthly": 75.09772651402201,
        "52w_high": 28.760000228881836,
        "52w_low": 0
    },
    "INVH": {
        "close": 26.229999542236328,
        "sma200": 30.02990761756897,
        "sma50": 27.317630462646484,
        "rsi_weekly": 36.13199622827903,
        "rsi_monthly": 48.216393109963526,
        "52w_high": 34.426910400390625,
        "52w_low": 0
    },
    "IQV": {
        "close": 241.57000732421875,
        "sma200": 185.8147499847412,
        "sma50": 224.68980010986328,
        "rsi_weekly": 69.11979473168655,
        "rsi_monthly": 73.87981808116163,
        "52w_high": 244.2899932861328,
        "52w_low": 0
    },
    "IRM": {
        "close": 92.12999725341797,
        "sma200": 92.8198751449585,
        "sma50": 87.31469299316406,
        "rsi_weekly": 47.469700186634995,
        "rsi_monthly": 59.96878277608932,
        "52w_high": 107.43501281738281,
        "52w_low": 0
    },
    "JBHT": {
        "close": 205.1699981689453,
        "sma200": 152.90732887268067,
        "sma50": 184.9785189819336,
        "rsi_weekly": 76.27185253061977,
        "rsi_monthly": 65.6722316585213,
        "52w_high": 206.85000610351562,
        "52w_low": 0
    },
    "JBL": {
        "close": 238.35000610351562,
        "sma200": 198.60146682739258,
        "sma50": 218.40661041259764,
        "rsi_weekly": 57.31315037151304,
        "rsi_monthly": 77.63876096219774,
        "52w_high": 240.38999938964844,
        "52w_low": 0
    },
    "JKHY": {
        "close": 188.4499969482422,
        "sma200": 169.78258644104005,
        "sma50": 175.86504791259765,
        "rsi_weekly": 63.95829780983933,
        "rsi_monthly": 67.08489176270689,
        "52w_high": 190.27000427246094,
        "52w_low": 0
    },
    "J": {
        "close": 139.5,
        "sma200": 137.38093196868897,
        "sma50": 140.48995178222657,
        "rsi_weekly": 49.59740455957138,
        "rsi_monthly": 64.2039169234599,
        "52w_high": 164.04388427734375,
        "52w_low": 0
    },
    "JNJ": {
        "close": 213.64999389648438,
        "sma200": 173.94494636535646,
        "sma50": 202.2164340209961,
        "rsi_weekly": 66.25157651534482,
        "rsi_monthly": 80.19772319998057,
        "52w_high": 214.1699981689453,
        "52w_low": 0
    },
    "JCI": {
        "close": 112.08999633789062,
        "sma200": 104.74982135772706,
        "sma50": 116.95359970092774,
        "rsi_weekly": 50.23312173438795,
        "rsi_monthly": 88.8388419578027,
        "52w_high": 122.66000366210938,
        "52w_low": 0
    },
    "JPM": {
        "close": 310.8999938964844,
        "sma200": 286.30781494140626,
        "sma50": 313.756181640625,
        "rsi_weekly": 67.00101019929282,
        "rsi_monthly": 84.61119612167977,
        "52w_high": 334.6099853515625,
        "52w_low": 0
    },
    "K": {
        "close": 83.44000244140625,
        "sma200": 80.34924011230468,
        "sma50": 82.65304901123046,
        "rsi_weekly": 68.33612305132654,
        "rsi_monthly": 86.62424283892064,
        "52w_high": 83.44999694824219,
        "52w_low": 0
    },
    "KVUE": {
        "close": 17.010000228881836,
        "sma200": 19.399390749931335,
        "sma50": 16.79896984100342,
        "rsi_weekly": 43.0143433789901,
        "rsi_monthly": 35.656795288347,
        "52w_high": 23.699586868286133,
        "52w_low": 0
    },
    "KDP": {
        "close": 27.719999313354492,
        "sma200": 30.24544331550598,
        "sma50": 27.54326457977295,
        "rsi_weekly": 45.190581060883446,
        "rsi_monthly": 32.29932020085713,
        "52w_high": 34.8560791015625,
        "52w_low": 0
    },
    "KEY": {
        "close": 20.850000381469727,
        "sma200": 17.402006368637085,
        "sma50": 19.326803894042968,
        "rsi_weekly": 70.06416971619299,
        "rsi_monthly": 67.78412075202608,
        "52w_high": 21.56999969482422,
        "52w_low": 0
    },
    "KEYS": {
        "close": 209.3000030517578,
        "sma200": 169.82329986572265,
        "sma50": 196.9102001953125,
        "rsi_weekly": 66.29917277013719,
        "rsi_monthly": 71.44103933425825,
        "52w_high": 214.13999938964844,
        "52w_low": 0
    },
    "KMB": {
        "close": 98.7300033569336,
        "sma200": 121.4152172088623,
        "sma50": 102.21563827514649,
        "rsi_weekly": 28.048464721199906,
        "rsi_monthly": 35.42742588852406,
        "52w_high": 142.86663818359375,
        "52w_low": 0
    },
    "KIM": {
        "close": 20.559999465942383,
        "sma200": 20.634657440185546,
        "sma50": 20.197532234191893,
        "rsi_weekly": 47.82052163776774,
        "rsi_monthly": 44.267913027614284,
        "52w_high": 22.46935272216797,
        "52w_low": 0
    },
    "KMI": {
        "close": 27.3799991607666,
        "sma200": 26.90321397781372,
        "sma50": 26.948139953613282,
        "rsi_weekly": 51.168772588144364,
        "rsi_monthly": 67.7146926602884,
        "52w_high": 29.90215301513672,
        "52w_low": 0
    },
    "KLAC": {
        "close": 1441.8199462890625,
        "sma200": 966.381858215332,
        "sma50": 1227.1293896484376,
        "rsi_weekly": 75.02660494375726,
        "rsi_monthly": 84.62337148883294,
        "52w_high": 1441.8199462890625,
        "52w_low": 0
    }
}