{
    "last_scan_index": 375,
    "AAPL": {
        "close": 260.31500244140625,
        "sma200": 232.9987010192871,
        "sma50": 272.39670532226563,
        "rsi_weekly": 53.78059553255496,
        "rsi_monthly": 65.05589954170377,
        "52w_high": 286.19000244140625,
        "52w_low": 0
    },
    "NVDA": {
        "close": 184.97500610351562,
        "sma200": 162.5289176940918,
        "sma50": 185.92787048339844,
        "rsi_weekly": 55.844159387774205,
        "rsi_monthly": 76.36247252615026,
        "52w_high": 207.02847290039062,
        "52w_low": 0
    },
    "TSLA": {
        "close": 449.2084045410156,
        "sma200": 365.63429222106936,
        "sma50": 444.0101696777344,
        "rsi_weekly": 57.46603547145899,
        "rsi_monthly": 70.21254147643917,
        "52w_high": 489.8800048828125,
        "52w_low": 0
    },
    "MSFT": {
        "close": 479.3399963378906,
        "sma200": 479.4270349121094,
        "sma50": 489.1609075927734,
        "rsi_weekly": 46.937104884261345,
        "rsi_monthly": 64.94486799077697,
        "52w_high": 541.057373046875,
        "52w_low": 0
    },
    "AMD": {
        "close": 208.36000061035156,
        "sma200": 166.24964977264403,
        "sma50": 222.8575994873047,
        "rsi_weekly": 52.957648755098155,
        "rsi_monthly": 69.38721493424931,
        "52w_high": 264.3299865722656,
        "52w_low": 0
    },
    "OMC": {
        "close": 78.18000030517578,
        "sma200": 74.28033229827881,
        "sma50": 75.51344345092774,
        "rsi_weekly": 54.86156358760344,
        "rsi_monthly": 45.46667240777925,
        "52w_high": 85.1419448852539,
        "52w_low": 0
    },
    "ON": {
        "close": 59.29999923706055,
        "sma200": 49.467350025177005,
        "sma50": 52.74360023498535,
        "rsi_weekly": 66.67230460835465,
        "rsi_monthly": 61.550226337426814,
        "52w_high": 62.45000076293945,
        "52w_low": 0
    },
    "OKE": {
        "close": 72.83000183105469,
        "sma200": 75.53585742950439,
        "sma50": 71.38008590698242,
        "rsi_weekly": 47.70888554329958,
        "rsi_monthly": 59.09154668154501,
        "52w_high": 104.35751342773438,
        "52w_low": 0
    },
    "ORCL": {
        "close": 205.5695037841797,
        "sma200": 215.7537965774536,
        "sma50": 210.42052795410157,
        "rsi_weekly": 42.596361142691684,
        "rsi_monthly": 53.69358906795364,
        "52w_high": 326.8970947265625,
        "52w_low": 0
    },
    "OTIS": {
        "close": 89.7300033569336,
        "sma200": 91.6331583404541,
        "sma50": 88.57151824951171,
        "rsi_weekly": 50.95276816134713,
        "rsi_monthly": 59.907590620619594,
        "52w_high": 102.87491607666016,
        "52w_low": 0
    },
    "PCAR": {
        "close": 117.83499908447266,
        "sma200": 96.93144397735595,
        "sma50": 105.58769607543945,
        "rsi_weekly": 72.5799222284955,
        "rsi_monthly": 72.91689368223226,
        "52w_high": 118.80000305175781,
        "52w_low": 0
    },
    "PKG": {
        "close": 216.33999633789062,
        "sma200": 197.9845906829834,
        "sma50": 201.61412017822266,
        "rsi_weekly": 61.94975157312866,
        "rsi_monthly": 66.40379207649319,
        "52w_high": 236.16148376464844,
        "52w_low": 0
    },
    "PANW": {
        "close": 189.41000366210938,
        "sma200": 192.523800201416,
        "sma50": 195.26660034179687,
        "rsi_weekly": 47.44620423934516,
        "rsi_monthly": 41.463758262734274,
        "52w_high": 221.3800048828125,
        "52w_low": 0
    },
    "PH": {
        "close": 919.510009765625,
        "sma200": 732.7151843261719,
        "sma50": 860.0121179199218,
        "rsi_weekly": 76.78461582082214,
        "rsi_monthly": 85.16237574420187,
        "52w_high": 928.760009765625,
        "52w_low": 0
    },
    "PAYX": {
        "close": 113.38999938964844,
        "sma200": 133.0649641418457,
        "sma50": 112.64896255493164,
        "rsi_weekly": 38.238809172361,
        "rsi_monthly": 41.105353833418484,
        "52w_high": 157.05911254882812,
        "52w_low": 0
    },
    "PAYC": {
        "close": 157.964599609375,
        "sma200": 210.3622664642334,
        "sma50": 164.2600698852539,
        "rsi_weekly": 31.31770643763611,
        "rsi_monthly": 34.302150885093425,
        "52w_high": 264.6704406738281,
        "52w_low": 0
    },
    "PYPL": {
        "close": 57.275001525878906,
        "sma200": 67.47186800003051,
        "sma50": 61.81078948974609,
        "rsi_weekly": 33.97990219217206,
        "rsi_monthly": 38.232637776079414,
        "52w_high": 91.5982437133789,
        "52w_low": 0
    },
    "PNR": {
        "close": 103.55999755859375,
        "sma200": 101.94030475616455,
        "sma50": 104.99400009155273,
        "rsi_weekly": 46.951503578911264,
        "rsi_monthly": 68.20961243892293,
        "52w_high": 112.33572387695312,
        "52w_low": 0
    },
    "PEP": {
        "close": 140.30499267578125,
        "sma200": 139.31350906372072,
        "sma50": 144.68938354492187,
        "rsi_weekly": 45.29936059212811,
        "rsi_monthly": 42.5534313609607,
        "52w_high": 152.22113037109375,
        "52w_low": 0
    },
    "PFE": {
        "close": 25.44499969482422,
        "sma200": 23.909353580474853,
        "sma50": 25.17910228729248,
        "rsi_weekly": 55.0706778598404,
        "rsi_monthly": 46.705003491962664,
        "52w_high": 26.896394729614258,
        "52w_low": 0
    },
    "PCG": {
        "close": 15.737000465393066,
        "sma200": 15.56148518562317,
        "sma50": 15.805390338897706,
        "rsi_weekly": 51.35296768424959,
        "rsi_monthly": 45.169555105377995,
        "52w_high": 17.75307846069336,
        "52w_low": 0
    },
    "PM": {
        "close": 162.60000610351562,
        "sma200": 161.7419460296631,
        "sma50": 154.0132922363281,
        "rsi_weekly": 54.80728534722704,
        "rsi_monthly": 63.33758912934929,
        "52w_high": 180.2153778076172,
        "52w_low": 0
    },
    "PSX": {
        "close": 138.42999267578125,
        "sma200": 123.91167430877685,
        "sma50": 135.94115539550782,
        "rsi_weekly": 59.15942182590228,
        "rsi_monthly": 49.69664688405788,
        "52w_high": 144.22000122070312,
        "52w_low": 0
    },
    "PNW": {
        "close": 89.75,
        "sma200": 89.129049949646,
        "sma50": 88.5395883178711,
        "rsi_weekly": 51.40464470467902,
        "rsi_monthly": 59.384153780325754,
        "52w_high": 92.81592559814453,
        "52w_low": 0
    },
    "PNC": {
        "close": 215.5800018310547,
        "sma200": 185.88690757751465,
        "sma50": 198.7716000366211,
        "rsi_weekly": 67.98575741081436,
        "rsi_monthly": 58.82044606508898,
        "52w_high": 218.63999938964844,
        "52w_low": 0
    },
    "POOL": {
        "close": 257.760009765625,
        "sma200": 288.6055766296387,
        "sma50": 241.87609924316405,
        "rsi_weekly": 41.70613408033233,
        "rsi_monthly": 45.120734697649944,
        "52w_high": 358.4319763183594,
        "52w_low": 0
    },
    "PPG": {
        "close": 108.29000091552734,
        "sma200": 105.49359775543213,
        "sma50": 100.36374771118165,
        "rsi_weekly": 54.76220633723058,
        "rsi_monthly": 39.60418024287889,
        "52w_high": 121.09014129638672,
        "52w_low": 0
    },
    "PPL": {
        "close": 34.72999954223633,
        "sma200": 35.095146675109866,
        "sma50": 35.20858268737793,
        "rsi_weekly": 46.029438147039514,
        "rsi_monthly": 63.58119579494925,
        "52w_high": 37.66332244873047,
        "52w_low": 0
    }
}