{
    "last_scan_index": 450,
    "AAPL": {
        "close": 259.0400085449219,
        "sma200": 232.61908889770507,
        "sma50": 272.7665710449219,
        "rsi_weekly": 63.04886244202693,
        "rsi_monthly": 65.05591618195412,
        "52w_high": 286.19000244140625,
        "52w_low": 0
    },
    "NVDA": {
        "close": 185.0399932861328,
        "sma200": 161.8517797088623,
        "sma50": 186.69211608886718,
        "rsi_weekly": 58.64870589268407,
        "rsi_monthly": 76.36247376865157,
        "52w_high": 207.02847290039062,
        "52w_low": 0
    },
    "TSLA": {
        "close": 435.79998779296875,
        "sma200": 363.9642002105713,
        "sma50": 444.56700134277344,
        "rsi_weekly": 56.31157929953819,
        "rsi_monthly": 70.21254147643917,
        "52w_high": 489.8800048828125,
        "52w_low": 0
    },
    "MSFT": {
        "close": 478.1099853515625,
        "sma200": 478.53865158081055,
        "sma50": 491.6204217529297,
        "rsi_weekly": 44.49072434597793,
        "rsi_monthly": 64.9448688931021,
        "52w_high": 541.057373046875,
        "52w_low": 0
    },
    "AMD": {
        "close": 204.67999267578125,
        "sma200": 165.31699977874757,
        "sma50": 225.07379943847656,
        "rsi_weekly": 60.71614808686848,
        "rsi_monthly": 69.38721493424931,
        "52w_high": 264.3299865722656,
        "52w_low": 0
    },
    "SYY": {
        "close": 74.2699966430664,
        "sma200": 75.03761070251466,
        "sma50": 73.92911254882813,
        "rsi_weekly": 41.34454986550543,
        "rsi_monthly": 47.011325448671215,
        "52w_high": 82.12374877929688,
        "52w_low": 0
    },
    "TMUS": {
        "close": 197.91000366210938,
        "sma200": 230.8799811553955,
        "sma50": 204.60742126464845,
        "rsi_weekly": 36.16099233297535,
        "rsi_monthly": 49.89464790812652,
        "52w_high": 269.53662109375,
        "52w_low": 0
    },
    "TROW": {
        "close": 108.56999969482422,
        "sma200": 98.0048136138916,
        "sma50": 102.43135131835938,
        "rsi_weekly": 57.10530689559464,
        "rsi_monthly": 60.48358970895736,
        "52w_high": 111.02996063232422,
        "52w_low": 0
    },
    "TTWO": {
        "close": 252.3800048828125,
        "sma200": 237.06020011901856,
        "sma50": 246.71019989013672,
        "rsi_weekly": 56.96502839426922,
        "rsi_monthly": 52.059212934817936,
        "52w_high": 262.2900085449219,
        "52w_low": 0
    },
    "TPR": {
        "close": 133.52000427246094,
        "sma200": 98.06588249206543,
        "sma50": 115.46464050292968,
        "rsi_weekly": 68.41509744538112,
        "rsi_monthly": 84.18371763975779,
        "52w_high": 133.52000427246094,
        "52w_low": 0
    },
    "TRGP": {
        "close": 176.75999450683594,
        "sma200": 167.38826965332032,
        "sma50": 174.04808410644532,
        "rsi_weekly": 62.16780258874427,
        "rsi_monthly": 70.6623735231718,
        "52w_high": 212.51329040527344,
        "52w_low": 0
    },
    "TGT": {
        "close": 106.33000183105469,
        "sma200": 94.3232831954956,
        "sma50": 93.54481674194336,
        "rsi_weekly": 58.12631264220504,
        "rsi_monthly": 58.7319383394722,
        "52w_high": 136.47891235351562,
        "52w_low": 0
    },
    "TEL": {
        "close": 228.02999877929688,
        "sma200": 194.1904613494873,
        "sma50": 233.7055987548828,
        "rsi_weekly": 63.45729137463011,
        "rsi_monthly": 74.71040809605694,
        "52w_high": 249.0,
        "52w_low": 0
    },
    "TDY": {
        "close": 548.9099731445312,
        "sma200": 519.2509001159668,
        "sma50": 512.0697998046875,
        "rsi_weekly": 48.46405922548641,
        "rsi_monthly": 58.290777462975825,
        "52w_high": 593.6199951171875,
        "52w_low": 0
    },
    "TFX": {
        "close": 110.01000213623047,
        "sma200": 122.63852085113525,
        "sma50": 118.86716995239257,
        "rsi_weekly": 48.883324473151156,
        "rsi_monthly": 19.834899885586953,
        "52w_high": 181.6382293701172,
        "52w_low": 0
    },
    "TER": {
        "close": 216.30999755859375,
        "sma200": 122.10612380981445,
        "sma50": 187.57918884277345,
        "rsi_weekly": 73.03474566175092,
        "rsi_monthly": 76.62605347522802,
        "52w_high": 228.83999633789062,
        "52w_low": 0
    },
    "TXN": {
        "close": 188.4499969482422,
        "sma200": 179.5323388671875,
        "sma50": 170.49491302490233,
        "rsi_weekly": 50.241685148536334,
        "rsi_monthly": 54.35191686754163,
        "52w_high": 217.718994140625,
        "52w_low": 0
    },
    "TXT": {
        "close": 91.70999908447266,
        "sma200": 79.31321489334107,
        "sma50": 84.35373962402343,
        "rsi_weekly": 59.33135727628873,
        "rsi_monthly": 65.20717340024454,
        "52w_high": 91.70999908447266,
        "52w_low": 0
    },
    "TMO": {
        "close": 606.5,
        "sma200": 486.76182861328124,
        "sma50": 578.3383654785156,
        "rsi_weekly": 67.08793545900524,
        "rsi_monthly": 64.82258826897471,
        "52w_high": 620.719970703125,
        "52w_low": 0
    },
    "TJX": {
        "close": 158.25,
        "sma200": 135.4590902709961,
        "sma50": 150.52538360595702,
        "rsi_weekly": 69.0845528807949,
        "rsi_monthly": 81.40957361898353,
        "52w_high": 158.25,
        "52w_low": 0
    },
    "TSCO": {
        "close": 51.400001525878906,
        "sma200": 54.185473861694334,
        "sma50": 52.905548858642575,
        "rsi_weekly": 39.38308559248971,
        "rsi_monthly": 62.82304949253594,
        "52w_high": 62.37771224975586,
        "52w_low": 0
    },
    "TT": {
        "close": 378.3599853515625,
        "sma200": 408.9342922973633,
        "sma50": 407.9347998046875,
        "rsi_weekly": 45.48462460682307,
        "rsi_monthly": 65.48619761892779,
        "52w_high": 471.4648742675781,
        "52w_low": 0
    },
    "TDG": {
        "close": 1377.4200439453125,
        "sma200": 1330.3626293945313,
        "sma50": 1322.1068017578125,
        "rsi_weekly": 54.769985034196104,
        "rsi_monthly": 69.26932000078428,
        "52w_high": 1516.55029296875,
        "52w_low": 0
    },
    "TRV": {
        "close": 284.17999267578125,
        "sma200": 269.3053406524658,
        "sma50": 284.32867736816405,
        "rsi_weekly": 56.24150608681063,
        "rsi_monthly": 74.0546906895049,
        "52w_high": 293.8399963378906,
        "52w_low": 0
    },
    "TRU": {
        "close": 84.33999633789062,
        "sma200": 85.23516109466553,
        "sma50": 83.33292419433593,
        "rsi_weekly": 46.960197768458904,
        "rsi_monthly": 65.62879306152924,
        "52w_high": 99.71392822265625,
        "52w_low": 0
    },
    "TYL": {
        "close": 453.3999938964844,
        "sma200": 533.2341987609864,
        "sma50": 462.1431994628906,
        "rsi_weekly": 25.92056088045618,
        "rsi_monthly": 44.96701049555504,
        "52w_high": 646.739990234375,
        "52w_low": 0
    },
    "TSN": {
        "close": 57.369998931884766,
        "sma200": 55.21961093902588,
        "sma50": 55.71110786437988,
        "rsi_weekly": 57.944097577171036,
        "rsi_monthly": 54.65597237933481,
        "52w_high": 62.12738037109375,
        "52w_low": 0
    },
    "USB": {
        "close": 55.529998779296875,
        "sma200": 45.47300579071045,
        "sma50": 50.14905937194824,
        "rsi_weekly": 68.40341865195064,
        "rsi_monthly": 70.08460732751762,
        "52w_high": 56.08000183105469,
        "52w_low": 0
    },
    "UDR": {
        "close": 37.31999969482422,
        "sma200": 38.22142644882202,
        "sma50": 35.43780014038086,
        "rsi_weekly": 48.47201079334189,
        "rsi_monthly": 43.748198874997854,
        "52w_high": 44.54217529296875,
        "52w_low": 0
    }
}