{
    "last_scan_index": 500,
    "AAPL": {
        "close": 248.0399932861328,
        "sma200": 234.73456985473632,
        "sma50": 269.7683984375,
        "rsi_weekly": 51.05965918943995,
        "rsi_monthly": 65.05593479302064,
        "52w_high": 286.19000244140625,
        "52w_low": 0
    },
    "NVDA": {
        "close": 187.6699981689453,
        "sma200": 165.6911581802368,
        "sma50": 183.82273071289063,
        "rsi_weekly": 56.61352265949631,
        "rsi_monthly": 76.3624772875238,
        "52w_high": 207.02847290039062,
        "52w_low": 0
    },
    "TSLA": {
        "close": 449.05999755859375,
        "sma200": 372.75565032958986,
        "sma50": 442.3964013671875,
        "rsi_weekly": 55.767272209839355,
        "rsi_monthly": 70.21254147643917,
        "52w_high": 489.8800048828125,
        "52w_low": 0
    },
    "MSFT": {
        "close": 465.95001220703125,
        "sma200": 482.8081182861328,
        "sma50": 480.8758209228516,
        "rsi_weekly": 40.97292797918492,
        "rsi_monthly": 64.94487337459266,
        "52w_high": 541.057373046875,
        "52w_low": 0
    },
    "AMD": {
        "close": 259.67999267578125,
        "sma200": 171.83579975128174,
        "sma50": 220.9890002441406,
        "rsi_weekly": 60.57175331207617,
        "rsi_monthly": 69.38721493424931,
        "52w_high": 264.3299865722656,
        "52w_low": 0
    },
    "WFC": {
        "close": 86.95999908447266,
        "sma200": 80.77616786956787,
        "sma50": 89.93259994506836,
        "rsi_weekly": 54.38228118645969,
        "rsi_monthly": 85.74286916338939,
        "52w_high": 96.38999938964844,
        "52w_low": 0
    },
    "WELL": {
        "close": 183.67999267578125,
        "sma200": 168.13553100585938,
        "sma50": 192.21319946289063,
        "rsi_weekly": 61.17440222855086,
        "rsi_monthly": 76.39005283244222,
        "52w_high": 208.22000122070312,
        "52w_low": 0
    },
    "WST": {
        "close": 236.66000366210938,
        "sma200": 246.08674674987793,
        "sma50": 270.54620056152345,
        "rsi_weekly": 48.1647524999826,
        "rsi_monthly": 37.31549930957342,
        "52w_high": 343.9524841308594,
        "52w_low": 0
    },
    "WDC": {
        "close": 236.38999938964844,
        "sma200": 104.4912371635437,
        "sma50": 180.88752716064454,
        "rsi_weekly": 84.10810728089567,
        "rsi_monthly": 90.96429266241626,
        "52w_high": 243.2899932861328,
        "52w_low": 0
    },
    "WY": {
        "close": 26.670000076293945,
        "sma200": 24.594792556762695,
        "sma50": 23.475530052185057,
        "rsi_weekly": 63.999813444655004,
        "rsi_monthly": 50.91972028573327,
        "52w_high": 30.380916595458984,
        "52w_low": 0
    },
    "WHR": {
        "close": 85.43000030517578,
        "sma200": 81.35410385131836,
        "sma50": 76.6361311340332,
        "rsi_weekly": 57.20547996076239,
        "rsi_monthly": 41.214470784317214,
        "52w_high": 125.2857894897461,
        "52w_low": 0
    },
    "WMB": {
        "close": 64.95999908447266,
        "sma200": 58.77748476028442,
        "sma50": 60.243046875,
        "rsi_weekly": 55.67917018529799,
        "rsi_monthly": 68.94139268989467,
        "52w_high": 64.95999908447266,
        "52w_low": 0
    },
    "WTW": {
        "close": 322.80999755859375,
        "sma200": 319.4647309875488,
        "sma50": 324.6275634765625,
        "rsi_weekly": 53.453362930812496,
        "rsi_monthly": 72.6566934275149,
        "52w_high": 348.96490478515625,
        "52w_low": 0
    },
    "WYNN": {
        "close": 113.55000305175781,
        "sma200": 109.40945938110352,
        "sma50": 122.29490692138671,
        "rsi_weekly": 47.68296531378761,
        "rsi_monthly": 71.07336466266193,
        "52w_high": 133.08999633789062,
        "52w_low": 0
    },
    "XEL": {
        "close": 75.01000213623047,
        "sma200": 72.8207218170166,
        "sma50": 76.15814849853516,
        "rsi_weekly": 52.23536757030583,
        "rsi_monthly": 40.885720363139725,
        "52w_high": 81.4811019897461,
        "52w_low": 0
    },
    "XYL": {
        "close": 141.22999572753906,
        "sma200": 135.17802486419677,
        "sma50": 140.14233795166015,
        "rsi_weekly": 59.86578306046179,
        "rsi_monthly": 70.20167403217928,
        "52w_high": 152.51864624023438,
        "52w_low": 0
    },
    "YUM": {
        "close": 152.97000122070312,
        "sma200": 146.47445991516113,
        "sma50": 151.43319946289063,
        "rsi_weekly": 61.64527960537058,
        "rsi_monthly": 68.39966470534128,
        "52w_high": 161.0500030517578,
        "52w_low": 0
    },
    "ZBRA": {
        "close": 240.5399932861328,
        "sma200": 284.6186998748779,
        "sma50": 251.64920043945312,
        "rsi_weekly": 41.08678091722994,
        "rsi_monthly": 56.08681742013676,
        "52w_high": 421.1099853515625,
        "52w_low": 0
    },
    "ZBH": {
        "close": 86.5999984741211,
        "sma200": 95.58274375915528,
        "sma50": 91.04295379638671,
        "rsi_weekly": 41.15021909241763,
        "rsi_monthly": 35.4303243803236,
        "52w_high": 112.31304931640625,
        "52w_low": 0
    },
    "ZTS": {
        "close": 124.05000305175781,
        "sma200": 143.58531467437743,
        "sma50": 122.70028900146484,
        "rsi_weekly": 38.34023814993399,
        "rsi_monthly": 45.49906396466964,
        "52w_high": 173.15089416503906,
        "52w_low": 0
    }
}