{
    "last_scan_index": 50,
    "AAPL": {
        "close": 260.25,
        "sma200": 232.99837623596193,
        "sma50": 272.3954052734375,
        "rsi_weekly": 53.76185305662528,
        "rsi_monthly": 65.05591467817987,
        "52w_high": 286.19000244140625,
        "52w_low": 0
    },
    "NVDA": {
        "close": 184.94000244140625,
        "sma200": 162.5287424468994,
        "sma50": 185.92717041015624,
        "rsi_weekly": 55.8325375725657,
        "rsi_monthly": 76.3624740885986,
        "52w_high": 207.02847290039062,
        "52w_low": 0
    },
    "TSLA": {
        "close": 448.9599914550781,
        "sma200": 365.63305015563964,
        "sma50": 444.0052014160156,
        "rsi_weekly": 57.433070397524055,
        "rsi_monthly": 70.21254147643917,
        "52w_high": 489.8800048828125,
        "52w_low": 0
    },
    "MSFT": {
        "close": 477.17999267578125,
        "sma200": 479.4162356567383,
        "sma50": 489.1177075195312,
        "rsi_weekly": 46.92493257401099,
        "rsi_monthly": 64.94485355308345,
        "52w_high": 541.057373046875,
        "52w_low": 0
    },
    "AMD": {
        "close": 207.69000244140625,
        "sma200": 166.2462997817993,
        "sma50": 222.8441995239258,
        "rsi_weekly": 52.90812131363197,
        "rsi_monthly": 69.38721493424931,
        "52w_high": 264.3299865722656,
        "52w_low": 0
    },
    "AEP": {
        "close": 116.56999969482422,
        "sma200": 109.50357479095459,
        "sma50": 118.1346824645996,
        "rsi_weekly": 57.325630121832575,
        "rsi_monthly": 75.84523053320137,
        "52w_high": 123.7699966430664,
        "52w_low": 0
    },
    "AXP": {
        "close": 359.5899963378906,
        "sma200": 319.28080429077147,
        "sma50": 367.59476867675784,
        "rsi_weekly": 63.34689671795283,
        "rsi_monthly": 80.5517135286437,
        "52w_high": 384.0368957519531,
        "52w_low": 0
    },
    "AIG": {
        "close": 74.08999633789062,
        "sma200": 80.24293231964111,
        "sma50": 79.49756805419922,
        "rsi_weekly": 42.89115403692547,
        "rsi_monthly": 67.04856170507438,
        "52w_high": 86.58999633789062,
        "52w_low": 0
    },
    "AMT": {
        "close": 171.52999877929688,
        "sma200": 197.52765327453614,
        "sma50": 176.53009643554688,
        "rsi_weekly": 33.67795830774836,
        "rsi_monthly": 45.47569369738592,
        "52w_high": 228.10020446777344,
        "52w_low": 0
    },
    "AWK": {
        "close": 130.3000030517578,
        "sma200": 137.83958709716796,
        "sma50": 129.9410842895508,
        "rsi_weekly": 39.00234390440426,
        "rsi_monthly": 40.577456702920365,
        "52w_high": 149.23483276367188,
        "52w_low": 0
    },
    "AMP": {
        "close": 510.1600036621094,
        "sma200": 491.7520053100586,
        "sma50": 475.0398223876953,
        "rsi_weekly": 56.493897402879405,
        "rsi_monthly": 62.21402905325043,
        "52w_high": 567.8558349609375,
        "52w_low": 0
    },
    "AME": {
        "close": 209.75999450683594,
        "sma200": 183.95327041625976,
        "sma50": 200.73877044677735,
        "rsi_weekly": 70.9996002553472,
        "rsi_monthly": 80.05661630697107,
        "52w_high": 214.16000366210938,
        "52w_low": 0
    },
    "AMGN": {
        "close": 325.5400085449219,
        "sma200": 294.9418180847168,
        "sma50": 327.29591552734377,
        "rsi_weekly": 57.43694972604027,
        "rsi_monthly": 39.793326803601985,
        "52w_high": 345.4599914550781,
        "52w_low": 0
    },
    "APH": {
        "close": 145.11000061035156,
        "sma200": 108.87555173873902,
        "sma50": 137.05530410766602,
        "rsi_weekly": 68.62201105081604,
        "rsi_monthly": 87.05902723762216,
        "52w_high": 145.11000061035156,
        "52w_low": 0
    },
    "ADI": {
        "close": 293.8599853515625,
        "sma200": 233.71201278686524,
        "sma50": 261.26701263427736,
        "rsi_weekly": 71.45689275803639,
        "rsi_monthly": 66.93934526233073,
        "52w_high": 300.92999267578125,
        "52w_low": 0
    },
    "AON": {
        "close": 350.489990234375,
        "sma200": 357.5949076843262,
        "sma50": 348.58840087890627,
        "rsi_weekly": 48.24449926350468,
        "rsi_monthly": 61.81318611604698,
        "52w_high": 407.60504150390625,
        "52w_low": 0
    },
    "APA": {
        "close": 24.920000076293945,
        "sma200": 20.779159560203553,
        "sma50": 24.54659996032715,
        "rsi_weekly": 57.616093258269586,
        "rsi_monthly": 43.949577915892895,
        "52w_high": 27.100000381469727,
        "52w_low": 0
    },
    "APO": {
        "close": 143.91000366210938,
        "sma200": 135.3888955307007,
        "sma50": 138.00023056030273,
        "rsi_weekly": 57.49165848930296,
        "rsi_monthly": 67.32150156417785,
        "52w_high": 169.6723175048828,
        "52w_low": 0
    },
    "AMAT": {
        "close": 307.239990234375,
        "sma200": 195.6270143508911,
        "sma50": 253.62720184326173,
        "rsi_weekly": 78.9255689808993,
        "rsi_monthly": 79.06958259097138,
        "52w_high": 307.239990234375,
        "52w_low": 0
    },
    "APTV": {
        "close": 86.83000183105469,
        "sma200": 72.8641000366211,
        "sma50": 78.86279983520508,
        "rsi_weekly": 63.437768506857026,
        "rsi_monthly": 48.72551059290572,
        "52w_high": 88.66999816894531,
        "52w_low": 0
    },
    "ACGL": {
        "close": 93.23999786376953,
        "sma200": 91.32845008850097,
        "sma50": 92.8800001525879,
        "rsi_weekly": 56.4598093202281,
        "rsi_monthly": 64.04711913398052,
        "52w_high": 97.12000274658203,
        "52w_low": 0
    },
    "ADM": {
        "close": 62.20000076293945,
        "sma200": 55.080394973754885,
        "sma50": 58.83635055541992,
        "rsi_weekly": 59.440693110111226,
        "rsi_monthly": 48.40105838193674,
        "52w_high": 63.673423767089844,
        "52w_low": 0
    },
    "ANET": {
        "close": 123.41999816894531,
        "sma200": 117.76899940490722,
        "sma50": 131.40179946899414,
        "rsi_weekly": 47.112433632503915,
        "rsi_monthly": 65.79748500597414,
        "52w_high": 162.02999877929688,
        "52w_low": 0
    },
    "AJG": {
        "close": 264.8399963378906,
        "sma200": 296.43350448608396,
        "sma50": 252.701181640625,
        "rsi_weekly": 44.48561958452117,
        "rsi_monthly": 52.18139145248075,
        "52w_high": 346.40545654296875,
        "52w_low": 0
    },
    "AIZ": {
        "close": 238.22999572753906,
        "sma200": 207.52506576538087,
        "sma50": 228.80434326171874,
        "rsi_weekly": 67.66589666764655,
        "rsi_monthly": 75.56335374774085,
        "52w_high": 242.1300048828125,
        "52w_low": 0
    },
    "T": {
        "close": 23.739999771118164,
        "sma200": 26.38119782447815,
        "sma50": 24.59086296081543,
        "rsi_weekly": 36.27852619152735,
        "rsi_monthly": 50.60916148393635,
        "52w_high": 28.964923858642578,
        "52w_low": 0
    },
    "ATO": {
        "close": 167.61000061035156,
        "sma200": 161.92979919433594,
        "sma50": 170.89807800292968,
        "rsi_weekly": 50.87321788160699,
        "rsi_monthly": 70.51279694135876,
        "52w_high": 178.1669921875,
        "52w_low": 0
    },
    "ADSK": {
        "close": 277.8900146484375,
        "sma200": 296.21044982910155,
        "sma50": 296.87599975585937,
        "rsi_weekly": 39.093804891484616,
        "rsi_monthly": 58.46462061753758,
        "52w_high": 326.7900085449219,
        "52w_low": 0
    }
}