{
    "last_scan_index": 100,
    "AAPL": {
        "close": 255.52999877929688,
        "sma200": 233.75189094543458,
        "sma50": 271.494140625,
        "rsi_weekly": 53.76185313593553,
        "rsi_monthly": 65.05593449614209,
        "52w_high": 286.19000244140625,
        "52w_low": 0
    },
    "NVDA": {
        "close": 186.22999572753906,
        "sma200": 164.04214149475098,
        "sma50": 184.55367309570312,
        "rsi_weekly": 55.83253747761784,
        "rsi_monthly": 76.3624761144966,
        "52w_high": 207.02847290039062,
        "52w_low": 0
    },
    "TSLA": {
        "close": 437.5,
        "sma200": 369.1239003753662,
        "sma50": 443.0688018798828,
        "rsi_weekly": 57.433070397524055,
        "rsi_monthly": 70.21254147643917,
        "52w_high": 489.8800048828125,
        "52w_low": 0
    },
    "MSFT": {
        "close": 459.8599853515625,
        "sma200": 481.05499618530274,
        "sma50": 484.6280310058594,
        "rsi_weekly": 46.924932680021755,
        "rsi_monthly": 64.94487583093284,
        "52w_high": 541.057373046875,
        "52w_low": 0
    },
    "AMD": {
        "close": 231.8300018310547,
        "sma200": 168.69094982147217,
        "sma50": 220.51739990234375,
        "rsi_weekly": 52.90812131363197,
        "rsi_monthly": 69.38721493424931,
        "52w_high": 264.3299865722656,
        "52w_low": 0
    },
    "BR": {
        "close": 218.63999938964844,
        "sma200": 235.67675186157226,
        "sma50": 224.89614166259764,
        "rsi_weekly": 42.95864997498836,
        "rsi_monthly": 49.66985477193911,
        "52w_high": 264.7299499511719,
        "52w_low": 0
    },
    "BRO": {
        "close": 80.01000213623047,
        "sma200": 96.22086292266846,
        "sma50": 79.78679992675781,
        "rsi_weekly": 36.957616126920946,
        "rsi_monthly": 51.39227004502163,
        "52w_high": 123.80647277832031,
        "52w_low": 0
    },
    "BLDR": {
        "close": 126.79000091552734,
        "sma200": 120.03849983215332,
        "sma50": 108.47320068359375,
        "rsi_weekly": 53.92409389147409,
        "rsi_monthly": 52.584272979150995,
        "52w_high": 173.50999450683594,
        "52w_low": 0
    },
    "BG": {
        "close": 107.80999755859375,
        "sma200": 83.74439037322998,
        "sma50": 94.6309342956543,
        "rsi_weekly": 64.78035179581607,
        "rsi_monthly": 65.71324125798733,
        "52w_high": 108.83000183105469,
        "52w_low": 0
    },
    "CDNS": {
        "close": 317.45001220703125,
        "sma200": 320.812850189209,
        "sma50": 318.39280090332034,
        "rsi_weekly": 51.25968358300457,
        "rsi_monthly": 60.02370140142533,
        "52w_high": 373.3699951171875,
        "52w_low": 0
    },
    "CZR": {
        "close": 24.350000381469727,
        "sma200": 25.500825033187866,
        "sma50": 22.831800117492676,
        "rsi_weekly": 49.78319747039222,
        "rsi_monthly": 31.691570134862843,
        "52w_high": 39.7599983215332,
        "52w_low": 0
    },
    "CPT": {
        "close": 109.5,
        "sma200": 107.62631675720215,
        "sma50": 105.26822143554688,
        "rsi_weekly": 54.4996440447137,
        "rsi_monthly": 56.137161347164096,
        "52w_high": 120.87234497070312,
        "52w_low": 0
    },
    "CPB": {
        "close": 26.079999923706055,
        "sma200": 31.2850207901001,
        "sma50": 28.602833938598632,
        "rsi_weekly": 28.389879921108744,
        "rsi_monthly": 19.080512366276913,
        "52w_high": 40.011085510253906,
        "52w_low": 0
    },
    "COF": {
        "close": 239.13999938964844,
        "sma200": 210.7272933959961,
        "sma50": 230.86999755859375,
        "rsi_weekly": 67.45082443542438,
        "rsi_monthly": 75.86346575553986,
        "52w_high": 257.94000244140625,
        "52w_low": 0
    },
    "CAH": {
        "close": 212.4499969482422,
        "sma200": 165.54760490417482,
        "sma50": 204.45982208251954,
        "rsi_weekly": 67.28236630013946,
        "rsi_monthly": 79.62822812863865,
        "52w_high": 213.55999755859375,
        "52w_low": 0
    },
    "KMX": {
        "close": 48.83000183105469,
        "sma200": 54.802899808883666,
        "sma50": 39.025600090026856,
        "rsi_weekly": 46.53489603220004,
        "rsi_monthly": 45.538095683895804,
        "52w_high": 89.19000244140625,
        "52w_low": 0
    },
    "CCL": {
        "close": 28.920000076293945,
        "sma200": 26.83135009765625,
        "sma50": 28.20920021057129,
        "rsi_weekly": 63.745614591539734,
        "rsi_monthly": 59.18996459797011,
        "52w_high": 32.4900016784668,
        "52w_low": 0
    },
    "CARR": {
        "close": 56.189998626708984,
        "sma200": 62.973617458343504,
        "sma50": 54.05480010986328,
        "rsi_weekly": 43.9684027867187,
        "rsi_monthly": 41.20503358991611,
        "52w_high": 80.42076873779297,
        "52w_low": 0
    },
    "CAT": {
        "close": 646.8900146484375,
        "sma200": 449.1056381225586,
        "sma50": 586.4367980957031,
        "rsi_weekly": 74.81866933352019,
        "rsi_monthly": 81.48119594928424,
        "52w_high": 647.1799926757812,
        "52w_low": 0
    },
    "CBOE": {
        "close": 273.54998779296875,
        "sma200": 238.59928199768066,
        "sma50": 255.82699951171875,
        "rsi_weekly": 60.77530224125043,
        "rsi_monthly": 76.10913369475097,
        "52w_high": 273.54998779296875,
        "52w_low": 0
    },
    "CBRE": {
        "close": 171.58999633789062,
        "sma200": 147.50305030822753,
        "sma50": 159.85220031738282,
        "rsi_weekly": 60.91943027257771,
        "rsi_monthly": 73.58677674784748,
        "52w_high": 171.58999633789062,
        "52w_low": 0
    },
    "CDW": {
        "close": 131.75,
        "sma200": 159.69365531921386,
        "sma50": 140.4733627319336,
        "rsi_weekly": 34.240166426929285,
        "rsi_monthly": 49.75650650423974,
        "52w_high": 203.0680389404297,
        "52w_low": 0
    },
    "CE": {
        "close": 46.939998626708984,
        "sma200": 46.58370180130005,
        "sma50": 41.51340003967285,
        "rsi_weekly": 49.9461543899532,
        "rsi_monthly": 36.96582170821323,
        "52w_high": 73.93795776367188,
        "52w_low": 0
    },
    "COR": {
        "close": 354.8500061035156,
        "sma200": 309.3797611999512,
        "sma50": 350.0566094970703,
        "rsi_weekly": 56.953726865200714,
        "rsi_monthly": 69.12057375725092,
        "52w_high": 374.75,
        "52w_low": 0
    },
    "CNC": {
        "close": 45.75,
        "sma200": 42.0363499546051,
        "sma50": 39.97660003662109,
        "rsi_weekly": 62.14367225703761,
        "rsi_monthly": 43.935138280302226,
        "52w_high": 65.88999938964844,
        "52w_low": 0
    },
    "CNP": {
        "close": 39.709999084472656,
        "sma200": 37.676925086975096,
        "sma50": 38.67446708679199,
        "rsi_weekly": 49.53869578687663,
        "rsi_monthly": 64.44411721496932,
        "52w_high": 39.996612548828125,
        "52w_low": 0
    },
    "CF": {
        "close": 86.75,
        "sma200": 84.64567420959473,
        "sma50": 79.94473159790039,
        "rsi_weekly": 49.626154736400906,
        "rsi_monthly": 58.063338795145576,
        "52w_high": 101.27503967285156,
        "52w_low": 0
    },
    "CHRW": {
        "close": 175.77000427246094,
        "sma200": 121.91206035614013,
        "sma50": 159.7099447631836,
        "rsi_weekly": 76.06362166798007,
        "rsi_monthly": 65.22846103067846,
        "52w_high": 175.77000427246094,
        "52w_low": 0
    },
    "CRL": {
        "close": 219.6999969482422,
        "sma200": 161.36425006866455,
        "sma50": 190.2822003173828,
        "rsi_weekly": 68.84978697774218,
        "rsi_monthly": 69.54139212632656,
        "52w_high": 223.47000122070312,
        "52w_low": 0
    }
}