{
    "last_scan_index": 500,
    "AAPL": {
        "close": 257.1400146484375,
        "sma200": 233.38810325622558,
        "sma50": 271.9342993164062,
        "rsi_weekly": 53.76185318930117,
        "rsi_monthly": 65.05593220113005,
        "52w_high": 286.19000244140625,
        "52w_low": 0
    },
    "NVDA": {
        "close": 181.64999389648438,
        "sma200": 163.26074325561524,
        "sma50": 185.16922149658203,
        "rsi_weekly": 55.83253759647618,
        "rsi_monthly": 76.36247004274234,
        "52w_high": 207.02847290039062,
        "52w_low": 0
    },
    "TSLA": {
        "close": 435.6000061035156,
        "sma200": 367.36365028381346,
        "sma50": 443.7280017089844,
        "rsi_weekly": 57.433070397524055,
        "rsi_monthly": 70.21254147643917,
        "52w_high": 489.8800048828125,
        "52w_low": 0
    },
    "MSFT": {
        "close": 461.1449890136719,
        "sma200": 480.2489228820801,
        "sma50": 486.9215979003906,
        "rsi_weekly": 46.924933081362596,
        "rsi_monthly": 64.94485693805986,
        "52w_high": 541.057373046875,
        "52w_low": 0
    },
    "AMD": {
        "close": 220.39500427246094,
        "sma200": 167.40377479553223,
        "sma50": 221.4522998046875,
        "rsi_weekly": 52.90812131363197,
        "rsi_monthly": 69.38721493424931,
        "52w_high": 264.3299865722656,
        "52w_low": 0
    },
    "WFC": {
        "close": 88.49500274658203,
        "sma200": 80.13447736740112,
        "sma50": 89.76995895385743,
        "rsi_weekly": 69.17656098560883,
        "rsi_monthly": 85.74287286852538,
        "52w_high": 96.38999938964844,
        "52w_low": 0
    },
    "WELL": {
        "close": 187.33999633789062,
        "sma200": 166.95002822875978,
        "sma50": 192.17117218017577,
        "rsi_weekly": 57.45490162164092,
        "rsi_monthly": 76.39006686807521,
        "52w_high": 208.22000122070312,
        "52w_low": 0
    },
    "WST": {
        "close": 272.989990234375,
        "sma200": 244.86444328308104,
        "sma50": 273.33607971191407,
        "rsi_weekly": 55.58313845432601,
        "rsi_monthly": 37.31548794783662,
        "52w_high": 346.7433776855469,
        "52w_low": 0
    },
    "WDC": {
        "close": 214.1300048828125,
        "sma200": 98.63665360450744,
        "sma50": 172.51292419433594,
        "rsi_weekly": 80.97570816876679,
        "rsi_monthly": 90.9642916305611,
        "52w_high": 219.3800048828125,
        "52w_low": 0
    },
    "WY": {
        "close": 26.0,
        "sma200": 24.599096307754518,
        "sma50": 22.933837547302247,
        "rsi_weekly": 58.71967469678253,
        "rsi_monthly": 50.91971005006727,
        "52w_high": 30.380916595458984,
        "52w_low": 0
    },
    "WHR": {
        "close": 84.48500061035156,
        "sma200": 81.26768363952637,
        "sma50": 74.37771987915039,
        "rsi_weekly": 54.17875477632852,
        "rsi_monthly": 41.21448734509995,
        "52w_high": 125.28580474853516,
        "52w_low": 0
    },
    "WMB": {
        "close": 61.20000076293945,
        "sma200": 58.61242496490478,
        "sma50": 59.71499732971191,
        "rsi_weekly": 52.895299754960455,
        "rsi_monthly": 68.94141082826079,
        "52w_high": 63.950782775878906,
        "52w_low": 0
    },
    "WTW": {
        "close": 327.48260498046875,
        "sma200": 319.43172149658204,
        "sma50": 324.2217730712891,
        "rsi_weekly": 54.029348845131054,
        "rsi_monthly": 72.65668457749729,
        "52w_high": 348.96490478515625,
        "52w_low": 0
    },
    "WYNN": {
        "close": 114.9000015258789,
        "sma200": 108.24849346160889,
        "sma50": 123.50625381469726,
        "rsi_weekly": 50.67229352053489,
        "rsi_monthly": 71.0733617167227,
        "52w_high": 133.08999633789062,
        "52w_low": 0
    },
    "XEL": {
        "close": 75.5199966430664,
        "sma200": 72.5927381515503,
        "sma50": 76.69671737670899,
        "rsi_weekly": 48.85426680843623,
        "rsi_monthly": 40.88571230013973,
        "52w_high": 81.4811019897461,
        "52w_low": 0
    },
    "XYL": {
        "close": 139.25,
        "sma200": 134.25424713134765,
        "sma50": 141.0046514892578,
        "rsi_weekly": 51.57931258704043,
        "rsi_monthly": 70.20166156251834,
        "52w_high": 152.51864624023438,
        "52w_low": 0
    },
    "YUM": {
        "close": 156.1999969482422,
        "sma200": 146.36964500427246,
        "sma50": 150.2891339111328,
        "rsi_weekly": 57.839493978770385,
        "rsi_monthly": 68.39965086181795,
        "52w_high": 160.19667053222656,
        "52w_low": 0
    },
    "ZBRA": {
        "close": 262.5950012207031,
        "sma200": 284.91692489624023,
        "sma50": 253.5806997680664,
        "rsi_weekly": 43.47212305022625,
        "rsi_monthly": 56.08681742013676,
        "52w_high": 421.1099853515625,
        "52w_low": 0
    },
    "ZBH": {
        "close": 87.21499633789062,
        "sma200": 96.24393085479737,
        "sma50": 91.62895553588868,
        "rsi_weekly": 46.789089401323125,
        "rsi_monthly": 35.43031414070035,
        "52w_high": 112.31305694580078,
        "52w_low": 0
    },
    "ZTS": {
        "close": 125.55999755859375,
        "sma200": 145.15727645874023,
        "sma50": 123.22000061035156,
        "rsi_weekly": 40.33567431303478,
        "rsi_monthly": 45.499060625351404,
        "52w_high": 173.89024353027344,
        "52w_low": 0
    }
}