{
    "last_scan_index": 300,
    "AAPL": {
        "close": 260.3299865722656,
        "sma200": 232.42377777099608,
        "sma50": 272.95676391601563,
        "rsi_weekly": 63.04886197151297,
        "rsi_monthly": 65.05589671685564,
        "52w_high": 286.19000244140625,
        "52w_low": 0
    },
    "NVDA": {
        "close": 189.11000061035156,
        "sma200": 161.53351959228516,
        "sma50": 186.8209030151367,
        "rsi_weekly": 58.648705936731574,
        "rsi_monthly": 76.3624729590267,
        "52w_high": 207.02847290039062,
        "52w_low": 0
    },
    "TSLA": {
        "close": 431.4100036621094,
        "sma200": 363.17715034484866,
        "sma50": 444.89940185546874,
        "rsi_weekly": 56.31157929953819,
        "rsi_monthly": 70.21254147643917,
        "52w_high": 489.8800048828125,
        "52w_low": 0
    },
    "MSFT": {
        "close": 483.4700012207031,
        "sma200": 478.10302276611327,
        "sma50": 492.66876403808595,
        "rsi_weekly": 44.490724297518994,
        "rsi_monthly": 64.94484352248973,
        "52w_high": 541.057373046875,
        "52w_low": 0
    },
    "AMD": {
        "close": 210.02000427246094,
        "sma200": 164.86284980773925,
        "sma50": 226.1735998535156,
        "rsi_weekly": 60.71614808686848,
        "rsi_monthly": 69.38721493424931,
        "52w_high": 264.3299865722656,
        "52w_low": 0
    },
    "KHC": {
        "close": 23.010000228881836,
        "sma200": 25.94646553993225,
        "sma50": 24.391687545776367,
        "rsi_weekly": 41.70417262569563,
        "rsi_monthly": 26.123260577026098,
        "52w_high": 30.794837951660156,
        "52w_low": 0
    },
    "KR": {
        "close": 59.279998779296875,
        "sma200": 67.29089677810668,
        "sma50": 64.15100463867188,
        "rsi_weekly": 42.73024320974146,
        "rsi_monthly": 64.2284283470573,
        "52w_high": 73.58164978027344,
        "52w_low": 0
    },
    "LHX": {
        "close": 309.760009765625,
        "sma200": 261.96043136596677,
        "sma50": 288.32722229003906,
        "rsi_weekly": 69.80324989089709,
        "rsi_monthly": 72.3270015525159,
        "52w_high": 314.4700012207031,
        "52w_low": 0
    },
    "LH": {
        "close": 253.72999572753906,
        "sma200": 257.1973983001709,
        "sma50": 258.95612670898436,
        "rsi_weekly": 44.03566273220405,
        "rsi_monthly": 48.85781423280447,
        "52w_high": 290.1536865234375,
        "52w_low": 0
    },
    "LRCX": {
        "close": 203.0800018310547,
        "sma200": 114.12501670837402,
        "sma50": 163.25925994873046,
        "rsi_weekly": 77.97085175382946,
        "rsi_monthly": 86.0979826309478,
        "52w_high": 206.9600067138672,
        "52w_low": 0
    },
    "LW": {
        "close": 40.290000915527344,
        "sma200": 54.896402797698975,
        "sma50": 55.51875869750977,
        "rsi_weekly": 31.743018963578542,
        "rsi_monthly": 29.53032261333003,
        "52w_high": 66.17394256591797,
        "52w_low": 0
    },
    "LVS": {
        "close": 61.43000030517578,
        "sma200": 50.68949159622193,
        "sma50": 64.9791275024414,
        "rsi_weekly": 64.72481615847057,
        "rsi_monthly": 73.17664438822788,
        "52w_high": 69.48999786376953,
        "52w_low": 0
    },
    "LDOS": {
        "close": 196.61000061035156,
        "sma200": 169.41134941101075,
        "sma50": 188.9175619506836,
        "rsi_weekly": 53.507263128925096,
        "rsi_monthly": 76.45758239655041,
        "52w_high": 199.09774780273438,
        "52w_low": 0
    },
    "LEN": {
        "close": 103.93000030517578,
        "sma200": 116.98521430969238,
        "sma50": 118.18000030517578,
        "rsi_weekly": 36.898236958424555,
        "rsi_monthly": 46.588480881308506,
        "52w_high": 141.796142578125,
        "52w_low": 0
    },
    "LLY": {
        "close": 1108.0899658203125,
        "sma200": 829.4459375,
        "sma50": 1012.2891284179688,
        "rsi_weekly": 68.26325004423089,
        "rsi_monthly": 75.41243922244033,
        "52w_high": 1109.93994140625,
        "52w_low": 0
    },
    "LIN": {
        "close": 434.1400146484375,
        "sma200": 449.91455337524417,
        "sma50": 417.554501953125,
        "rsi_weekly": 45.29020282436893,
        "rsi_monthly": 66.37431737988581,
        "52w_high": 481.8155212402344,
        "52w_low": 0
    },
    "LYV": {
        "close": 143.9600067138672,
        "sma200": 145.96404994964598,
        "sma50": 139.88180114746095,
        "rsi_weekly": 49.61745407277463,
        "rsi_monthly": 63.96659478076111,
        "52w_high": 174.05999755859375,
        "52w_low": 0
    },
    "LKQ": {
        "close": 31.209999084472656,
        "sma200": 33.857482023239136,
        "sma50": 30.10069221496582,
        "rsi_weekly": 43.79554286169559,
        "rsi_monthly": 57.291978674112954,
        "52w_high": 42.58024597167969,
        "52w_low": 0
    },
    "LMT": {
        "close": 496.8699951171875,
        "sma200": 461.21388671875,
        "sma50": 471.2618060302734,
        "rsi_weekly": 60.09536391137617,
        "rsi_monthly": 55.56438069163273,
        "52w_high": 522.0399780273438,
        "52w_low": 0
    },
    "L": {
        "close": 105.44999694824219,
        "sma200": 95.22216682434082,
        "sma50": 104.26360809326172,
        "rsi_weekly": 61.25898687913435,
        "rsi_monthly": 77.67721468687674,
        "52w_high": 108.26000213623047,
        "52w_low": 0
    },
    "LOW": {
        "close": 247.1199951171875,
        "sma200": 235.05210975646972,
        "sma50": 240.04300079345703,
        "rsi_weekly": 53.51300443678547,
        "rsi_monthly": 70.04803444341599,
        "52w_high": 271.6842041015625,
        "52w_low": 0
    },
    "LULU": {
        "close": 211.72000122070312,
        "sma200": 221.37664916992188,
        "sma50": 186.45479858398437,
        "rsi_weekly": 52.9468654922589,
        "rsi_monthly": 42.09858213970717,
        "52w_high": 421.1600036621094,
        "52w_low": 0
    },
    "LYB": {
        "close": 44.90999984741211,
        "sma200": 51.25488199234009,
        "sma50": 44.017269134521484,
        "rsi_weekly": 42.004283338693334,
        "rsi_monthly": 40.85134623597212,
        "52w_high": 71.61602020263672,
        "52w_low": 0
    },
    "MTB": {
        "close": 209.5500030517578,
        "sma200": 185.8705680847168,
        "sma50": 193.56428161621093,
        "rsi_weekly": 62.23156416178927,
        "rsi_monthly": 63.989275422137446,
        "52w_high": 211.3300018310547,
        "52w_low": 0
    },
    "MPC": {
        "close": 172.50999450683594,
        "sma200": 169.0903903579712,
        "sma50": 184.87930358886717,
        "rsi_weekly": 41.97613521392987,
        "rsi_monthly": 53.029131776657465,
        "52w_high": 199.1273956298828,
        "52w_low": 0
    },
    "MKTX": {
        "close": 173.7100067138672,
        "sma200": 194.0420078277588,
        "sma50": 170.7777084350586,
        "rsi_weekly": 46.99756950053845,
        "rsi_monthly": 36.2437654623589,
        "52w_high": 228.3568115234375,
        "52w_low": 0
    },
    "MAR": {
        "close": 319.260009765625,
        "sma200": 267.7060846710205,
        "sma50": 294.9773175048828,
        "rsi_weekly": 64.55676387290417,
        "rsi_monthly": 71.95657308101205,
        "52w_high": 321.8599853515625,
        "52w_low": 0
    },
    "MMC": {
        "close": 182.89999389648438,
        "sma200": 205.42564712524415,
        "sma50": 182.8205993652344,
        "rsi_weekly": 38.267335904534846,
        "rsi_monthly": 50.49593155814441,
        "52w_high": 242.1346435546875,
        "52w_low": 0
    },
    "MLM": {
        "close": 625.0399780273438,
        "sma200": 579.5685643005371,
        "sma50": 619.4546020507812,
        "rsi_weekly": 62.30564414365783,
        "rsi_monthly": 75.61377289629931,
        "52w_high": 655.9752197265625,
        "52w_low": 0
    }
}