{
    "last_scan_index": 450,
    "AAPL": {
        "close": 259.0400085449219,
        "sma200": 232.61908882141114,
        "sma50": 272.7665710449219,
        "rsi_weekly": 63.04886240193865,
        "rsi_monthly": 65.05593482560829,
        "52w_high": 286.19000244140625,
        "52w_low": 0
    },
    "NVDA": {
        "close": 185.0399932861328,
        "sma200": 161.85177989959718,
        "sma50": 186.69211608886718,
        "rsi_weekly": 58.64870583613561,
        "rsi_monthly": 76.36247585997035,
        "52w_high": 207.02847290039062,
        "52w_low": 0
    },
    "TSLA": {
        "close": 435.79998779296875,
        "sma200": 363.9642002105713,
        "sma50": 444.56700134277344,
        "rsi_weekly": 56.31157929953819,
        "rsi_monthly": 70.21254147643917,
        "52w_high": 489.8800048828125,
        "52w_low": 0
    },
    "MSFT": {
        "close": 478.1099853515625,
        "sma200": 478.53865295410156,
        "sma50": 491.6204217529297,
        "rsi_weekly": 44.49072434713562,
        "rsi_monthly": 64.94486489052596,
        "52w_high": 541.057373046875,
        "52w_low": 0
    },
    "AMD": {
        "close": 204.67999267578125,
        "sma200": 165.31699977874757,
        "sma50": 225.07379943847656,
        "rsi_weekly": 60.71614808686848,
        "rsi_monthly": 69.38721493424931,
        "52w_high": 264.3299865722656,
        "52w_low": 0
    },
    "SYY": {
        "close": 74.2699966430664,
        "sma200": 75.03761051177979,
        "sma50": 73.92911254882813,
        "rsi_weekly": 41.344548221041144,
        "rsi_monthly": 47.011330791827554,
        "52w_high": 82.1237564086914,
        "52w_low": 0
    },
    "TMUS": {
        "close": 197.91000366210938,
        "sma200": 230.87998016357423,
        "sma50": 204.60742126464845,
        "rsi_weekly": 36.1609896755692,
        "rsi_monthly": 49.89463225530218,
        "52w_high": 269.53662109375,
        "52w_low": 0
    },
    "TROW": {
        "close": 108.56999969482422,
        "sma200": 98.00481365203858,
        "sma50": 102.43135131835938,
        "rsi_weekly": 57.10530667134307,
        "rsi_monthly": 60.48356489021152,
        "52w_high": 111.02996063232422,
        "52w_low": 0
    },
    "TTWO": {
        "close": 252.3800048828125,
        "sma200": 237.06020011901856,
        "sma50": 246.71019989013672,
        "rsi_weekly": 56.96502839426922,
        "rsi_monthly": 52.059212934817936,
        "52w_high": 262.2900085449219,
        "52w_low": 0
    },
    "TPR": {
        "close": 133.52000427246094,
        "sma200": 98.0658826828003,
        "sma50": 115.46464050292968,
        "rsi_weekly": 68.41509743684756,
        "rsi_monthly": 84.18371577021504,
        "52w_high": 133.52000427246094,
        "52w_low": 0
    },
    "TRGP": {
        "close": 176.75999450683594,
        "sma200": 167.38826942443848,
        "sma50": 174.04808410644532,
        "rsi_weekly": 62.16780452014084,
        "rsi_monthly": 70.66238029389416,
        "52w_high": 212.5133056640625,
        "52w_low": 0
    },
    "TGT": {
        "close": 106.33000183105469,
        "sma200": 94.32328323364258,
        "sma50": 93.54481674194336,
        "rsi_weekly": 58.12631267203744,
        "rsi_monthly": 58.73197229272905,
        "52w_high": 136.47891235351562,
        "52w_low": 0
    },
    "TEL": {
        "close": 228.02999877929688,
        "sma200": 194.1904613494873,
        "sma50": 233.7055987548828,
        "rsi_weekly": 63.457291572668275,
        "rsi_monthly": 74.71039816324709,
        "52w_high": 249.0,
        "52w_low": 0
    },
    "TDY": {
        "close": 548.9099731445312,
        "sma200": 519.2509001159668,
        "sma50": 512.0697998046875,
        "rsi_weekly": 48.46405922548641,
        "rsi_monthly": 58.290777462975825,
        "52w_high": 593.6199951171875,
        "52w_low": 0
    },
    "TFX": {
        "close": 110.01000213623047,
        "sma200": 122.63852100372314,
        "sma50": 118.86716995239257,
        "rsi_weekly": 48.88332470218268,
        "rsi_monthly": 19.834909479386496,
        "52w_high": 181.63824462890625,
        "52w_low": 0
    },
    "TER": {
        "close": 216.30999755859375,
        "sma200": 122.10612380981445,
        "sma50": 187.57918884277345,
        "rsi_weekly": 73.03474520904317,
        "rsi_monthly": 76.62605132442657,
        "52w_high": 228.83999633789062,
        "52w_low": 0
    },
    "TXN": {
        "close": 188.4499969482422,
        "sma200": 179.53233963012696,
        "sma50": 170.49491302490233,
        "rsi_weekly": 50.24168495965204,
        "rsi_monthly": 54.35191663351124,
        "52w_high": 217.718994140625,
        "52w_low": 0
    },
    "TXT": {
        "close": 91.70999908447266,
        "sma200": 79.31321500778198,
        "sma50": 84.35373962402343,
        "rsi_weekly": 59.33135732615385,
        "rsi_monthly": 65.20719985684747,
        "52w_high": 91.70999908447266,
        "52w_low": 0
    },
    "TMO": {
        "close": 606.5,
        "sma200": 486.76182861328124,
        "sma50": 578.3383654785156,
        "rsi_weekly": 67.08793569552078,
        "rsi_monthly": 64.82258673034882,
        "52w_high": 620.719970703125,
        "52w_low": 0
    },
    "TJX": {
        "close": 158.25,
        "sma200": 135.45909019470216,
        "sma50": 150.52538360595702,
        "rsi_weekly": 69.08455159911212,
        "rsi_monthly": 81.40957844258338,
        "52w_high": 158.25,
        "52w_low": 0
    },
    "TSCO": {
        "close": 51.400001525878906,
        "sma200": 54.18547378540039,
        "sma50": 52.905548858642575,
        "rsi_weekly": 39.3830862332904,
        "rsi_monthly": 62.82304188195541,
        "52w_high": 62.37771224975586,
        "52w_low": 0
    },
    "TT": {
        "close": 378.3599853515625,
        "sma200": 408.93429107666014,
        "sma50": 407.9347998046875,
        "rsi_weekly": 45.48462477412487,
        "rsi_monthly": 65.4862044707735,
        "52w_high": 471.4648742675781,
        "52w_low": 0
    },
    "TDG": {
        "close": 1377.4200439453125,
        "sma200": 1330.3626293945313,
        "sma50": 1322.1068017578125,
        "rsi_weekly": 54.769985034196104,
        "rsi_monthly": 69.26932000078428,
        "52w_high": 1516.55029296875,
        "52w_low": 0
    },
    "TRV": {
        "close": 284.17999267578125,
        "sma200": 269.30534004211427,
        "sma50": 284.32867736816405,
        "rsi_weekly": 56.24150784252717,
        "rsi_monthly": 74.05470354449778,
        "52w_high": 293.8399963378906,
        "52w_low": 0
    },
    "TRU": {
        "close": 84.33999633789062,
        "sma200": 85.23516101837158,
        "sma50": 83.33292419433593,
        "rsi_weekly": 46.96019787048832,
        "rsi_monthly": 65.62877703111637,
        "52w_high": 99.71392059326172,
        "52w_low": 0
    },
    "TYL": {
        "close": 453.3999938964844,
        "sma200": 533.2341987609864,
        "sma50": 462.1431994628906,
        "rsi_weekly": 25.92056088045618,
        "rsi_monthly": 44.96701049555504,
        "52w_high": 646.739990234375,
        "52w_low": 0
    },
    "TSN": {
        "close": 57.369998931884766,
        "sma200": 55.21961109161377,
        "sma50": 55.71110786437988,
        "rsi_weekly": 57.94409679695973,
        "rsi_monthly": 54.65595717579785,
        "52w_high": 62.12738037109375,
        "52w_low": 0
    },
    "USB": {
        "close": 55.529998779296875,
        "sma200": 45.47300577163696,
        "sma50": 50.14905937194824,
        "rsi_weekly": 68.40341827957218,
        "rsi_monthly": 70.08458639453589,
        "52w_high": 56.08000183105469,
        "52w_low": 0
    },
    "UDR": {
        "close": 37.31999969482422,
        "sma200": 38.22142639160156,
        "sma50": 35.43780014038086,
        "rsi_weekly": 48.47201081992892,
        "rsi_monthly": 43.74817946464491,
        "52w_high": 44.54217529296875,
        "52w_low": 0
    }
}