{
    "last_scan_index": 150,
    "AAPL": {
        "close": 259.0400085449219,
        "sma200": 232.61908866882325,
        "sma50": 272.7665710449219,
        "rsi_weekly": 63.04886160760704,
        "rsi_monthly": 65.05591606844507,
        "52w_high": 286.19000244140625,
        "52w_low": 0
    },
    "NVDA": {
        "close": 185.0399932861328,
        "sma200": 161.85177986145018,
        "sma50": 186.69211608886718,
        "rsi_weekly": 58.64870577862151,
        "rsi_monthly": 76.36247631604805,
        "52w_high": 207.02847290039062,
        "52w_low": 0
    },
    "TSLA": {
        "close": 435.79998779296875,
        "sma200": 363.9642002105713,
        "sma50": 444.56700134277344,
        "rsi_weekly": 56.31157929953819,
        "rsi_monthly": 70.21254147643917,
        "52w_high": 489.8800048828125,
        "52w_low": 0
    },
    "MSFT": {
        "close": 478.1099853515625,
        "sma200": 478.5386521911621,
        "sma50": 491.6204217529297,
        "rsi_weekly": 44.49072400967269,
        "rsi_monthly": 64.94487744160539,
        "52w_high": 541.057373046875,
        "52w_low": 0
    },
    "AMD": {
        "close": 204.67999267578125,
        "sma200": 165.31699977874757,
        "sma50": 225.07379943847656,
        "rsi_weekly": 60.71614808686848,
        "rsi_monthly": 69.38721493424931,
        "52w_high": 264.3299865722656,
        "52w_low": 0
    },
    "COO": {
        "close": 83.12999725341797,
        "sma200": 74.53279998779297,
        "sma50": 77.05139999389648,
        "rsi_weekly": 59.11458527867216,
        "rsi_monthly": 48.46041333422471,
        "52w_high": 99.44999694824219,
        "52w_low": 0
    },
    "CPRT": {
        "close": 39.040000915527344,
        "sma200": 48.05175001144409,
        "sma50": 39.98359985351563,
        "rsi_weekly": 26.191045239102717,
        "rsi_monthly": 51.94995856135763,
        "52w_high": 63.84000015258789,
        "52w_low": 0
    },
    "GLW": {
        "close": 85.33000183105469,
        "sma200": 66.02503490447998,
        "sma50": 86.54648376464844,
        "rsi_weekly": 74.71725714974221,
        "rsi_monthly": 83.83170550416189,
        "52w_high": 95.97000122070312,
        "52w_low": 0
    },
    "CPAY": {
        "close": 331.4100036621094,
        "sma200": 312.73995025634764,
        "sma50": 294.4763995361328,
        "rsi_weekly": 48.1638292182099,
        "rsi_monthly": 42.64298440673572,
        "52w_high": 389.54998779296875,
        "52w_low": 0
    },
    "CTVA": {
        "close": 70.13999938964844,
        "sma200": 67.51923128128051,
        "sma50": 65.67681343078613,
        "rsi_weekly": 52.79512702755216,
        "rsi_monthly": 72.06121238131023,
        "52w_high": 76.72765350341797,
        "52w_low": 0
    },
    "CSGP": {
        "close": 61.36000061035156,
        "sma200": 78.70270004272462,
        "sma50": 67.45279998779297,
        "rsi_weekly": 34.853610840780384,
        "rsi_monthly": 47.61567195546935,
        "52w_high": 96.83000183105469,
        "52w_low": 0
    },
    "COST": {
        "close": 915.3099975585938,
        "sma200": 948.4638122558594,
        "sma50": 894.4955090332031,
        "rsi_weekly": 35.01838099083029,
        "rsi_monthly": 59.51776361530702,
        "52w_high": 1072.45361328125,
        "52w_low": 0
    },
    "CTRA": {
        "close": 25.40999984741211,
        "sma200": 24.683046226501464,
        "sma50": 25.859343109130858,
        "rsi_weekly": 58.049074094332866,
        "rsi_monthly": 61.89414786250048,
        "52w_high": 28.817312240600586,
        "52w_low": 0
    },
    "CCI": {
        "close": 84.5199966430664,
        "sma200": 95.89974956512451,
        "sma50": 88.84302764892578,
        "rsi_weekly": 42.611302758698606,
        "rsi_monthly": 46.953314101013824,
        "52w_high": 111.32424926757812,
        "52w_low": 0
    },
    "CSX": {
        "close": 35.31999969482422,
        "sma200": 33.13950945854187,
        "sma50": 35.66329246520996,
        "rsi_weekly": 57.809882868298104,
        "rsi_monthly": 66.8446937869247,
        "52w_high": 37.38999938964844,
        "52w_low": 0
    },
    "CMI": {
        "close": 544.489990234375,
        "sma200": 387.14722930908204,
        "sma50": 490.8067041015625,
        "rsi_weekly": 78.83995778476041,
        "rsi_monthly": 85.2603430655269,
        "52w_high": 546.760009765625,
        "52w_low": 0
    },
    "CVS": {
        "close": 80.5999984741211,
        "sma200": 70.41827753067017,
        "sma50": 78.68200027465821,
        "rsi_weekly": 61.13462776885757,
        "rsi_monthly": 62.22232525351926,
        "52w_high": 82.44999694824219,
        "52w_low": 0
    },
    "DHR": {
        "close": 235.0,
        "sma200": 204.62187431335448,
        "sma50": 224.14685729980468,
        "rsi_weekly": 59.9489497786056,
        "rsi_monthly": 64.2037688931869,
        "52w_high": 249.02561950683594,
        "52w_low": 0
    },
    "DRI": {
        "close": 202.5,
        "sma200": 196.78404426574707,
        "sma50": 181.46519989013672,
        "rsi_weekly": 48.695871549768356,
        "rsi_monthly": 62.03542597808913,
        "52w_high": 222.40939331054688,
        "52w_low": 0
    },
    "DVA": {
        "close": 112.58999633789062,
        "sma200": 133.39130001068116,
        "sma50": 118.31500015258788,
        "rsi_weekly": 35.221578546153104,
        "rsi_monthly": 58.53862959030401,
        "52w_high": 177.35000610351562,
        "52w_low": 0
    },
    "DAY": {
        "close": 69.43000030517578,
        "sma200": 62.87454996109009,
        "sma50": 69.00080001831054,
        "rsi_weekly": 60.33112634601697,
        "rsi_monthly": 55.44195534123394,
        "52w_high": 74.08000183105469,
        "52w_low": 0
    },
    "DEW": {
        "close": 62.5099983215332,
        "sma200": 57.361132850646975,
        "sma50": 60.583878173828126,
        "rsi_weekly": 68.51575543561265,
        "rsi_monthly": 82.41921677062487,
        "52w_high": 62.5099983215332,
        "52w_low": 0
    },
    "DE": {
        "close": 500.79998779296875,
        "sma200": 480.3017930603027,
        "sma50": 472.8540167236328,
        "rsi_weekly": 47.746602879383374,
        "rsi_monthly": 42.40461702244713,
        "52w_high": 526.138916015625,
        "52w_low": 0
    },
    "DAL": {
        "close": 71.29000091552734,
        "sma200": 55.21356044769287,
        "sma50": 64.58319969177246,
        "rsi_weekly": 66.45628851315792,
        "rsi_monthly": 69.74173423154437,
        "52w_high": 72.22000122070312,
        "52w_low": 0
    },
    "XRAY": {
        "close": 12.479999542236328,
        "sma200": 13.360809659957885,
        "sma50": 11.268762378692626,
        "rsi_weekly": 41.10100690710431,
        "rsi_monthly": 15.90945736965063,
        "52w_high": 19.363662719726562,
        "52w_low": 0
    },
    "DVN": {
        "close": 36.09000015258789,
        "sma200": 33.374896688461305,
        "sma50": 35.4739994430542,
        "rsi_weekly": 60.2720241382299,
        "rsi_monthly": 58.25889159871668,
        "52w_high": 38.164306640625,
        "52w_low": 0
    },
    "DXCM": {
        "close": 68.43000030517578,
        "sma200": 73.77955013275147,
        "sma50": 63.932400131225585,
        "rsi_weekly": 46.234378087128896,
        "rsi_monthly": 32.1728819719612,
        "52w_high": 90.75,
        "52w_low": 0
    },
    "FANG": {
        "close": 147.66000366210938,
        "sma200": 141.92701831817627,
        "sma50": 148.5972122192383,
        "rsi_weekly": 54.66325142445143,
        "rsi_monthly": 73.00642014114632,
        "52w_high": 175.2056427001953,
        "52w_low": 0
    },
    "DLR": {
        "close": 152.92999267578125,
        "sma200": 163.28366500854492,
        "sma50": 158.7102828979492,
        "rsi_weekly": 43.524742685038476,
        "rsi_monthly": 56.82891490766314,
        "52w_high": 178.07101440429688,
        "52w_low": 0
    }
}