{
    "last_scan_index": 400,
    "AAPL": {
        "close": 259.6099853515625,
        "sma200": 233.18099029541017,
        "sma50": 272.16486206054685,
        "rsi_weekly": 53.76185324266958,
        "rsi_monthly": 65.05595211810716,
        "52w_high": 286.19000244140625,
        "52w_low": 0
    },
    "NVDA": {
        "close": 184.24549865722656,
        "sma200": 162.8929210281372,
        "sma50": 185.55450622558592,
        "rsi_weekly": 55.832537398823995,
        "rsi_monthly": 76.36247847304519,
        "52w_high": 207.02847290039062,
        "52w_low": 0
    },
    "TSLA": {
        "close": 445.7900085449219,
        "sma200": 366.4963501739502,
        "sma50": 444.11900146484373,
        "rsi_weekly": 57.433070397524055,
        "rsi_monthly": 70.21254147643917,
        "52w_high": 489.8800048828125,
        "52w_low": 0
    },
    "MSFT": {
        "close": 466.8599853515625,
        "sma200": 479.80804794311524,
        "sma50": 487.9593505859375,
        "rsi_weekly": 46.9249329539116,
        "rsi_monthly": 64.94486352017425,
        "52w_high": 541.057373046875,
        "52w_low": 0
    },
    "AMD": {
        "close": 221.77999877929688,
        "sma200": 166.82194976806642,
        "sma50": 222.1829995727539,
        "rsi_weekly": 52.90812131363197,
        "rsi_monthly": 69.38721493424931,
        "52w_high": 264.3299865722656,
        "52w_low": 0
    },
    "PFG": {
        "close": 89.5999984741211,
        "sma200": 79.6313233947754,
        "sma50": 86.46793838500976,
        "rsi_weekly": 67.82052128860123,
        "rsi_monthly": 65.68601971986713,
        "52w_high": 91.80000305175781,
        "52w_low": 0
    },
    "PG": {
        "close": 143.75999450683594,
        "sma200": 153.81416145324707,
        "sma50": 144.9806005859375,
        "rsi_weekly": 36.32118400802788,
        "rsi_monthly": 42.97760276146539,
        "52w_high": 172.7701873779297,
        "52w_low": 0
    },
    "PGR": {
        "close": 207.4199981689453,
        "sma200": 233.06052406311036,
        "sma50": 210.94252655029297,
        "rsi_weekly": 45.82805224840056,
        "rsi_monthly": 56.73480915111734,
        "52w_high": 273.5130310058594,
        "52w_low": 0
    },
    "PLD": {
        "close": 129.55999755859375,
        "sma200": 112.23488613128661,
        "sma50": 126.48676086425782,
        "rsi_weekly": 65.77904555099585,
        "rsi_monthly": 67.4823244277637,
        "52w_high": 129.69000244140625,
        "52w_low": 0
    },
    "PRU": {
        "close": 116.51000213623047,
        "sma200": 103.95393768310547,
        "sma50": 110.72802185058593,
        "rsi_weekly": 67.12976048930584,
        "rsi_monthly": 65.30448447346068,
        "52w_high": 118.72000122070312,
        "52w_low": 0
    },
    "PEG": {
        "close": 78.91999816894531,
        "sma200": 80.82834564208984,
        "sma50": 80.39493133544921,
        "rsi_weekly": 44.53562731051976,
        "rsi_monthly": 65.55414122090058,
        "52w_high": 88.72160339355469,
        "52w_low": 0
    },
    "PTC": {
        "close": 169.4499969482422,
        "sma200": 183.10969993591308,
        "sma50": 176.3572006225586,
        "rsi_weekly": 39.644030050351866,
        "rsi_monthly": 48.49976701847694,
        "52w_high": 216.52999877929688,
        "52w_low": 0
    },
    "PSA": {
        "close": 278.4649963378906,
        "sma200": 281.6176655578613,
        "sma50": 268.3276727294922,
        "rsi_weekly": 50.53658970979513,
        "rsi_monthly": 43.130811008627326,
        "52w_high": 308.3981628417969,
        "52w_low": 0
    },
    "PHM": {
        "close": 133.50999450683594,
        "sma200": 115.86573345184325,
        "sma50": 121.90937957763671,
        "rsi_weekly": 60.157617810344455,
        "rsi_monthly": 55.68626452323557,
        "52w_high": 140.89910888671875,
        "52w_low": 0
    },
    "QRVO": {
        "close": 80.2699966430664,
        "sma200": 83.18342485427857,
        "sma50": 86.06899948120117,
        "rsi_weekly": 44.91832072989048,
        "rsi_monthly": 64.763389588317,
        "52w_high": 97.41999816894531,
        "52w_low": 0
    },
    "PWR": {
        "close": 442.67999267578125,
        "sma200": 384.1701853179932,
        "sma50": 441.22181579589846,
        "rsi_weekly": 53.46819926934517,
        "rsi_monthly": 75.22279983905224,
        "52w_high": 466.7882995605469,
        "52w_low": 0
    },
    "QCOM": {
        "close": 166.14999389648438,
        "sma200": 158.45621978759766,
        "sma50": 172.9661117553711,
        "rsi_weekly": 58.483744375571014,
        "rsi_monthly": 63.86819173721703,
        "52w_high": 186.72589111328125,
        "52w_low": 0
    },
    "DGX": {
        "close": 178.25,
        "sma200": 176.8554200744629,
        "sma50": 181.0922006225586,
        "rsi_weekly": 45.39943187340454,
        "rsi_monthly": 52.72812347606418,
        "52w_high": 192.35000610351562,
        "52w_low": 0
    },
    "RL": {
        "close": 369.3999938964844,
        "sma200": 296.4058771514893,
        "sma50": 350.5380560302734,
        "rsi_weekly": 71.59066727097292,
        "rsi_monthly": 84.52631489320011,
        "52w_high": 370.76129150390625,
        "52w_low": 0
    },
    "RJF": {
        "close": 166.625,
        "sma200": 156.22475826263428,
        "sma50": 161.16805145263672,
        "rsi_weekly": 57.83348322156493,
        "rsi_monthly": 68.49607268379579,
        "52w_high": 175.32736206054688,
        "52w_low": 0
    },
    "RTX": {
        "close": 194.2100067138672,
        "sma200": 154.55599254608154,
        "sma50": 178.47897430419923,
        "rsi_weekly": 72.64915745749533,
        "rsi_monthly": 82.731799241143,
        "52w_high": 194.2100067138672,
        "52w_low": 0
    },
    "O": {
        "close": 59.185001373291016,
        "sma200": 56.321853733062746,
        "sma50": 56.88062484741211,
        "rsi_weekly": 55.35238414643489,
        "rsi_monthly": 45.680395498007165,
        "52w_high": 59.78767013549805,
        "52w_low": 0
    },
    "REG": {
        "close": 70.08999633789062,
        "sma200": 69.65116319656372,
        "sma50": 68.8851104736328,
        "rsi_weekly": 51.02739064206164,
        "rsi_monthly": 51.85000238069248,
        "52w_high": 74.66251373291016,
        "52w_low": 0
    },
    "REGN": {
        "close": 755.5999755859375,
        "sma200": 607.7210614013671,
        "sma50": 734.775712890625,
        "rsi_weekly": 67.56241181998132,
        "rsi_monthly": 54.9700503926939,
        "52w_high": 812.27001953125,
        "52w_low": 0
    },
    "RF": {
        "close": 27.899900436401367,
        "sma200": 24.013603582382203,
        "sma50": 26.23003429412842,
        "rsi_weekly": 69.17069983544631,
        "rsi_monthly": 65.85491423109592,
        "52w_high": 28.84000015258789,
        "52w_low": 0
    },
    "RSG": {
        "close": 210.13999938964844,
        "sma200": 230.12793853759766,
        "sma50": 211.36409240722656,
        "rsi_weekly": 40.29745310638609,
        "rsi_monthly": 61.447362844686616,
        "52w_high": 255.99310302734375,
        "52w_low": 0
    },
    "RMD": {
        "close": 255.18499755859375,
        "sma200": 254.63368759155273,
        "sma50": 248.79100677490234,
        "rsi_weekly": 48.39329214446827,
        "rsi_monthly": 41.17322143314127,
        "52w_high": 293.03302001953125,
        "52w_low": 0
    },
    "RVTY": {
        "close": 109.45999908447266,
        "sma200": 94.1016162109375,
        "sma50": 98.25259979248047,
        "rsi_weekly": 57.7455944858081,
        "rsi_monthly": 49.66726543446596,
        "52w_high": 126.55815124511719,
        "52w_low": 0
    },
    "RHI": {
        "close": 27.739999771118164,
        "sma200": 35.77713345527649,
        "sma50": 26.999741401672363,
        "rsi_weekly": 38.19803097192805,
        "rsi_monthly": 25.484707808439587,
        "52w_high": 67.13591766357422,
        "52w_low": 0
    },
    "ROK": {
        "close": 416.45001220703125,