{
    "last_scan_index": 225,
    "AAPL": {
        "close": 255.52999877929688,
        "sma200": 233.7518910217285,
        "sma50": 271.494140625,
        "rsi_weekly": 53.76185335278915,
        "rsi_monthly": 65.05595359891325,
        "52w_high": 286.19000244140625,
        "52w_low": 0
    },
    "NVDA": {
        "close": 186.22999572753906,
        "sma200": 164.0421416091919,
        "sma50": 184.55367309570312,
        "rsi_weekly": 55.83253742367801,
        "rsi_monthly": 76.3624726489339,
        "52w_high": 207.02847290039062,
        "52w_low": 0
    },
    "TSLA": {
        "close": 437.5,
        "sma200": 369.1239003753662,
        "sma50": 443.0688018798828,
        "rsi_weekly": 57.433070397524055,
        "rsi_monthly": 70.21254147643917,
        "52w_high": 489.8800048828125,
        "52w_low": 0
    },
    "MSFT": {
        "close": 459.8599853515625,
        "sma200": 481.05499710083006,
        "sma50": 484.6280310058594,
        "rsi_weekly": 46.92493256507214,
        "rsi_monthly": 64.9448652594763,
        "52w_high": 541.057373046875,
        "52w_low": 0
    },
    "AMD": {
        "close": 231.8300018310547,
        "sma200": 168.69094982147217,
        "sma50": 220.51739990234375,
        "rsi_weekly": 52.90812131363197,
        "rsi_monthly": 69.38721493424931,
        "52w_high": 264.3299865722656,
        "52w_low": 0
    },
    "FTV": {
        "close": 54.959999084472656,
        "sma200": 51.267021617889405,
        "sma50": 53.746595001220705,
        "rsi_weekly": 61.05937043791337,
        "rsi_monthly": 66.79452334248111,
        "52w_high": 62.253089904785156,
        "52w_low": 0
    },
    "FOXA": {
        "close": 71.98999786376953,
        "sma200": 59.435815048217776,
        "sma50": 69.74500030517578,
        "rsi_weekly": 74.08153429088851,
        "rsi_monthly": 72.54536030690282,
        "52w_high": 76.11000061035156,
        "52w_low": 0
    },
    "FOX": {
        "close": 65.41999816894531,
        "sma200": 53.9381941986084,
        "sma50": 62.314800109863285,
        "rsi_weekly": 73.65644718824103,
        "rsi_monthly": 68.72104024069169,
        "52w_high": 67.76000213623047,
        "52w_low": 0
    },
    "BEN": {
        "close": 26.0,
        "sma200": 22.381069679260253,
        "sma50": 23.275474891662597,
        "rsi_weekly": 68.32680937778575,
        "rsi_monthly": 61.448868446166244,
        "52w_high": 26.0,
        "52w_low": 0
    },
    "FCX": {
        "close": 58.709999084472656,
        "sma200": 42.207773971557614,
        "sma50": 47.2681356048584,
        "rsi_weekly": 72.18028552173915,
        "rsi_monthly": 55.833599016803824,
        "52w_high": 60.19999694824219,
        "52w_low": 0
    },
    "GRMN": {
        "close": 211.8000030517578,
        "sma200": 213.92638633728026,
        "sma50": 202.01794219970702,
        "rsi_weekly": 49.298094565616324,
        "rsi_monthly": 64.91602555553285,
        "52w_high": 258.6608581542969,
        "52w_low": 0
    },
    "IT": {
        "close": 230.6699981689453,
        "sma200": 311.19725044250487,
        "sma50": 237.4058004760742,
        "rsi_weekly": 40.051849043459065,
        "rsi_monthly": 33.00686951680514,
        "52w_high": 548.3800048828125,
        "52w_low": 0
    },
    "GE": {
        "close": 325.1199951171875,
        "sma200": 268.00129585266114,
        "sma50": 304.63905456542966,
        "rsi_weekly": 67.22746147186714,
        "rsi_monthly": 86.92090639027998,
        "52w_high": 327.5400085449219,
        "52w_low": 0
    },
    "GEV": {
        "close": 681.5499877929688,
        "sma200": 551.7533076477051,
        "sma50": 624.7051428222657,
        "rsi_weekly": 55.82966821502934,
        "rsi_monthly": 81.4709450136626,
        "52w_high": 722.468017578125,
        "52w_low": 0
    },
    "GEHC": {
        "close": 81.75,
        "sma200": 74.6005849456787,
        "sma50": 80.80594406127929,
        "rsi_weekly": 63.59088941912122,
        "rsi_monthly": 77.22895860344221,
        "52w_high": 93.30925750732422,
        "52w_low": 0
    },
    "GEN": {
        "close": 26.100000381469727,
        "sma200": 27.79598198890686,
        "sma50": 26.76144630432129,
        "rsi_weekly": 47.17346957718727,
        "rsi_monthly": 40.52956294824205,
        "52w_high": 31.882293701171875,
        "52w_low": 0
    },
    "GNRC": {
        "close": 160.85000610351562,
        "sma200": 153.26209995269775,
        "sma50": 151.0711993408203,
        "rsi_weekly": 47.63570507639144,
        "rsi_monthly": 46.472430900903376,
        "52w_high": 202.85000610351562,
        "52w_low": 0
    },
    "GD": {
        "close": 367.3800048828125,
        "sma200": 311.0085161590576,
        "sma50": 343.31196838378906,
        "rsi_weekly": 70.19335937293677,
        "rsi_monthly": 76.93097491580427,
        "52w_high": 367.3800048828125,
        "52w_low": 0
    },
    "GIS": {
        "close": 44.5099983215332,
        "sma200": 49.16785766601563,
        "sma50": 45.7880135345459,
        "rsi_weekly": 35.348851761922155,
        "rsi_monthly": 26.675033672381616,
        "52w_high": 62.18780517578125,
        "52w_low": 0
    },
    "GM": {
        "close": 80.81999969482422,
        "sma200": 59.18661979675293,
        "sma50": 77.08325942993164,
        "rsi_weekly": 78.24195161939718,
        "rsi_monthly": 85.79249608090625,
        "52w_high": 85.12999725341797,
        "52w_low": 0
    },
    "GPC": {
        "close": 136.94000244140625,
        "sma200": 126.56790256500244,
        "sma50": 127.35868133544922,
        "rsi_weekly": 50.263568717977456,
        "rsi_monthly": 59.50712602439335,
        "52w_high": 141.64169311523438,
        "52w_low": 0
    },
    "GILD": {
        "close": 124.91000366210938,
        "sma200": 113.13893444061279,
        "sma50": 122.69489974975586,
        "rsi_weekly": 56.18955407754129,
        "rsi_monthly": 60.16935136922636,
        "52w_high": 127.22968292236328,
        "52w_low": 0
    },
    "GPN": {
        "close": 73.80000305175781,
        "sma200": 80.57326908111573,
        "sma50": 77.49004318237304,
        "rsi_weekly": 47.77002974177228,
        "rsi_monthly": 29.923123849710553,
        "52w_high": 111.5788803100586,
        "52w_low": 0
    },
    "GL": {
        "close": 138.97000122070312,
        "sma200": 130.94242408752442,
        "sma50": 136.467421875,
        "rsi_weekly": 60.79064515102843,
        "rsi_monthly": 67.28475324044116,
        "52w_high": 145.98092651367188,
        "52w_low": 0
    },
    "GS": {
        "close": 962.0,
        "sma200": 721.9165718078614,
        "sma50": 862.4526623535156,
        "rsi_weekly": 80.08124573830473,
        "rsi_monthly": 84.55573950437197,
        "52w_high": 975.8599853515625,
        "52w_low": 0
    },
    "HAL": {
        "close": 32.56999969482422,
        "sma200": 23.414246587753297,
        "sma50": 28.347111434936522,
        "rsi_weekly": 71.50362872747104,
        "rsi_monthly": 48.84579411559906,
        "52w_high": 33.040000915527344,
        "52w_low": 0
    },
    "HIG": {
        "close": 129.58999633789062,
        "sma200": 127.75527202606202,
        "sma50": 134.54264587402344,
        "rsi_weekly": 58.48004825869985,
        "rsi_monthly": 75.92894966016549,
        "52w_high": 139.72000122070312,
        "52w_low": 0
    },
    "HAS": {
        "close": 86.19999694824219,
        "sma200": 72.99040912628173,
        "sma50": 81.55142883300782,
        "rsi_weekly": 70.84828336478756,
        "rsi_monthly": 73.0306497233877,
        "52w_high": 89.13999938964844,
        "52w_low": 0
    },
    "HCA": {
        "close": 469.2900085449219,
        "sma200": 407.69191802978514,
        "sma50": 479.3808703613281,
        "rsi_weekly": 61.6916785018258,
        "rsi_monthly": 66.51811625411123,
        "52w_high": 515.0838012695312,
        "52w_low": 0
    }
}