{
    "last_scan_index": 225,
    "AAPL": {
        "close": 258.2099914550781,
        "sma200": 233.58638801574708,
        "sma50": 271.7791101074219,
        "rsi_weekly": 53.76185314052496,
        "rsi_monthly": 65.05595407778301,
        "52w_high": 286.19000244140625,
        "52w_low": 0
    },
    "NVDA": {
        "close": 187.0500030517578,
        "sma200": 163.66164138793945,
        "sma50": 184.80265197753906,
        "rsi_weekly": 55.83253737794737,
        "rsi_monthly": 76.36247911076676,
        "52w_high": 207.02847290039062,
        "52w_low": 0
    },
    "TSLA": {
        "close": 438.57000732421875,
        "sma200": 368.2787003326416,
        "sma50": 443.2040020751953,
        "rsi_weekly": 57.433070397524055,
        "rsi_monthly": 70.21254147643917,
        "52w_high": 489.8800048828125,
        "52w_low": 0
    },
    "MSFT": {
        "close": 456.6600036621094,
        "sma200": 480.6564552307129,
        "sma50": 485.6982153320312,
        "rsi_weekly": 46.9249332224629,
        "rsi_monthly": 64.94486843994878,
        "52w_high": 541.057373046875,
        "52w_low": 0
    },
    "AMD": {
        "close": 227.9199981689453,
        "sma200": 168.04569980621338,
        "sma50": 220.88179992675782,
        "rsi_weekly": 52.90812131363197,
        "rsi_monthly": 69.38721493424931,
        "52w_high": 264.3299865722656,
        "52w_low": 0
    },
    "FTV": {
        "close": 55.5099983215332,
        "sma200": 51.26820411682129,
        "sma50": 53.65306015014649,
        "rsi_weekly": 61.05936769482833,
        "rsi_monthly": 66.79454188949029,
        "52w_high": 62.253089904785156,
        "52w_low": 0
    },
    "FOXA": {
        "close": 72.55000305175781,
        "sma200": 59.353684997558595,
        "sma50": 69.59580032348633,
        "rsi_weekly": 74.0815341416287,
        "rsi_monthly": 72.54535905746776,
        "52w_high": 76.11000061035156,
        "52w_low": 0
    },
    "FOX": {
        "close": 65.62000274658203,
        "sma200": 53.86864112854004,
        "sma50": 62.169400177001954,
        "rsi_weekly": 73.65644702195407,
        "rsi_monthly": 68.721047527026,
        "52w_high": 67.76000213623047,
        "52w_low": 0
    },
    "BEN": {
        "close": 25.969999313354492,
        "sma200": 22.34372850894928,
        "sma50": 23.201159477233887,
        "rsi_weekly": 68.32681463084418,
        "rsi_monthly": 61.448848134282116,
        "52w_high": 25.969999313354492,
        "52w_low": 0
    },
    "FCX": {
        "close": 59.959999084472656,
        "sma200": 42.206417598724364,
        "sma50": 46.99420013427734,
        "rsi_weekly": 72.18028864238438,
        "rsi_monthly": 55.83358573531327,
        "52w_high": 60.349998474121094,
        "52w_low": 0
    },
    "GRMN": {
        "close": 212.60000610351562,
        "sma200": 213.94172500610352,
        "sma50": 201.8733981323242,
        "rsi_weekly": 49.29809423479664,
        "rsi_monthly": 64.91601485141425,
        "52w_high": 258.6608581542969,
        "52w_low": 0
    },
    "IT": {
        "close": 230.3800048828125,
        "sma200": 312.11250045776364,
        "sma50": 237.3358004760742,
        "rsi_weekly": 40.051849043459065,
        "rsi_monthly": 33.00686951680514,
        "52w_high": 548.3800048828125,
        "52w_low": 0
    },
    "GE": {
        "close": 319.94000244140625,
        "sma200": 267.3907572174072,
        "sma50": 304.21370483398437,
        "rsi_weekly": 67.2274643958188,
        "rsi_monthly": 86.92090436923786,
        "52w_high": 327.5400085449219,
        "52w_low": 0
    },
    "GEV": {
        "close": 642.22998046875,
        "sma200": 549.9200532531738,
        "sma50": 622.0252807617187,
        "rsi_weekly": 55.829668147503504,
        "rsi_monthly": 81.47094698259978,
        "52w_high": 722.468017578125,
        "52w_low": 0
    },
    "GEHC": {
        "close": 82.51000213623047,
        "sma200": 74.58895833969116,
        "sma50": 80.65635406494141,
        "rsi_weekly": 63.590888721133894,
        "rsi_monthly": 77.22896338925474,
        "52w_high": 93.30926513671875,
        "52w_low": 0
    },
    "GEN": {
        "close": 26.3799991607666,
        "sma200": 27.797452363967896,
        "sma50": 26.754424018859865,
        "rsi_weekly": 47.17346934355971,
        "rsi_monthly": 40.529586570015134,
        "52w_high": 31.882293701171875,
        "52w_low": 0
    },
    "GNRC": {
        "close": 161.42999267578125,
        "sma200": 153.08949993133544,
        "sma50": 150.9859991455078,
        "rsi_weekly": 47.63570507639144,
        "rsi_monthly": 46.472430900903376,
        "52w_high": 202.85000610351562,
        "52w_low": 0
    },
    "GD": {
        "close": 368.69000244140625,
        "sma200": 311.78484298706053,
        "sma50": 344.206201171875,
        "rsi_weekly": 70.19335467783444,
        "rsi_monthly": 76.93098262488388,
        "52w_high": 368.69000244140625,
        "52w_low": 0
    },
    "GIS": {
        "close": 45.599998474121094,
        "sma200": 49.22967632293701,
        "sma50": 45.81253021240234,
        "rsi_weekly": 35.348849367487524,
        "rsi_monthly": 26.675058236879675,
        "52w_high": 62.187808990478516,
        "52w_low": 0
    },
    "GM": {
        "close": 80.91000366210938,
        "sma200": 59.016993846893314,
        "sma50": 76.8015950012207,
        "rsi_weekly": 78.24195270999296,
        "rsi_monthly": 85.79248801823003,
        "52w_high": 85.12999725341797,
        "52w_low": 0
    },
    "GPC": {
        "close": 136.16000366210938,
        "sma200": 126.46172515869141,
        "sma50": 127.0542887878418,
        "rsi_weekly": 50.263568441152366,
        "rsi_monthly": 59.50714256020456,
        "52w_high": 141.64169311523438,
        "52w_low": 0
    },
    "GILD": {
        "close": 121.26000213623047,
        "sma200": 113.05945133209228,
        "sma50": 122.64055847167968,
        "rsi_weekly": 56.189554014287644,
        "rsi_monthly": 60.16941061780762,
        "52w_high": 127.22968292236328,
        "52w_low": 0
    },
    "GPN": {
        "close": 74.98999786376953,
        "sma200": 80.691989402771,
        "sma50": 77.6083627319336,
        "rsi_weekly": 47.77002939513808,
        "rsi_monthly": 29.923186812241813,
        "52w_high": 111.5788803100586,
        "52w_low": 0
    },
    "GL": {
        "close": 139.82000732421875,
        "sma200": 130.90284934997558,
        "sma50": 136.35041870117186,
        "rsi_weekly": 60.79064159303745,
        "rsi_monthly": 67.28474262869398,
        "52w_high": 145.98092651367188,
        "52w_low": 0
    },
    "GS": {
        "close": 975.8599853515625,
        "sma200": 719.8073048400879,
        "sma50": 858.9512390136719,
        "rsi_weekly": 80.081247246461,
        "rsi_monthly": 84.55575638221444,
        "52w_high": 975.8599853515625,
        "52w_low": 0
    },
    "HAL": {
        "close": 32.779998779296875,
        "sma200": 23.376340045928956,
        "sma50": 28.228524055480957,
        "rsi_weekly": 71.50362965310036,
        "rsi_monthly": 48.84579147882855,
        "52w_high": 33.040000915527344,
        "52w_low": 0
    },
    "HIG": {
        "close": 130.82000732421875,
        "sma200": 127.7216446685791,
        "sma50": 134.49844192504884,
        "rsi_weekly": 58.48004834245861,
        "rsi_monthly": 75.92894800896262,
        "52w_high": 139.72000122070312,
        "52w_low": 0
    },
    "HAS": {
        "close": 86.88999938964844,
        "sma200": 72.86143236160278,
        "sma50": 81.33304000854493,
        "rsi_weekly": 70.84828522537718,
        "rsi_monthly": 73.03065022734361,
        "52w_high": 89.13999938964844,
        "52w_low": 0
    },
    "HCA": {
        "close": 483.79998779296875,
        "sma200": 407.0651260375977,
        "sma50": 479.41465881347654,
        "rsi_weekly": 61.69167731935179,
        "rsi_monthly": 66.51809350654614,
        "52w_high": 515.0838012695312,
        "52w_low": 0
    }
}