{
    "last_scan_index": 325,
    "AAPL": {
        "close": 260.25,
        "sma200": 232.99837623596193,
        "sma50": 272.3954052734375,
        "rsi_weekly": 53.76185298116767,
        "rsi_monthly": 65.0559130790338,
        "52w_high": 286.19000244140625,
        "52w_low": 0
    },
    "NVDA": {
        "close": 184.94000244140625,
        "sma200": 162.52874259948732,
        "sma50": 185.92717041015624,
        "rsi_weekly": 55.83253745513868,
        "rsi_monthly": 76.36247382573889,
        "52w_high": 207.02847290039062,
        "52w_low": 0
    },
    "TSLA": {
        "close": 448.9599914550781,
        "sma200": 365.63305015563964,
        "sma50": 444.0052014160156,
        "rsi_weekly": 57.433070397524055,
        "rsi_monthly": 70.21254147643917,
        "52w_high": 489.8800048828125,
        "52w_low": 0
    },
    "MSFT": {
        "close": 477.17999267578125,
        "sma200": 479.4162347412109,
        "sma50": 489.1177075195312,
        "rsi_weekly": 46.9249328101391,
        "rsi_monthly": 64.94484466925199,
        "52w_high": 541.057373046875,
        "52w_low": 0
    },
    "AMD": {
        "close": 207.69000244140625,
        "sma200": 166.2462997817993,
        "sma50": 222.8441995239258,
        "rsi_weekly": 52.90812131363197,
        "rsi_monthly": 69.38721493424931,
        "52w_high": 264.3299865722656,
        "52w_low": 0
    },
    "MAS": {
        "close": 69.55000305175781,
        "sma200": 65.72547618865967,
        "sma50": 63.61606559753418,
        "rsi_weekly": 56.281425462982476,
        "rsi_monthly": 63.33004239369433,
        "52w_high": 80.34850311279297,
        "52w_low": 0
    },
    "MA": {
        "close": 566.280029296875,
        "sma200": 560.7605961608887,
        "sma50": 556.2295935058594,
        "rsi_weekly": 54.61833213983608,
        "rsi_monthly": 71.24570230144128,
        "52w_high": 597.273193359375,
        "52w_low": 0
    },
    "MTCH": {
        "close": 32.06999969482422,
        "sma200": 32.43581539154053,
        "sma50": 32.568947334289554,
        "rsi_weekly": 46.88847477779598,
        "rsi_monthly": 36.58013878122806,
        "52w_high": 38.3323860168457,
        "52w_low": 0
    },
    "MKC": {
        "close": 66.83999633789062,
        "sma200": 69.47525577545166,
        "sma50": 65.93152030944825,
        "rsi_weekly": 49.47132594963674,
        "rsi_monthly": 48.96213587424391,
        "52w_high": 82.57147216796875,
        "52w_low": 0
    },
    "MCD": {
        "close": 306.75,
        "sma200": 303.42191711425784,
        "sma50": 306.7563195800781,
        "rsi_weekly": 52.0847241025568,
        "rsi_monthly": 58.17619636281357,
        "52w_high": 319.6499938964844,
        "52w_low": 0
    },
    "MCK": {
        "close": 825.6199951171875,
        "sma200": 742.889524230957,
        "sma50": 832.8521179199219,
        "rsi_weekly": 58.94068921269107,
        "rsi_monthly": 71.49637259047138,
        "52w_high": 888.4524536132812,
        "52w_low": 0
    },
    "MDT": {
        "close": 96.94999694824219,
        "sma200": 90.91430118560791,
        "sma50": 97.91719955444336,
        "rsi_weekly": 55.25321512842966,
        "rsi_monthly": 49.26091830084219,
        "52w_high": 105.3499984741211,
        "52w_low": 0
    },
    "MRK": {
        "close": 109.19000244140625,
        "sma200": 84.85989238739013,
        "sma50": 98.37410110473633,
        "rsi_weekly": 71.48228934700589,
        "rsi_monthly": 67.2138194341858,
        "52w_high": 110.98999786376953,
        "52w_low": 0
    },
    "MET": {
        "close": 78.31999969482422,
        "sma200": 77.67710620880126,
        "sma50": 78.74963989257813,
        "rsi_weekly": 51.337846907937006,
        "rsi_monthly": 57.01809263334149,
        "52w_high": 84.54906463623047,
        "52w_low": 0
    },
    "MTD": {
        "close": 1491.989990234375,
        "sma200": 1263.3506988525392,
        "sma50": 1426.935,
        "rsi_weekly": 63.015747584078845,
        "rsi_monthly": 60.78296128761418,
        "52w_high": 1506.02001953125,
        "52w_low": 0
    },
    "MGM": {
        "close": 34.81999969482422,
        "sma200": 34.12249998092651,
        "sma50": 34.660799980163574,
        "rsi_weekly": 48.40221973101226,
        "rsi_monthly": 48.11049773966102,
        "52w_high": 40.369998931884766,
        "52w_low": 0
    },
    "MCHP": {
        "close": 73.38999938964844,
        "sma200": 60.979484977722166,
        "sma50": 61.551328811645504,
        "rsi_weekly": 63.55736066375088,
        "rsi_monthly": 46.03959258364914,
        "52w_high": 75.22000122070312,
        "52w_low": 0
    },
    "MU": {
        "close": 345.8699951171875,
        "sma200": 156.16515476226806,
        "sma50": 256.59340209960936,
        "rsi_weekly": 83.49890512043805,
        "rsi_monthly": 85.13259217204477,
        "52w_high": 345.8699951171875,
        "52w_low": 0
    },
    "MAA": {
        "close": 134.22999572753906,
        "sma200": 142.68962505340576,
        "sma50": 133.4787989807129,
        "rsi_weekly": 46.87313377518782,
        "rsi_monthly": 49.277121384210034,
        "52w_high": 165.6918487548828,
        "52w_low": 0
    },
    "MRNA": {
        "close": 33.84000015258789,
        "sma200": 27.424799938201904,
        "sma50": 28.171799926757814,
        "rsi_weekly": 59.84390070369504,
        "rsi_monthly": 22.609479190243324,
        "52w_high": 44.939998626708984,
        "52w_low": 0
    },
    "MHK": {
        "close": 119.04000091552734,
        "sma200": 114.38465000152588,
        "sma50": 110.53659988403321,
        "rsi_weekly": 52.356764420677294,
        "rsi_monthly": 59.38509234588343,
        "52w_high": 139.75,
        "52w_low": 0
    },
    "MOH": {
        "close": 181.82000732421875,
        "sma200": 220.07310050964355,
        "sma50": 156.73879974365235,
        "rsi_weekly": 47.866895094977785,
        "rsi_monthly": 48.64172992303688,
        "52w_high": 353.239990234375,
        "52w_low": 0
    },
    "TAP": {
        "close": 48.849998474121094,
        "sma200": 49.33821437835693,
        "sma50": 46.082420120239256,
        "rsi_weekly": 51.23371406922259,
        "rsi_monthly": 45.65297548271697,
        "52w_high": 61.11589431762695,
        "52w_low": 0
    },
    "MDLZ": {
        "close": 54.91999816894531,
        "sma200": 61.60666254043579,
        "sma50": 54.92005889892578,
        "rsi_weekly": 38.082158384256346,
        "rsi_monthly": 27.354628977352732,
        "52w_high": 69.544921875,
        "52w_low": 0
    },
    "MPWR": {
        "close": 967.1599731445312,
        "sma200": 804.8750256347656,
        "sma50": 944.7581823730469,
        "rsi_weekly": 58.55068169935438,
        "rsi_monthly": 72.97174694847703,
        "52w_high": 1103.1842041015625,
        "52w_low": 0
    },
    "MNST": {
        "close": 77.5,
        "sma200": 65.39560005187988,
        "sma50": 73.55059997558594,
        "rsi_weekly": 71.2951036965348,
        "rsi_monthly": 78.91304478658172,
        "52w_high": 77.66999816894531,
        "52w_low": 0
    },
    "MCO": {
        "close": 535.1199951171875,
        "sma200": 485.08278244018555,
        "sma50": 495.5956188964844,
        "rsi_weekly": 61.10705244981115,
        "rsi_monthly": 54.89098442792563,
        "52w_high": 535.1199951171875,
        "52w_low": 0
    },
    "MS": {
        "close": 186.57000732421875,
        "sma200": 145.84320468902587,
        "sma50": 172.71579864501953,
        "rsi_weekly": 75.56020817164895,
        "rsi_monthly": 80.31264756412926,
        "52w_high": 187.75,
        "52w_low": 0
    },
    "MOS": {
        "close": 25.719999313354492,
        "sma200": 30.456783809661864,
        "sma50": 24.782225494384765,
        "rsi_weekly": 43.77302097897568,
        "rsi_monthly": 42.4965420065296,
        "52w_high": 37.212406158447266,
        "52w_low": 0
    }
}