{
    "IEX": {
        "close": 194.85000610351562,
        "sma50": 179.12618255615237,
        "sma200": 172.4727400970459,
        "rsi_weekly": 58.287526691259124,
        "mrs": 6.611950491879037,
        "rv": 0.6782742787438001,
        "is_stage_2": 