{
    "last_scan_index": 175,
    "AAPL": {
        "close": 259.3699951171875,
        "sma200": 232.80100143432617,
        "sma50": 272.57918151855466,
        "rsi_weekly": 63.04886129405357,
        "rsi_monthly": 65.05593283614019,
        "52w_high": 286.19000244140625,
        "52w_low": 0
    },
    "NVDA": {
        "close": 184.86000061035156,
        "sma200": 162.17273937225343,
        "sma50": 186.36893981933594,
        "rsi_weekly": 58.64870584074055,
        "rsi_monthly": 76.36247427188079,
        "52w_high": 207.02847290039062,
        "52w_low": 0
    },
    "TSLA": {
        "close": 445.010009765625,
        "sma200": 364.7485501861572,
        "sma50": 444.2562017822266,
        "rsi_weekly": 56.31157929953819,
        "rsi_monthly": 70.21254147643917,
        "52w_high": 489.8800048828125,
        "52w_low": 0
    },
    "MSFT": {
        "close": 479.2799987792969,
        "sma200": 478.9697885131836,
        "sma50": 490.38487426757814,
        "rsi_weekly": 44.490724245791746,
        "rsi_monthly": 64.94485246851164,
        "52w_high": 541.057373046875,
        "52w_low": 0
    },
    "AMD": {
        "close": 203.1699981689453,
        "sma200": 165.75879978179933,
        "sma50": 223.97699920654296,
        "rsi_weekly": 60.71614808686848,
        "rsi_monthly": 69.38721493424931,
        "52w_high": 264.3299865722656,
        "52w_low": 0
    },
    "DG": {
        "close": 142.74000549316406,
        "sma200": 106.47361000061035,
        "sma50": 118.56636932373047,
        "rsi_weekly": 73.77849523045617,
        "rsi_monthly": 72.0882814611262,
        "52w_high": 144.69000244140625,
        "52w_low": 0
    },
    "DLTR": {
        "close": 132.3800048828125,
        "sma200": 100.6863000869751,
        "sma50": 115.14679992675781,
        "rsi_weekly": 68.83190213665095,
        "rsi_monthly": 72.23544045212721,
        "52w_high": 133.77999877929688,
        "52w_low": 0
    },
    "D": {
        "close": 57.97999954223633,
        "sma200": 57.065275497436524,
        "sma50": 59.37421363830566,
        "rsi_weekly": 52.09601214270083,
        "rsi_monthly": 69.14499579241583,
        "52w_high": 62.06929016113281,
        "52w_low": 0
    },
    "DPZ": {
        "close": 405.0899963378906,
        "sma200": 442.56371505737303,
        "sma50": 414.5356756591797,
        "rsi_weekly": 48.15175670788792,
        "rsi_monthly": 54.82106949999967,
        "52w_high": 491.7031555175781,
        "52w_low": 0
    },
    "DOV": {
        "close": 201.88999938964844,
        "sma200": 178.4359432220459,
        "sma50": 189.74527282714843,
        "rsi_weekly": 61.57225063664393,
        "rsi_monthly": 72.21389385032458,
        "52w_high": 204.13925170898438,
        "52w_low": 0
    },
    "DOW": {
        "close": 26.329999923706055,
        "sma200": 25.108646059036253,
        "sma50": 23.18908504486084,
        "rsi_weekly": 49.23285517069295,
        "rsi_monthly": 39.84678338781355,
        "52w_high": 39.004295349121094,
        "52w_low": 0
    },
    "DHI": {
        "close": 157.27999877929688,
        "sma200": 143.61833911895752,
        "sma50": 148.67476318359374,
        "rsi_weekly": 46.347068947829506,
        "rsi_monthly": 54.457108196191825,
        "52w_high": 183.47286987304688,
        "52w_low": 0
    },
    "DTE": {
        "close": 129.88999938964844,
        "sma200": 133.54714591979982,
        "sma50": 132.0630990600586,
        "rsi_weekly": 44.20354942744924,
        "rsi_monthly": 62.681497252905814,
        "52w_high": 142.03366088867188,
        "52w_low": 0
    },
    "DUK": {
        "close": 116.80000305175781,
        "sma200": 118.85230735778809,
        "sma50": 119.55355529785156,
        "rsi_weekly": 45.238193877423754,
        "rsi_monthly": 51.12223351228529,
        "52w_high": 127.91812133789062,
        "52w_low": 0
    },
    "DD": {
        "close": 43.810001373291016,
        "sma200": 32.30097713470459,
        "sma50": 39.78951461791992,
        "rsi_weekly": 70.69921398328837,
        "rsi_monthly": 79.41051005480224,
        "52w_high": 43.810001373291016,
        "52w_low": 0
    },
    "EMN": {
        "close": 68.76000213623047,
        "sma200": 68.59201169967652,
        "sma50": 61.63924743652344,
        "rsi_weekly": 47.80149608863636,
        "rsi_monthly": 46.11037235905033,
        "52w_high": 98.89759063720703,
        "52w_low": 0
    },
    "ETN": {
        "close": 324.510009765625,
        "sma200": 340.0106809234619,
        "sma50": 342.7336016845703,
        "rsi_weekly": 42.94230046961153,
        "rsi_monthly": 63.99907186876026,
        "52w_high": 391.6195373535156,
        "52w_low": 0
    },
    "EBAY": {
        "close": 90.91000366210938,
        "sma200": 81.57961055755615,
        "sma50": 84.41176528930664,
        "rsi_weekly": 54.267531592880815,
        "rsi_monthly": 78.55947326301762,
        "52w_high": 100.1019287109375,
        "52w_low": 0
    },
    "ECL": {
        "close": 271.7300109863281,
        "sma200": 262.80886054992675,
        "sma50": 262.53443756103513,
        "rsi_weekly": 48.58598807046497,
        "rsi_monthly": 71.90331761218195,
        "52w_high": 283.9881286621094,
        "52w_low": 0
    },
    "EIX": {
        "close": 60.9900016784668,
        "sma200": 53.92523113250732,
        "sma50": 57.57245361328125,
        "rsi_weekly": 61.90848518449987,
        "rsi_monthly": 50.73292868420103,
        "52w_high": 65.38971710205078,
        "52w_low": 0
    },
    "EW": {
        "close": 85.12999725341797,
        "sma200": 78.36140014648437,
        "sma50": 84.8731999206543,
        "rsi_weekly": 58.50741983235858,
        "rsi_monthly": 70.0985485603512,
        "52w_high": 86.94000244140625,
        "52w_low": 0
    },
    "EA": {
        "close": 204.10000610351562,
        "sma200": 172.15623970031737,
        "sma50": 202.58791778564452,
        "rsi_weekly": 77.49164137270924,
        "rsi_monthly": 73.75148310212631,
        "52w_high": 204.7899932861328,
        "52w_low": 0
    },
    "ELV": {
        "close": 372.8299865722656,
        "sma200": 348.83525680541993,
        "sma50": 336.306337890625,
        "rsi_weekly": 54.63577982967005,
        "rsi_monthly": 44.34685462594493,
        "52w_high": 445.9587097167969,
        "52w_low": 0
    },
    "EMR": {
        "close": 144.1999969482422,
        "sma200": 127.37406826019287,
        "sma50": 134.16196517944337,
        "rsi_weekly": 55.00583831807637,
        "rsi_monthly": 71.20907491603293,
        "52w_high": 148.3981170654297,
        "52w_low": 0
    },
    "ENPH": {
        "close": 35.220001220703125,
        "sma200": 38.835000123977665,
        "sma50": 30.99599998474121,
        "rsi_weekly": 44.629281240762246,
        "rsi_monthly": 57.780371298458256,
        "52w_high": 69.66000366210938,
        "52w_low": 0
    },
    "EOG": {
        "close": 104.91999816894531,
        "sma200": 112.44364734649658,
        "sma50": 106.71079986572266,
        "rsi_weekly": 45.62343818566963,
        "rsi_monthly": 43.56585521257392,
        "52w_high": 133.43553161621094,
        "52w_low": 0
    },
    "EPAM": {
        "close": 211.92999267578125,
        "sma200": 171.22765007019044,
        "sma50": 193.18360046386718,
        "rsi_weekly": 60.22219603839754,
        "rsi_monthly": 60.32420314482,
        "52w_high": 267.6300048828125,
        "52w_low": 0
    },
    "EQT": {
        "close": 51.09000015258789,
        "sma200": 54.04436716079712,
        "sma50": 56.36047348022461,
        "rsi_weekly": 47.747863364001844,
        "rsi_monthly": 62.600800855422186,
        "52w_high": 61.16999816894531,
        "52w_low": 0
    },
    "EFX": {
        "close": 226.9600067138672,
        "sma200": 239.86879608154297,
        "sma50": 213.2427328491211,
        "rsi_weekly": 40.052940142491856,
        "rsi_monthly": 59.09307612365904,
        "52w_high": 278.7853698730469,
        "52w_low": 0
    },