{
    "last_scan_index": 175,
    "AAPL": {
        "close": 247.64999389648438,
        "sma200": 234.09551811218262,
        "sma50": 270.59339813232424,
        "rsi_weekly": 51.0596590573917,
        "rsi_monthly": 65.05593653213957,
        "52w_high": 286.19000244140625,
        "52w_low": 0
    },
    "NVDA": {
        "close": 183.32000732421875,
        "sma200": 164.78818420410155,
        "sma50": 184.11609985351564,
        "rsi_weekly": 56.61352271965696,
        "rsi_monthly": 76.36247503229286,
        "52w_high": 207.02847290039062,
        "52w_low": 0
    },
    "TSLA": {
        "close": 431.44000244140625,
        "sma200": 370.62715034484864,
        "sma50": 441.9230017089844,
        "rsi_weekly": 55.767272209839355,
        "rsi_monthly": 70.21254147643917,
        "52w_high": 489.8800048828125,
        "52w_low": 0
    },
    "MSFT": {
        "close": 444.1099853515625,
        "sma200": 481.79203170776367,
        "sma50": 482.55295227050783,
        "rsi_weekly": 40.972927599456,
        "rsi_monthly": 64.94485747879965,
        "52w_high": 541.057373046875,
        "52w_low": 0
    },
    "AMD": {
        "close": 249.8000030517578,
        "sma200": 170.11574981689452,
        "sma50": 220.27120025634767,
        "rsi_weekly": 60.57175331207617,
        "rsi_monthly": 69.38721493424931,
        "52w_high": 264.3299865722656,
        "52w_low": 0
    },
    "DG": {
        "close": 147.16000366210938,
        "sma200": 108.67450893402099,
        "sma50": 125.65888366699218,
        "rsi_weekly": 79.1647055749142,
        "rsi_monthly": 72.0882664682372,
        "52w_high": 151.72999572753906,
        "52w_low": 0
    },
    "DLTR": {
        "close": 132.94000244140625,
        "sma200": 102.93105010986328,
        "sma50": 120.22679977416992,
        "rsi_weekly": 74.89326967554878,
        "rsi_monthly": 72.23544045212721,
        "52w_high": 141.2100067138672,
        "52w_low": 0
    },
    "D": {
        "close": 60.91999816894531,
        "sma200": 57.2964729309082,
        "sma50": 59.58571212768555,
        "rsi_weekly": 57.52644810434104,
        "rsi_monthly": 69.14499262474108,
        "52w_high": 62.06929016113281,
        "52w_low": 0
    },
    "DPZ": {
        "close": 398.9200134277344,
        "sma200": 440.69265274047854,
        "sma50": 414.9530389404297,
        "rsi_weekly": 39.299948209496534,
        "rsi_monthly": 54.82104971157325,
        "52w_high": 491.703125,
        "52w_low": 0
    },
    "DOV": {
        "close": 208.5500030517578,
        "sma200": 179.5108065032959,
        "sma50": 193.3644854736328,
        "rsi_weekly": 68.27627267944415,
        "rsi_monthly": 72.21390924409707,
        "52w_high": 208.5500030517578,
        "52w_low": 0
    },
    "DOW": {
        "close": 28.40999984741211,
        "sma200": 24.925423011779785,
        "sma50": 23.806699409484864,
        "rsi_weekly": 58.68457107008432,
        "rsi_monthly": 39.8467414177678,
        "52w_high": 39.00429153442383,
        "52w_low": 0
    },
    "DHI": {
        "close": 158.11000061035156,
        "sma200": 144.74692958831787,
        "sma50": 150.3445086669922,
        "rsi_weekly": 53.28441933147348,
        "rsi_monthly": 54.45710812020335,
        "52w_high": 183.47286987304688,
        "52w_low": 0
    },
    "DTE": {
        "close": 137.07000732421875,
        "sma200": 133.5567547607422,
        "sma50": 132.06124633789062,
        "rsi_weekly": 55.221758588337316,
        "rsi_monthly": 62.68147316726124,
        "52w_high": 142.03366088867188,
        "52w_low": 0
    },
    "DUK": {
        "close": 119.37000274658203,
        "sma200": 118.9024589920044,
        "sma50": 118.91833480834961,
        "rsi_weekly": 50.067039542558064,
        "rsi_monthly": 51.12223395074021,
        "52w_high": 127.91812133789062,
        "52w_low": 0
    },
    "DD": {
        "close": 43.380001068115234,
        "sma200": 32.74275724411011,
        "sma50": 40.7785083770752,
        "rsi_weekly": 71.54278849847492,
        "rsi_monthly": 79.41051512016209,
        "52w_high": 43.810001373291016,
        "52w_low": 0
    },
    "EMN": {
        "close": 68.30000305175781,
        "sma200": 68.04566831588745,
        "sma50": 62.936918869018555,
        "rsi_weekly": 54.95367703384216,
        "rsi_monthly": 46.110386046817574,
        "52w_high": 98.8975830078125,
        "52w_low": 0
    },
    "ETN": {
        "close": 337.9599914550781,
        "sma200": 342.1300119018555,
        "sma50": 336.0506018066406,
        "rsi_weekly": 50.14756296516701,
        "rsi_monthly": 63.9990805533145,
        "52w_high": 391.6195373535156,
        "52w_low": 0
    },
    "EBAY": {
        "close": 92.81999969482422,
        "sma200": 82.53368648529053,
        "sma50": 85.7297119140625,
        "rsi_weekly": 61.14717341257911,
        "rsi_monthly": 78.55947412989171,
        "52w_high": 100.1019287109375,
        "52w_low": 0
    },
    "ECL": {
        "close": 279.8599853515625,
        "sma200": 263.6840617370606,
        "sma50": 265.210632019043,
        "rsi_weekly": 57.53102712936192,
        "rsi_monthly": 71.90330687859644,
        "52w_high": 283.9881286621094,
        "52w_low": 0
    },
    "EIX": {
        "close": 60.41999816894531,
        "sma200": 54.132789039611815,
        "sma50": 58.41938484191895,
        "rsi_weekly": 66.90127629323489,
        "rsi_monthly": 50.732962877159615,
        "52w_high": 62.38999938964844,
        "52w_low": 0
    },
    "EW": {
        "close": 85.13999938964844,
        "sma200": 78.78550003051758,
        "sma50": 84.99859970092774,
        "rsi_weekly": 56.35744798082777,
        "rsi_monthly": 70.0985485603512,
        "52w_high": 86.94000244140625,
        "52w_low": 0
    },
    "EA": {
        "close": 204.14999389648438,
        "sma200": 174.24652183532714,
        "sma50": 203.16132934570314,
        "rsi_weekly": 76.80350394547874,
        "rsi_monthly": 73.75149595869419,
        "52w_high": 204.7899932861328,
        "52w_low": 0
    },
    "ELV": {
        "close": 369.8800048828125,
        "sma200": 346.9020327758789,
        "sma50": 344.02363342285156,
        "rsi_weekly": 60.266545889108,
        "rsi_monthly": 44.34685242784645,
        "52w_high": 445.95867919921875,
        "52w_low": 0
    },
    "EMR": {
        "close": 149.57000732421875,
        "sma200": 128.74611522674562,
        "sma50": 135.79644393920898,
        "rsi_weekly": 65.5014085690844,
        "rsi_monthly": 71.20909227650198,
        "52w_high": 149.57000732421875,
        "52w_low": 0
    },
    "ENPH": {
        "close": 35.970001220703125,
        "sma200": 37.94385012626648,
        "sma50": 31.722800025939943,
        "rsi_weekly": 47.24872962525377,
        "rsi_monthly": 57.780371298458256,
        "52w_high": 66.51000213623047,
        "52w_low": 0
    },
    "EOG": {
        "close": 108.05000305175781,
        "sma200": 110.83010768890381,
        "sma50": 106.02958084106446,
        "rsi_weekly": 45.03158903045531,
        "rsi_monthly": 43.5658355617264,
        "52w_high": 131.17752075195312,
        "52w_low": 0
    },
    "EPAM": {
        "close": 212.9499969482422,
        "sma200": 172.7848001861572,
        "sma50": 200.34120056152344,
        "rsi_weekly": 64.89719925195209,
        "rsi_monthly": 60.32420314482,
        "52w_high": 267.6300048828125,
        "52w_low": 0
    },
    "EQT": {
        "close": 54.83000183105469,
        "sma200": 54.003508224487305,
        "sma50": 55.955599822998046,
        "rsi_weekly": 42.58222412756161,
        "rsi_monthly": 62.60078975370209,
        "52w_high": 61.16999816894531,
        "52w_low": 0
    },
    "EFX": {
        "close": 212.00999450683594,
        "sma200": 239.04903106689454,
        "sma50": 214.33516815185547,
        "rsi_weekly": 44.57058773368509,
        "rsi_monthly": 59.093098466873634,
        "52w_high": 278.7853698730469,
        "52w_low": 0
    },