{
    "last_scan_index": 200,
    "AAPL": {
        "close": 259.3699951171875,
        "sma200": 232.80100151062013,
        "sma50": 272.57918151855466,
        "rsi_weekly": 63.04886230970325,
        "rsi_monthly": 65.05594870866425,
        "52w_high": 286.19000244140625,
        "52w_low": 0
    },
    "NVDA": {
        "close": 184.86000061035156,
        "sma200": 162.1727394104004,
        "sma50": 186.36893981933594,
        "rsi_weekly": 58.64870603133344,
        "rsi_monthly": 76.36246962626511,
        "52w_high": 207.02847290039062,
        "52w_low": 0
    },
    "TSLA": {
        "close": 445.010009765625,
        "sma200": 364.7485501861572,
        "sma50": 444.2562017822266,
        "rsi_weekly": 56.31157929953819,
        "rsi_monthly": 70.21254147643917,
        "52w_high": 489.8800048828125,
        "52w_low": 0
    },
    "MSFT": {
        "close": 479.2799987792969,
        "sma200": 478.969786529541,
        "sma50": 490.38487426757814,
        "rsi_weekly": 44.490724335703014,
        "rsi_monthly": 64.94486630955305,
        "52w_high": 541.057373046875,
        "52w_low": 0
    },
    "AMD": {
        "close": 203.1699981689453,
        "sma200": 165.75879978179933,
        "sma50": 223.97699920654296,
        "rsi_weekly": 60.71614808686848,
        "rsi_monthly": 69.38721493424931,
        "52w_high": 264.3299865722656,
        "52w_low": 0
    },
    "EQR": {
        "close": 60.439998626708984,
        "sma200": 63.783013095855715,
        "sma50": 60.30488716125488,
        "rsi_weekly": 48.58495410875616,
        "rsi_monthly": 48.424640065269834,
        "52w_high": 71.96407318115234,
        "52w_low": 0
    },
    "ESS": {
        "close": 251.02000427246094,
        "sma200": 265.0037732696533,
        "sma50": 255.15129302978517,
        "rsi_weekly": 46.938239058162075,
        "rsi_monthly": 48.80838652669341,
        "52w_high": 302.4346923828125,
        "52w_low": 0
    },
    "EL": {
        "close": 113.7300033569336,
        "sma200": 83.59459770202636,
        "sma50": 99.06586700439453,
        "rsi_weekly": 65.8898420647502,
        "rsi_monthly": 68.64615302718417,
        "52w_high": 113.7300033569336,
        "52w_low": 0
    },
    "ETR": {
        "close": 93.5199966430664,
        "sma200": 87.7624486541748,
        "sma50": 94.01880615234376,
        "rsi_weekly": 57.685341286714646,
        "rsi_monthly": 76.1506503092553,
        "52w_high": 97.5199966430664,
        "52w_low": 0
    },
    "EVRG": {
        "close": 72.81999969482422,
        "sma200": 70.45448686599731,
        "sma50": 74.5370736694336,
        "rsi_weekly": 52.22321712186631,
        "rsi_monthly": 62.14402804662738,
        "52w_high": 78.00737762451172,
        "52w_low": 0
    },
    "ES": {
        "close": 67.79000091552734,
        "sma200": 64.56175706863404,
        "sma50": 68.32439315795898,
        "rsi_weekly": 53.74134030196504,
        "rsi_monthly": 69.25085094050411,
        "52w_high": 74.04946899414062,
        "52w_low": 0
    },
    "EXC": {
        "close": 43.29999923706055,
        "sma200": 44.10926300048828,
        "sma50": 44.749764404296876,
        "rsi_weekly": 48.02005092624154,
        "rsi_monthly": 64.00483763564715,
        "52w_high": 47.82242965698242,
        "52w_low": 0
    },
    "EXPE": {
        "close": 296.3299865722656,
        "sma200": 205.31111877441407,
        "sma50": 263.9811041259766,
        "rsi_weekly": 73.10141343187459,
        "rsi_monthly": 68.7335538644679,
        "52w_high": 301.30999755859375,
        "52w_low": 0
    },
    "EXPD": {
        "close": 158.88999938964844,
        "sma200": 122.6839353942871,
        "sma50": 144.88882263183595,
        "rsi_weekly": 73.95420425851898,
        "rsi_monthly": 57.16396989996999,
        "52w_high": 158.88999938964844,
        "52w_low": 0
    },
    "EXR": {
        "close": 139.1999969482422,
        "sma200": 138.7339737701416,
        "sma50": 130.96332458496093,
        "rsi_weekly": 43.025038421368265,
        "rsi_monthly": 37.894146179642846,
        "52w_high": 154.12899780273438,
        "52w_low": 0
    },
    "XOM": {
        "close": 124.61000061035156,
        "sma200": 110.4354472732544,
        "sma50": 117.63551040649413,
        "rsi_weekly": 62.84308509498402,
        "rsi_monthly": 69.64758769898569,
        "52w_high": 125.36000061035156,
        "52w_low": 0
    },
    "FFIV": {
        "close": 269.30999755859375,
        "sma200": 285.2925015258789,
        "sma50": 250.1034014892578,
        "rsi_weekly": 41.94156701309874,
        "rsi_monthly": 54.25150740359023,
        "52w_high": 343.1700134277344,
        "52w_low": 0
    },
    "FDS": {
        "close": 294.45001220703125,
        "sma200": 363.38249496459963,
        "sma50": 279.8749047851563,
        "rsi_weekly": 33.47287513732113,
        "rsi_monthly": 24.446312378116286,
        "52w_high": 469.9656677246094,
        "52w_low": 0
    },
    "FICO": {
        "close": 1665.530029296875,
        "sma200": 1699.9996997070311,
        "sma50": 1727.670595703125,
        "rsi_weekly": 46.47769470043758,
        "rsi_monthly": 56.750432779784276,
        "52w_high": 2206.010009765625,
        "52w_low": 0
    },
    "FAST": {
        "close": 41.97999954223633,
        "sma200": 42.90146181106567,
        "sma50": 41.03860015869141,
        "rsi_weekly": 41.55769041982054,
        "rsi_monthly": 61.338297705186285,
        "52w_high": 50.12940216064453,
        "52w_low": 0
    },
    "FRT": {
        "close": 101.63999938964844,
        "sma200": 94.59949058532715,
        "sma50": 97.66564636230468,
        "rsi_weekly": 54.15613682167124,
        "rsi_monthly": 50.98434839334017,
        "52w_high": 106.85188293457031,
        "52w_low": 0
    },
    "FDX": {
        "close": 312.3599853515625,
        "sma200": 237.38851432800294,
        "sma50": 276.0189465332031,
        "rsi_weekly": 70.17405561993994,
        "rsi_monthly": 66.61323350751323,
        "52w_high": 312.3599853515625,
        "52w_low": 0
    },
    "FIS": {
        "close": 66.83999633789062,
        "sma200": 71.29936588287353,
        "sma50": 65.29156776428222,
        "rsi_weekly": 43.12166437841806,
        "rsi_monthly": 60.575134339107905,
        "52w_high": 81.56632995605469,
        "52w_low": 0
    },
    "FITB": {
        "close": 49.27000045776367,
        "sma200": 41.309060668945314,
        "sma50": 44.8226944732666,
        "rsi_weekly": 65.68281054294064,
        "rsi_monthly": 64.90442657281504,
        "52w_high": 49.81999969482422,
        "52w_low": 0
    },
    "FSLR": {
        "close": 238.66000366210938,
        "sma200": 198.1335004425049,
        "sma50": 260.89080108642577,
        "rsi_weekly": 67.3102974701752,
        "rsi_monthly": 68.47152006392845,
        "52w_high": 284.5899963378906,
        "52w_low": 0
    },
    "FE": {
        "close": 44.650001525878906,
        "sma200": 42.703797607421876,
        "sma50": 45.415201110839845,
        "rsi_weekly": 56.38797329870487,
        "rsi_monthly": 64.35216373635008,
        "52w_high": 47.720001220703125,
        "52w_low": 0
    },
    "FI": {
        "close": 69.8499984741211,
        "sma200": 135.30060007095338,
        "sma50": 65.52139976501465,
        "rsi_weekly": 20.410728362895103,
        "rsi_monthly": 34.37085931155524,
        "52w_high": 237.7899932861328,
        "52w_low": 0
    },
    "FMC": {
        "close": 15.199999809265137,
        "sma200": 31.388015031814575,
        "sma50": 13.944084892272949,
        "rsi_weekly": 28.028265884262996,
        "rsi_monthly": 23.117874093581296,
        "52w_high": 53.59580612182617,
        "52w_low": 0
    },
    "F": {
        "close": 14.199999809265137,
        "sma200": 11.397586150169372,
        "sma50": 13.249286804199219,
        "rsi_weekly": 60.367896415693764,
        "rsi_monthly": 79.14171651302638,
        "52w_high": 14.399999618530273,
        "52w_low": 0
    },