{
    "last_scan_index": 125,
    "AAPL": {
        "close": 255.52999877929688,
        "sma200": 233.75189094543458,
        "sma50": 271.494140625,
        "rsi_weekly": 53.76185320884305,
        "rsi_monthly": 65.05596866951585,
        "52w_high": 286.19000244140625,
        "52w_low": 0
    },
    "NVDA": {
        "close": 186.22999572753906,
        "sma200": 164.0421413421631,
        "sma50": 184.55367309570312,
        "rsi_weekly": 55.83253747050952,
        "rsi_monthly": 76.36247675953729,
        "52w_high": 207.02847290039062,
        "52w_low": 0
    },
    "TSLA": {
        "close": 437.5,
        "sma200": 369.1239003753662,
        "sma50": 443.0688018798828,
        "rsi_weekly": 57.433070397524055,
        "rsi_monthly": 70.21254147643917,
        "52w_high": 489.8800048828125,
        "52w_low": 0
    },
    "MSFT": {
        "close": 459.8599853515625,
        "sma200": 481.05499618530274,
        "sma50": 484.6280310058594,
        "rsi_weekly": 46.92493290765914,
        "rsi_monthly": 64.94487606370319,
        "52w_high": 541.057373046875,
        "52w_low": 0
    },
    "AMD": {
        "close": 231.8300018310547,
        "sma200": 168.69094982147217,
        "sma50": 220.51739990234375,
        "rsi_weekly": 52.90812131363197,
        "rsi_monthly": 69.38721493424931,
        "52w_high": 264.3299865722656,
        "52w_low": 0
    },
    "SCHW": {
        "close": 103.81999969482422,
        "sma200": 91.57968978881836,
        "sma50": 96.90997894287109,
        "rsi_weekly": 63.906743580898755,
        "rsi_monthly": 78.24944307680494,
        "52w_high": 103.81999969482422,
        "52w_low": 0
    },
    "CHTR": {
        "close": 189.75999450683594,
        "sma200": 296.73294952392575,
        "sma50": 205.66580017089845,
        "rsi_weekly": 30.930561054355163,
        "rsi_monthly": 21.08980984965178,
        "52w_high": 427.25,
        "52w_low": 0
    },
    "CVX": {
        "close": 166.25999450683594,
        "sma200": 147.72648506164552,
        "sma50": 153.31429626464845,
        "rsi_weekly": 61.81896352725431,
        "rsi_monthly": 61.371063440276316,
        "52w_high": 167.24000549316406,
        "52w_low": 0
    },
    "CMG": {
        "close": 39.959999084472656,
        "sma200": 43.66220006942749,
        "sma50": 35.14859996795654,
        "rsi_weekly": 50.19230654492072,
        "rsi_monthly": 52.18402279312576,
        "52w_high": 59.02000045776367,
        "52w_low": 0
    },
    "CB": {
        "close": 300.7699890136719,
        "sma200": 285.95385848999024,
        "sma50": 301.8632000732422,
        "rsi_weekly": 61.65911363283863,
        "rsi_monthly": 68.4072465784171,
        "52w_high": 315.19000244140625,
        "52w_low": 0
    },
    "CHD": {
        "close": 90.61000061035156,
        "sma200": 91.67631641387939,
        "sma50": 84.89330856323242,
        "rsi_weekly": 43.222456739544064,
        "rsi_monthly": 33.92563218837163,
        "52w_high": 112.09139251708984,
        "52w_low": 0
    },
    "CI": {
        "close": 272.2099914550781,
        "sma200": 295.38211585998533,
        "sma50": 272.0897821044922,
        "rsi_weekly": 47.482639031719984,
        "rsi_monthly": 58.47677498471291,
        "52w_high": 334.8284606933594,
        "52w_low": 0
    },
    "CINF": {
        "close": 162.17999267578125,
        "sma200": 151.57234111785888,
        "sma50": 163.81258514404297,
        "rsi_weekly": 57.327274719900686,
        "rsi_monthly": 71.27550222095681,
        "52w_high": 167.6038055419922,
        "52w_low": 0
    },
    "CTAS": {
        "close": 195.4199981689453,
        "sma200": 204.14264503479004,
        "sma50": 187.34833862304689,
        "rsi_weekly": 47.49401416345447,
        "rsi_monthly": 55.73670117082646,
        "52w_high": 226.6531219482422,
        "52w_low": 0
    },
    "CSCO": {
        "close": 75.19000244140625,
        "sma200": 67.7122561454773,
        "sma50": 75.99212005615234,
        "rsi_weekly": 56.06100232328777,
        "rsi_monthly": 70.43624926887786,
        "52w_high": 79.82286071777344,
        "52w_low": 0
    },
    "C": {
        "close": 118.04000091552734,
        "sma200": 91.55463766098022,
        "sma50": 109.91440002441406,
        "rsi_weekly": 76.66044004936782,
        "rsi_monthly": 85.96275959815648,
        "52w_high": 123.30000305175781,
        "52w_low": 0
    },
    "CFG": {
        "close": 60.81999969482422,
        "sma200": 47.972523040771485,
        "sma50": 56.44499977111816,
        "rsi_weekly": 75.23681176811085,
        "rsi_monthly": 67.27665020402497,
        "52w_high": 62.13999938964844,
        "52w_low": 0
    },
    "CLX": {
        "close": 109.9800033569336,
        "sma200": 119.29219570159913,
        "sma50": 103.4684001159668,
        "rsi_weekly": 40.71138146972981,
        "rsi_monthly": 43.51628135309321,
        "52w_high": 156.63063049316406,
        "52w_low": 0
    },
    "CME": {
        "close": 279.5,
        "sma200": 269.7801549530029,
        "sma50": 273.25911804199217,
        "rsi_weekly": 46.02424857853304,
        "rsi_monthly": 75.62490199936408,
        "52w_high": 286.6857604980469,
        "52w_low": 0
    },
    "CMS": {
        "close": 71.68000030517578,
        "sma200": 71.13425270080566,
        "sma50": 71.68324630737305,
        "rsi_weekly": 44.774681477158815,
        "rsi_monthly": 59.34189029423293,
        "52w_high": 75.44000244140625,
        "52w_low": 0
    },
    "KO": {
        "close": 70.44000244140625,
        "sma200": 69.05657470703125,
        "sma50": 70.34028030395508,
        "rsi_weekly": 55.558708273714025,
        "rsi_monthly": 61.85332567595418,
        "52w_high": 72.61000061035156,
        "52w_low": 0
    },
    "CTSH": {
        "close": 84.73999786376953,
        "sma200": 74.64324169158935,
        "sma50": 80.08865585327149,
        "rsi_weekly": 65.35161286314884,
        "rsi_monthly": 62.66012725564646,
        "52w_high": 89.25666809082031,
        "52w_low": 0
    },
    "CL": {
        "close": 84.5199966430664,
        "sma200": 84.042018699646,
        "sma50": 79.24220031738281,
        "rsi_weekly": 50.403090640280816,
        "rsi_monthly": 48.32810270644774,
        "52w_high": 95.7378921508789,
        "52w_low": 0
    },
    "CMCSA": {
        "close": 27.81999969482422,
        "sma200": 29.39745966911316,
        "sma50": 26.332965202331543,
        "rsi_weekly": 49.838378213921594,
        "rsi_monthly": 27.040934239381173,
        "52w_high": 34.411956787109375,
        "52w_low": 0
    },
    "CMA": {
        "close": 91.5999984741211,
        "sma200": 68.32952882766723,
        "sma50": 84.37321228027344,
        "rsi_weekly": 81.25453798514273,
        "rsi_monthly": 66.44886189464694,
        "52w_high": 92.55999755859375,
        "52w_low": 0
    },
    "CAG": {
        "close": 16.959999084472656,
        "sma200": 19.37860836982727,
        "sma50": 17.27060001373291,
        "rsi_weekly": 35.43612005429542,
        "rsi_monthly": 23.671469151948944,
        "52w_high": 26.194597244262695,
        "52w_low": 0
    },
    "COP": {
        "close": 98.19000244140625,
        "sma200": 90.7916160583496,
        "sma50": 92.27484420776368,
        "rsi_weekly": 57.38075800418633,
        "rsi_monthly": 49.074896984465916,
        "52w_high": 103.38456726074219,
        "52w_low": 0
    },
    "ED": {
        "close": 103.80999755859375,
        "sma200": 100.45676837921143,
        "sma50": 98.99016998291016,
        "rsi_weekly": 50.2946663592191,
        "rsi_monthly": 47.44180041932263,
        "52w_high": 110.50128173828125,
        "52w_low": 0
    },
    "STZ": {
        "close": 156.63999938964844,
        "sma200": 156.24301639556884,
        "sma50": 139.31580032348631,
        "rsi_weekly": 49.51569577836205,
        "rsi_monthly": 33.211488674665304,
        "52w_high": 192.97064208984375,
        "52w_low": 0
    },
    "CEG": {
        "close": 307.7099914550781,