{
    "last_scan_index": 400,
    "AAPL": {
        "close": 259.0400085449219,
        "sma200": 232.61908882141114,
        "sma50": 272.7665710449219,
        "rsi_weekly": 63.04886247078245,
        "rsi_monthly": 65.05589720462106,
        "52w_high": 286.19000244140625,
        "52w_low": 0
    },
    "NVDA": {
        "close": 185.0399932861328,
        "sma200": 161.85177986145018,
        "sma50": 186.69211608886718,
        "rsi_weekly": 58.64870581335696,
        "rsi_monthly": 76.36247307139188,
        "52w_high": 207.02847290039062,
        "52w_low": 0
    },
    "TSLA": {
        "close": 435.79998779296875,
        "sma200": 363.9642002105713,
        "sma50": 444.56700134277344,
        "rsi_weekly": 56.31157929953819,
        "rsi_monthly": 70.21254147643917,
        "52w_high": 489.8800048828125,
        "52w_low": 0
    },
    "MSFT": {
        "close": 478.1099853515625,
        "sma200": 478.5386521911621,
        "sma50": 491.6204217529297,
        "rsi_weekly": 44.49072410594952,
        "rsi_monthly": 64.94484521213182,
        "52w_high": 541.057373046875,
        "52w_low": 0
    },
    "AMD": {
        "close": 204.67999267578125,
        "sma200": 165.31699977874757,
        "sma50": 225.07379943847656,
        "rsi_weekly": 60.71614808686848,
        "rsi_monthly": 69.38721493424931,
        "52w_high": 264.3299865722656,
        "52w_low": 0
    },
    "PFG": {
        "close": 91.7300033569336,
        "sma200": 79.52599361419678,
        "sma50": 85.96718566894532,
        "rsi_weekly": 66.39217261488959,
        "rsi_monthly": 65.6860458987496,
        "52w_high": 91.80000305175781,
        "52w_low": 0
    },
    "PG": {
        "close": 141.52999877929688,
        "sma200": 154.1100975036621,
        "sma50": 145.39320068359376,
        "rsi_weekly": 36.02935368264243,
        "rsi_monthly": 42.9776722247064,
        "52w_high": 172.77017211914062,
        "52w_low": 0
    },
    "PGR": {
        "close": 213.14999389648438,
        "sma200": 233.72353401184083,
        "sma50": 209.94918579101562,
        "rsi_weekly": 43.61054484378605,
        "rsi_monthly": 56.73479768210217,
        "52w_high": 273.5130615234375,
        "52w_low": 0
    },
    "PLD": {
        "close": 128.38999938964844,
        "sma200": 111.90762378692627,
        "sma50": 126.13703048706054,
        "rsi_weekly": 65.38242763830868,
        "rsi_monthly": 67.48233217176116,
        "52w_high": 129.69000244140625,
        "52w_low": 0
    },
    "PRU": {
        "close": 118.72000122070312,
        "sma200": 103.84913814544677,
        "sma50": 109.71627380371093,
        "rsi_weekly": 62.16017163527625,
        "rsi_monthly": 65.30448248338894,
        "52w_high": 118.72000122070312,
        "52w_low": 0
    },
    "PEG": {
        "close": 77.43000030517578,
        "sma200": 80.83705554962158,
        "sma50": 80.47864547729492,
        "rsi_weekly": 49.659631007902185,
        "rsi_monthly": 65.55412619860883,
        "52w_high": 88.72160339355469,
        "52w_low": 0
    },
    "PTC": {
        "close": 173.57000732421875,
        "sma200": 182.97399993896485,
        "sma50": 178.06320098876952,
        "rsi_weekly": 38.26453870805651,
        "rsi_monthly": 48.49976701847694,
        "52w_high": 216.52999877929688,
        "52w_low": 0
    },
    "PSA": {
        "close": 271.1199951171875,
        "sma200": 281.6670639038086,
        "sma50": 268.78355224609373,
        "rsi_weekly": 37.56530313760237,
        "rsi_monthly": 43.13083632832592,
        "52w_high": 308.3981628417969,
        "52w_low": 0
    },
    "PHM": {
        "close": 123.16000366210938,
        "sma200": 115.43974433898926,
        "sma50": 121.07606460571289,
        "rsi_weekly": 47.884479803172184,
        "rsi_monthly": 55.686248178622115,
        "52w_high": 140.89910888671875,
        "52w_low": 0
    },
    "QRVO": {
        "close": 82.87999725341797,
        "sma200": 83.0924748802185,
        "sma50": 86.99659957885743,
        "rsi_weekly": 49.846131820847475,
        "rsi_monthly": 64.763389588317,
        "52w_high": 97.41999816894531,
        "52w_low": 0
    },
    "PWR": {
        "close": 413.1700134277344,
        "sma200": 381.63495796203614,
        "sma50": 442.0984197998047,
        "rsi_weekly": 59.74868071078718,
        "rsi_monthly": 75.22279610141314,
        "52w_high": 466.7882995605469,
        "52w_low": 0
    },
    "QCOM": {
        "close": 181.8699951171875,
        "sma200": 158.23317005157472,
        "sma50": 173.38671691894533,
        "rsi_weekly": 55.55491504197661,
        "rsi_monthly": 63.86820538992237,
        "52w_high": 186.72589111328125,
        "52w_low": 0
    },
    "DGX": {
        "close": 177.74000549316406,
        "sma200": 176.669408493042,
        "sma50": 181.09580047607423,
        "rsi_weekly": 44.644314765041024,
        "rsi_monthly": 52.72813291390126,
        "52w_high": 192.35000610351562,
        "52w_low": 0
    },
    "RL": {
        "close": 365.07000732421875,
        "sma200": 294.2790782928467,
        "sma50": 348.0724731445313,
        "rsi_weekly": 69.57392388330827,
        "rsi_monthly": 84.5263206426675,
        "52w_high": 370.76129150390625,
        "52w_low": 0
    },
    "RJF": {
        "close": 168.3800048828125,
        "sma200": 155.83482746124267,
        "sma50": 160.55134002685546,
        "rsi_weekly": 54.01232895768382,
        "rsi_monthly": 68.49607096687083,
        "52w_high": 175.32736206054688,
        "52w_low": 0
    },
    "RTX": {
        "close": 187.1699981689453,
        "sma200": 153.66339603424072,
        "sma50": 177.55485137939453,
        "rsi_weekly": 71.94547903215664,
        "rsi_monthly": 82.7318442590756,
        "52w_high": 190.39999389648438,
        "52w_low": 0
    },
    "O": {
        "close": 58.290000915527344,
        "sma200": 56.24402845382691,
        "sma50": 56.815995635986326,
        "rsi_weekly": 51.95001418559437,
        "rsi_monthly": 45.680351905358606,
        "52w_high": 59.78767013549805,
        "52w_low": 0
    },
    "REG": {
        "close": 70.62000274658203,
        "sma200": 69.65521398544311,
        "sma50": 68.84385055541992,
        "rsi_weekly": 45.54096643432954,
        "rsi_monthly": 51.84995123965263,
        "52w_high": 74.66251373291016,
        "52w_low": 0
    },
    "REGN": {
        "close": 801.010009765625,
        "sma200": 605.630390625,
        "sma50": 727.5521887207032,
        "rsi_weekly": 65.66468536849864,
        "rsi_monthly": 54.97004045433792,
        "52w_high": 812.27001953125,
        "52w_low": 0
    },
    "RF": {
        "close": 28.84000015258789,
        "sma200": 23.912694749832152,
        "sma50": 25.9721297454834,
        "rsi_weekly": 65.19409714661198,
        "rsi_monthly": 65.85490579765441,
        "52w_high": 28.84000015258789,
        "52w_low": 0
    },
    "RSG": {
        "close": 211.86000061035156,
        "sma200": 230.50121284484862,
        "sma50": 211.42525329589844,
        "rsi_weekly": 37.43997374354249,
        "rsi_monthly": 61.44735185804844,
        "52w_high": 255.99310302734375,
        "52w_low": 0
    },
    "RMD": {
        "close": 250.9199981689453,
        "sma200": 254.11317245483397,
        "sma50": 248.69392303466796,
        "rsi_weekly": 42.38613979648075,
        "rsi_monthly": 41.17321958304212,
        "52w_high": 293.03302001953125,
        "52w_low": 0
    },
    "RVTY": {
        "close": 101.70999908447266,
        "sma200": 94.11953773498536,
        "sma50": 97.55239974975586,
        "rsi_weekly": 52.23149793346815,
        "rsi_monthly": 49.667244077547885,
        "52w_high": 126.55815124511719,
        "52w_low": 0
    },
    "RHI": {
        "close": 28.459999084472656,
        "sma200": 36.12014183998108,
        "sma50": 26.908483810424805,
        "rsi_weekly": 29.917850064675523,
        "rsi_monthly": 25.4847429327251,
        "52w_high": 67.13591766357422,
        "52w_low": 0
    },