{
    "last_scan_index": 250,
    "AAPL": {
        "close": 247.64999389648438,
        "sma200": 234.09551811218262,
        "sma50": 270.59339813232424,
        "rsi_weekly": 51.05965908181344,
        "rsi_monthly": 65.05587722320648,
        "52w_high": 286.19000244140625,
        "52w_low": 0
    },
    "NVDA": {
        "close": 183.32000732421875,
        "sma200": 164.78818420410155,
        "sma50": 184.11609985351564,
        "rsi_weekly": 56.61352283033262,
        "rsi_monthly": 76.36247268736898,
        "52w_high": 207.02847290039062,
        "52w_low": 0
    },
    "TSLA": {
        "close": 431.44000244140625,
        "sma200": 370.62715034484864,
        "sma50": 441.9230017089844,
        "rsi_weekly": 55.767272209839355,
        "rsi_monthly": 70.21254147643917,
        "52w_high": 489.8800048828125,
        "52w_low": 0
    },
    "MSFT": {
        "close": 444.1099853515625,
        "sma200": 481.7920323181152,
        "sma50": 482.55295227050783,
        "rsi_weekly": 40.972928347495746,
        "rsi_monthly": 64.94486457432386,
        "52w_high": 541.057373046875,
        "52w_low": 0
    },
    "AMD": {
        "close": 249.8000030517578,
        "sma200": 170.11574981689452,
        "sma50": 220.27120025634767,
        "rsi_weekly": 60.57175331207617,
        "rsi_monthly": 69.38721493424931,
        "52w_high": 264.3299865722656,
        "52w_low": 0
    },
    "HSIC": {
        "close": 78.94000244140625,
        "sma200": 70.04095029830933,
        "sma50": 75.31280014038086,
        "rsi_weekly": 67.59872606462515,
        "rsi_monthly": 57.563536541611754,
        "52w_high": 81.91000366210938,
        "52w_low": 0
    },
    "HSY": {
        "close": 196.07000732421875,
        "sma200": 175.8037223815918,
        "sma50": 184.40878448486328,
        "rsi_weekly": 61.80088182071798,
        "rsi_monthly": 48.264848758772345,
        "52w_high": 201.07000732421875,
        "52w_low": 0
    },
    "HPE": {
        "close": 21.020000457763672,
        "sma200": 20.834906454086305,
        "sma50": 22.812544174194336,
        "rsi_weekly": 46.21283944375371,
        "rsi_monthly": 63.77688571510662,
        "52w_high": 26.093069076538086,
        "52w_low": 0
    },
    "HLT": {
        "close": 296.4599914550781,
        "sma200": 263.11596618652345,
        "sma50": 284.05414123535155,
        "rsi_weekly": 66.11334579298529,
        "rsi_monthly": 74.74448847432005,
        "52w_high": 301.8599853515625,
        "52w_low": 0
    },
    "HOLX": {
        "close": 75.13999938964844,
        "sma200": 67.15780029296874,
        "sma50": 74.73200042724609,
        "rsi_weekly": 68.40177441048473,
        "rsi_monthly": 52.631403956020975,
        "52w_high": 75.19000244140625,
        "52w_low": 0
    },
    "HD": {
        "close": 384.6400146484375,
        "sma200": 370.0300668334961,
        "sma50": 355.68895568847654,
        "rsi_weekly": 54.07653138837768,
        "rsi_monthly": 58.702747722267766,
        "52w_high": 420.69903564453125,
        "52w_low": 0
    },
    "HON": {
        "close": 219.1699981689453,
        "sma200": 201.20211196899413,
        "sma50": 198.141875,
        "rsi_weekly": 64.44394465204836,
        "rsi_monthly": 45.86197451668504,
        "52w_high": 224.0632781982422,
        "52w_low": 0
    },
    "HRL": {
        "close": 24.43000030517578,
        "sma200": 26.091821146011352,
        "sma50": 23.139925651550293,
        "rsi_weekly": 48.166515621131936,
        "rsi_monthly": 63.52093377036025,
        "52w_high": 30.466331481933594,
        "52w_low": 0
    },
    "HST": {
        "close": 18.68000030517578,
        "sma200": 15.951163125038146,
        "sma50": 17.718712196350097,
        "rsi_weekly": 65.99834967409485,
        "rsi_monthly": 71.2901553713921,
        "52w_high": 18.68000030517578,
        "52w_low": 0
    },
    "HWM": {
        "close": 225.0,
        "sma200": 181.7960746383667,
        "sma50": 205.52959991455077,
        "rsi_weekly": 70.88641194604355,
        "rsi_monthly": 86.11351611182371,
        "52w_high": 225.0,
        "52w_low": 0
    },
    "HPQ": {
        "close": 19.530000686645508,
        "sma200": 25.08604203224182,
        "sma50": 23.25655517578125,
        "rsi_weekly": 31.556586474562923,
        "rsi_monthly": 32.6416098852707,
        "52w_high": 33.246681213378906,
        "52w_low": 0
    },
    "HUBB": {
        "close": 482.5,
        "sma200": 416.78131057739256,
        "sma50": 447.9096746826172,
        "rsi_weekly": 67.01453167371393,
        "rsi_monthly": 70.8633857446933,
        "52w_high": 489.30999755859375,
        "52w_low": 0
    },
    "HUM": {
        "close": 270.6700134277344,
        "sma200": 257.6051214599609,
        "sma50": 255.33688568115235,
        "rsi_weekly": 53.75690206202716,
        "rsi_monthly": 35.127356074371534,
        "52w_high": 309.8533935546875,
        "52w_low": 0
    },
    "HBAN": {
        "close": 18.770000457763672,
        "sma200": 16.110743746757507,
        "sma50": 17.00367338180542,
        "rsi_weekly": 62.40146721532683,
        "rsi_monthly": 64.22570049771296,
        "52w_high": 18.770000457763672,
        "52w_low": 0
    },
    "HII": {
        "close": 422.67999267578125,
        "sma200": 274.5625926208496,
        "sma50": 340.1482995605469,
        "rsi_weekly": 86.02609244131533,
        "rsi_monthly": 77.36117066623116,
        "52w_high": 425.8999938964844,
        "52w_low": 0
    },
    "IBM": {
        "close": 297.5400085449219,
        "sma200": 273.2488688659668,
        "sma50": 303.2314013671875,
        "rsi_weekly": 60.43901943740404,
        "rsi_monthly": 67.61588023186503,
        "52w_high": 314.9800109863281,
        "52w_low": 0
    },
    "IEX": {
        "close": 199.05999755859375,
        "sma200": 171.8117091369629,
        "sma50": 176.92984344482423,
        "rsi_weekly": 69.16814855789606,
        "rsi_monthly": 64.96374512522053,
        "52w_high": 220.8609161376953,
        "52w_low": 0
    },
    "IDXX": {
        "close": 696.4600219726562,
        "sma200": 599.9131993103027,
        "sma50": 706.126796875,
        "rsi_weekly": 62.05196739796288,
        "rsi_monthly": 73.80787068804858,
        "52w_high": 766.6799926757812,
        "52w_low": 0
    },
    "ITW": {
        "close": 259.94000244140625,
        "sma200": 248.04737686157227,
        "sma50": 249.25402923583985,
        "rsi_weekly": 60.783901901698265,
        "rsi_monthly": 50.419343132732244,
        "52w_high": 267.7597961425781,
        "52w_low": 0
    },
    "ILMN": {
        "close": 152.47999572753906,
        "sma200": 102.69305046081543,
        "sma50": 132.88940063476562,
        "rsi_weekly": 70.69362856682675,
        "rsi_monthly": 52.99594791379708,
        "52w_high": 152.47999572753906,
        "52w_low": 0
    },
    "INCY": {
        "close": 104.66999816894531,
        "sma200": 81.80519994735718,
        "sma50": 102.39320037841797,
        "rsi_weekly": 65.60612082620649,
        "rsi_monthly": 71.27031840388001,
        "52w_high": 110.56999969482422,
        "52w_low": 0
    },
    "IR": {
        "close": 89.81999969482422,
        "sma200": 80.23962535858155,
        "sma50": 80.46520568847656,
        "rsi_weekly": 60.35224037857146,
        "rsi_monthly": 64.30780094753842,
        "52w_high": 94.13666534423828,
        "52w_low": 0
    },
    "PODD": {
        "close": 284.9599914550781,
        "sma200": 304.46000038146974,
        "sma50": 303.09080322265623,
        "rsi_weekly": 41.63950708478216,
        "rsi_monthly": 43.354514287478466,
        "52w_high": 352.82000732421875,
        "52w_low": 0
    },
    "INTC": {
        "close": 54.25,
        "sma200": 28.85809998512268,
        "sma50": 39.58520011901855,
        "rsi_weekly": 71.91904706311092,
        "rsi_monthly": 58.602442122534534,
        "52w_high": 54.25,
        "52w_low": 0
    }
}