{
    "last_scan_index": 275,
    "AAPL": {
        "close": 258.2099914550781,
        "sma200": 233.58638801574708,
        "sma50": 271.7791101074219,
        "rsi_weekly": 53.76185322544219,
        "rsi_monthly": 65.05595105579071,
        "52w_high": 286.19000244140625,
        "52w_low": 0
    },
    "NVDA": {
        "close": 187.0500030517578,
        "sma200": 163.66164138793945,
        "sma50": 184.80265197753906,
        "rsi_weekly": 55.83253758572399,
        "rsi_monthly": 76.36247598265508,
        "52w_high": 207.02847290039062,
        "52w_low": 0
    },
    "TSLA": {
        "close": 438.57000732421875,
        "sma200": 368.2787003326416,
        "sma50": 443.2040020751953,
        "rsi_weekly": 57.433070397524055,
        "rsi_monthly": 70.21254147643917,
        "52w_high": 489.8800048828125,
        "52w_low": 0
    },
    "MSFT": {
        "close": 456.6600036621094,
        "sma200": 480.65645645141603,
        "sma50": 485.6982153320312,
        "rsi_weekly": 46.92493282923319,
        "rsi_monthly": 64.94484825851096,
        "52w_high": 541.057373046875,
        "52w_low": 0
    },
    "AMD": {
        "close": 227.9199981689453,
        "sma200": 168.04569980621338,
        "sma50": 220.88179992675782,
        "rsi_weekly": 52.90812131363197,
        "rsi_monthly": 69.38721493424931,
        "52w_high": 264.3299865722656,
        "52w_low": 0
    },
    "ICE": {
        "close": 173.27999877929688,
        "sma200": 168.00751609802245,
        "sma50": 158.23566284179688,
        "rsi_weekly": 53.240607740407455,
        "rsi_monthly": 64.72604680304816,
        "52w_high": 187.36590576171875,
        "52w_low": 0
    },
    "IFF": {
        "close": 70.83000183105469,
        "sma200": 68.76527032852172,
        "sma50": 66.26517433166504,
        "rsi_weekly": 52.996120306431976,
        "rsi_monthly": 29.921296046970966,
        "52w_high": 85.71450805664062,
        "52w_low": 0
    },
    "INTU": {
        "close": 554.5800170898438,
        "sma200": 680.6240158081055,
        "sma50": 649.6617053222657,
        "rsi_weekly": 45.75150368832932,
        "rsi_monthly": 59.652237692537035,
        "52w_high": 804.435546875,
        "52w_low": 0
    },
    "ISRG": {
        "close": 541.3400268554688,
        "sma200": 514.547200164795,
        "sma50": 565.1342028808593,
        "rsi_weekly": 61.42482845175602,
        "rsi_monthly": 63.82447224376114,
        "52w_high": 610.4500122070312,
        "52w_low": 0
    },
    "IVZ": {
        "close": 29.389999389648438,
        "sma200": 20.093735389709472,
        "sma50": 25.646604537963867,
        "rsi_weekly": 81.98782244124594,
        "rsi_monthly": 75.09772981099641,
        "52w_high": 29.389999389648438,
        "52w_low": 0
    },
    "INVH": {
        "close": 27.059999465942383,
        "sma200": 29.96255033493042,
        "sma50": 27.27603202819824,
        "rsi_weekly": 36.13199608390176,
        "rsi_monthly": 48.21644482666995,
        "52w_high": 34.426910400390625,
        "52w_low": 0
    },
    "IQV": {
        "close": 241.27999877929688,
        "sma200": 186.45944999694825,
        "sma50": 225.73559997558593,
        "rsi_weekly": 69.11979473168655,
        "rsi_monthly": 73.87981808116163,
        "52w_high": 244.2899932861328,
        "52w_low": 0
    },
    "IRM": {
        "close": 92.66999816894531,
        "sma200": 92.90746089935303,
        "sma50": 86.90932907104492,
        "rsi_weekly": 47.46970004193186,
        "rsi_monthly": 59.96879729656492,
        "52w_high": 107.43501281738281,
        "52w_low": 0
    },
    "JBHT": {
        "close": 206.52000427246094,
        "sma200": 153.5117331314087,
        "sma50": 186.47054779052735,
        "rsi_weekly": 76.27185432796686,
        "rsi_monthly": 65.67222344877574,
        "52w_high": 206.85000610351562,
        "52w_low": 0
    },
    "JBL": {
        "close": 253.17999267578125,
        "sma200": 199.7154578399658,
        "sma50": 219.4765072631836,
        "rsi_weekly": 57.313149779343114,
        "rsi_monthly": 77.63877035253022,
        "52w_high": 253.17999267578125,
        "52w_low": 0
    },
    "JKHY": {
        "close": 191.25,
        "sma200": 169.91406105041503,
        "sma50": 177.57059631347656,
        "rsi_weekly": 63.95830108656417,
        "rsi_monthly": 67.08490653260449,
        "52w_high": 192.60000610351562,
        "52w_low": 0
    },
    "J": {
        "close": 141.5,
        "sma200": 137.59336231231688,
        "sma50": 139.91369018554687,
        "rsi_weekly": 49.597405292918296,
        "rsi_monthly": 64.20391807889747,
        "52w_high": 164.04388427734375,
        "52w_low": 0
    },
    "JNJ": {
        "close": 219.57000732421875,
        "sma200": 174.52393829345704,
        "sma50": 203.5235693359375,
        "rsi_weekly": 66.25157536648832,
        "rsi_monthly": 80.19773670342404,
        "52w_high": 219.57000732421875,
        "52w_low": 0
    },
    "JCI": {
        "close": 112.94999694824219,
        "sma200": 105.0791125869751,
        "sma50": 116.90379959106446,
        "rsi_weekly": 50.23312178942866,
        "rsi_monthly": 88.83884986254937,
        "52w_high": 122.66000366210938,
        "52w_low": 0
    },
    "JPM": {
        "close": 309.260009765625,
        "sma200": 287.0017566680908,
        "sma50": 313.7451062011719,
        "rsi_weekly": 67.00101017395106,
        "rsi_monthly": 84.61118491510672,
        "52w_high": 334.6099853515625,
        "52w_low": 0
    },
    "K": {
        "close": 83.44000244140625,
        "sma200": 80.34924072265625,
        "sma50": 82.65304901123046,
        "rsi_weekly": 68.33613465607537,
        "rsi_monthly": 86.62423441042897,
        "52w_high": 83.44999694824219,
        "52w_low": 0
    },
    "KVUE": {
        "close": 17.260000228881836,
        "sma200": 19.340113110542298,
        "sma50": 16.883960876464844,
        "rsi_weekly": 43.014343213245304,
        "rsi_monthly": 35.65682118332578,
        "52w_high": 23.699586868286133,
        "52w_low": 0
    },
    "KDP": {
        "close": 27.899999618530273,
        "sma200": 30.19386872291565,
        "sma50": 27.596500053405762,
        "rsi_weekly": 45.190581783202035,
        "rsi_monthly": 32.29932336226297,
        "52w_high": 34.856082916259766,
        "52w_low": 0
    },
    "KEY": {
        "close": 21.229999542236328,
        "sma200": 17.459408283233643,
        "sma50": 19.47553928375244,
        "rsi_weekly": 70.06416915616182,
        "rsi_monthly": 67.78411997511382,
        "52w_high": 21.56999969482422,
        "52w_low": 0
    },
    "KEYS": {
        "close": 214.5,
        "sma200": 170.4422998046875,
        "sma50": 198.00540008544922,
        "rsi_weekly": 66.29917277013719,
        "rsi_monthly": 71.44103933425825,
        "52w_high": 214.5,
        "52w_low": 0
    },
    "KMB": {
        "close": 100.41000366210938,
        "sma200": 121.04187496185303,
        "sma50": 101.82054412841796,
        "rsi_weekly": 28.04846256642555,
        "rsi_monthly": 35.427400561443534,
        "52w_high": 142.8666534423828,
        "52w_low": 0
    },
    "KIM": {
        "close": 20.780000686645508,
        "sma200": 20.638355588912965,
        "sma50": 20.2158113861084,
        "rsi_weekly": 47.820520914162834,
        "rsi_monthly": 44.267893593746145,
        "52w_high": 22.46935272216797,
        "52w_low": 0
    },
    "KMI": {
        "close": 27.40999984741211,
        "sma200": 26.902537145614623,
        "sma50": 27.007399978637697,
        "rsi_weekly": 51.168772830693506,
        "rsi_monthly": 67.71469787338435,
        "52w_high": 29.90215301513672,
        "52w_low": 0
    },
    "KLAC": {
        "close": 1544.9599609375,
        "sma200": 974.5543533325196,
        "sma50": 1238.24232421875,
        "rsi_weekly": 75.02660659248403,
        "rsi_monthly": 84.62336642236636,
        "52w_high": 1544.9599609375,
        "52w_low": 0
    }
}