{
    "last_scan_index": 125,
    "AAPL": {
        "close": 260.1099853515625,
        "sma200": 233.5958879852295,
        "sma50": 271.8171099853516,
        "rsi_weekly": 53.76185330370418,
        "rsi_monthly": 65.05595078509917,
        "52w_high": 286.19000244140625,
        "52w_low": 0
    },
    "NVDA": {
        "close": 188.55450439453125,
        "sma200": 163.6691638946533,
        "sma50": 184.83274200439453,
        "rsi_weekly": 55.83253752129235,
        "rsi_monthly": 76.36247607012699,
        "52w_high": 207.02847290039062,
        "52w_low": 0
    },
    "TSLA": {
        "close": 442.8900146484375,
        "sma200": 368.3003003692627,
        "sma50": 443.2904022216797,
        "rsi_weekly": 57.433070397524055,
        "rsi_monthly": 70.21254147643917,
        "52w_high": 489.8800048828125,
        "52w_low": 0
    },
    "MSFT": {
        "close": 459.4049987792969,
        "sma200": 480.6701809692383,
        "sma50": 485.753115234375,
        "rsi_weekly": 46.924932927313534,
        "rsi_monthly": 64.94486728563265,
        "52w_high": 541.057373046875,
        "52w_low": 0
    },
    "AMD": {
        "close": 234.8800048828125,
        "sma200": 168.0804998397827,
        "sma50": 221.02100006103515,
        "rsi_weekly": 52.90812131363197,
        "rsi_monthly": 69.38721493424931,
        "52w_high": 264.3299865722656,
        "52w_low": 0
    },
    "SCHW": {
        "close": 102.69000244140625,
        "sma200": 91.4451651763916,
        "sma50": 96.70366485595703,
        "rsi_weekly": 63.906743572480124,
        "rsi_monthly": 78.24944412049916,
        "52w_high": 103.73999786376953,
        "52w_low": 0
    },
    "CHTR": {
        "close": 195.2100067138672,
        "sma200": 297.64169960021974,
        "sma50": 206.30080047607422,
        "rsi_weekly": 30.930561054355163,
        "rsi_monthly": 21.08980984965178,
        "52w_high": 427.25,
        "52w_low": 0
    },
    "CVX": {
        "close": 165.7949981689453,
        "sma200": 147.70751411437988,
        "sma50": 153.01571197509764,
        "rsi_weekly": 61.818963215791264,
        "rsi_monthly": 61.371041121829926,
        "52w_high": 167.24000549316406,
        "52w_low": 0
    },
    "CMG": {
        "close": 40.220001220703125,
        "sma200": 43.72005006790161,
        "sma50": 34.98139999389648,
        "rsi_weekly": 50.19230654492072,
        "rsi_monthly": 52.18402279312576,
        "52w_high": 59.02000045776367,
        "52w_low": 0
    },
    "CB": {
        "close": 301.1700134277344,
        "sma200": 285.9522555541992,
        "sma50": 301.5620007324219,
        "rsi_weekly": 61.65911385145928,
        "rsi_monthly": 68.40724186828008,
        "52w_high": 315.19000244140625,
        "52w_low": 0
    },
    "CHD": {
        "close": 89.58000183105469,
        "sma200": 91.76100605010987,
        "sma50": 84.79009323120117,
        "rsi_weekly": 43.222456763056506,
        "rsi_monthly": 33.9255981965242,
        "52w_high": 112.09139251708984,
        "52w_low": 0
    },
    "CI": {
        "close": 270.4100036621094,
        "sma200": 295.61305046081543,
        "sma50": 271.7586145019531,
        "rsi_weekly": 47.48263901692418,
        "rsi_monthly": 58.476749114425466,
        "52w_high": 334.8284606933594,
        "52w_low": 0
    },
    "CINF": {
        "close": 164.57000732421875,
        "sma200": 151.49240715026855,
        "sma50": 163.72441528320311,
        "rsi_weekly": 57.32727506110658,
        "rsi_monthly": 71.27550296200704,
        "52w_high": 167.6038055419922,
        "52w_low": 0
    },
    "CTAS": {
        "close": 195.58999633789062,
        "sma200": 204.19846420288087,
        "sma50": 187.11352081298827,
        "rsi_weekly": 47.49401373643456,
        "rsi_monthly": 55.73673150652186,
        "52w_high": 226.6531219482422,
        "52w_low": 0
    },
    "CSCO": {
        "close": 75.86000061035156,
        "sma200": 67.64102647781372,
        "sma50": 75.93922149658204,
        "rsi_weekly": 56.06100151394743,
        "rsi_monthly": 70.43624707098611,
        "52w_high": 79.82286071777344,
        "52w_low": 0
    },
    "C": {
        "close": 115.7699966430664,
        "sma200": 91.30154294967652,
        "sma50": 109.54,
        "rsi_weekly": 76.66044047197093,
        "rsi_monthly": 85.96275101673544,
        "52w_high": 123.30000305175781,
        "52w_low": 0
    },
    "CFG": {
        "close": 60.130001068115234,
        "sma200": 47.86318906784058,
        "sma50": 56.23359977722168,
        "rsi_weekly": 75.23681174252549,
        "rsi_monthly": 67.27666092396196,
        "52w_high": 62.13999938964844,
        "52w_low": 0
    },
    "CLX": {
        "close": 110.26499938964844,
        "sma200": 119.4557590866089,
        "sma50": 103.45789993286132,
        "rsi_weekly": 40.7113817453861,
        "rsi_monthly": 43.516304485673345,
        "52w_high": 156.630615234375,
        "52w_low": 0
    },
    "CME": {
        "close": 273.95001220703125,
        "sma200": 269.6825038909912,
        "sma50": 273.0287371826172,
        "rsi_weekly": 46.02424801503071,
        "rsi_monthly": 75.62489232111527,
        "52w_high": 286.6857604980469,
        "52w_low": 0
    },
    "CMS": {
        "close": 71.04000091552734,
        "sma200": 71.142047996521,
        "sma50": 71.69269790649415,
        "rsi_weekly": 44.774682034038136,
        "rsi_monthly": 59.3418999207593,
        "52w_high": 75.44000244140625,
        "52w_low": 0
    },
    "KO": {
        "close": 71.25499725341797,
        "sma200": 69.05987728118896,
        "sma50": 70.31060241699218,
        "rsi_weekly": 55.55870766749492,
        "rsi_monthly": 61.853325140923495,
        "52w_high": 72.61000061035156,
        "52w_low": 0
    },
    "CTSH": {
        "close": 85.95500183105469,
        "sma200": 74.60267395019531,
        "sma50": 79.86641296386719,
        "rsi_weekly": 65.35161304454603,
        "rsi_monthly": 62.66009900789874,
        "52w_high": 89.25667572021484,
        "52w_low": 0
    },
    "CL": {
        "close": 83.62000274658203,
        "sma200": 84.07683341979981,
        "sma50": 79.06840057373047,
        "rsi_weekly": 50.4030906517146,
        "rsi_monthly": 48.32812853708172,
        "52w_high": 95.73789978027344,
        "52w_low": 0
    },
    "CMCSA": {
        "close": 28.420000076293945,
        "sma200": 29.423973503112794,
        "sma50": 26.286344757080077,
        "rsi_weekly": 49.838377712580666,
        "rsi_monthly": 27.04094271603374,
        "52w_high": 34.411956787109375,
        "52w_low": 0
    },
    "CMA": {
        "close": 91.07939910888672,
        "sma200": 68.15162912368774,
        "sma50": 84.06791763305664,
        "rsi_weekly": 81.25453810269683,
        "rsi_monthly": 66.44884992221498,
        "52w_high": 92.55999755859375,
        "52w_low": 0
    },
    "CAG": {
        "close": 16.985000610351562,
        "sma200": 19.41801957130432,
        "sma50": 17.26590003967285,
        "rsi_weekly": 35.43611677628008,
        "rsi_monthly": 23.671461331895046,
        "52w_high": 26.194599151611328,
        "52w_low": 0
    },
    "COP": {
        "close": 98.7699966430664,
        "sma200": 90.81332988739014,
        "sma50": 92.04988037109375,
        "rsi_weekly": 57.38075837802245,
        "rsi_monthly": 49.074879378617744,
        "52w_high": 103.38457489013672,
        "52w_low": 0
    },
    "ED": {
        "close": 101.6500015258789,
        "sma200": 100.46977485656738,
        "sma50": 98.83838775634766,
        "rsi_weekly": 50.2946662777854,
        "rsi_monthly": 47.4417993829393,
        "52w_high": 110.50128173828125,
        "52w_low": 0
    },
    "STZ": {
        "close": 156.9600067138672,
        "sma200": 156.35739658355712,
        "sma50": 138.73080032348633,
        "rsi_weekly": 49.515695629816044,
        "rsi_monthly": 33.21146550132855,
        "52w_high": 192.97064208984375,
        "52w_low": 0
    },
    "CEG": {
        "close": 339.3399963378906,