{
    "last_scan_index": 25,
    "AAPL": {
        "close": 255.52999877929688,
        "sma200": 233.75189094543458,
        "sma50": 271.494140625,
        "rsi_weekly": 53.76185324393309,
        "rsi_monthly": 65.05593479805388,
        "52w_high": 286.19000244140625,
        "52w_low": 0
    },
    "NVDA": {
        "close": 186.22999572753906,
        "sma200": 164.0421415710449,
        "sma50": 184.55367309570312,
        "rsi_weekly": 55.83253759371801,
        "rsi_monthly": 76.36247258219356,
        "52w_high": 207.02847290039062,
        "52w_low": 0
    },
    "TSLA": {
        "close": 437.5,
        "sma200": 369.1239003753662,
        "sma50": 443.0688018798828,
        "rsi_weekly": 57.433070397524055,
        "rsi_monthly": 70.21254147643917,
        "52w_high": 489.8800048828125,
        "52w_low": 0
    },
    "MSFT": {
        "close": 459.8599853515625,
        "sma200": 481.0549951171875,
        "sma50": 484.6280310058594,
        "rsi_weekly": 46.92493313835039,
        "rsi_monthly": 64.94484663375566,
        "52w_high": 541.057373046875,
        "52w_low": 0
    },
    "AMD": {
        "close": 231.8300018310547,
        "sma200": 168.69094982147217,
        "sma50": 220.51739990234375,
        "rsi_weekly": 52.90812131363197,
        "rsi_monthly": 69.38721493424931,
        "52w_high": 264.3299865722656,
        "52w_low": 0
    },
    "MMM": {
        "close": 167.8000030517578,
        "sma200": 153.4247727584839,
        "sma50": 166.07379272460938,
        "rsi_weekly": 56.6239756407279,
        "rsi_monthly": 66.94032695234934,
        "52w_high": 173.08999633789062,
        "52w_low": 0
    },
    "AOS": {
        "close": 72.4800033569336,
        "sma200": 67.83491708755493,
        "sma50": 67.33780029296875,
        "rsi_weekly": 55.93863632469049,
        "rsi_monthly": 58.820609392882396,
        "52w_high": 73.89897918701172,
        "52w_low": 0
    },
    "ABT": {
        "close": 121.76000213623047,
        "sma200": 128.60652233123778,
        "sma50": 125.34013717651368,
        "rsi_weekly": 46.2819118822541,
        "rsi_monthly": 62.307541956647995,
        "52w_high": 137.63742065429688,
        "52w_low": 0
    },
    "ABBV": {
        "close": 214.35000610351562,
        "sma200": 205.2826912689209,
        "sma50": 226.17099975585938,
        "rsi_weekly": 52.375226925138506,
        "rsi_monthly": 74.25423299501828,
        "52w_high": 242.630859375,
        "52w_low": 0
    },
    "ACN": {
        "close": 286.2099914550781,
        "sma200": 272.317769241333,
        "sma50": 263.1181997680664,
        "rsi_weekly": 57.518923742280144,
        "rsi_monthly": 46.79372315633995,
        "52w_high": 394.31280517578125,
        "52w_low": 0
    },
    "ADBE": {
        "close": 296.1199951171875,
        "sma200": 358.9327493286133,
        "sma50": 334.13239990234376,
        "rsi_weekly": 42.65774486200828,
        "rsi_monthly": 22.841396768378708,
        "52w_high": 464.1099853515625,
        "52w_low": 0
    },
    "AES": {
        "close": 14.1899995803833,
        "sma200": 12.52105405807495,
        "sma50": 14.017599964141846,
        "rsi_weekly": 57.726855221822305,
        "rsi_monthly": 41.76982233396738,
        "52w_high": 15.17705249786377,
        "52w_low": 0
    },
    "AFL": {
        "close": 109.51000213623047,
        "sma200": 106.11422969818115,
        "sma50": 110.50525680541992,
        "rsi_weekly": 52.585078283554196,
        "rsi_monthly": 53.162588021415225,
        "52w_high": 114.41313171386719,
        "52w_low": 0
    },
    "A": {
        "close": 139.63999938964844,
        "sma200": 125.9738690185547,
        "sma50": 144.42685302734375,
        "rsi_weekly": 61.20131325201684,
        "rsi_monthly": 59.249740863444615,
        "52w_high": 156.91954040527344,
        "52w_low": 0
    },
    "APD": {
        "close": 267.5299987792969,
        "sma200": 267.9884773254395,
        "sma50": 252.20006622314452,
        "rsi_weekly": 50.65602764280443,
        "rsi_monthly": 35.15970483115809,
        "52w_high": 329.2906494140625,
        "52w_low": 0
    },
    "ABNB": {
        "close": 130.66000366210938,
        "sma200": 127.3922501373291,
        "sma50": 127.30179992675781,
        "rsi_weekly": 59.28611905759668,
        "rsi_monthly": 64.48632187152391,
        "52w_high": 161.4199981689453,
        "52w_low": 0
    },
    "AKAM": {
        "close": 93.48999786376953,
        "sma200": 79.5559496307373,
        "sma50": 87.36339950561523,
        "rsi_weekly": 58.04833152690319,
        "rsi_monthly": 28.03165935349632,
        "52w_high": 102.0999984741211,
        "52w_low": 0
    },
    "ALB": {
        "close": 163.0399932861328,
        "sma200": 87.42137313842774,
        "sma50": 133.83910675048827,
        "rsi_weekly": 77.88089012600786,
        "rsi_monthly": 78.91607843784713,
        "52w_high": 177.5500030517578,
        "52w_low": 0
    },
    "ARE": {
        "close": 57.88999938964844,
        "sma200": 67.90056583404541,
        "sma50": 50.248774948120115,
        "rsi_weekly": 39.69573051129737,
        "rsi_monthly": 31.17755197624382,
        "52w_high": 96.58304595947266,
        "52w_low": 0
    },
    "ALGN": {
        "close": 171.49000549316406,
        "sma200": 159.19564987182616,
        "sma50": 154.03179901123048,
        "rsi_weekly": 59.698774277085,
        "rsi_monthly": 57.06397118369214,
        "52w_high": 234.88999938964844,
        "52w_low": 0
    },
    "ALLE": {
        "close": 164.99000549316406,
        "sma200": 156.69986221313476,
        "sma50": 162.36720153808594,
        "rsi_weekly": 51.81012154225472,
        "rsi_monthly": 65.98129839323182,
        "52w_high": 179.47000122070312,
        "52w_low": 0
    },
    "LNT": {
        "close": 67.33999633789062,
        "sma200": 63.7646940612793,
        "sma50": 66.34219924926758,
        "rsi_weekly": 49.697385932439964,
        "rsi_monthly": 58.69286698791332,
        "52w_high": 69.47000122070312,
        "52w_low": 0
    },
    "ALL": {
        "close": 192.27999877929688,
        "sma200": 200.57112350463868,
        "sma50": 206.472822265625,
        "rsi_weekly": 57.36333816402798,
        "rsi_monthly": 63.84693765535916,
        "52w_high": 213.64215087890625,
        "52w_low": 0
    },
    "GOOGL": {
        "close": 330.0,
        "sma200": 226.11391395568847,
        "sma50": 309.27479736328127,
        "rsi_weekly": 78.81484485724731,
        "rsi_monthly": 79.40276888639193,
        "52w_high": 335.9700012207031,
        "52w_low": 0
    },
    "GOOG": {
        "close": 330.3399963378906,
        "sma200": 227.08361183166505,
        "sma50": 309.9656872558594,
        "rsi_weekly": 79.04036850717806,
        "rsi_monthly": 79.24078556983389,
        "52w_high": 336.42999267578125,
        "52w_low": 0
    },
    "MO": {
        "close": 61.7599983215332,
        "sma200": 58.914682426452636,
        "sma50": 57.55569892883301,
        "rsi_weekly": 45.62187060594648,
        "rsi_monthly": 63.97265420388236,
        "52w_high": 65.45215606689453,
        "52w_low": 0
    },
    "AMZN": {
        "close": 239.1199951171875,
        "sma200": 219.22315017700194,
        "sma50": 233.36759979248046,
        "rsi_weekly": 60.90414428011612,
        "rsi_monthly": 71.52946981803966,
        "52w_high": 254.0,
        "52w_low": 0
    },
    "AMCR": {
        "close": 40.939998626708984,
        "sma200": 43.84807409286499,
        "sma50": 42.07499954223633,
        "rsi_weekly": 52.23058912345884,
        "rsi_monthly": 37.63833035814299,
        "52w_high": 50.73261260986328,
        "52w_low": 0
    },
    "AEE": {
        "close": 104.0,
        "sma200": 98.73647144317627,
        "sma50": 101.18619354248047,
        "rsi_weekly": 50.11678105222879,
        "rsi_monthly": 68.76176965809894,
        "52w_high": 105.5897445678711,
        "52w_low": 0
    }
}