{
    "last_scan_index": 425,
    "AAPL": {
        "close": 255.52999877929688,
        "sma200": 233.7518910217285,
        "sma50": 271.494140625,
        "rsi_weekly": 53.76185320711642,
        "rsi_monthly": 65.05591370535478,
        "52w_high": 286.19000244140625,
        "52w_low": 0
    },
    "NVDA": {
        "close": 186.22999572753906,
        "sma200": 164.04214130401613,
        "sma50": 184.55367309570312,
        "rsi_weekly": 55.83253753597704,
        "rsi_monthly": 76.36247099729898,
        "52w_high": 207.02847290039062,
        "52w_low": 0
    },
    "TSLA": {
        "close": 437.5,
        "sma200": 369.1239003753662,
        "sma50": 443.0688018798828,
        "rsi_weekly": 57.433070397524055,
        "rsi_monthly": 70.21254147643917,
        "52w_high": 489.8800048828125,
        "52w_low": 0
    },
    "MSFT": {
        "close": 459.8599853515625,
        "sma200": 481.05499618530274,
        "sma50": 484.6280310058594,
        "rsi_weekly": 46.924932733664285,
        "rsi_monthly": 64.94487498199392,
        "52w_high": 541.057373046875,
        "52w_low": 0
    },
    "AMD": {
        "close": 231.8300018310547,
        "sma200": 168.69094982147217,
        "sma50": 220.51739990234375,
        "rsi_weekly": 52.90812131363197,
        "rsi_monthly": 69.38721493424931,
        "52w_high": 264.3299865722656,
        "52w_low": 0
    },
    "ROL": {
        "close": 62.72999954223633,
        "sma200": 57.22228797912598,
        "sma50": 60.02175132751465,
        "rsi_weekly": 59.774752951812815,
        "rsi_monthly": 72.24757267216799,
        "52w_high": 62.72999954223633,
        "52w_low": 0
    },
    "ROP": {
        "close": 416.1400146484375,
        "sma200": 512.8710437011719,
        "sma50": 441.9072503662109,
        "rsi_weekly": 26.32089826859534,
        "rsi_monthly": 36.59483771804214,
        "52w_high": 589.9105834960938,
        "52w_low": 0
    },
    "ROST": {
        "close": 192.36000061035156,
        "sma200": 151.3244906616211,
        "sma50": 177.25589050292967,
        "rsi_weekly": 80.57225336302298,
        "rsi_monthly": 74.96834653686592,
        "52w_high": 193.7899932861328,
        "52w_low": 0
    },
    "RCL": {
        "close": 276.010009765625,
        "sma200": 284.5501898956299,
        "sma50": 272.9944253540039,
        "rsi_weekly": 56.72023020184261,
        "rsi_monthly": 57.189953374250784,
        "52w_high": 363.4812927246094,
        "52w_low": 0
    },
    "SPGI": {
        "close": 546.3499755859375,
        "sma200": 510.0457873535156,
        "sma50": 509.6575549316406,
        "rsi_weekly": 61.490035269066695,
        "rsi_monthly": 47.47778813230881,
        "52w_high": 562.0632934570312,
        "52w_low": 0
    },
    "CRM": {
        "close": 227.11000061035156,
        "sma200": 254.80131660461427,
        "sma50": 248.64799743652344,
        "rsi_weekly": 52.41322293513098,
        "rsi_monthly": 61.20227099856623,
        "52w_high": 357.6153259277344,
        "52w_low": 0
    },
    "SBAC": {
        "close": 194.11000061035156,
        "sma200": 209.62755592346193,
        "sma50": 191.96097534179688,
        "rsi_weekly": 32.942803523348694,
        "rsi_monthly": 31.933407589321256,
        "52w_high": 239.70611572265625,
        "52w_low": 0
    },
    "SLB": {
        "close": 46.72999954223633,
        "sma200": 35.2967141532898,
        "sma50": 38.865394592285156,
        "rsi_weekly": 70.8801619844304,
        "rsi_monthly": 47.56524838981026,
        "52w_high": 46.970001220703125,
        "52w_low": 0
    },
    "STX": {
        "close": 326.2300109863281,
        "sma200": 185.51554943084716,
        "sma50": 282.62837463378906,
        "rsi_weekly": 71.66555348054388,
        "rsi_monthly": 89.80353949075706,
        "52w_high": 330.4200134277344,
        "52w_low": 0
    },
    "SRE": {
        "close": 92.55000305175781,
        "sma200": 81.58151437759399,
        "sma50": 89.92489822387695,
        "rsi_weekly": 55.65459889828334,
        "rsi_monthly": 58.77792170039274,
        "52w_high": 94.03408813476562,
        "52w_low": 0
    },
    "NOW": {
        "close": 127.30999755859375,
        "sma200": 180.12110946655272,
        "sma50": 159.00803894042969,
        "rsi_weekly": 30.539893970185155,
        "rsi_monthly": 42.4680627861414,
        "52w_high": 234.0780029296875,
        "52w_low": 0
    },
    "SHW": {
        "close": 357.8299865722656,
        "sma200": 343.4541191101074,
        "sma50": 335.0445825195313,
        "rsi_weekly": 56.1386882387602,
        "rsi_monthly": 60.75316825012218,
        "52w_high": 374.35516357421875,
        "52w_low": 0
    },
    "SPG": {
        "close": 184.9199981689453,
        "sma200": 168.3859715270996,
        "sma50": 182.7686083984375,
        "rsi_weekly": 60.193974355770976,
        "rsi_monthly": 72.61052556131105,
        "52w_high": 188.2899932861328,
        "52w_low": 0
    },
    "SWKS": {
        "close": 57.77000045776367,
        "sma200": 68.84686088562012,
        "sma50": 64.96582748413086,
        "rsi_weekly": 38.54018868488072,
        "rsi_monthly": 37.66630939028684,
        "52w_high": 90.16692352294922,
        "52w_low": 0
    },
    "SJM": {
        "close": 102.05000305175781,
        "sma200": 105.28102565765381,
        "sma50": 101.73118774414063,
        "rsi_weekly": 45.31895267832774,
        "rsi_monthly": 28.5280030508969,
        "52w_high": 115.06595611572266,
        "52w_low": 0
    },
    "SNA": {
        "close": 361.3599853515625,
        "sma200": 327.53755462646484,
        "sma50": 345.95468994140623,
        "rsi_weekly": 62.840280254363286,
        "rsi_monthly": 51.62141786131593,
        "52w_high": 363.45001220703125,
        "52w_low": 0
    },
    "SO": {
        "close": 88.9000015258789,
        "sma200": 90.23579357147217,
        "sma50": 87.95596755981445,
        "rsi_weekly": 42.973195385142766,
        "rsi_monthly": 51.19799004294225,
        "52w_high": 98.90631866455078,
        "52w_low": 0
    },
    "LUV": {
        "close": 43.119998931884766,
        "sma200": 32.916492528915406,
        "sma50": 37.95551197052002,
        "rsi_weekly": 75.43389969828421,
        "rsi_monthly": 75.9508439259326,
        "52w_high": 44.52000045776367,
        "52w_low": 0
    },
    "SWK": {
        "close": 84.61000061035156,
        "sma200": 68.87784091949463,
        "sma50": 72.86344299316406,
        "rsi_weekly": 62.97527131947747,
        "rsi_monthly": 41.77158791724947,
        "52w_high": 86.36910247802734,
        "52w_low": 0
    },
    "SBUX": {
        "close": 92.98999786376953,
        "sma200": 86.0712092590332,
        "sma50": 85.88859024047852,
        "rsi_weekly": 53.60715351004634,
        "rsi_monthly": 51.02709103778474,
        "52w_high": 113.4271469116211,
        "52w_low": 0
    },
    "STT": {
        "close": 128.02000427246094,
        "sma200": 108.23039367675781,
        "sma50": 124.15616241455078,
        "rsi_weekly": 72.91805050245397,
        "rsi_monthly": 84.02666070965145,
        "52w_high": 136.2899932861328,
        "52w_low": 0
    },
    "SYK": {
        "close": 363.7799987792969,
        "sma200": 372.5219451904297,
        "sma50": 359.37217407226564,
        "rsi_weekly": 50.335182799282634,
        "rsi_monthly": 56.455583881787305,
        "52w_high": 401.61309814453125,
        "52w_low": 0
    },
    "SYF": {
        "close": 80.19000244140625,
        "sma200": 68.94166887283325,
        "sma50": 80.01160018920899,
        "rsi_weekly": 71.97019516196643,
        "rsi_monthly": 77.20156397728977,
        "52w_high": 88.47000122070312,
        "52w_low": 0
    },
    "SNPS": {
        "close": 516.3099975585938,
        "sma200": 493.3878001403809,
        "sma50": 452.2323992919922,
        "rsi_weekly": 57.56032531814409,
        "rsi_monthly": 54.61157390579129,
        "52w_high": 645.3499755859375,
        "52w_low": 0
    }
}