{
    "DAL": {
        "close": 66.5,
        "sma50": 67.24259925842286,
        "sma200": 56.84130479812622,
        "rsi_weekly": 60.10530628145453,
        "mrs": -3.106700695501141,
        "rv": 0.4362459902897755,
        "is_stage_2": 