{
    "last_scan_index": 275,
    "AAPL": {
        "close": 248.35000610351562,
        "sma200": 234.39857788085936,
        "sma50": 270.19619842529295,
        "rsi_weekly": 51.059659303125834,
        "rsi_monthly": 65.05595331660452,
        "52w_high": 286.19000244140625,
        "52w_low": 0
    },
    "NVDA": {
        "close": 184.83999633789062,
        "sma200": 165.2409197998047,
        "sma50": 184.0501092529297,
        "rsi_weekly": 56.61352272696549,
        "rsi_monthly": 76.36247526371744,
        "52w_high": 207.02847290039062,
        "52w_low": 0
    },
    "TSLA": {
        "close": 449.3599853515625,
        "sma200": 371.67680030822754,
        "sma50": 442.3198016357422,
        "rsi_weekly": 55.767272209839355,
        "rsi_monthly": 70.21254147643917,
        "52w_high": 489.8800048828125,
        "52w_low": 0
    },
    "MSFT": {
        "close": 451.1400146484375,
        "sma200": 482.25812561035156,
        "sma50": 481.6579150390625,
        "rsi_weekly": 40.972927722350605,
        "rsi_monthly": 64.94487930873706,
        "52w_high": 541.057373046875,
        "52w_low": 0
    },
    "AMD": {
        "close": 253.72999572753906,
        "sma200": 170.95559978485107,
        "sma50": 220.6750003051758,
        "rsi_weekly": 60.57175331207617,
        "rsi_monthly": 69.38721493424931,
        "52w_high": 264.3299865722656,
        "52w_low": 0
    },
    "ICE": {
        "close": 174.35000610351562,
        "sma200": 168.16030654907226,
        "sma50": 160.3001382446289,
        "rsi_weekly": 60.2357503335878,
        "rsi_monthly": 64.72607996281629,
        "52w_high": 187.36590576171875,
        "52w_low": 0
    },
    "IFF": {
        "close": 72.16000366210938,
        "sma200": 68.69457845687866,
        "sma50": 67.00899230957032,
        "rsi_weekly": 56.93903585297477,
        "rsi_monthly": 29.92128312345145,
        "52w_high": 85.7145004272461,
        "52w_low": 0
    },
    "INTU": {
        "close": 547.6900024414062,
        "sma200": 679.465224609375,
        "sma50": 640.3301721191406,
        "rsi_weekly": 32.68760920472967,
        "rsi_monthly": 59.652251826327955,
        "52w_high": 804.435546875,
        "52w_low": 0
    },
    "ISRG": {
        "close": 525.8099975585938,
        "sma200": 515.3589004516601,
        "sma50": 563.4700024414062,
        "rsi_weekly": 50.69515290821258,
        "rsi_monthly": 63.82447224376114,
        "52w_high": 610.4500122070312,
        "52w_low": 0
    },
    "IVZ": {
        "close": 29.239999771118164,
        "sma200": 20.394023895263672,
        "sma50": 26.110757942199708,
        "rsi_weekly": 83.69505168799425,
        "rsi_monthly": 75.09772419543832,
        "52w_high": 29.440000534057617,
        "52w_low": 0
    },
    "INVH": {
        "close": 27.020000457763672,
        "sma200": 29.851254758834838,
        "sma50": 27.233591346740724,
        "rsi_weekly": 44.667187394635555,
        "rsi_monthly": 48.21645994630412,
        "52w_high": 34.426910400390625,
        "52w_low": 0
    },
    "IQV": {
        "close": 239.0500030517578,
        "sma200": 187.8783999633789,
        "sma50": 227.92399963378907,
        "rsi_weekly": 65.65122769633841,
        "rsi_monthly": 73.87981808116163,
        "52w_high": 244.2899932861328,
        "52w_low": 0
    },
    "IRM": {
        "close": 93.8499984741211,
        "sma200": 93.15432312011718,
        "sma50": 86.33747436523437,
        "rsi_weekly": 55.18211127971706,
        "rsi_monthly": 59.968787334841615,
        "52w_high": 107.43500518798828,
        "52w_low": 0
    },
    "JBHT": {
        "close": 210.72999572753906,
        "sma200": 154.81188484191895,
        "sma50": 189.4057992553711,
        "rsi_weekly": 73.7084683623718,
        "rsi_monthly": 65.67221432718802,
        "52w_high": 210.72999572753906,
        "52w_low": 0
    },
    "JBL": {
        "close": 244.6999969482422,
        "sma200": 202.12041259765624,
        "sma50": 222.27829315185548,
        "rsi_weekly": 65.65310893440858,
        "rsi_monthly": 77.63876378094018,
        "52w_high": 253.17999267578125,
        "52w_low": 0
    },
    "JKHY": {
        "close": 188.6999969482422,
        "sma200": 170.09225982666015,
        "sma50": 179.9641567993164,
        "rsi_weekly": 64.55460432816831,
        "rsi_monthly": 67.08491736838168,
        "52w_high": 192.60000610351562,
        "52w_low": 0
    },
    "J": {
        "close": 140.08999633789062,
        "sma200": 138.02516483306886,
        "sma50": 138.6898355102539,
        "rsi_weekly": 49.56790033095707,
        "rsi_monthly": 64.203917849088,
        "52w_high": 164.04388427734375,
        "52w_low": 0
    },
    "JNJ": {
        "close": 218.49000549316406,
        "sma200": 175.85061920166015,
        "sma50": 206.15715240478517,
        "rsi_weekly": 73.91218925573128,
        "rsi_monthly": 80.19775349791836,
        "52w_high": 219.57000732421875,
        "52w_low": 0
    },
    "JCI": {
        "close": 114.51000213623047,
        "sma200": 105.81467910766601,
        "sma50": 116.55919952392578,
        "rsi_weekly": 54.19012997454668,
        "rsi_monthly": 88.83884778529547,
        "52w_high": 122.66000366210938,
        "52w_low": 0
    },
    "JPM": {
        "close": 303.6300048828125,
        "sma200": 288.5508354949951,
        "sma50": 313.30363891601564,
        "rsi_weekly": 55.400733757814905,
        "rsi_monthly": 84.61117994378536,
        "52w_high": 334.6099853515625,
        "52w_low": 0
    },
    "K": {
        "close": 83.44000244140625,
        "sma200": 80.34924087524413,
        "sma50": 82.65304901123046,
        "rsi_weekly": 68.31393369233284,
        "rsi_monthly": 86.62420723647233,
        "52w_high": 83.44999694824219,
        "52w_low": 0
    },
    "KVUE": {
        "close": 17.75,
        "sma200": 19.235406317710876,
        "sma50": 16.987867546081542,
        "rsi_weekly": 45.640510633760854,
        "rsi_monthly": 35.65679111648397,
        "52w_high": 23.699586868286133,
        "52w_low": 0
    },
    "KDP": {
        "close": 27.549999237060547,
        "sma200": 30.06585368156433,
        "sma50": 27.71602611541748,
        "rsi_weekly": 43.40561448442517,
        "rsi_monthly": 32.29931896182693,
        "52w_high": 34.856082916259766,
        "52w_low": 0
    },
    "KEY": {
        "close": 21.56999969482422,
        "sma200": 17.5999054813385,
        "sma50": 19.791462974548338,
        "rsi_weekly": 69.80319289926481,
        "rsi_monthly": 67.7841048038107,
        "52w_high": 21.690000534057617,
        "52w_low": 0
    },
    "KEYS": {
        "close": 215.72000122070312,
        "sma200": 171.91264987945556,
        "sma50": 200.55940002441406,
        "rsi_weekly": 69.17006539855542,
        "rsi_monthly": 71.44103933425825,
        "52w_high": 216.69000244140625,
        "52w_low": 0
    },
    "KMB": {
        "close": 102.19000244140625,
        "sma200": 120.2991333770752,
        "sma50": 101.87187438964844,
        "rsi_weekly": 30.854019861041397,
        "rsi_monthly": 35.427426696268135,
        "52w_high": 142.8666534423828,
        "52w_low": 0
    },
    "KIM": {
        "close": 20.760000228881836,
        "sma200": 20.661484909057616,
        "sma50": 20.27786491394043,
        "rsi_weekly": 53.75908214034987,
        "rsi_monthly": 44.26781781359246,
        "52w_high": 22.46935272216797,
        "52w_low": 0
    },
    "KMI": {
        "close": 29.690000534057617,
        "sma200": 26.93841383934021,
        "sma50": 27.20259994506836,
        "rsi_weekly": 55.931156809526506,
        "rsi_monthly": 67.71467923253371,
        "52w_high": 29.690000534057617,
        "52w_low": 0
    },
    "KLAC": {
        "close": 1500.0,
        "sma200": 992.1743505859375,
        "sma50": 1263.4766088867189,
        "rsi_weekly": 80.4438846824698,
        "rsi_monthly": 84.62335938277138,
        "52w_high": 1567.8199462890625,
        "52w_low": 0
    }
}