{
    "last_scan_index": 75,
    "AAPL": {
        "close": 255.32000732421875,
        "sma200": 233.7508410644531,
        "sma50": 271.48994079589846,
        "rsi_weekly": 53.7618532910114,
        "rsi_monthly": 65.0559536856198,
        "52w_high": 286.19000244140625,
        "52w_low": 0
    },
    "NVDA": {
        "close": 187.6699981689453,
        "sma200": 164.0493413543701,
        "sma50": 184.58247314453126,
        "rsi_weekly": 55.83253739734289,
        "rsi_monthly": 76.36247801527576,
        "52w_high": 207.02847290039062,
        "52w_low": 0
    },
    "TSLA": {
        "close": 438.67999267578125,
        "sma200": 369.1298003387451,
        "sma50": 443.09240173339845,
        "rsi_weekly": 57.433070397524055,
        "rsi_monthly": 70.21254147643917,
        "52w_high": 489.8800048828125,
        "52w_low": 0
    },
    "MSFT": {
        "close": 461.0,
        "sma200": 481.0606958007813,
        "sma50": 484.6508312988281,
        "rsi_weekly": 46.92493301920167,
        "rsi_monthly": 64.94485950918005,
        "52w_high": 541.057373046875,
        "52w_low": 0
    },
    "AMD": {
        "close": 233.02999877929688,
        "sma200": 168.69694980621338,
        "sma50": 220.5413998413086,
        "rsi_weekly": 52.90812131363197,
        "rsi_monthly": 69.38721493424931,
        "52w_high": 264.3299865722656,
        "52w_low": 0
    },
    "ADP": {
        "close": 259.54998779296875,
        "sma200": 286.57830451965333,
        "sma50": 256.9886206054687,
        "rsi_weekly": 44.644457254876784,
        "rsi_monthly": 48.93979738218548,
        "52w_high": 321.4271240234375,
        "52w_low": 0
    },
    "AZO": {
        "close": 3470.929931640625,
        "sma200": 3802.7938940429685,
        "sma50": 3604.7698046875,
        "rsi_weekly": 38.794882181113415,
        "rsi_monthly": 59.03724331970976,
        "52w_high": 4354.5400390625,
        "52w_low": 0
    },
    "AVB": {
        "close": 181.1750030517578,
        "sma200": 189.29441032409667,
        "sma50": 178.3105712890625,
        "rsi_weekly": 43.43435062032627,
        "rsi_monthly": 42.12838701542331,
        "52w_high": 220.14422607421875,
        "52w_low": 0
    },
    "AVY": {
        "close": 186.21499633789062,
        "sma200": 172.61633819580078,
        "sma50": 177.8772393798828,
        "rsi_weekly": 63.258819751449025,
        "rsi_monthly": 66.34417274601728,
        "52w_high": 191.80975341796875,
        "52w_low": 0
    },
    "AXON": {
        "close": 636.3099975585938,
        "sma200": 683.7282493591308,
        "sma50": 573.9434020996093,
        "rsi_weekly": 49.00436041366448,
        "rsi_monthly": 60.67064340685401,
        "52w_high": 870.969970703125,
        "52w_low": 0
    },
    "BKR": {
        "close": 51.625,
        "sma200": 43.23264869689942,
        "sma50": 48.01610015869141,
        "rsi_weekly": 60.63793131494069,
        "rsi_monthly": 63.89121996647579,
        "52w_high": 52.0,
        "52w_low": 0
    },
    "BALL": {
        "close": 55.43000030517578,
        "sma200": 51.677189083099364,
        "sma50": 50.711002044677734,
        "rsi_weekly": 61.672624703145374,
        "rsi_monthly": 67.95235234763638,
        "52w_high": 59.233028411865234,
        "52w_low": 0
    },
    "BAC": {
        "close": 53.165000915527344,
        "sma200": 47.99644989013672,
        "sma50": 53.965831451416015,
        "rsi_weekly": 67.01206656284981,
        "rsi_monthly": 79.28786027896035,
        "52w_high": 57.25,
        "52w_low": 0
    },
    "BK": {
        "close": 122.51000213623047,
        "sma200": 100.0740563583374,
        "sma50": 114.74479965209962,
        "rsi_weekly": 72.21132798524911,
        "rsi_monthly": 86.4381708173807,
        "52w_high": 124.58999633789062,
        "52w_low": 0
    },
    "BBWI": {
        "close": 23.045000076293945,
        "sma200": 26.26291335105896,
        "sma50": 20.28110984802246,
        "rsi_weekly": 48.6555850161927,
        "rsi_monthly": 45.010903034501816,
        "52w_high": 39.98191452026367,
        "52w_low": 0
    },
    "BAX": {
        "close": 20.184999465942383,
        "sma200": 24.71229266166687,
        "sma50": 18.96382339477539,
        "rsi_weekly": 45.392175111533426,
        "rsi_monthly": 42.31005471282894,
        "52w_high": 36.09501647949219,
        "52w_low": 0
    },
    "BDX": {
        "close": 208.27499389648438,
        "sma200": 185.57988929748535,
        "sma50": 194.4152474975586,
        "rsi_weekly": 59.59179131027129,
        "rsi_monthly": 40.808587936031955,
        "52w_high": 243.805419921875,
        "52w_low": 0
    },
    "BBY": {
        "close": 66.33499908447266,
        "sma200": 70.25914875030517,
        "sma50": 72.60650650024414,
        "rsi_weekly": 46.535958610082695,
        "rsi_monthly": 57.73044383204778,
        "52w_high": 86.45199584960938,
        "52w_low": 0
    },
    "BIO": {
        "close": 316.3500061035156,
        "sma200": 276.62529945373535,
        "sma50": 313.0555993652344,
        "rsi_weekly": 58.6040900729729,
        "rsi_monthly": 52.914979021456986,
        "52w_high": 367.0,
        "52w_low": 0
    },
    "TECH": {
        "close": 68.7300033569336,
        "sma200": 55.384553623199466,
        "sma50": 61.328236236572266,
        "rsi_weekly": 59.037880315046316,
        "rsi_monthly": 52.777893910512816,
        "52w_high": 78.30477142333984,
        "52w_low": 0
    },
    "BIIB": {
        "close": 164.84249877929688,
        "sma200": 143.3122129058838,
        "sma50": 173.6770504760742,
        "rsi_weekly": 69.8578919844878,
        "rsi_monthly": 30.505703427542805,
        "52w_high": 187.6199951171875,
        "52w_low": 0
    },
    "BLK": {
        "close": 1170.5699462890625,
        "sma200": 1048.8394244384765,
        "sma50": 1070.419990234375,
        "rsi_weekly": 52.31745683921159,
        "rsi_monthly": 67.76742216583759,
        "52w_high": 1196.7647705078125,
        "52w_low": 0
    },
    "BX": {
        "close": 164.5399932861328,
        "sma200": 152.61314990997315,
        "sma50": 150.59539978027342,
        "rsi_weekly": 52.567924170558335,
        "rsi_monthly": 58.11288082685306,
        "52w_high": 187.02017211914062,
        "52w_low": 0
    },
    "BA": {
        "close": 247.8000030517578,
        "sma200": 208.6653003692627,
        "sma50": 207.9194009399414,
        "rsi_weekly": 62.485385716632614,
        "rsi_monthly": 50.75980119696621,
        "52w_high": 247.8000030517578,
        "52w_low": 0
    },
    "BKNG": {
        "close": 5190.705078125,
        "sma200": 5273.955275878906,
        "sma50": 5165.16775390625,
        "rsi_weekly": 57.16983589475852,
        "rsi_monthly": 59.503826575183105,
        "52w_high": 5794.83740234375,
        "52w_low": 0
    },
    "BWA": {
        "close": 47.619998931884766,
        "sma200": 38.58147752761841,
        "sma50": 44.9354965209961,
        "rsi_weekly": 71.88561922800525,
        "rsi_monthly": 55.54677693014461,
        "52w_high": 48.599998474121094,
        "52w_low": 0
    },
    "BSX": {
        "close": 88.7699966430664,
        "sma200": 100.59755012512207,
        "sma50": 97.04099990844726,
        "rsi_weekly": 48.14556723363362,
        "rsi_monthly": 64.00956665114143,
        "52w_high": 108.13999938964844,
        "52w_low": 0
    },
    "BMY": {
        "close": 55.744998931884766,
        "sma200": 47.17463043212891,
        "sma50": 51.09062026977539,
        "rsi_weekly": 71.2468087382368,
        "rsi_monthly": 63.23713989046632,
        "52w_high": 60.075191497802734,
        "52w_low": 0
    },
    "AVGO": {
        "close": 345.1600036621094,
        "sma200": 297.1273511505127,
        "sma50": 357.80954711914063,
        "rsi_weekly": 54.562067302097915,
        "rsi_monthly": 72.8159815227525,
        "52w_high": 412.18133544921875,
        "52w_low": 0
    }
}