{
    "last_scan_index": 400,
    "AAPL": {
        "close": 255.52999877929688,
        "sma200": 233.7518910217285,
        "sma50": 271.494140625,
        "rsi_weekly": 53.7618532276448,
        "rsi_monthly": 65.05596778550803,
        "52w_high": 286.19000244140625,
        "52w_low": 0
    },
    "NVDA": {
        "close": 186.22999572753906,
        "sma200": 164.0421413421631,
        "sma50": 184.55367309570312,
        "rsi_weekly": 55.83253755849635,
        "rsi_monthly": 76.36247378257826,
        "52w_high": 207.02847290039062,
        "52w_low": 0
    },
    "TSLA": {
        "close": 437.5,
        "sma200": 369.1239003753662,
        "sma50": 443.0688018798828,
        "rsi_weekly": 57.433070397524055,
        "rsi_monthly": 70.21254147643917,
        "52w_high": 489.8800048828125,
        "52w_low": 0
    },
    "MSFT": {
        "close": 459.8599853515625,
        "sma200": 481.0549951171875,
        "sma50": 484.6280310058594,
        "rsi_weekly": 46.92493336082323,
        "rsi_monthly": 64.94486949291844,
        "52w_high": 541.057373046875,
        "52w_low": 0
    },
    "AMD": {
        "close": 231.8300018310547,
        "sma200": 168.69094982147217,
        "sma50": 220.51739990234375,
        "rsi_weekly": 52.90812131363197,
        "rsi_monthly": 69.38721493424931,
        "52w_high": 264.3299865722656,
        "52w_low": 0
    },
    "PFG": {
        "close": 88.4800033569336,
        "sma200": 79.75496463775634,
        "sma50": 86.93401916503906,
        "rsi_weekly": 67.8205213269703,
        "rsi_monthly": 65.68602084184762,
        "52w_high": 91.80000305175781,
        "52w_low": 0
    },
    "PG": {
        "close": 144.52999877929688,
        "sma200": 153.49945167541503,
        "sma50": 144.7892010498047,
        "rsi_weekly": 36.321182699187936,
        "rsi_monthly": 42.97764146180888,
        "52w_high": 172.77017211914062,
        "52w_low": 0
    },
    "PGR": {
        "close": 202.3699951171875,
        "sma200": 232.13211837768554,
        "sma50": 211.4770373535156,
        "rsi_weekly": 45.828051028385204,
        "rsi_monthly": 56.73478981363531,
        "52w_high": 273.5130615234375,
        "52w_low": 0
    },
    "PLD": {
        "close": 133.2100067138672,
        "sma200": 112.60363143920898,
        "sma50": 127.07472030639649,
        "rsi_weekly": 65.7790464566399,
        "rsi_monthly": 67.48233906020322,
        "52w_high": 133.2100067138672,
        "52w_low": 0
    },
    "PRU": {
        "close": 111.69000244140625,
        "sma200": 104.07912761688232,
        "sma50": 111.45444107055664,
        "rsi_weekly": 67.1297605129932,
        "rsi_monthly": 65.30448177783127,
        "52w_high": 118.72000122070312,
        "52w_low": 0
    },
    "PEG": {
        "close": 79.41999816894531,
        "sma200": 80.8091499710083,
        "sma50": 80.30984466552735,
        "rsi_weekly": 44.53562605700856,
        "rsi_monthly": 65.55412885077874,
        "52w_high": 88.72160339355469,
        "52w_low": 0
    },
    "PTC": {
        "close": 166.75,
        "sma200": 183.28039993286131,
        "sma50": 174.62040069580078,
        "rsi_weekly": 39.644030050351866,
        "rsi_monthly": 48.49976701847694,
        "52w_high": 216.52999877929688,
        "52w_low": 0
    },
    "PSA": {
        "close": 293.8900146484375,
        "sma200": 281.6729913330078,
        "sma50": 269.38636291503906,
        "rsi_weekly": 50.5365896078384,
        "rsi_monthly": 43.130777033420834,
        "52w_high": 308.3981628417969,
        "52w_low": 0
    },
    "PHM": {
        "close": 130.22999572753906,
        "sma200": 116.30668937683106,
        "sma50": 122.63830551147461,
        "rsi_weekly": 60.15761716555038,
        "rsi_monthly": 55.68625447579449,
        "52w_high": 140.8990936279297,
        "52w_low": 0
    },
    "QRVO": {
        "close": 80.11000061035156,
        "sma200": 83.31632482528687,
        "sma50": 85.40259948730468,
        "rsi_weekly": 44.91832072989048,
        "rsi_monthly": 64.763389588317,
        "52w_high": 97.41999816894531,
        "52w_low": 0
    },
    "PWR": {
        "close": 466.75,
        "sma200": 387.1076195526123,
        "sma50": 441.5161944580078,
        "rsi_weekly": 53.46819953975373,
        "rsi_monthly": 75.22279822807525,
        "52w_high": 466.7882995605469,
        "52w_low": 0
    },
    "QCOM": {
        "close": 159.4199981689453,
        "sma200": 158.6199459838867,
        "sma50": 172.02105194091797,
        "rsi_weekly": 58.483744242788006,
        "rsi_monthly": 63.86821428438056,
        "52w_high": 186.72589111328125,
        "52w_low": 0
    },
    "DGX": {
        "close": 189.49000549316406,
        "sma200": 176.41353172302246,
        "sma50": 181.0416394042969,
        "rsi_weekly": 45.39943107220896,
        "rsi_monthly": 52.72814067217487,
        "52w_high": 191.4753875732422,
        "52w_low": 0
    },
    "RL": {
        "close": 363.04998779296875,
        "sma200": 298.5674736022949,
        "sma50": 353.5431298828125,
        "rsi_weekly": 71.590666437754,
        "rsi_monthly": 84.52631505439906,
        "52w_high": 370.76129150390625,
        "52w_low": 0
    },
    "RJF": {
        "close": 171.77999877929688,
        "sma200": 156.75017658233642,
        "sma50": 162.0091439819336,
        "rsi_weekly": 57.833483326824854,
        "rsi_monthly": 68.49608575980939,
        "52w_high": 175.32736206054688,
        "52w_low": 0
    },
    "RTX": {
        "close": 201.9199981689453,
        "sma200": 155.59961277008057,
        "sma50": 179.90699432373046,
        "rsi_weekly": 72.64915728203572,
        "rsi_monthly": 82.73182392972234,
        "52w_high": 201.9199981689453,
        "52w_low": 0
    },
    "O": {
        "close": 61.41999816894531,
        "sma200": 56.41343519210815,
        "sma50": 57.11664947509766,
        "rsi_weekly": 55.352386003400035,
        "rsi_monthly": 45.680334020497206,
        "52w_high": 61.41999816894531,
        "52w_low": 0
    },
    "REG": {
        "close": 71.47000122070312,
        "sma200": 69.6390869140625,
        "sma50": 69.01383483886718,
        "rsi_weekly": 51.02739092559656,
        "rsi_monthly": 51.84995348719383,
        "52w_high": 74.66252136230469,
        "52w_low": 0
    },
    "REGN": {
        "close": 733.0399780273438,
        "sma200": 609.4801779174804,
        "sma50": 741.0310498046875,
        "rsi_weekly": 67.56241113463726,
        "rsi_monthly": 54.97005050505684,
        "52w_high": 812.27001953125,
        "52w_low": 0
    },
    "RF": {
        "close": 27.770000457763672,
        "sma200": 24.12201976776123,
        "sma50": 26.48075325012207,
        "rsi_weekly": 69.17069542877972,
        "rsi_monthly": 65.85491234875768,
        "52w_high": 28.84000015258789,
        "52w_low": 0
    },
    "RSG": {
        "close": 210.9600067138672,
        "sma200": 229.70473945617675,
        "sma50": 211.62033447265625,
        "rsi_weekly": 40.29745371733535,
        "rsi_monthly": 61.44736189628462,
        "52w_high": 255.99313354492188,
        "52w_low": 0
    },
    "RMD": {
        "close": 257.5799865722656,
        "sma200": 255.21161193847655,
        "sma50": 249.52713134765625,
        "rsi_weekly": 48.393292198752626,
        "rsi_monthly": 41.173231553415384,
        "52w_high": 293.03302001953125,
        "52w_low": 0
    },
    "RVTY": {
        "close": 112.5,
        "sma200": 94.16977405548096,
        "sma50": 99.42918090820312,
        "rsi_weekly": 57.74559356213302,
        "rsi_monthly": 49.66725236583277,
        "52w_high": 126.48133087158203,
        "52w_low": 0
    },
    "RHI": {
        "close": 28.34000015258789,
        "sma200": 35.43483227729797,
        "sma50": 27.208481941223145,
        "rsi_weekly": 38.19802996798808,
        "rsi_monthly": 25.48475043903652,
        "52w_high": 67.13591766357422,
        "52w_low": 0
    },
    "ROK": {
        "close": 415.5199890136719,
        "sma200": 338.79059158325197,