{
    "last_scan_index": 375,
    "AAPL": {
        "close": 261.04998779296875,
        "sma200": 233.18819023132323,
        "sma50": 272.193662109375,
        "rsi_weekly": 53.76185333419233,
        "rsi_monthly": 65.05595581432836,
        "52w_high": 286.19000244140625,
        "52w_low": 0
    },
    "NVDA": {
        "close": 185.80999755859375,
        "sma200": 162.90074375152588,
        "sma50": 185.58579620361328,
        "rsi_weekly": 55.832537568871224,
        "rsi_monthly": 76.36247510866814,
        "52w_high": 207.02847290039062,
        "52w_low": 0
    },
    "TSLA": {
        "close": 447.20001220703125,
        "sma200": 366.50340019226076,
        "sma50": 444.14720153808594,
        "rsi_weekly": 57.433070397524055,
        "rsi_monthly": 70.21254147643917,
        "52w_high": 489.8800048828125,
        "52w_low": 0
    },
    "MSFT": {
        "close": 470.6700134277344,
        "sma200": 479.82709930419924,
        "sma50": 488.0355511474609,
        "rsi_weekly": 46.924932640759934,
        "rsi_monthly": 64.94484352847309,
        "52w_high": 541.057373046875,
        "52w_low": 0
    },
    "AMD": {
        "close": 220.97000122070312,
        "sma200": 166.81789978027345,
        "sma50": 222.16679962158204,
        "rsi_weekly": 52.90812131363197,
        "rsi_monthly": 69.38721493424931,
        "52w_high": 264.3299865722656,
        "52w_low": 0
    },
    "OMC": {
        "close": 77.51000213623047,
        "sma200": 74.27601974487305,
        "sma50": 75.57694839477539,
        "rsi_weekly": 54.90056204056744,
        "rsi_monthly": 45.46671943032717,
        "52w_high": 85.1419448852539,
        "52w_low": 0
    },
    "ON": {
        "close": 59.40999984741211,
        "sma200": 49.5428500366211,
        "sma50": 52.90380027770996,
        "rsi_weekly": 66.63842813991741,
        "rsi_monthly": 61.550226337426814,
        "52w_high": 62.45000076293945,
        "52w_low": 0
    },
    "OKE": {
        "close": 74.25,
        "sma200": 75.43165584564208,
        "sma50": 71.54439971923829,
        "rsi_weekly": 47.72022643436096,
        "rsi_monthly": 59.09151186885113,
        "52w_high": 104.35751342773438,
        "52w_low": 0
    },
    "ORCL": {
        "close": 202.2899932861328,
        "sma200": 216.03921096801758,
        "sma50": 209.32428283691405,
        "rsi_weekly": 42.60087436957368,
        "rsi_monthly": 53.69357814850439,
        "52w_high": 326.8970642089844,
        "52w_low": 0
    },
    "OTIS": {
        "close": 89.77999877929688,
        "sma200": 91.5728456878662,
        "sma50": 88.52109436035157,
        "rsi_weekly": 50.94193256740757,
        "rsi_monthly": 59.90759151709424,
        "52w_high": 102.87492370605469,
        "52w_low": 0
    },
    "PCAR": {
        "close": 119.43000030517578,
        "sma200": 97.05180042266846,
        "sma50": 106.04378219604492,
        "rsi_weekly": 72.59471187215361,
        "rsi_monthly": 72.91686476147964,
        "52w_high": 119.43000030517578,
        "52w_low": 0
    },
    "PKG": {
        "close": 218.64999389648438,
        "sma200": 198.10899253845216,
        "sma50": 202.10543395996095,
        "rsi_weekly": 61.986259480906746,
        "rsi_monthly": 66.40379386079314,
        "52w_high": 236.1614990234375,
        "52w_low": 0
    },
    "PANW": {
        "close": 190.85000610351562,
        "sma200": 192.60320022583008,
        "sma50": 194.70760040283204,
        "rsi_weekly": 47.43266878873063,
        "rsi_monthly": 41.463758262734274,
        "52w_high": 221.3800048828125,
        "52w_low": 0
    },
    "PH": {
        "close": 938.3499755859375,
        "sma200": 734.3456954956055,
        "sma50": 863.5141369628906,
        "rsi_weekly": 76.77900114096438,
        "rsi_monthly": 85.162373164486,
        "52w_high": 938.3499755859375,
        "52w_low": 0
    },
    "PAYX": {
        "close": 109.66000366210938,
        "sma200": 132.86885581970216,
        "sma50": 112.50600692749023,
        "rsi_weekly": 38.209166610478135,
        "rsi_monthly": 41.105355493253114,
        "52w_high": 157.0591278076172,
        "52w_low": 0
    },
    "PAYC": {
        "close": 157.5,
        "sma200": 210.03159622192382,
        "sma50": 163.7323489379883,
        "rsi_weekly": 31.32847217662664,
        "rsi_monthly": 34.30215777520187,
        "52w_high": 264.67041015625,
        "52w_low": 0
    },
    "PYPL": {
        "close": 56.560001373291016,
        "sma200": 67.41123710632324,
        "sma50": 61.586823043823244,
        "rsi_weekly": 33.85673439075665,
        "rsi_monthly": 38.232637776079414,
        "52w_high": 91.5982437133789,
        "52w_low": 0
    },
    "PNR": {
        "close": 103.23999786376953,
        "sma200": 102.0109838104248,
        "sma50": 104.90640014648437,
        "rsi_weekly": 46.954924645443974,
        "rsi_monthly": 68.2096271050518,
        "52w_high": 112.33572387695312,
        "52w_low": 0
    },
    "PEP": {
        "close": 143.47999572753906,
        "sma200": 139.31022872924805,
        "sma50": 144.6576675415039,
        "rsi_weekly": 45.32753634782947,
        "rsi_monthly": 42.55348350224933,
        "52w_high": 152.22113037109375,
        "52w_low": 0
    },
    "PFE": {
        "close": 25.149999618530273,
        "sma200": 23.91568832397461,
        "sma50": 25.201208457946777,
        "rsi_weekly": 55.071664419940134,
        "rsi_monthly": 46.70494385314366,
        "52w_high": 26.896394729614258,
        "52w_low": 0
    },
    "PCG": {
        "close": 15.729999542236328,
        "sma200": 15.554886546134949,
        "sma50": 15.80223913192749,
        "rsi_weekly": 51.39526846431333,
        "rsi_monthly": 45.169597061294894,
        "52w_high": 17.753080368041992,
        "52w_low": 0
    },
    "PM": {
        "close": 165.85000610351562,
        "sma200": 161.82878631591797,
        "sma50": 154.49264099121095,
        "rsi_weekly": 54.81567396560945,
        "rsi_monthly": 63.3376002269537,
        "52w_high": 180.2153778076172,
        "52w_low": 0
    },
    "PSX": {
        "close": 137.6999969482422,
        "sma200": 123.99581661224366,
        "sma50": 135.9852700805664,
        "rsi_weekly": 59.22342339391771,
        "rsi_monthly": 49.69666943606542,
        "52w_high": 144.22000122070312,
        "52w_low": 0
    },
    "PNW": {
        "close": 91.11000061035156,
        "sma200": 89.13270259857178,
        "sma50": 88.58740020751954,
        "rsi_weekly": 51.46898038967081,
        "rsi_monthly": 59.38415467061919,
        "52w_high": 92.81592559814453,
        "52w_low": 0
    },
    "PNC": {
        "close": 212.4499969482422,
        "sma200": 186.09937919616698,
        "sma50": 199.37739990234374,
        "rsi_weekly": 67.98248337670309,
        "rsi_monthly": 58.82044787863033,
        "52w_high": 218.63999938964844,
        "52w_low": 0
    },
    "POOL": {
        "close": 261.9800109863281,
        "sma200": 288.3186396789551,
        "sma50": 241.61294921875,
        "rsi_weekly": 41.66912316334434,
        "rsi_monthly": 45.120766488122754,
        "52w_high": 358.4319763183594,
        "52w_low": 0
    },
    "PPG": {
        "close": 107.58999633789062,
        "sma200": 105.49943420410156,
        "sma50": 100.5761247253418,
        "rsi_weekly": 54.82064985342906,
        "rsi_monthly": 39.60413323726915,
        "52w_high": 121.09014129638672,
        "52w_low": 0
    },
    "PPL": {
        "close": 34.97999954223633,
        "sma200": 35.099620494842526,
        "sma50": 35.179130477905275,
        "rsi_weekly": 46.063472229663084,
        "rsi_monthly": 63.58120938602707,
        "52w_high": 37.66332244873047,
        "52w_low": 0
    }
}