{
    "last_scan_index": 475,
    "AAPL": {
        "close": 260.6600036621094,
        "sma200": 233.00042610168458,
        "sma50": 272.4036053466797,
        "rsi_weekly": 53.78059566615991,
        "rsi_monthly": 65.05593383576314,
        "52w_high": 286.19000244140625,
        "52w_low": 0
    },
    "NVDA": {
        "close": 185.97999572753906,
        "sma200": 162.53394241333007,
        "sma50": 185.9479702758789,
        "rsi_weekly": 55.844159355726745,
        "rsi_monthly": 76.362476691271,
        "52w_high": 207.02847290039062,
        "52w_low": 0
    },
    "TSLA": {
        "close": 452.6199951171875,
        "sma200": 365.6513501739502,
        "sma50": 444.0784014892578,
        "rsi_weekly": 57.46603547145899,
        "rsi_monthly": 70.21254147643917,
        "52w_high": 489.8800048828125,
        "52w_low": 0
    },
    "MSFT": {
        "close": 478.32000732421875,
        "sma200": 479.4219337463379,
        "sma50": 489.1405078125,
        "rsi_weekly": 46.93710518284706,
        "rsi_monthly": 64.94487010833906,
        "52w_high": 541.057373046875,
        "52w_low": 0
    },
    "AMD": {
        "close": 209.57000732421875,
        "sma200": 166.25569980621339,
        "sma50": 222.88179962158202,
        "rsi_weekly": 52.957648755098155,
        "rsi_monthly": 69.38721493424931,
        "52w_high": 264.3299865722656,
        "52w_low": 0
    },
    "ULTA": {
        "close": 660.9099731445312,
        "sma200": 496.24985122680664,
        "sma50": 567.9952044677734,
        "rsi_weekly": 78.50661345034243,
        "rsi_monthly": 75.1755326241503,
        "52w_high": 666.1799926757812,
        "52w_low": 0
    },
    "UNP": {
        "close": 227.68690490722656,
        "sma200": 223.374546585083,
        "sma50": 228.44421783447265,
        "rsi_weekly": 51.16124007214428,
        "rsi_monthly": 60.28597557149509,
        "52w_high": 248.4905242919922,
        "52w_low": 0
    },
    "UAL": {
        "close": 115.2925033569336,
        "sma200": 91.06606262207032,
        "sma50": 104.36624938964843,
        "rsi_weekly": 68.5879482769909,
        "rsi_monthly": 72.20676528285428,
        "52w_high": 117.52999877929688,
        "52w_low": 0
    },
    "UPS": {
        "close": 108.38500213623047,
        "sma200": 92.30425613403321,
        "sma50": 97.55237442016602,
        "rsi_weekly": 68.45890589948088,
        "rsi_monthly": 55.449174999726644,
        "52w_high": 127.49671936035156,
        "52w_low": 0
    },
    "URI": {
        "close": 946.5900268554688,
        "sma200": 809.0189221191406,
        "sma50": 831.427509765625,
        "rsi_weekly": 62.23557547877061,
        "rsi_monthly": 64.85714067987062,
        "52w_high": 1017.8645629882812,
        "52w_low": 0
    },
    "UNH": {
        "close": 337.8236083984375,
        "sma200": 339.41094932556155,
        "sma50": 329.12994262695315,
        "rsi_weekly": 51.60782666744112,
        "rsi_monthly": 35.61749897313048,
        "52w_high": 587.5621948242188,
        "52w_low": 0
    },
    "UHS": {
        "close": 203.51499938964844,
        "sma200": 194.2424373626709,
        "sma50": 225.6962692260742,
        "rsi_weekly": 49.240814493340054,
        "rsi_monthly": 62.12405159107147,
        "52w_high": 243.9795379638672,
        "52w_low": 0
    },
    "VLO": {
        "close": 180.7550048828125,
        "sma200": 147.50116958618165,
        "sma50": 173.05786163330077,
        "rsi_weekly": 65.66349302061585,
        "rsi_monthly": 62.031572282004156,
        "52w_high": 191.32000732421875,
        "52w_low": 0
    },
    "VTR": {
        "close": 75.45999908447266,
        "sma200": 68.7016947555542,
        "sma50": 77.57996932983399,
        "rsi_weekly": 56.228063884069,
        "rsi_monthly": 58.017242221743174,
        "52w_high": 80.50691223144531,
        "52w_low": 0
    },
    "VRSN": {
        "close": 249.23500061035156,
        "sma200": 264.96765563964846,
        "sma50": 246.10511993408204,
        "rsi_weekly": 46.275138330315364,
        "rsi_monthly": 51.360455433958535,
        "52w_high": 304.1607360839844,
        "52w_low": 0
    },
    "VRSK": {
        "close": 224.3800048828125,
        "sma200": 265.3346599578857,
        "sma50": 219.48891387939454,
        "rsi_weekly": 36.483958585438245,
        "rsi_monthly": 37.163429726128555,
        "52w_high": 319.65484619140625,
        "52w_low": 0
    },
    "VZ": {
        "close": 39.78499984741211,
        "sma200": 41.570266036987306,
        "sma50": 40.47429969787598,
        "rsi_weekly": 46.462522700451224,
        "rsi_monthly": 38.81491666836907,
        "52w_high": 44.29851531982422,
        "52w_low": 0
    },
    "VRTX": {
        "close": 458.43499755859375,
        "sma200": 438.1475234985352,
        "sma50": 442.58509948730466,
        "rsi_weekly": 59.06570595509095,
        "rsi_monthly": 46.594517356502074,
        "52w_high": 513.760009765625,
        "52w_low": 0
    },
    "V": {
        "close": 344.03509521484375,
        "sma200": 344.4200752258301,
        "sma50": 339.80072326660155,
        "rsi_weekly": 54.52909415375631,
        "rsi_monthly": 70.78072755615537,
        "52w_high": 371.9176025390625,
        "52w_low": 0
    },
    "VICI": {
        "close": 27.895000457763672,
        "sma200": 30.537020988464356,
        "sma50": 28.458951110839845,
        "rsi_weekly": 36.456018979781646,
        "rsi_monthly": 43.10208308960655,
        "52w_high": 32.92975616455078,
        "52w_low": 0
    },
    "VMC": {
        "close": 309.239990234375,
        "sma200": 277.81735763549807,
        "sma50": 291.8269299316406,
        "rsi_weekly": 67.45970959697632,
        "rsi_monthly": 72.26486510904935,
        "52w_high": 311.6199951171875,
        "52w_low": 0
    },
    "WRB": {
        "close": 68.72000122070312,
        "sma200": 70.81050592422486,
        "sma50": 71.5423405456543,
        "rsi_weekly": 45.51883592146309,
        "rsi_monthly": 60.24335153602367,
        "52w_high": 77.22645568847656,
        "52w_low": 0
    },
    "WAB": {
        "close": 224.94000244140625,
        "sma200": 198.61771812438965,
        "sma50": 211.01469146728516,
        "rsi_weekly": 66.70151150735863,
        "rsi_monthly": 74.22803996528721,
        "52w_high": 224.94000244140625,
        "52w_low": 0
    },
    "WMT": {
        "close": 118.38999938964844,
        "sma200": 100.7115941619873,
        "sma50": 109.38956359863282,
        "rsi_weekly": 64.55286569547897,
        "rsi_monthly": 83.11047341018265,
        "52w_high": 118.38999938964844,
        "52w_low": 0
    },
    "DIS": {
        "close": 113.18000030517578,
        "sma200": 109.80852619171142,
        "sma50": 109.51143768310547,
        "rsi_weekly": 58.498163745233,
        "rsi_monthly": 69.0833091649672,
        "52w_high": 123.17660522460938,
        "52w_low": 0
    },
    "WBD": {
        "close": 28.315000534057617,
        "sma200": 15.888275048732758,
        "sma50": 25.8371000289917,
        "rsi_weekly": 76.0666547341614,
        "rsi_monthly": 74.44514014960353,
        "52w_high": 29.979999542236328,
        "52w_low": 0
    },
    "WM": {
        "close": 218.88999938964844,
        "sma200": 221.83704002380372,
        "sma50": 212.64337860107423,
        "rsi_weekly": 53.559547588241706,
        "rsi_monthly": 69.27547841130541,
        "52w_high": 239.4345703125,
        "52w_low": 0
    },
    "WAT": {
        "close": 394.7773132324219,
        "sma200": 340.2185868835449,
        "sma50": 384.8049462890625,
        "rsi_weekly": 63.10215046412754,
        "rsi_monthly": 62.65981477757844,
        "52w_high": 417.2799987792969,
        "52w_low": 0
    },
    "WEC": {
        "close": 104.5199966430664,
        "sma200": 107.13781467437744,
        "sma50": 107.81022964477539,
        "rsi_weekly": 43.17314119397449,
        "rsi_monthly": 56.76682318556572,
        "52w_high": 116.56096649169922,
        "52w_low": 0
    }
}