{
    "last_scan_index": 325,
    "AAPL": {
        "close": 248.4499053955078,
        "sma200": 234.7366194152832,
        "sma50": 269.7765966796875,
        "rsi_weekly": 51.059659333548815,
        "rsi_monthly": 65.05595446512712,
        "52w_high": 286.19000244140625,
        "52w_low": 0
    },
    "NVDA": {
        "close": 187.48159790039062,
        "sma200": 165.69021617889405,
        "sma50": 183.81896270751952,
        "rsi_weekly": 56.61352264378933,
        "rsi_monthly": 76.36247542782036,
        "52w_high": 207.02847290039062,
        "52w_low": 0
    },
    "TSLA": {
        "close": 447.70001220703125,
        "sma200": 372.74885040283203,
        "sma50": 442.36920166015625,
        "rsi_weekly": 55.767272209839355,
        "rsi_monthly": 70.21254147643917,
        "52w_high": 489.8800048828125,
        "52w_low": 0
    },
    "MSFT": {
        "close": 468.1449890136719,
        "sma200": 482.8190934753418,
        "sma50": 480.9197204589844,
        "rsi_weekly": 40.97292819423284,
        "rsi_monthly": 64.94483127697099,
        "52w_high": 541.057373046875,
        "52w_low": 0
    },
    "AMD": {
        "close": 258.19000244140625,
        "sma200": 171.82834980010986,
        "sma50": 220.95920043945313,
        "rsi_weekly": 60.57175331207617,
        "rsi_monthly": 69.38721493424931,
        "52w_high": 264.3299865722656,
        "52w_low": 0
    },
    "MAS": {
        "close": 68.72000122070312,
        "sma200": 65.86881879806519,
        "sma50": 64.71700012207032,
        "rsi_weekly": 58.31866978350156,
        "rsi_monthly": 63.33003995892128,
        "52w_high": 80.34850311279297,
        "52w_low": 0
    },
    "MA": {
        "close": 523.4249877929688,
        "sma200": 561.090104675293,
        "sma50": 553.8727001953125,
        "rsi_weekly": 44.07451944780003,
        "rsi_monthly": 71.24569531915938,
        "52w_high": 597.273193359375,
        "52w_low": 0
    },
    "MTCH": {
        "close": 31.204999923706055,
        "sma200": 32.50061297416687,
        "sma50": 32.40916790008545,
        "rsi_weekly": 43.51234378521799,
        "rsi_monthly": 36.5801240595901,
        "52w_high": 38.33238983154297,
        "52w_low": 0
    },
    "MKC": {
        "close": 60.6349983215332,
        "sma200": 68.99364017486572,
        "sma50": 66.28041862487792,
        "rsi_weekly": 47.80303261673662,
        "rsi_monthly": 48.962104082074546,
        "52w_high": 82.57147216796875,
        "52w_low": 0
    },
    "MCD": {
        "close": 309.2174987792969,
        "sma200": 303.54305099487306,
        "sma50": 308.20490295410156,
        "rsi_weekly": 52.252523936848206,
        "rsi_monthly": 58.17616739781046,
        "52w_high": 319.6499938964844,
        "52w_low": 0
    },
    "MCK": {
        "close": 818.6900024414062,
        "sma200": 748.912060546875,
        "sma50": 831.1870617675781,
        "rsi_weekly": 63.129077433964554,
        "rsi_monthly": 71.49638293493774,
        "52w_high": 888.4524536132812,
        "52w_low": 0
    },
    "MDT": {
        "close": 101.08000183105469,
        "sma200": 91.44498847961425,
        "sma50": 99.209599609375,
        "rsi_weekly": 53.69431698457474,
        "rsi_monthly": 49.26091862839305,
        "52w_high": 105.3499984741211,
        "52w_low": 0
    },
    "MRK": {
        "close": 108.25,
        "sma200": 85.8946282196045,
        "sma50": 102.39466232299804,
        "rsi_weekly": 68.66445559091336,
        "rsi_monthly": 67.21382197933364,
        "52w_high": 111.11000061035156,
        "52w_low": 0
    },
    "MET": {
        "close": 75.54000091552734,
        "sma200": 77.71761878967285,
        "sma50": 78.5718000793457,
        "rsi_weekly": 45.930237638964826,
        "rsi_monthly": 57.01807679175568,
        "52w_high": 84.54906463623047,
        "52w_low": 0
    },
    "MTD": {
        "close": 1404.97998046875,
        "sma200": 1276.2852993774413,
        "sma50": 1431.8426025390625,
        "rsi_weekly": 60.06424366573541,
        "rsi_monthly": 60.78296128761418,
        "52w_high": 1506.02001953125,
        "52w_low": 0
    },
    "MGM": {
        "close": 34.11249923706055,
        "sma200": 34.333112468719484,
        "sma50": 35.05065002441406,
        "rsi_weekly": 50.09571709757559,
        "rsi_monthly": 48.11049773966102,
        "52w_high": 40.369998931884766,
        "52w_low": 0
    },
    "MCHP": {
        "close": 74.01000213623047,
        "sma200": 62.20350067138672,
        "sma50": 64.00702941894531,
        "rsi_weekly": 62.833489482656,
        "rsi_monthly": 46.03960762564359,
        "52w_high": 76.19999694824219,
        "52w_low": 0
    },
    "MU": {
        "close": 398.6000061035156,
        "sma200": 167.52233070373535,
        "sma50": 277.6802850341797,
        "rsi_weekly": 84.82506375551462,
        "rsi_monthly": 85.13259502296889,
        "52w_high": 398.6000061035156,
        "52w_low": 0
    },
    "MAA": {
        "close": 135.625,
        "sma200": 140.25068450927733,
        "sma50": 133.24759216308593,
        "rsi_weekly": 51.05995290098598,
        "rsi_monthly": 49.27711944941826,
        "52w_high": 163.83151245117188,
        "52w_low": 0
    },
    "MRNA": {
        "close": 48.59000015258789,
        "sma200": 28.08324995994568,
        "sma50": 31.241599998474122,
        "rsi_weekly": 68.66891041093479,
        "rsi_monthly": 22.609479190243324,
        "52w_high": 51.869998931884766,
        "52w_low": 0
    },
    "MHK": {
        "close": 120.6500015258789,
        "sma200": 114.80134998321533,
        "sma50": 112.35740005493165,
        "rsi_weekly": 55.55202945678109,
        "rsi_monthly": 59.38509234588343,
        "52w_high": 139.75,
        "52w_low": 0
    },
    "MOH": {
        "close": 201.8699951171875,
        "sma200": 214.41910057067872,
        "sma50": 163.71339996337892,
        "rsi_weekly": 51.874397041101574,
        "rsi_monthly": 48.64172992303688,
        "52w_high": 353.239990234375,
        "52w_low": 0
    },
    "TAP": {
        "close": 49.380001068115234,
        "sma200": 48.95466646194458,
        "sma50": 46.99899879455566,
        "rsi_weekly": 53.632334590027,
        "rsi_monthly": 45.65294838838223,
        "52w_high": 61.11589813232422,
        "52w_low": 0
    },
    "MDLZ": {
        "close": 58.27000045776367,
        "sma200": 61.288243198394774,
        "sma50": 55.10861946105957,
        "rsi_weekly": 46.19131555814817,
        "rsi_monthly": 27.354614591062393,
        "52w_high": 69.544921875,
        "52w_low": 0
    },
    "MPWR": {
        "close": 1053.06494140625,
        "sma200": 824.266107788086,
        "sma50": 951.0584533691406,
        "rsi_weekly": 64.69313849280421,
        "rsi_monthly": 72.97173782345267,
        "52w_high": 1103.1842041015625,
        "52w_low": 0
    },
    "MNST": {
        "close": 82.04000091552734,
        "sma200": 66.25080003738404,
        "sma50": 75.50099990844727,
        "rsi_weekly": 72.55707125049614,
        "rsi_monthly": 78.91304478658172,
        "52w_high": 82.04000091552734,
        "52w_low": 0
    },
    "MCO": {
        "close": 523.0399780273438,
        "sma200": 488.5161572265625,
        "sma50": 503.16011291503906,
        "rsi_weekly": 62.69584073984822,
        "rsi_monthly": 54.890932375153376,
        "52w_high": 539.6099853515625,
        "52w_low": 0
    },
    "MS": {
        "close": 179.0850067138672,
        "sma200": 148.8197243499756,
        "sma50": 175.90549926757814,
        "rsi_weekly": 76.83583831218871,
        "rsi_monthly": 80.31262515316118,
        "52w_high": 191.22999572753906,
        "52w_low": 0
    },
    "MOS": {
        "close": 28.90999984741211,
        "sma200": 30.537036066055297,
        "sma50": 24.979678649902343,
        "rsi_weekly": 44.98163370446189,
        "rsi_monthly": 42.4965228858554,
        "52w_high": 37.212406158447266,
        "52w_low": 0
    }
}