{
    "last_scan_index": 225,
    "AAPL": {
        "close": 260.25,
        "sma200": 232.99837600708008,
        "sma50": 272.3954052734375,
        "rsi_weekly": 53.761853204093065,
        "rsi_monthly": 65.05593602975333,
        "52w_high": 286.19000244140625,
        "52w_low": 0
    },
    "NVDA": {
        "close": 184.94000244140625,
        "sma200": 162.52874263763428,
        "sma50": 185.92717041015624,
        "rsi_weekly": 55.83253759146302,
        "rsi_monthly": 76.36247160181334,
        "52w_high": 207.02847290039062,
        "52w_low": 0
    },
    "TSLA": {
        "close": 448.9599914550781,
        "sma200": 365.63305015563964,
        "sma50": 444.0052014160156,
        "rsi_weekly": 57.433070397524055,
        "rsi_monthly": 70.21254147643917,
        "52w_high": 489.8800048828125,
        "52w_low": 0
    },
    "MSFT": {
        "close": 477.17999267578125,
        "sma200": 479.4162336730957,
        "sma50": 489.1177075195312,
        "rsi_weekly": 46.92493311232352,
        "rsi_monthly": 64.94485004496904,
        "52w_high": 541.057373046875,
        "52w_low": 0
    },
    "AMD": {
        "close": 207.69000244140625,
        "sma200": 166.2462997817993,
        "sma50": 222.8441995239258,
        "rsi_weekly": 52.90812131363197,
        "rsi_monthly": 69.38721493424931,
        "52w_high": 264.3299865722656,
        "52w_low": 0
    },
    "FTV": {
        "close": 55.5099983215332,
        "sma200": 51.26602609634399,
        "sma50": 53.36444046020508,
        "rsi_weekly": 61.05937046819838,
        "rsi_monthly": 66.79452861507393,
        "52w_high": 62.253089904785156,
        "52w_low": 0
    },
    "FOXA": {
        "close": 73.95999908447266,
        "sma200": 59.08677251815796,
        "sma50": 69.09400032043457,
        "rsi_weekly": 74.08153415062506,
        "rsi_monthly": 72.54535018206803,
        "52w_high": 76.11000061035156,
        "52w_low": 0
    },
    "FOX": {
        "close": 66.75,
        "sma200": 53.642815837860105,
        "sma50": 61.693600234985354,
        "rsi_weekly": 73.6564470691186,
        "rsi_monthly": 68.7210381792683,
        "52w_high": 67.76000213623047,
        "52w_low": 0
    },
    "BEN": {
        "close": 25.639999389648438,
        "sma200": 22.236347522735596,
        "sma50": 23.00949146270752,
        "rsi_weekly": 68.32680832843185,
        "rsi_monthly": 61.448868233613084,
        "52w_high": 25.65999984741211,
        "52w_low": 0
    },
    "FCX": {
        "close": 58.709999084472656,
        "sma200": 41.88292015075684,
        "sma50": 45.89340019226074,
        "rsi_weekly": 72.18028873397864,
        "rsi_monthly": 55.833584279348386,
        "52w_high": 58.709999084472656,
        "52w_low": 0
    },
    "GRMN": {
        "close": 211.49000549316406,
        "sma200": 213.95009887695312,
        "sma50": 201.84719299316407,
        "rsi_weekly": 49.29809435864477,
        "rsi_monthly": 64.91601222810405,
        "52w_high": 258.6608581542969,
        "52w_low": 0
    },
    "IT": {
        "close": 242.3000030517578,
        "sma200": 314.9014005279541,
        "sma50": 238.0870004272461,
        "rsi_weekly": 40.051849043459065,
        "rsi_monthly": 33.00686951680514,
        "52w_high": 548.3800048828125,
        "52w_low": 0
    },
    "GE": {
        "close": 324.1700134277344,
        "sma200": 265.57849578857423,
        "sma50": 303.4378955078125,
        "rsi_weekly": 67.22746401152897,
        "rsi_monthly": 86.92090315864782,
        "52w_high": 327.5400085449219,
        "52w_low": 0
    },
    "GEV": {
        "close": 639.77001953125,
        "sma200": 544.772908782959,
        "sma50": 618.0390698242187,
        "rsi_weekly": 55.82966835194649,
        "rsi_monthly": 81.4709425075515,
        "52w_high": 722.468017578125,
        "52w_low": 0
    },
    "GEHC": {
        "close": 86.9000015258789,
        "sma200": 74.53574487686157,
        "sma50": 80.0913720703125,
        "rsi_weekly": 63.59088904038981,
        "rsi_monthly": 77.22895543274784,
        "52w_high": 93.30926513671875,
        "52w_low": 0
    },
    "GEN": {
        "close": 26.770000457763672,
        "sma200": 27.79935715675354,
        "sma50": 26.74365234375,
        "rsi_weekly": 47.17346962277144,
        "rsi_monthly": 40.52956742076951,
        "52w_high": 31.882293701171875,
        "52w_low": 0
    },
    "GNRC": {
        "close": 156.60000610351562,
        "sma200": 152.61669998168946,
        "sma50": 151.3491995239258,
        "rsi_weekly": 47.63570507639144,
        "rsi_monthly": 46.472430900903376,
        "52w_high": 202.85000610351562,
        "52w_low": 0
    },
    "GD": {
        "close": 360.94000244140625,
        "sma200": 310.2901173400879,
        "sma50": 342.8750012207031,
        "rsi_weekly": 70.19335545806165,
        "rsi_monthly": 76.93101289414531,
        "52w_high": 360.94000244140625,
        "52w_low": 0
    },
    "GIS": {
        "close": 43.47999954223633,
        "sma200": 49.40247552871704,
        "sma50": 45.86561630249023,
        "rsi_weekly": 35.34884923783616,
        "rsi_monthly": 26.675044707809274,
        "52w_high": 62.18780517578125,
        "52w_low": 0
    },
    "GM": {
        "close": 82.9000015258789,
        "sma200": 58.48919992446899,
        "sma50": 76.0053874206543,
        "rsi_weekly": 78.24195294443282,
        "rsi_monthly": 85.79249773559488,
        "52w_high": 85.12999725341797,
        "52w_low": 0
    },
    "GPC": {
        "close": 129.2100067138672,
        "sma200": 126.20136772155762,
        "sma50": 126.54213287353515,
        "rsi_weekly": 50.263568579062095,
        "rsi_monthly": 59.5071054050845,
        "52w_high": 141.64169311523438,
        "52w_low": 0
    },
    "GILD": {
        "close": 122.5999984741211,
        "sma200": 112.86488403320313,
        "sma50": 122.45707931518555,
        "rsi_weekly": 56.18955318029357,
        "rsi_monthly": 60.16941336594054,
        "52w_high": 127.22968292236328,
        "52w_low": 0
    },
    "GPN": {
        "close": 79.68000030517578,
        "sma200": 81.00341785430908,
        "sma50": 77.66630798339844,
        "rsi_weekly": 47.77002941614787,
        "rsi_monthly": 29.923170712271503,
        "52w_high": 111.5788803100586,
        "52w_low": 0
    },
    "GL": {
        "close": 142.8699951171875,
        "sma200": 130.73061752319336,
        "sma50": 135.74362518310548,
        "rsi_weekly": 60.790645400656864,
        "rsi_monthly": 67.28473770565202,
        "52w_high": 145.98092651367188,
        "52w_low": 0
    },
    "GS": {
        "close": 949.5499877929688,
        "sma200": 713.6907688903808,
        "sma50": 849.0853015136719,
        "rsi_weekly": 80.08125035286602,
        "rsi_monthly": 84.55574900665403,
        "52w_high": 955.469970703125,
        "52w_low": 0
    },
    "HAL": {
        "close": 31.899999618530273,
        "sma200": 23.254766025543212,
        "sma50": 27.8692924118042,
        "rsi_weekly": 71.50362865635185,
        "rsi_monthly": 48.84577272030768,
        "52w_high": 32.630001068115234,
        "52w_low": 0
    },
    "HIG": {
        "close": 135.24000549316406,
        "sma200": 127.5706729888916,
        "sma50": 134.01207275390624,
        "rsi_weekly": 58.48004702995923,
        "rsi_monthly": 75.92896327611453,
        "52w_high": 139.72000122070312,
        "52w_low": 0
    },
    "HAS": {
        "close": 86.63999938964844,
        "sma200": 72.45721523284912,
        "sma50": 80.68153137207031,
        "rsi_weekly": 70.84828524606897,
        "rsi_monthly": 73.03066493307972,
        "52w_high": 89.13999938964844,
        "52w_low": 0
    },
    "HCA": {
        "close": 474.32000732421875,
        "sma200": 404.9787857055664,
        "sma50": 478.29502746582034,
        "rsi_weekly": 61.69167911852876,
        "rsi_monthly": 66.51810383463842,
        "52w_high": 515.0838012695312,
        "52w_low": 0
    }
}