{
    "last_scan_index": 475,
    "AAPL": {
        "close": 255.52999877929688,
        "sma200": 233.7518910217285,
        "sma50": 271.494140625,
        "rsi_weekly": 53.76185321962269,
        "rsi_monthly": 65.05593182887273,
        "52w_high": 286.19000244140625,
        "52w_low": 0
    },
    "NVDA": {
        "close": 186.22999572753906,
        "sma200": 164.0421416091919,
        "sma50": 184.55367309570312,
        "rsi_weekly": 55.83253747777723,
        "rsi_monthly": 76.36247265678304,
        "52w_high": 207.02847290039062,
        "52w_low": 0
    },
    "TSLA": {
        "close": 437.5,
        "sma200": 369.1239003753662,
        "sma50": 443.0688018798828,
        "rsi_weekly": 57.433070397524055,
        "rsi_monthly": 70.21254147643917,
        "52w_high": 489.8800048828125,
        "52w_low": 0
    },
    "MSFT": {
        "close": 459.8599853515625,
        "sma200": 481.0549951171875,
        "sma50": 484.6280310058594,
        "rsi_weekly": 46.92493316042182,
        "rsi_monthly": 64.94486929892066,
        "52w_high": 541.057373046875,
        "52w_low": 0
    },
    "AMD": {
        "close": 231.8300018310547,
        "sma200": 168.69094982147217,
        "sma50": 220.51739990234375,
        "rsi_weekly": 52.90812131363197,
        "rsi_monthly": 69.38721493424931,
        "52w_high": 264.3299865722656,
        "52w_low": 0
    },
    "ULTA": {
        "close": 663.47998046875,
        "sma200": 502.1879508972168,
        "sma50": 579.8802038574219,
        "rsi_weekly": 78.54155246654247,
        "rsi_monthly": 75.1755326241503,
        "52w_high": 666.1799926757812,
        "52w_low": 0
    },
    "UNP": {
        "close": 229.49000549316406,
        "sma200": 223.342548828125,
        "sma50": 229.33271087646483,
        "rsi_weekly": 51.15889756664449,
        "rsi_monthly": 60.2859567446085,
        "52w_high": 248.4905242919922,
        "52w_low": 0
    },
    "UAL": {
        "close": 113.48999786376953,
        "sma200": 91.93435009002685,
        "sma50": 105.97359939575195,
        "rsi_weekly": 68.61311387913746,
        "rsi_monthly": 72.20676528285428,
        "52w_high": 117.52999877929688,
        "52w_low": 0
    },
    "UPS": {
        "close": 106.91000366210938,
        "sma200": 92.36243572235108,
        "sma50": 98.68853164672852,
        "rsi_weekly": 68.48738362622669,
        "rsi_monthly": 55.44917363887143,
        "52w_high": 127.49671173095703,
        "52w_low": 0
    },
    "URI": {
        "close": 921.239990234375,
        "sma200": 814.9761557006836,
        "sma50": 836.9107568359375,
        "rsi_weekly": 62.26412726891157,
        "rsi_monthly": 64.85714704640468,
        "52w_high": 1017.8645629882812,
        "52w_low": 0
    },
    "UNH": {
        "close": 331.0199890136719,
        "sma200": 335.93203041076663,
        "sma50": 329.12291564941404,
        "rsi_weekly": 51.64445015455934,
        "rsi_monthly": 35.61749476520804,
        "52w_high": 587.5621337890625,
        "52w_low": 0
    },
    "UHS": {
        "close": 199.8800048828125,
        "sma200": 194.54917701721192,
        "sma50": 224.24982788085939,
        "rsi_weekly": 49.24250078831862,
        "rsi_monthly": 62.1240455793123,
        "52w_high": 243.9795379638672,
        "52w_low": 0
    },
    "VLO": {
        "close": 183.4600067138672,
        "sma200": 148.58433334350585,
        "sma50": 174.2388296508789,
        "rsi_weekly": 65.7052558732124,
        "rsi_monthly": 62.03157526173426,
        "52w_high": 191.32000732421875,
        "52w_low": 0
    },
    "VTR": {
        "close": 78.44999694824219,
        "sma200": 68.9079543876648,
        "sma50": 77.86095336914063,
        "rsi_weekly": 56.235225421382474,
        "rsi_monthly": 58.0172312204207,
        "52w_high": 80.50691223144531,
        "52w_low": 0
    },
    "VRSN": {
        "close": 249.47000122070312,
        "sma200": 264.90780319213866,
        "sma50": 246.83671997070311,
        "rsi_weekly": 46.261694661055564,
        "rsi_monthly": 51.36045353589154,
        "52w_high": 304.1607360839844,
        "52w_low": 0
    },
    "VRSK": {
        "close": 220.41000366210938,
        "sma200": 263.87286865234375,
        "sma50": 219.8728469848633,
        "rsi_weekly": 36.48830217000364,
        "rsi_monthly": 37.163420979003334,
        "52w_high": 319.65484619140625,
        "52w_low": 0
    },
    "VZ": {
        "close": 38.90999984741211,
        "sma200": 40.80526641845703,
        "sma50": 39.84484123229981,
        "rsi_weekly": 46.54246918330966,
        "rsi_monthly": 38.81494856823166,
        "52w_high": 43.543052673339844,
        "52w_low": 0
    },
    "VRTX": {
        "close": 441.3599853515625,
        "sma200": 437.25669860839844,
        "sma50": 444.4551989746094,
        "rsi_weekly": 59.05082555191575,
        "rsi_monthly": 46.594517356502074,
        "52w_high": 513.760009765625,
        "52w_low": 0
    },
    "V": {
        "close": 328.29998779296875,
        "sma200": 344.07119018554687,
        "sma50": 338.8405096435547,
        "rsi_weekly": 54.49465371667441,
        "rsi_monthly": 70.78073735246683,
        "52w_high": 371.9176025390625,
        "52w_low": 0
    },
    "VICI": {
        "close": 28.979999542236328,
        "sma200": 30.486436262130738,
        "sma50": 28.367152366638184,
        "rsi_weekly": 36.4673926532153,
        "rsi_monthly": 43.102063530560805,
        "52w_high": 32.92975616455078,
        "52w_low": 0
    },
    "VMC": {
        "close": 305.9700012207031,
        "sma200": 279.2242757415772,
        "sma50": 293.01190856933596,
        "rsi_weekly": 67.4298828504906,
        "rsi_monthly": 72.26486053571509,
        "52w_high": 311.6199951171875,
        "52w_low": 0
    },
    "WRB": {
        "close": 67.87999725341797,
        "sma200": 70.81908792495727,
        "sma50": 71.33412200927734,
        "rsi_weekly": 45.550701120251354,
        "rsi_monthly": 60.24336540743039,
        "52w_high": 77.22645568847656,
        "52w_low": 0
    },
    "WAB": {
        "close": 229.60000610351562,
        "sma200": 199.53238121032715,
        "sma50": 212.97333557128906,
        "rsi_weekly": 66.70851805144095,
        "rsi_monthly": 74.22802167387646,
        "52w_high": 229.60000610351562,
        "52w_low": 0
    },
    "WMT": {
        "close": 119.69999694824219,
        "sma200": 101.3807382965088,
        "sma50": 110.83833389282226,
        "rsi_weekly": 64.55479367245027,
        "rsi_monthly": 83.11046876792977,
        "52w_high": 120.36000061035156,
        "52w_low": 0
    },
    "DIS": {
        "close": 111.19999694824219,
        "sma200": 110.10942367553712,
        "sma50": 109.6258592224121,
        "rsi_weekly": 58.49476700393771,
        "rsi_monthly": 69.08330339439046,
        "52w_high": 123.17660522460938,
        "52w_low": 0
    },
    "WBD": {
        "close": 28.579999923706055,
        "sma200": 16.24990004301071,
        "sma50": 26.3507999420166,
        "rsi_weekly": 76.0789482988065,
        "rsi_monthly": 74.44514014960353,
        "52w_high": 29.979999542236328,
        "52w_low": 0
    },
    "WM": {
        "close": 221.22999572753906,
        "sma200": 221.65530799865724,
        "sma50": 214.26383544921876,
        "rsi_weekly": 53.5486235049232,
        "rsi_monthly": 69.27547416897755,
        "52w_high": 239.43455505371094,
        "52w_low": 0
    },
    "WAT": {
        "close": 387.3699951171875,
        "sma200": 340.77245025634767,
        "sma50": 388.0582000732422,
        "rsi_weekly": 63.10082435649836,
        "rsi_monthly": 62.65981477757844,
        "52w_high": 417.2799987792969,
        "52w_low": 0
    },
    "WEC": {
        "close": 108.58999633789062,
        "sma200": 107.18386474609375,
        "sma50": 107.55064575195313,
        "rsi_weekly": 43.20517741832352,
        "rsi_monthly": 56.76687438117474,
        "52w_high": 116.56096649169922,
        "52w_low": 0
    }
}