{
    "last_scan_index": 175,
    "AAPL": {
        "close": 247.64999389648438,
        "sma200": 234.09551811218262,
        "sma50": 270.59339813232424,
        "rsi_weekly": 51.05965933233181,
        "rsi_monthly": 65.05593465894678,
        "52w_high": 286.19000244140625,
        "52w_low": 0
    },
    "NVDA": {
        "close": 183.32000732421875,
        "sma200": 164.78818420410155,
        "sma50": 184.11609985351564,
        "rsi_weekly": 56.613522851858235,
        "rsi_monthly": 76.36247254888522,
        "52w_high": 207.02847290039062,
        "52w_low": 0
    },
    "TSLA": {
        "close": 431.44000244140625,
        "sma200": 370.62715034484864,
        "sma50": 441.9230017089844,
        "rsi_weekly": 55.767272209839355,
        "rsi_monthly": 70.21254147643917,
        "52w_high": 489.8800048828125,
        "52w_low": 0
    },
    "MSFT": {
        "close": 444.1099853515625,
        "sma200": 481.79203338623046,
        "sma50": 482.55295227050783,
        "rsi_weekly": 40.972928308030966,
        "rsi_monthly": 64.94485348019793,
        "52w_high": 541.057373046875,
        "52w_low": 0
    },
    "AMD": {
        "close": 249.8000030517578,
        "sma200": 170.11574981689452,
        "sma50": 220.27120025634767,
        "rsi_weekly": 60.57175331207617,
        "rsi_monthly": 69.38721493424931,
        "52w_high": 264.3299865722656,
        "52w_low": 0
    },
    "DG": {
        "close": 147.16000366210938,
        "sma200": 108.67450901031494,
        "sma50": 125.65888366699218,
        "rsi_weekly": 79.16470454328417,
        "rsi_monthly": 72.08826760824891,
        "52w_high": 151.72999572753906,
        "52w_low": 0
    },
    "DLTR": {
        "close": 132.94000244140625,
        "sma200": 102.93105010986328,
        "sma50": 120.22679977416992,
        "rsi_weekly": 74.89326967554878,
        "rsi_monthly": 72.23544045212721,
        "52w_high": 141.2100067138672,
        "52w_low": 0
    },
    "D": {
        "close": 60.91999816894531,
        "sma200": 57.29647274017334,
        "sma50": 59.58571212768555,
        "rsi_weekly": 57.526448323949886,
        "rsi_monthly": 69.14497346336485,
        "52w_high": 62.06929016113281,
        "52w_low": 0
    },
    "DPZ": {
        "close": 398.9200134277344,
        "sma200": 440.69265274047854,
        "sma50": 414.9530389404297,
        "rsi_weekly": 39.29994806317438,
        "rsi_monthly": 54.82107035230918,
        "52w_high": 491.703125,
        "52w_low": 0
    },
    "DOV": {
        "close": 208.5500030517578,
        "sma200": 179.510806350708,
        "sma50": 193.3644854736328,
        "rsi_weekly": 68.27627218166963,
        "rsi_monthly": 72.21393769444046,
        "52w_high": 208.5500030517578,
        "52w_low": 0
    },
    "DOW": {
        "close": 28.40999984741211,
        "sma200": 24.925423011779785,
        "sma50": 23.806699409484864,
        "rsi_weekly": 58.68457117908788,
        "rsi_monthly": 39.84672142764487,
        "52w_high": 39.00429153442383,
        "52w_low": 0
    },
    "DHI": {
        "close": 158.11000061035156,
        "sma200": 144.74692993164064,
        "sma50": 150.3445086669922,
        "rsi_weekly": 53.28441931583339,
        "rsi_monthly": 54.45707321791188,
        "52w_high": 183.47286987304688,
        "52w_low": 0
    },
    "DTE": {
        "close": 137.07000732421875,
        "sma200": 133.5567547607422,
        "sma50": 132.06124633789062,
        "rsi_weekly": 55.22175854478851,
        "rsi_monthly": 62.68151545034496,
        "52w_high": 142.03366088867188,
        "52w_low": 0
    },
    "DUK": {
        "close": 119.37000274658203,
        "sma200": 118.90245891571045,
        "sma50": 118.91833480834961,
        "rsi_weekly": 50.06703957853161,
        "rsi_monthly": 51.12220766089265,
        "52w_high": 127.91812133789062,
        "52w_low": 0
    },
    "DD": {
        "close": 43.380001068115234,
        "sma200": 32.74275724411011,
        "sma50": 40.7785083770752,
        "rsi_weekly": 71.54278807321722,
        "rsi_monthly": 79.41051688481667,
        "52w_high": 43.810001373291016,
        "52w_low": 0
    },
    "EMN": {
        "close": 68.30000305175781,
        "sma200": 68.04566820144653,
        "sma50": 62.936918869018555,
        "rsi_weekly": 54.953676389290834,
        "rsi_monthly": 46.11037118989229,
        "52w_high": 98.89759063720703,
        "52w_low": 0
    },
    "ETN": {
        "close": 337.9599914550781,
        "sma200": 342.1300119018555,
        "sma50": 336.0506018066406,
        "rsi_weekly": 50.14756284784257,
        "rsi_monthly": 63.999080432356465,
        "52w_high": 391.6195373535156,
        "52w_low": 0
    },
    "EBAY": {
        "close": 92.81999969482422,
        "sma200": 82.53368644714355,
        "sma50": 85.7297119140625,
        "rsi_weekly": 61.14717351610383,
        "rsi_monthly": 78.55947956284504,
        "52w_high": 100.1019287109375,
        "52w_low": 0
    },
    "ECL": {
        "close": 279.8599853515625,
        "sma200": 263.68406150817873,
        "sma50": 265.210632019043,
        "rsi_weekly": 57.53102641812576,
        "rsi_monthly": 71.90330998977271,
        "52w_high": 283.9881286621094,
        "52w_low": 0
    },
    "EIX": {
        "close": 60.41999816894531,
        "sma200": 54.13278917312622,
        "sma50": 58.41938484191895,
        "rsi_weekly": 66.9012773463649,
        "rsi_monthly": 50.73289474433084,
        "52w_high": 62.38999938964844,
        "52w_low": 0
    },
    "EW": {
        "close": 85.13999938964844,
        "sma200": 78.78550003051758,
        "sma50": 84.99859970092774,
        "rsi_weekly": 56.35744798082777,
        "rsi_monthly": 70.0985485603512,
        "52w_high": 86.94000244140625,
        "52w_low": 0
    },
    "EA": {
        "close": 204.14999389648438,
        "sma200": 174.2465219116211,
        "sma50": 203.16132934570314,
        "rsi_weekly": 76.80350249300945,
        "rsi_monthly": 73.75147181839432,
        "52w_high": 204.7899932861328,
        "52w_low": 0
    },
    "ELV": {
        "close": 369.8800048828125,
        "sma200": 346.9020343017578,
        "sma50": 344.02363342285156,
        "rsi_weekly": 60.26654394870276,
        "rsi_monthly": 44.34683975588447,
        "52w_high": 445.95867919921875,
        "52w_low": 0
    },
    "EMR": {
        "close": 149.57000732421875,
        "sma200": 128.74611522674562,
        "sma50": 135.79644393920898,
        "rsi_weekly": 65.50140894137414,
        "rsi_monthly": 71.20908322311377,
        "52w_high": 149.57000732421875,
        "52w_low": 0
    },
    "ENPH": {
        "close": 35.970001220703125,
        "sma200": 37.94385012626648,
        "sma50": 31.722800025939943,
        "rsi_weekly": 47.24872962525377,
        "rsi_monthly": 57.780371298458256,
        "52w_high": 66.51000213623047,
        "52w_low": 0
    },
    "EOG": {
        "close": 108.05000305175781,
        "sma200": 110.83010814666748,
        "sma50": 106.02958084106446,
        "rsi_weekly": 45.03158956586115,
        "rsi_monthly": 43.56587179260666,
        "52w_high": 131.17752075195312,
        "52w_low": 0
    },
    "EPAM": {
        "close": 212.9499969482422,
        "sma200": 172.7848001861572,
        "sma50": 200.34120056152344,
        "rsi_weekly": 64.89719925195209,
        "rsi_monthly": 60.32420314482,
        "52w_high": 267.6300048828125,
        "52w_low": 0
    },
    "EQT": {
        "close": 54.83000183105469,
        "sma200": 54.00350826263428,
        "sma50": 55.955599822998046,
        "rsi_weekly": 42.58222385330169,
        "rsi_monthly": 62.60080719209003,
        "52w_high": 61.16999816894531,
        "52w_low": 0
    },
    "EFX": {
        "close": 212.00999450683594,
        "sma200": 239.04903060913085,
        "sma50": 214.33516815185547,
        "rsi_weekly": 44.57058713195849,
        "rsi_monthly": 59.09308890066797,
        "52w_high": 278.78533935546875,
        "52w_low": 0
    },