{
    "last_scan_index": 125,
    "AAPL": {
        "close": 248.22500610351562,
        "sma200": 234.39795288085938,
        "sma50": 270.19369842529295,
        "rsi_weekly": 51.05965927930923,
        "rsi_monthly": 65.05591412927994,
        "52w_high": 286.19000244140625,
        "52w_low": 0
    },
    "NVDA": {
        "close": 184.80499267578125,
        "sma200": 165.2407447052002,
        "sma50": 184.0494091796875,
        "rsi_weekly": 56.61352272325491,
        "rsi_monthly": 76.36247612655305,
        "52w_high": 207.02847290039062,
        "52w_low": 0
    },
    "TSLA": {
        "close": 448.94000244140625,
        "sma200": 371.67470039367674,
        "sma50": 442.31140197753905,
        "rsi_weekly": 55.767272209839355,
        "rsi_monthly": 70.21254147643917,
        "52w_high": 489.8800048828125,
        "52w_low": 0
    },
    "MSFT": {
        "close": 450.9200134277344,
        "sma200": 482.25702575683596,
        "sma50": 481.65351501464846,
        "rsi_weekly": 40.97292771208369,
        "rsi_monthly": 64.94487671947043,
        "52w_high": 541.057373046875,
        "52w_low": 0
    },
    "AMD": {
        "close": 253.49000549316406,
        "sma200": 170.9543998336792,
        "sma50": 220.67020050048828,
        "rsi_weekly": 60.57175331207617,
        "rsi_monthly": 69.38721493424931,
        "52w_high": 264.3299865722656,
        "52w_low": 0
    },
    "SCHW": {
        "close": 103.98999786376953,
        "sma200": 92.0107511138916,
        "sma50": 97.39901138305665,
        "rsi_weekly": 69.05368277673436,
        "rsi_monthly": 78.24943839985869,
        "52w_high": 103.98999786376953,
        "52w_low": 0
    },
    "CHTR": {
        "close": 192.55499267578125,
        "sma200": 294.1237744903564,
        "sma50": 203.6908999633789,
        "rsi_weekly": 25.796976236247783,
        "rsi_monthly": 21.08980984965178,
        "52w_high": 427.25,
        "52w_low": 0
    },
    "CVX": {
        "close": 166.38999938964844,
        "sma200": 147.9677407836914,
        "sma50": 154.1720477294922,
        "rsi_weekly": 65.03037735123884,
        "rsi_monthly": 61.371044266398954,
        "52w_high": 167.24000549316406,
        "52w_low": 0
    },
    "CMG": {
        "close": 40.529998779296875,
        "sma200": 43.516500053405764,
        "sma50": 35.69119998931885,
        "rsi_weekly": 49.91866377362966,
        "rsi_monthly": 52.18402279312576,
        "52w_high": 59.02000045776367,
        "52w_low": 0
    },
    "CB": {
        "close": 300.6300048828125,
        "sma200": 286.0536404418945,
        "sma50": 302.8194006347656,
        "rsi_weekly": 56.426048730257996,
        "rsi_monthly": 68.4072363936816,
        "52w_high": 315.19000244140625,
        "52w_low": 0
    },
    "CHD": {
        "close": 92.90499877929688,
        "sma200": 91.45046375274659,
        "sma50": 85.25285034179687,
        "rsi_weekly": 53.71590456189214,
        "rsi_monthly": 33.925634223735464,
        "52w_high": 112.09139251708984,
        "52w_low": 0
    },
    "CI": {
        "close": 280.3299865722656,
        "sma200": 294.6267433929443,
        "sma50": 273.09578369140627,
        "rsi_weekly": 44.88296289307195,
        "rsi_monthly": 58.47677478246138,
        "52w_high": 334.8284912109375,
        "52w_low": 0
    },
    "CINF": {
        "close": 158.22000122070312,
        "sma200": 151.89181316375732,
        "sma50": 163.75814086914062,
        "rsi_weekly": 56.157638646829,
        "rsi_monthly": 71.27549031150555,
        "52w_high": 167.6038055419922,
        "52w_low": 0
    },
    "CTAS": {
        "close": 193.06500244140625,
        "sma200": 204.05329612731933,
        "sma50": 187.9038571166992,
        "rsi_weekly": 49.95738550362479,
        "rsi_monthly": 55.736704683232865,
        "52w_high": 226.6531219482422,
        "52w_low": 0
    },
    "CSCO": {
        "close": 74.33499908447266,
        "sma200": 67.96773399353027,
        "sma50": 76.15822296142578,
        "rsi_weekly": 58.61471661913059,
        "rsi_monthly": 70.4362655028235,
        "52w_high": 79.82286071777344,
        "52w_low": 0
    },
    "C": {
        "close": 115.4800033569336,
        "sma200": 92.320179271698,
        "sma50": 110.69060012817383,
        "rsi_weekly": 70.52922601189974,
        "rsi_monthly": 85.96273212056019,
        "52w_high": 123.30000305175781,
        "52w_low": 0
    },
    "CFG": {
        "close": 64.20500183105469,
        "sma200": 48.36812917709351,
        "sma50": 57.125699768066404,
        "rsi_weekly": 75.63711658520282,
        "rsi_monthly": 67.27665530194518,
        "52w_high": 64.20500183105469,
        "52w_low": 0
    },
    "CLX": {
        "close": 112.20999908447266,
        "sma200": 118.81756916046143,
        "sma50": 103.66900009155273,
        "rsi_weekly": 46.14262142121897,
        "rsi_monthly": 43.516327284620886,
        "52w_high": 156.630615234375,
        "52w_low": 0
    },
    "CME": {
        "close": 281.5199890136719,
        "sma200": 270.1102114868164,
        "sma50": 273.8255975341797,
        "rsi_weekly": 55.676971866764255,
        "rsi_monthly": 75.62487931034241,
        "52w_high": 286.6857604980469,
        "52w_low": 0
    },
    "CMS": {
        "close": 70.98500061035156,
        "sma200": 71.11470958709717,
        "sma50": 71.62249923706055,
        "rsi_weekly": 51.38386341416353,
        "rsi_monthly": 59.3419021125863,
        "52w_high": 75.44000244140625,
        "52w_low": 0
    },
    "KO": {
        "close": 71.94000244140625,
        "sma200": 69.0859156036377,
        "sma50": 70.52091232299804,
        "rsi_weekly": 55.280334286733506,
        "rsi_monthly": 61.85329849677135,
        "52w_high": 72.61000061035156,
        "52w_low": 0
    },
    "CTSH": {
        "close": 84.63500213623047,
        "sma200": 74.8176294708252,
        "sma50": 80.71158126831055,
        "rsi_weekly": 64.18514926087526,
        "rsi_monthly": 62.660113958015764,
        "52w_high": 89.25666809082031,
        "52w_low": 0
    },
    "CL": {
        "close": 85.7699966430664,
        "sma200": 83.43538871765136,
        "sma50": 79.2378727722168,
        "rsi_weekly": 56.69188611578375,
        "rsi_monthly": 48.32809295751571,
        "52w_high": 95.15522003173828,
        "52w_low": 0
    },
    "CMCSA": {
        "close": 29.235000610351562,
        "sma200": 29.348806715011598,
        "sma50": 26.528338928222656,
        "rsi_weekly": 48.32830887995832,
        "rsi_monthly": 27.040946899900387,
        "52w_high": 34.41195297241211,
        "52w_low": 0
    },
    "CMA": {
        "close": 95.04000091552734,
        "sma200": 68.96914501190186,
        "sma50": 85.44715957641601,
        "rsi_weekly": 81.24199758604023,
        "rsi_monthly": 66.4488518070966,
        "52w_high": 98.58999633789062,
        "52w_low": 0
    },
    "CAG": {
        "close": 17.479999542236328,
        "sma200": 19.25976014137268,
        "sma50": 17.290999984741212,
        "rsi_weekly": 35.62399338312683,
        "rsi_monthly": 23.671470941602283,
        "52w_high": 26.194599151611328,
        "52w_low": 0
    },
    "COP": {
        "close": 96.79499816894531,
        "sma200": 90.83754871368409,
        "sma50": 92.90818450927735,
        "rsi_weekly": 58.10587727251262,
        "rsi_monthly": 49.07489697645752,
        "52w_high": 103.38457489013672,
        "52w_low": 0
    },
    "ED": {
        "close": 103.19000244140625,
        "sma200": 100.40002620697021,
        "sma50": 99.44754379272462,
        "rsi_weekly": 59.96495478272371,
        "rsi_monthly": 47.44178291247002,
        "52w_high": 110.50127410888672,
        "52w_low": 0
    },
    "STZ": {
        "close": 160.8249969482422,
        "sma200": 156.0428519821167,
        "sma50": 141.34830047607423,
        "rsi_weekly": 56.15877649508462,
        "rsi_monthly": 33.21145549671799,
        "52w_high": 192.97064208984375,
        "52w_low": 0
    },