{
    "last_scan_index": 75,
    "AAPL": {
        "close": 247.47999572753906,
        "sma200": 234.0946681213379,
        "sma50": 270.5899981689453,
        "rsi_weekly": 51.0596592041655,
        "rsi_monthly": 65.05591652004055,
        "52w_high": 286.19000244140625,
        "52w_low": 0
    },
    "NVDA": {
        "close": 183.67999267578125,
        "sma200": 164.7899839401245,
        "sma50": 184.12329956054688,
        "rsi_weekly": 56.6135227467088,
        "rsi_monthly": 76.36247332754319,
        "52w_high": 207.02847290039062,
        "52w_low": 0
    },
    "TSLA": {
        "close": 430.760009765625,
        "sma200": 370.62375038146973,
        "sma50": 441.90940185546873,
        "rsi_weekly": 55.767272209839355,
        "rsi_monthly": 70.21254147643917,
        "52w_high": 489.8800048828125,
        "52w_low": 0
    },
    "MSFT": {
        "close": 443.5392150878906,
        "sma200": 481.7891775512695,
        "sma50": 482.5415368652344,
        "rsi_weekly": 40.97292786745506,
        "rsi_monthly": 64.94485481655623,
        "52w_high": 541.057373046875,
        "52w_low": 0
    },
    "AMD": {
        "close": 249.70989990234375,
        "sma200": 170.11529930114747,
        "sma50": 220.26939819335936,
        "rsi_weekly": 60.57175331207617,
        "rsi_monthly": 69.38721493424931,
        "52w_high": 264.3299865722656,
        "52w_low": 0
    },
    "ADP": {
        "close": 257.1199951171875,
        "sma200": 286.13120643615724,
        "sma50": 257.0779791259766,
        "rsi_weekly": 41.4469295576983,
        "rsi_monthly": 48.9397827001005,
        "52w_high": 321.4271240234375,
        "52w_low": 0
    },
    "AZO": {
        "close": 3668.780029296875,
        "sma200": 3801.086094970703,
        "sma50": 3603.9374072265623,
        "rsi_weekly": 42.96985294836369,
        "rsi_monthly": 59.03724331970976,
        "52w_high": 4354.5400390625,
        "52w_low": 0
    },
    "AVB": {
        "close": 178.9949951171875,
        "sma200": 189.0360791015625,
        "sma50": 178.48775054931642,
        "rsi_weekly": 47.385998784949166,
        "rsi_monthly": 42.12835335076999,
        "52w_high": 220.14422607421875,
        "52w_low": 0
    },
    "AVY": {
        "close": 186.2100067138672,
        "sma200": 172.71484321594238,
        "sma50": 178.40276092529297,
        "rsi_weekly": 63.42604213483587,
        "rsi_monthly": 66.34420802261408,
        "52w_high": 191.8097381591797,
        "52w_low": 0
    },
    "AXON": {
        "close": 610.4500122070312,
        "sma200": 684.3911994934082,
        "sma50": 574.0240014648438,
        "rsi_weekly": 49.515258645017774,
        "rsi_monthly": 60.67064340685401,
        "52w_high": 870.969970703125,
        "52w_low": 0
    },
    "BKR": {
        "close": 53.599998474121094,
        "sma200": 43.335603370666504,
        "sma50": 48.2292000579834,
        "rsi_weekly": 63.94633871342286,
        "rsi_monthly": 63.891215724079025,
        "52w_high": 53.599998474121094,
        "52w_low": 0
    },
    "BALL": {
        "close": 55.869998931884766,
        "sma200": 51.7285138130188,
        "sma50": 51.011257553100585,
        "rsi_weekly": 62.6492384992676,
        "rsi_monthly": 67.95234791487164,
        "52w_high": 59.233028411865234,
        "52w_low": 0
    },
    "BAC": {
        "close": 52.125,
        "sma200": 48.127760887145996,
        "sma50": 53.94256462097168,
        "rsi_weekly": 55.00368130038069,
        "rsi_monthly": 79.28785459991776,
        "52w_high": 57.25,
        "52w_low": 0
    },
    "BK": {
        "close": 119.73999786376953,
        "sma200": 100.46296424865723,
        "sma50": 115.18739959716797,
        "rsi_weekly": 74.369593243669,
        "rsi_monthly": 86.43816007942608,
        "52w_high": 124.58999633789062,
        "52w_low": 0
    },
    "BBWI": {
        "close": 22.274999618530273,
        "sma200": 26.193531675338747,
        "sma50": 20.249619064331053,
        "rsi_weekly": 48.62479772024215,
        "rsi_monthly": 45.010928285110154,
        "52w_high": 39.98191452026367,
        "52w_low": 0
    },
    "BAX": {
        "close": 19.700000762939453,
        "sma200": 24.586538791656494,
        "sma50": 19.02570343017578,
        "rsi_weekly": 42.03976708747545,
        "rsi_monthly": 42.3100542403825,
        "52w_high": 36.09501647949219,
        "52w_low": 0
    },
    "BDX": {
        "close": 206.0850067138672,
        "sma200": 185.41884567260743,
        "sma50": 195.54415130615234,
        "rsi_weekly": 62.390381060486675,
        "rsi_monthly": 40.80861481405097,
        "52w_high": 243.80543518066406,
        "52w_low": 0
    },
    "BBY": {
        "close": 66.55000305175781,
        "sma200": 70.26529317855835,
        "sma50": 72.13319610595703,
        "rsi_weekly": 42.74781490555492,
        "rsi_monthly": 57.730419274852125,
        "52w_high": 86.45199584960938,
        "52w_low": 0
    },
    "BIO": {
        "close": 312.8450012207031,
        "sma200": 277.3378744506836,
        "sma50": 313.1800994873047,
        "rsi_weekly": 54.60591694786343,
        "rsi_monthly": 52.914979021456986,
        "52w_high": 367.0,
        "52w_low": 0
    },
    "TECH": {
        "close": 71.48500061035156,
        "sma200": 55.52585432052612,
        "sma50": 61.78891891479492,
        "rsi_weekly": 62.00361976186937,
        "rsi_monthly": 52.777896920048306,
        "52w_high": 78.30477905273438,
        "52w_low": 0
    },
    "BIIB": {
        "close": 172.77000427246094,
        "sma200": 143.69070037841797,
        "sma50": 174.22820068359374,
        "rsi_weekly": 52.5256659897564,
        "rsi_monthly": 30.505703427542805,
        "52w_high": 187.6199951171875,
        "52w_low": 0
    },
    "BLK": {
        "close": 1125.1600341796875,
        "sma200": 1050.8673153686523,
        "sma50": 1072.3236059570313,
        "rsi_weekly": 62.48328296051119,
        "rsi_monthly": 67.76741487034565,
        "52w_high": 1196.7647705078125,
        "52w_low": 0
    },
    "BX": {
        "close": 155.97000122070312,
        "sma200": 152.78399101257324,
        "sma50": 151.01720001220704,
        "rsi_weekly": 57.16320091751813,
        "rsi_monthly": 58.112887774316064,
        "52w_high": 187.02017211914062,
        "52w_low": 0
    },
    "BA": {
        "close": 250.16000366210938,
        "sma200": 209.56315032958983,
        "sma50": 210.0178009033203,
        "rsi_weekly": 66.9329901094342,
        "rsi_monthly": 50.75980119696621,
        "52w_high": 250.16000366210938,
        "52w_low": 0
    },
    "BKNG": {
        "close": 5165.419921875,
        "sma200": 5279.088383789062,
        "sma50": 5171.6909375,
        "rsi_weekly": 46.9333533593173,
        "rsi_monthly": 59.50382557955856,
        "52w_high": 5794.83740234375,
        "52w_low": 0
    },
    "BWA": {
        "close": 48.22999954223633,
        "sma200": 38.774683780670166,
        "sma50": 45.03159423828125,
        "rsi_weekly": 69.26272986047195,
        "rsi_monthly": 55.546748462144,
        "52w_high": 48.599998474121094,
        "52w_low": 0
    },
    "BSX": {
        "close": 91.6500015258789,
        "sma200": 100.51555011749268,
        "sma50": 96.7249998474121,
        "rsi_weekly": 37.43529293759255,
        "rsi_monthly": 64.00956665114143,
        "52w_high": 108.13999938964844,
        "52w_low": 0
    },
    "BMY": {
        "close": 54.474998474121094,
        "sma200": 47.15681272506714,
        "sma50": 51.41456771850586,
        "rsi_weekly": 68.75588162775138,
        "rsi_monthly": 63.23713723370519,
        "52w_high": 60.075191497802734,
        "52w_low": 0
    },
    "AVGO": {
        "close": 328.0299987792969,
        "sma200": 298.8424627685547,
        "sma50": 356.8890393066406,
        "rsi_weekly": 56.14572059322301,
        "rsi_monthly": 72.8159844910492,
        "52w_high": 412.18133544921875,
        "52w_low": 0
    }
}