{
    "last_scan_index": 350,
    "AAPL": {
        "close": 258.4800109863281,
        "sma200": 233.58773811340333,
        "sma50": 271.78451049804687,
        "rsi_weekly": 53.76185325126562,
        "rsi_monthly": 65.05595170246802,
        "52w_high": 286.19000244140625,
        "52w_low": 0
    },
    "NVDA": {
        "close": 188.63999938964844,
        "sma200": 163.66959167480468,
        "sma50": 184.83445190429688,
        "rsi_weekly": 55.832537486075196,
        "rsi_monthly": 76.36247113189249,
        "52w_high": 207.02847290039062,
        "52w_low": 0
    },
    "TSLA": {
        "close": 441.9150085449219,
        "sma200": 368.29542533874513,
        "sma50": 443.2709020996094,
        "rsi_weekly": 57.433070397524055,
        "rsi_monthly": 70.21254147643917,
        "52w_high": 489.8800048828125,
        "52w_low": 0
    },
    "MSFT": {
        "close": 457.1000061035156,
        "sma200": 480.65865600585937,
        "sma50": 485.7070153808594,
        "rsi_weekly": 46.92493285124913,
        "rsi_monthly": 64.94487659285187,
        "52w_high": 541.057373046875,
        "52w_low": 0
    },
    "AMD": {
        "close": 234.59750366210938,
        "sma200": 168.0790873336792,
        "sma50": 221.0153500366211,
        "rsi_weekly": 52.90812131363197,
        "rsi_monthly": 69.38721493424931,
        "52w_high": 264.3299865722656,
        "52w_low": 0
    },
    "MSI": {
        "close": 394.5050048828125,
        "sma200": 419.63023391723635,
        "sma50": 377.43597595214845,
        "rsi_weekly": 39.13361094397539,
        "rsi_monthly": 51.605275807652504,
        "52w_high": 487.5675354003906,
        "52w_low": 0
    },
    "MSCI": {
        "close": 592.3599853515625,
        "sma200": 558.6246415710449,
        "sma50": 567.1609619140625,
        "rsi_weekly": 54.63520248199421,
        "rsi_monthly": 36.107181861385314,
        "52w_high": 620.4635009765625,
        "52w_low": 0
    },
    "NDAQ": {
        "close": 100.625,
        "sma200": 87.70770523071289,
        "sma50": 92.50863265991211,
        "rsi_weekly": 66.75233697136315,
        "rsi_monthly": 65.50111031894595,
        "52w_high": 100.69000244140625,
        "52w_low": 0
    },
    "NTAP": {
        "close": 109.41999816894531,
        "sma200": 106.12137878417968,
        "sma50": 110.30906753540039,
        "rsi_weekly": 44.023934773020535,
        "rsi_monthly": 54.73038109294656,
        "52w_high": 125.20184326171875,
        "52w_low": 0
    },
    "NFLX": {
        "close": 88.6050033569336,
        "sma200": 113.11071510314942,
        "sma50": 100.13692001342774,
        "rsi_weekly": 31.622205696637952,
        "rsi_monthly": 56.023247459645084,
        "52w_high": 133.91299438476562,
        "52w_low": 0
    },
    "NEM": {
        "close": 114.88999938964844,
        "sma200": 72.93755302429199,
        "sma50": 95.87852340698242,
        "rsi_weekly": 73.71547729386221,
        "rsi_monthly": 76.17404329005906,
        "52w_high": 114.88999938964844,
        "52w_low": 0
    },
    "NWL": {
        "close": 4.244999885559082,
        "sma200": 4.821295434236527,
        "sma50": 3.6366058731079103,
        "rsi_weekly": 46.59019883493231,
        "rsi_monthly": 28.546724727359592,
        "52w_high": 10.08272933959961,
        "52w_low": 0
    },
    "NWS": {
        "close": 30.709999084472656,
        "sma200": 31.625937366485594,
        "sma50": 29.5996000289917,
        "rsi_weekly": 45.73671684187332,
        "rsi_monthly": 63.471585604021726,
        "52w_high": 35.061614990234375,
        "52w_low": 0
    },
    "NWSA": {
        "close": 26.684999465942383,
        "sma200": 27.67111114501953,
        "sma50": 26.03429988861084,
        "rsi_weekly": 44.72352618176643,
        "rsi_monthly": 62.05953642796036,
        "52w_high": 31.030000686645508,
        "52w_low": 0
    },
    "NEE": {
        "close": 82.6050033569336,
        "sma200": 74.66156568527222,
        "sma50": 82.17726943969727,
        "rsi_weekly": 53.09069211014131,
        "rsi_monthly": 53.79025782428611,
        "52w_high": 86.29000091552734,
        "52w_low": 0
    },
    "NKE": {
        "close": 64.87539672851562,
        "sma200": 65.9473169708252,
        "sma50": 63.52374824523926,
        "rsi_weekly": 49.62857732479791,
        "rsi_monthly": 44.08469197385542,
        "52w_high": 79.84435272216797,
        "52w_low": 0
    },
    "NI": {
        "close": 43.69499969482422,
        "sma200": 40.85211181640625,
        "sma50": 42.35889991760254,
        "rsi_weekly": 52.37993086557833,
        "rsi_monthly": 71.91683448493396,
        "52w_high": 44.130001068115234,
        "52w_low": 0
    },
    "NDSN": {
        "close": 270.70001220703125,
        "sma200": 218.97431602478028,
        "sma50": 239.78945892333985,
        "rsi_weekly": 72.54795548716726,
        "rsi_monthly": 65.82907437419,
        "52w_high": 270.70001220703125,
        "52w_low": 0
    },
    "NSC": {
        "close": 290.7300109863281,
        "sma200": 267.3489884185791,
        "sma50": 288.8797637939453,
        "rsi_weekly": 56.42313815098058,
        "rsi_monthly": 70.52094058807094,
        "52w_high": 299.489990234375,
        "52w_low": 0
    },
    "NTRS": {
        "close": 147.32000732421875,
        "sma200": 120.96516010284424,
        "sma50": 135.0059649658203,
        "rsi_weekly": 74.09771258091858,
        "rsi_monthly": 75.58428146146325,
        "52w_high": 147.32000732421875,
        "52w_low": 0
    },
    "NOC": {
        "close": 654.1500244140625,
        "sma200": 546.9393492126464,
        "sma50": 574.6328540039062,
        "rsi_weekly": 64.31113729407983,
        "rsi_monthly": 68.49368990025589,
        "52w_high": 654.1500244140625,
        "52w_low": 0
    },
    "NCLH": {
        "close": 23.270000457763672,
        "sma200": 21.26289999961853,
        "sma50": 20.581000137329102,
        "rsi_weekly": 59.75104708712637,
        "rsi_monthly": 58.01496446523557,
        "52w_high": 29.06999969482422,
        "52w_low": 0
    },
    "NRG": {
        "close": 158.9499969482422,
        "sma200": 150.865615234375,
        "sma50": 161.90500091552735,
        "rsi_weekly": 45.710220090744635,
        "rsi_monthly": 70.21419210270035,
        "52w_high": 178.04299926757812,
        "52w_low": 0
    },
    "NUE": {
        "close": 175.02000427246094,
        "sma200": 137.13121597290038,
        "sma50": 158.4693783569336,
        "rsi_weekly": 62.28920619526907,
        "rsi_monthly": 59.89966688197381,
        "52w_high": 175.02000427246094,
        "52w_low": 0
    },
    "NVR": {
        "close": 7642.35009765625,
        "sma200": 7530.46455078125,
        "sma50": 7393.100791015625,
        "rsi_weekly": 50.12122302797184,
        "rsi_monthly": 58.86456260855224,
        "52w_high": 8543.0,
        "52w_low": 0
    },
    "NXPI": {
        "close": 241.33999633789062,
        "sma200": 211.3433723449707,
        "sma50": 216.73295166015626,
        "rsi_weekly": 61.27976629094921,
        "rsi_monthly": 70.08244863075043,
        "52w_high": 245.9499969482422,
        "52w_low": 0
    },
    "ORLY": {
        "close": 93.83000183105469,
        "sma200": 96.32972003936767,
        "sma50": 95.56939956665039,
        "rsi_weekly": 45.75618079075488,
        "rsi_monthly": 60.84178922226018,
        "52w_high": 107.81999969482422,
        "52w_low": 0
    },
    "OXY": {
        "close": 43.125999450683594,
        "sma200": 42.5013099861145,
        "sma50": 41.34724258422852,
        "rsi_weekly": 50.602271578945256,
        "rsi_monthly": 49.737890224923575,
        "52w_high": 51.56443405151367,
        "52w_low": 0
    },
    "ODFL": {
        "close": 176.9199981689453,
        "sma200": 152.34221164703368,
        "sma50": 150.73291122436524,
        "rsi_weekly": 64.72499267843168,
        "rsi_monthly": 62.712668787587305,
        "52w_high": 207.79449462890625,
        "52w_low": 0
    }
}