{
    "last_scan_index": 125,
    "AAPL": {
        "close": 247.64999389648438,
        "sma200": 234.09551811218262,
        "sma50": 270.59339813232424,
        "rsi_weekly": 51.059659134987484,
        "rsi_monthly": 65.05589827140692,
        "52w_high": 286.19000244140625,
        "52w_low": 0
    },
    "NVDA": {
        "close": 183.32000732421875,
        "sma200": 164.7881840133667,
        "sma50": 184.11609985351564,
        "rsi_weekly": 56.61352273264038,
        "rsi_monthly": 76.3624790912901,
        "52w_high": 207.02847290039062,
        "52w_low": 0
    },
    "TSLA": {
        "close": 431.44000244140625,
        "sma200": 370.62715034484864,
        "sma50": 441.9230017089844,
        "rsi_weekly": 55.767272209839355,
        "rsi_monthly": 70.21254147643917,
        "52w_high": 489.8800048828125,
        "52w_low": 0
    },
    "MSFT": {
        "close": 444.1099853515625,
        "sma200": 481.79203216552736,
        "sma50": 482.55295227050783,
        "rsi_weekly": 40.9729276424803,
        "rsi_monthly": 64.9448565226,
        "52w_high": 541.057373046875,
        "52w_low": 0
    },
    "AMD": {
        "close": 249.8000030517578,
        "sma200": 170.11574981689452,
        "sma50": 220.27120025634767,
        "rsi_weekly": 60.57175331207617,
        "rsi_monthly": 69.38721493424931,
        "52w_high": 264.3299865722656,
        "52w_low": 0
    },
    "SCHW": {
        "close": 101.79000091552734,
        "sma200": 91.83305618286133,
        "sma50": 97.2186181640625,
        "rsi_weekly": 69.0536841442299,
        "rsi_monthly": 78.249446704889,
        "52w_high": 103.81999969482422,
        "52w_low": 0
    },
    "CHTR": {
        "close": 187.3699951171875,
        "sma200": 294.8524495697022,
        "sma50": 204.2370001220703,
        "rsi_weekly": 25.796976236247783,
        "rsi_monthly": 21.08980984965178,
        "52w_high": 427.25,
        "52w_low": 0
    },
    "CVX": {
        "close": 166.72999572753906,
        "sma200": 147.82804649353028,
        "sma50": 153.9104037475586,
        "rsi_weekly": 65.03037710235303,
        "rsi_monthly": 61.37105773342412,
        "52w_high": 167.24000549316406,
        "52w_low": 0
    },
    "CMG": {
        "close": 40.720001220703125,
        "sma200": 43.55030006408691,
        "sma50": 35.49240001678467,
        "rsi_weekly": 49.91866377362966,
        "rsi_monthly": 52.18402279312576,
        "52w_high": 59.02000045776367,
        "52w_low": 0
    },
    "CB": {
        "close": 299.9800109863281,
        "sma200": 285.9491847229004,
        "sma50": 302.55780029296875,
        "rsi_weekly": 56.42604862713529,
        "rsi_monthly": 68.40724067929087,
        "52w_high": 315.19000244140625,
        "52w_low": 0
    },
    "CHD": {
        "close": 91.76000213623047,
        "sma200": 91.51119380950928,
        "sma50": 85.12591705322265,
        "rsi_weekly": 53.71590443878333,
        "rsi_monthly": 33.925632916747816,
        "52w_high": 112.09139251708984,
        "52w_low": 0
    },
    "CI": {
        "close": 274.9100036621094,
        "sma200": 294.81238655090334,
        "sma50": 272.75122497558596,
        "rsi_weekly": 44.882963019939,
        "rsi_monthly": 58.47675838943287,
        "52w_high": 334.8284606933594,
        "52w_low": 0
    },
    "CINF": {
        "close": 161.77999877929688,
        "sma200": 151.74819229125976,
        "sma50": 163.86941650390625,
        "rsi_weekly": 56.15763931860476,
        "rsi_monthly": 71.2754961510625,
        "52w_high": 167.6038055419922,
        "52w_low": 0
    },
    "CTAS": {
        "close": 195.41000366210938,
        "sma200": 204.0336873626709,
        "sma50": 187.73509338378906,
        "rsi_weekly": 49.95738563318997,
        "rsi_monthly": 55.73674666779635,
        "52w_high": 226.6531219482422,
        "52w_low": 0
    },
    "CSCO": {
        "close": 73.69000244140625,
        "sma200": 67.8640678024292,
        "sma50": 76.08535751342774,
        "rsi_weekly": 58.61471685336619,
        "rsi_monthly": 70.43626678492805,
        "52w_high": 79.82286071777344,
        "52w_low": 0
    },
    "C": {
        "close": 113.86000061035156,
        "sma200": 92.02754175186158,
        "sma50": 110.39680007934571,
        "rsi_weekly": 70.52922580008635,
        "rsi_monthly": 85.96275901097961,
        "52w_high": 123.30000305175781,
        "52w_low": 0
    },
    "CFG": {
        "close": 64.05999755859375,
        "sma200": 48.213570747375485,
        "sma50": 56.875599746704104,
        "rsi_weekly": 75.63711655000218,
        "rsi_monthly": 67.27666612598273,
        "52w_high": 64.05999755859375,
        "52w_low": 0
    },
    "CLX": {
        "close": 110.54000091552734,
        "sma200": 118.95513961791993,
        "sma50": 103.5720001220703,
        "rsi_weekly": 46.14262141177387,
        "rsi_monthly": 43.51630589594749,
        "52w_high": 156.63059997558594,
        "52w_low": 0
    },
    "CME": {
        "close": 279.07000732421875,
        "sma200": 269.9572994995117,
        "sma50": 273.6998223876953,
        "rsi_weekly": 55.67697184729545,
        "rsi_monthly": 75.62490323023624,
        "52w_high": 286.6857604980469,
        "52w_low": 0
    },
    "CMS": {
        "close": 71.69000244140625,
        "sma200": 71.11520034790038,
        "sma50": 71.66739929199218,
        "rsi_weekly": 51.383863791999666,
        "rsi_monthly": 59.341895223108196,
        "52w_high": 75.44000244140625,
        "52w_low": 0
    },
    "KO": {
        "close": 72.01000213623047,
        "sma200": 69.06835205078124,
        "sma50": 70.48327087402343,
        "rsi_weekly": 55.28033277773609,
        "rsi_monthly": 61.85333589657094,
        "52w_high": 72.61000061035156,
        "52w_low": 0
    },
    "CTSH": {
        "close": 84.02999877929688,
        "sma200": 74.7338452911377,
        "sma50": 80.47650436401368,
        "rsi_weekly": 64.18515060992961,
        "rsi_monthly": 62.6600580791318,
        "52w_high": 89.25666809082031,
        "52w_low": 0
    },
    "CL": {
        "close": 84.7300033569336,
        "sma200": 83.96224712371826,
        "sma50": 79.56200042724609,
        "rsi_weekly": 56.69188767623977,
        "rsi_monthly": 48.32815278634252,
        "52w_high": 95.73789978027344,
        "52w_low": 0
    },
    "CMCSA": {
        "close": 28.889999389648438,
        "sma200": 29.354225664138795,
        "sma50": 26.450351066589356,
        "rsi_weekly": 48.32830911131468,
        "rsi_monthly": 27.040947579065165,
        "52w_high": 34.41195297241211,
        "52w_low": 0
    },
    "CMA": {
        "close": 98.58999633789062,
        "sma200": 68.7442872428894,
        "sma50": 85.11163742065429,
        "rsi_weekly": 81.24199744322266,
        "rsi_monthly": 66.44886421261533,
        "52w_high": 98.58999633789062,
        "52w_low": 0
    },
    "CAG": {
        "close": 17.299999237060547,
        "sma200": 19.29887568473816,
        "sma50": 17.284199981689454,
        "rsi_weekly": 35.62399373213806,
        "rsi_monthly": 23.671460767444028,
        "52w_high": 26.194599151611328,
        "52w_low": 0
    },
    "COP": {
        "close": 97.1500015258789,
        "sma200": 90.7739822769165,
        "sma50": 92.69291946411133,
        "rsi_weekly": 58.10587815631705,
        "rsi_monthly": 49.074899851277834,
        "52w_high": 103.38456726074219,
        "52w_low": 0
    },
    "ED": {
        "close": 103.83999633789062,
        "sma200": 100.41717414855957,
        "sma50": 99.33786880493165,
        "rsi_weekly": 59.96495444882239,
        "rsi_monthly": 47.441818110592045,
        "52w_high": 110.50127410888672,
        "52w_low": 0
    },
    "STZ": {
        "close": 163.3800048828125,
        "sma200": 156.09154491424562,
        "sma50": 140.68480056762695,
        "rsi_weekly": 56.158776467874986,
        "rsi_monthly": 33.21140711598,
        "52w_high": 192.97064208984375,
        "52w_low": 0
    },
    "CEG": {
        "close": 294.3699951171875,