{
    "last_scan_index": 475,
    "AAPL": {
        "close": 245.9199981689453,
        "sma200": 234.08686813354493,
        "sma50": 270.5587982177734,
        "rsi_weekly": 51.05965914780159,
        "rsi_monthly": 65.05597233373612,
        "52w_high": 286.19000244140625,
        "52w_low": 0
    },
    "NVDA": {
        "close": 181.36749267578125,
        "sma200": 164.77842136383057,
        "sma50": 184.07704956054687,
        "rsi_weekly": 56.61352287783155,
        "rsi_monthly": 76.36247737955789,
        "52w_high": 207.02847290039062,
        "52w_low": 0
    },
    "TSLA": {
        "close": 427.0174865722656,
        "sma200": 370.6050377655029,
        "sma50": 441.83455139160156,
        "rsi_weekly": 55.767272209839355,
        "rsi_monthly": 70.21254147643917,
        "52w_high": 489.8800048828125,
        "52w_low": 0
    },
    "MSFT": {
        "close": 440.8429870605469,
        "sma200": 481.7756973266602,
        "sma50": 482.4876123046875,
        "rsi_weekly": 40.97292842915382,
        "rsi_monthly": 64.9448557298519,
        "52w_high": 541.057373046875,
        "52w_low": 0
    },
    "AMD": {
        "close": 245.08009338378906,
        "sma200": 170.0921502685547,
        "sma50": 220.1768020629883,
        "rsi_weekly": 60.57175331207617,
        "rsi_monthly": 69.38721493424931,
        "52w_high": 264.3299865722656,
        "52w_low": 0
    },
    "ULTA": {
        "close": 683.27001953125,
        "sma200": 505.2310508728027,
        "sma50": 586.424603881836,
        "rsi_weekly": 77.56489973546107,
        "rsi_monthly": 75.1755326241503,
        "52w_high": 683.27001953125,
        "52w_low": 0
    },
    "UNP": {
        "close": 228.14999389648438,
        "sma200": 223.32106956481934,
        "sma50": 229.67275024414062,
        "rsi_weekly": 52.10874615810838,
        "rsi_monthly": 60.2859656739293,
        "52w_high": 248.49053955078125,
        "52w_low": 0
    },
    "UAL": {
        "close": 110.17500305175781,
        "sma200": 92.37007509231567,
        "sma50": 106.50109939575195,
        "rsi_weekly": 63.286163462903204,
        "rsi_monthly": 72.20676528285428,
        "52w_high": 117.52999877929688,
        "52w_low": 0
    },
    "UPS": {
        "close": 108.37000274658203,
        "sma200": 92.43893348693848,
        "sma50": 99.32026901245118,
        "rsi_weekly": 66.04646266532082,
        "rsi_monthly": 55.44916149885436,
        "52w_high": 127.49671173095703,
        "52w_low": 0
    },
    "URI": {
        "close": 931.9598999023438,
        "sma200": 818.0422848510742,
        "sma50": 840.0406982421875,
        "rsi_weekly": 59.45661179918806,
        "rsi_monthly": 64.8571407953003,
        "52w_high": 1017.8645629882812,
        "52w_low": 0
    },
    "UNH": {
        "close": 344.9599914550781,
        "sma200": 334.1364199066162,
        "sma50": 329.8914434814453,
        "rsi_weekly": 47.55040778067125,
        "rsi_monthly": 35.61749077549973,
        "52w_high": 587.5621337890625,
        "52w_low": 0
    },
    "UHS": {
        "close": 202.25,
        "sma200": 194.67783340454102,
        "sma50": 223.2128875732422,
        "rsi_weekly": 45.926391610918884,
        "rsi_monthly": 62.12404485897511,
        "52w_high": 243.9795379638672,
        "52w_low": 0
    },
    "VLO": {
        "close": 189.1999969482422,
        "sma200": 149.24246562957762,
        "sma50": 174.8378112792969,
        "rsi_weekly": 64.19462880539808,
        "rsi_monthly": 62.03156261448733,
        "52w_high": 191.32000732421875,
        "52w_low": 0
    },
    "VTR": {
        "close": 76.31999969482422,
        "sma200": 68.99976207733154,
        "sma50": 77.9706071472168,
        "rsi_weekly": 63.103938503292156,
        "rsi_monthly": 58.01725461231891,
        "52w_high": 80.50691223144531,
        "52w_low": 0
    },
    "VRSN": {
        "close": 253.15499877929688,
        "sma200": 264.88162422180176,
        "sma50": 247.21938903808595,
        "rsi_weekly": 46.618440821378854,
        "rsi_monthly": 51.36045467054759,
        "52w_high": 304.1607360839844,
        "52w_low": 0
    },
    "VRSK": {
        "close": 216.52999877929688,
        "sma200": 263.0397332000732,
        "sma50": 220.05254211425782,
        "rsi_weekly": 34.03015888786183,
        "rsi_monthly": 37.16337121726586,
        "52w_high": 319.6548156738281,
        "52w_low": 0
    },
    "VZ": {
        "close": 39.125,
        "sma200": 40.773439960479735,
        "sma50": 39.84586036682129,
        "rsi_weekly": 42.14523651420704,
        "rsi_monthly": 38.81492495251985,
        "52w_high": 43.543052673339844,
        "52w_low": 0
    },
    "VRTX": {
        "close": 458.5050048828125,
        "sma200": 436.9221235656738,
        "sma50": 445.8018988037109,
        "rsi_weekly": 51.31201260533305,
        "rsi_monthly": 46.594517356502074,
        "52w_high": 513.760009765625,
        "52w_low": 0
    },
    "V": {
        "close": 323.5799865722656,
        "sma200": 343.9080418395996,
        "sma50": 338.3152758789063,
        "rsi_weekly": 43.46094339709017,
        "rsi_monthly": 70.78067904655863,
        "52w_high": 371.9176025390625,
        "52w_low": 0
    },
    "VICI": {
        "close": 28.334999084472656,
        "sma200": 30.466523571014406,
        "sma50": 28.330310935974122,
        "rsi_weekly": 46.08897719052847,
        "rsi_monthly": 43.10206261899347,
        "52w_high": 32.929752349853516,
        "52w_low": 0
    },
    "VMC": {
        "close": 297.44000244140625,
        "sma200": 279.8181336975098,
        "sma50": 293.4751989746094,
        "rsi_weekly": 62.21611538117578,
        "rsi_monthly": 72.26484906833755,
        "52w_high": 311.6199951171875,
        "52w_low": 0
    },
    "WRB": {
        "close": 67.51499938964844,
        "sma200": 70.8124733543396,
        "sma50": 71.0999676513672,
        "rsi_weekly": 44.48335913852324,
        "rsi_monthly": 60.24336588944373,
        "52w_high": 77.22645568847656,
        "52w_low": 0
    },
    "WAB": {
        "close": 231.72000122070312,
        "sma200": 200.03804969787598,
        "sma50": 213.97298919677735,
        "rsi_weekly": 69.4060996425046,
        "rsi_monthly": 74.22805131944521,
        "52w_high": 231.72000122070312,
        "52w_low": 0
    },
    "WMT": {
        "close": 118.60459899902344,
        "sma200": 101.68819541931153,
        "sma50": 111.52989120483399,
        "rsi_weekly": 69.5761768650616,
        "rsi_monthly": 83.1104692627252,
        "52w_high": 120.36000061035156,
        "52w_low": 0
    },
    "DIS": {
        "close": 111.7699966430664,
        "sma200": 110.29658538818359,
        "sma50": 109.66087768554688,
        "rsi_weekly": 50.796666495934026,
        "rsi_monthly": 69.08329656955472,
        "52w_high": 123.17660522460938,
        "52w_low": 0
    },
    "WBD": {
        "close": 28.5049991607666,
        "sma200": 16.43502503633499,
        "sma50": 26.58209991455078,
        "rsi_weekly": 74.5223639854951,
        "rsi_monthly": 74.44514014960353,
        "52w_high": 29.979999542236328,
        "52w_low": 0
    },
    "WM": {
        "close": 225.00999450683594,
        "sma200": 221.55585693359376,
        "sma50": 215.21766143798828,
        "rsi_weekly": 53.891733807212795,
        "rsi_monthly": 69.27546340880819,
        "52w_high": 239.4345703125,
        "52w_low": 0
    },
    "WAT": {
        "close": 388.989990234375,
        "sma200": 341.0979000854492,
        "sma50": 388.6525994873047,
        "rsi_weekly": 59.23368819832549,
        "rsi_monthly": 62.65981477757844,
        "52w_high": 417.2799987792969,
        "52w_low": 0
    },
    "WEC": {
        "close": 109.06999969482422,
        "sma200": 107.21432929992676,
        "sma50": 107.49623001098632,
        "rsi_weekly": 52.3553872019631,
        "rsi_monthly": 56.766871428728074,
        "52w_high": 116.56096649169922,
        "52w_low": 0
    }
}