{
    "last_scan_index": 375,
    "AAPL": {
        "close": 259.0400085449219,
        "sma200": 232.61908897399903,
        "sma50": 272.7665710449219,
        "rsi_weekly": 63.048862188231695,
        "rsi_monthly": 65.05597014851094,
        "52w_high": 286.19000244140625,
        "52w_low": 0
    },
    "NVDA": {
        "close": 185.0399932861328,
        "sma200": 161.8517797088623,
        "sma50": 186.69211608886718,
        "rsi_weekly": 58.64870584392542,
        "rsi_monthly": 76.36247565390948,
        "52w_high": 207.02847290039062,
        "52w_low": 0
    },
    "TSLA": {
        "close": 435.79998779296875,
        "sma200": 363.9642002105713,
        "sma50": 444.56700134277344,
        "rsi_weekly": 56.31157929953819,
        "rsi_monthly": 70.21254147643917,
        "52w_high": 489.8800048828125,
        "52w_low": 0
    },
    "MSFT": {
        "close": 478.1099853515625,
        "sma200": 478.53865295410156,
        "sma50": 491.6204217529297,
        "rsi_weekly": 44.49072406350204,
        "rsi_monthly": 64.94485084332068,
        "52w_high": 541.057373046875,
        "52w_low": 0
    },
    "AMD": {
        "close": 204.67999267578125,
        "sma200": 165.31699977874757,
        "sma50": 225.07379943847656,
        "rsi_weekly": 60.71614808686848,
        "rsi_monthly": 69.38721493424931,
        "52w_high": 264.3299865722656,
        "52w_low": 0
    },
    "OMC": {
        "close": 78.79000091552734,
        "sma200": 74.27886878967286,
        "sma50": 75.38162994384766,
        "rsi_weekly": 59.30119594880834,
        "rsi_monthly": 45.46671850966895,
        "52w_high": 85.1419448852539,
        "52w_low": 0
    },
    "ON": {
        "close": 60.88999938964844,
        "sma200": 49.31180004119873,
        "sma50": 52.378400268554685,
        "rsi_weekly": 59.67608577303633,
        "rsi_monthly": 61.550226337426814,
        "52w_high": 62.72999954223633,
        "52w_low": 0
    },
    "OKE": {
        "close": 72.33000183105469,
        "sma200": 75.78586086273194,
        "sma50": 71.15357879638673,
        "rsi_weekly": 50.78763031755506,
        "rsi_monthly": 59.09152916878261,
        "52w_high": 104.35751342773438,
        "52w_low": 0
    },
    "ORCL": {
        "close": 189.64999389648438,
        "sma200": 215.79579597473145,
        "sma50": 213.99620025634766,
        "rsi_weekly": 41.38070575926968,
        "rsi_monthly": 53.69358607511247,
        "52w_high": 327.7611999511719,
        "52w_low": 0
    },
    "OTIS": {
        "close": 90.38999938964844,
        "sma200": 91.73966594696044,
        "sma50": 88.64799362182617,
        "rsi_weekly": 46.082157734217766,
        "rsi_monthly": 59.90756621375459,
        "52w_high": 102.87491607666016,
        "52w_low": 0
    },
    "PCAR": {
        "close": 118.19999694824219,
        "sma200": 96.7197876739502,
        "sma50": 104.73990631103516,
        "rsi_weekly": 66.27084097847879,
        "rsi_monthly": 72.91686919456615,
        "52w_high": 118.19999694824219,
        "52w_low": 0
    },
    "PKG": {
        "close": 213.8800048828125,
        "sma200": 197.76108116149902,
        "sma50": 200.90741394042968,
        "rsi_weekly": 56.91028176114967,
        "rsi_monthly": 66.40380034627952,
        "52w_high": 236.1614990234375,
        "52w_low": 0
    },
    "PANW": {
        "close": 190.8000030517578,
        "sma200": 192.50620018005372,
        "sma50": 196.46880035400392,
        "rsi_weekly": 41.993781872096136,
        "rsi_monthly": 41.463758262734274,
        "52w_high": 221.3800048828125,
        "52w_low": 0
    },
    "PH": {
        "close": 906.469970703125,
        "sma200": 729.9098858642578,
        "sma50": 853.9763684082031,
        "rsi_weekly": 73.87340314338104,
        "rsi_monthly": 85.16237236417108,
        "52w_high": 928.760009765625,
        "52w_low": 0
    },
    "PAYX": {
        "close": 114.25,
        "sma200": 133.3654023361206,
        "sma50": 112.88853591918945,
        "rsi_weekly": 29.31770180173096,
        "rsi_monthly": 41.10535201069149,
        "52w_high": 157.05911254882812,
        "52w_low": 0
    },
    "PAYC": {
        "close": 157.8000030517578,
        "sma200": 211.0054345703125,
        "sma50": 165.6387710571289,
        "rsi_weekly": 27.316464077779475,
        "rsi_monthly": 34.3021564773409,
        "52w_high": 264.6704406738281,
        "52w_low": 0
    },
    "PYPL": {
        "close": 58.27000045776367,
        "sma200": 67.59971897125244,
        "sma50": 62.359506912231446,
        "rsi_weekly": 34.644710583688386,
        "rsi_monthly": 38.232637776079414,
        "52w_high": 91.5982437133789,
        "52w_low": 0
    },
    "PNR": {
        "close": 103.05999755859375,
        "sma200": 101.80689212799072,
        "sma50": 105.19140029907227,
        "rsi_weekly": 51.64391834430524,
        "rsi_monthly": 68.20959242530404,
        "52w_high": 112.33572387695312,
        "52w_low": 0
    },
    "PEP": {
        "close": 139.3699951171875,
        "sma200": 139.33931922912598,
        "sma50": 144.95328674316406,
        "rsi_weekly": 48.04274091121517,
        "rsi_monthly": 42.55348430373726,
        "52w_high": 152.22113037109375,
        "52w_low": 0
    },
    "PFE": {
        "close": 25.290000915527344,
        "sma200": 23.895316514968872,
        "sma50": 25.119517250061037,
        "rsi_weekly": 53.26655282140168,
        "rsi_monthly": 46.70492414838395,
        "52w_high": 26.896394729614258,
        "52w_low": 0
    },
    "PCG": {
        "close": 15.720000267028809,
        "sma200": 15.573677549362182,
        "sma50": 15.809267749786377,
        "rsi_weekly": 55.467492435378034,
        "rsi_monthly": 45.169530402528395,
        "52w_high": 19.820083618164062,
        "52w_low": 0
    },
    "PM": {
        "close": 158.80999755859375,
        "sma200": 161.60935958862305,
        "sma50": 153.387080078125,
        "rsi_weekly": 53.00687281614961,
        "rsi_monthly": 63.33761776592052,
        "52w_high": 180.2153778076172,
        "52w_low": 0
    },
    "PSX": {
        "close": 144.22000122070312,
        "sma200": 123.73437934875489,
        "sma50": 135.71674438476563,
        "rsi_weekly": 50.61414570815746,
        "rsi_monthly": 49.69662319347175,
        "52w_high": 144.22000122070312,
        "52w_low": 0
    },
    "PNW": {
        "close": 89.31999969482422,
        "sma200": 89.13037124633789,
        "sma50": 88.52222091674804,
        "rsi_weekly": 48.451711304194255,
        "rsi_monthly": 59.384162123318944,
        "52w_high": 92.81592559814453,
        "52w_low": 0
    },
    "PNC": {
        "close": 218.63999938964844,
        "sma200": 185.44117813110353,
        "sma50": 197.38619995117188,
        "rsi_weekly": 64.72432347098149,
        "rsi_monthly": 58.82044342870698,
        "52w_high": 218.63999938964844,
        "52w_low": 0
    },
    "POOL": {
        "close": 242.8000030517578,
        "sma200": 289.27678421020505,
        "sma50": 243.02921630859376,
        "rsi_weekly": 28.492583450102224,
        "rsi_monthly": 45.12076712942949,
        "52w_high": 358.4320068359375,
        "52w_low": 0
    },
    "PPG": {
        "close": 105.30000305175781,
        "sma200": 105.51097694396972,
        "sma50": 100.10838592529296,
        "rsi_weekly": 50.21342947220305,
        "rsi_monthly": 39.60408284404572,
        "52w_high": 121.09014129638672,
        "52w_low": 0
    },
    "PPL": {
        "close": 34.66999816894531,
        "sma200": 35.083849849700925,
        "sma50": 35.278127365112304,
        "rsi_weekly": 49.16456996060056,
        "rsi_monthly": 63.581216734355124,
        "52w_high": 37.66332244873047,
        "52w_low": 0
    }
}