{
    "last_scan_index": 350,
    "AAPL": {
        "close": 255.52999877929688,
        "sma200": 233.7518910217285,
        "sma50": 271.494140625,
        "rsi_weekly": 53.76185328257546,
        "rsi_monthly": 65.05595147302714,
        "52w_high": 286.19000244140625,
        "52w_low": 0
    },
    "NVDA": {
        "close": 186.22999572753906,
        "sma200": 164.0421413421631,
        "sma50": 184.55367309570312,
        "rsi_weekly": 55.832537375999976,
        "rsi_monthly": 76.3624792833302,
        "52w_high": 207.02847290039062,
        "52w_low": 0
    },
    "TSLA": {
        "close": 437.5,
        "sma200": 369.1239003753662,
        "sma50": 443.0688018798828,
        "rsi_weekly": 57.433070397524055,
        "rsi_monthly": 70.21254147643917,
        "52w_high": 489.8800048828125,
        "52w_low": 0
    },
    "MSFT": {
        "close": 459.8599853515625,
        "sma200": 481.054997253418,
        "sma50": 484.6280310058594,
        "rsi_weekly": 46.92493266407492,
        "rsi_monthly": 64.94485334785631,
        "52w_high": 541.057373046875,
        "52w_low": 0
    },
    "AMD": {
        "close": 231.8300018310547,
        "sma200": 168.69094982147217,
        "sma50": 220.51739990234375,
        "rsi_weekly": 52.90812131363197,
        "rsi_monthly": 69.38721493424931,
        "52w_high": 264.3299865722656,
        "52w_low": 0
    },
    "MSI": {
        "close": 400.6099853515625,
        "sma200": 419.47087921142577,
        "sma50": 377.5882360839844,
        "rsi_weekly": 39.133610750155626,
        "rsi_monthly": 51.60523416640383,
        "52w_high": 487.5675354003906,
        "52w_low": 0
    },
    "MSCI": {
        "close": 602.5800170898438,
        "sma200": 558.8525112915039,
        "sma50": 567.8496594238281,
        "rsi_weekly": 54.635202776169244,
        "rsi_monthly": 36.10725027340176,
        "52w_high": 620.4635009765625,
        "52w_low": 0
    },
    "NDAQ": {
        "close": 100.9800033569336,
        "sma200": 87.83430919647216,
        "sma50": 92.810068359375,
        "rsi_weekly": 66.75234555472198,
        "rsi_monthly": 65.50109472689097,
        "52w_high": 100.9800033569336,
        "52w_low": 0
    },
    "NTAP": {
        "close": 103.83999633789062,
        "sma200": 106.19708393096924,
        "sma50": 110.10967468261718,
        "rsi_weekly": 44.02393516895328,
        "rsi_monthly": 54.73036907017026,
        "52w_high": 125.20184326171875,
        "52w_low": 0
    },
    "NFLX": {
        "close": 88.0,
        "sma200": 113.08375011444092,
        "sma50": 99.69990005493165,
        "rsi_weekly": 31.622205696637952,
        "rsi_monthly": 56.023247459645084,
        "52w_high": 133.91299438476562,
        "52w_low": 0
    },
    "NEM": {
        "close": 114.12000274658203,
        "sma200": 73.26591846466064,
        "sma50": 96.57389617919922,
        "rsi_weekly": 73.71547817095319,
        "rsi_monthly": 76.1740534858726,
        "52w_high": 114.62999725341797,
        "52w_low": 0
    },
    "NWL": {
        "close": 4.21999979019165,
        "sma200": 4.813019059896469,
        "sma50": 3.660137248039246,
        "rsi_weekly": 46.590198730989485,
        "rsi_monthly": 28.546724976481965,
        "52w_high": 10.08272933959961,
        "52w_low": 0
    },
    "NWS": {
        "close": 30.290000915527344,
        "sma200": 31.626403942108155,
        "sma50": 29.6238000869751,
        "rsi_weekly": 45.73671692865602,
        "rsi_monthly": 63.4715856744497,
        "52w_high": 35.061614990234375,
        "52w_low": 0
    },
    "NWSA": {
        "close": 26.25,
        "sma200": 27.66789503097534,
        "sma50": 26.04359992980957,
        "rsi_weekly": 44.72352596364914,
        "rsi_monthly": 62.059547536639855,
        "52w_high": 31.030000686645508,
        "52w_low": 0
    },
    "NEE": {
        "close": 83.62999725341797,
        "sma200": 74.73093406677246,
        "sma50": 82.2187582397461,
        "rsi_weekly": 53.09069177154273,
        "rsi_monthly": 53.790245122017424,
        "52w_high": 86.29000091552734,
        "52w_low": 0
    },
    "NKE": {
        "close": 64.37999725341797,
        "sma200": 65.94982067108154,
        "sma50": 63.58880882263183,
        "rsi_weekly": 49.62857745122837,
        "rsi_monthly": 44.084690688736906,
        "52w_high": 79.84435272216797,
        "52w_low": 0
    },
    "NI": {
        "close": 43.93000030517578,
        "sma200": 40.87300731658936,
        "sma50": 42.37679992675781,
        "rsi_weekly": 52.37993098778076,
        "rsi_monthly": 71.91680436122795,
        "52w_high": 44.130001068115234,
        "52w_low": 0
    },
    "NDSN": {
        "close": 271.9200134277344,
        "sma200": 219.34600547790527,
        "sma50": 240.6616390991211,
        "rsi_weekly": 72.547959912279,
        "rsi_monthly": 65.82905877860608,
        "52w_high": 271.9200134277344,
        "52w_low": 0
    },
    "NSC": {
        "close": 290.6300048828125,
        "sma200": 267.63779945373534,
        "sma50": 289.044326171875,
        "rsi_weekly": 56.423138782606,
        "rsi_monthly": 70.52095436044263,
        "52w_high": 299.489990234375,
        "52w_low": 0
    },
    "NTRS": {
        "close": 145.57000732421875,
        "sma200": 121.21151706695557,
        "sma50": 135.37748397827147,
        "rsi_weekly": 74.09771424587392,
        "rsi_monthly": 75.5842999339215,
        "52w_high": 147.10000610351562,
        "52w_low": 0
    },
    "NOC": {
        "close": 666.9000244140625,
        "sma200": 547.743137664795,
        "sma50": 576.4838488769532,
        "rsi_weekly": 64.31113705591541,
        "rsi_monthly": 68.49368220462189,
        "52w_high": 666.9000244140625,
        "52w_low": 0
    },
    "NCLH": {
        "close": 22.010000228881836,
        "sma200": 21.275650005340577,
        "sma50": 20.637400131225586,
        "rsi_weekly": 59.75104708712637,
        "rsi_monthly": 58.01496446523557,
        "52w_high": 29.06999969482422,
        "52w_low": 0
    },
    "NRG": {
        "close": 152.0500030517578,
        "sma200": 151.13548759460448,
        "sma50": 161.57720092773437,
        "rsi_weekly": 45.71022007704935,
        "rsi_monthly": 70.21420337681766,
        "52w_high": 178.04299926757812,
        "52w_low": 0
    },
    "NUE": {
        "close": 174.38999938964844,
        "sma200": 137.41064403533935,
        "sma50": 159.07658447265624,
        "rsi_weekly": 62.28920611683356,
        "rsi_monthly": 59.899655318263136,
        "52w_high": 174.7899932861328,
        "52w_low": 0
    },
    "NVR": {
        "close": 7561.5400390625,
        "sma200": 7532.107448730469,
        "sma50": 7401.024189453125,
        "rsi_weekly": 50.12122302797184,
        "rsi_monthly": 58.86456260855224,
        "52w_high": 8543.0,
        "52w_low": 0
    },
    "NXPI": {
        "close": 237.11000061035156,
        "sma200": 211.57815536499024,
        "sma50": 217.35013061523438,
        "rsi_weekly": 61.27976645942947,
        "rsi_monthly": 70.08244516489685,
        "52w_high": 245.9499969482422,
        "52w_low": 0
    },
    "ORLY": {
        "close": 94.69999694824219,
        "sma200": 96.32500335693359,
        "sma50": 95.58299942016602,
        "rsi_weekly": 45.75618079075488,
        "rsi_monthly": 60.84178922226018,
        "52w_high": 107.81999969482422,
        "52w_low": 0
    },
    "OXY": {
        "close": 42.70000076293945,
        "sma200": 42.47315061569214,
        "sma50": 41.40515274047851,
        "rsi_weekly": 50.602271591210986,
        "rsi_monthly": 49.73784626899274,
        "52w_high": 51.173057556152344,
        "52w_low": 0
    },
    "ODFL": {
        "close": 175.64999389648438,
        "sma200": 152.39610179901123,
        "sma50": 151.45010726928712,
        "rsi_weekly": 64.72499395744644,
        "rsi_monthly": 62.71265776740666,
        "52w_high": 207.7945098876953,
        "52w_low": 0
    }
}