{
    "last_scan_index": 350,
    "AAPL": {
        "close": 259.4599914550781,
        "sma200": 233.18024024963378,
        "sma50": 272.1618621826172,
        "rsi_weekly": 53.76185324169373,
        "rsi_monthly": 65.05593305341105,
        "52w_high": 286.19000244140625,
        "52w_low": 0
    },
    "NVDA": {
        "close": 184.62010192871094,
        "sma200": 162.8947940826416,
        "sma50": 185.5619982910156,
        "rsi_weekly": 55.83253746996073,
        "rsi_monthly": 76.36247863871895,
        "52w_high": 207.02847290039062,
        "52w_low": 0
    },
    "TSLA": {
        "close": 445.6199951171875,
        "sma200": 366.4955001068115,
        "sma50": 444.11560119628905,
        "rsi_weekly": 57.433070397524055,
        "rsi_monthly": 70.21254147643917,
        "52w_high": 489.8800048828125,
        "52w_low": 0
    },
    "MSFT": {
        "close": 466.2699890136719,
        "sma200": 479.80509796142576,
        "sma50": 487.9475506591797,
        "rsi_weekly": 46.9249329577713,
        "rsi_monthly": 64.94485582273411,
        "52w_high": 541.057373046875,
        "52w_low": 0
    },
    "AMD": {
        "close": 221.33999633789062,
        "sma200": 166.81974975585936,
        "sma50": 222.17419952392578,
        "rsi_weekly": 52.90812131363197,
        "rsi_monthly": 69.38721493424931,
        "52w_high": 264.3299865722656,
        "52w_low": 0
    },
    "MSI": {
        "close": 388.44000244140625,
        "sma200": 420.0170687866211,
        "sma50": 377.6213098144531,
        "rsi_weekly": 39.13361142226643,
        "rsi_monthly": 51.605262340670706,
        "52w_high": 487.5675354003906,
        "52w_low": 0
    },
    "MSCI": {
        "close": 581.5549926757812,
        "sma200": 558.2263787841797,
        "sma50": 566.6198193359374,
        "rsi_weekly": 54.63520262969854,
        "rsi_monthly": 36.10718888973696,
        "52w_high": 620.4635009765625,
        "52w_low": 0
    },
    "NDAQ": {
        "close": 98.625,
        "sma200": 87.45005596160888,
        "sma50": 91.9167529296875,
        "rsi_weekly": 66.75234656290303,
        "rsi_monthly": 65.50108646863423,
        "52w_high": 100.69000244140625,
        "52w_low": 0
    },
    "NTAP": {
        "close": 108.83599853515625,
        "sma200": 105.90707645416259,
        "sma50": 110.66999282836915,
        "rsi_weekly": 44.02393480714218,
        "rsi_monthly": 54.73038121869198,
        "52w_high": 125.20184326171875,
        "52w_low": 0
    },
    "NFLX": {
        "close": 89.58499908447266,
        "sma200": 113.1544550704956,
        "sma50": 101.01701995849609,
        "rsi_weekly": 31.622205696637952,
        "rsi_monthly": 56.023247459645084,
        "52w_high": 133.91299438476562,
        "52w_low": 0
    },
    "NEM": {
        "close": 114.25409698486328,
        "sma200": 72.2670537185669,
        "sma50": 94.53258209228515,
        "rsi_weekly": 73.71547733835665,
        "rsi_monthly": 76.1740488446408,
        "52w_high": 114.25409698486328,
        "52w_low": 0
    },
    "NWL": {
        "close": 4.235000133514404,
        "sma200": 4.839148067235946,
        "sma50": 3.597205891609192,
        "rsi_weekly": 46.590198912694966,
        "rsi_monthly": 28.546730218766164,
        "52w_high": 10.082728385925293,
        "52w_low": 0
    },
    "NWS": {
        "close": 30.489999771118164,
        "sma200": 31.617562408447267,
        "sma50": 29.579799995422363,
        "rsi_weekly": 45.73671680583318,
        "rsi_monthly": 63.471596145609375,
        "52w_high": 35.061614990234375,
        "52w_low": 0
    },
    "NWSA": {
        "close": 26.549999237060547,
        "sma200": 27.671471614837646,
        "sma50": 26.012999877929687,
        "rsi_weekly": 44.72352605373405,
        "rsi_monthly": 62.05954673799471,
        "52w_high": 31.030000686645508,
        "52w_low": 0
    },
    "NEE": {
        "close": 81.64910125732422,
        "sma200": 74.52965547561645,
        "sma50": 82.12740051269532,
        "rsi_weekly": 53.090691999983015,
        "rsi_monthly": 53.79023589125193,
        "52w_high": 86.29000091552734,
        "52w_low": 0
    },
    "NKE": {
        "close": 66.33999633789062,
        "sma200": 65.9177265739441,
        "sma50": 63.444296493530274,
        "rsi_weekly": 49.62857758165051,
        "rsi_monthly": 44.084732015433275,
        "52w_high": 79.84435272216797,
        "52w_low": 0
    },
    "NI": {
        "close": 42.435001373291016,
        "sma200": 40.80900011062622,
        "sma50": 42.31229995727539,
        "rsi_weekly": 52.37993095038045,
        "rsi_monthly": 71.91681940586673,
        "52w_high": 44.130001068115234,
        "52w_low": 0
    },
    "NDSN": {
        "close": 264.7799987792969,
        "sma200": 218.27732177734376,
        "sma50": 238.24443115234374,
        "rsi_weekly": 72.54795863828159,
        "rsi_monthly": 65.8290630110553,
        "52w_high": 264.7799987792969,
        "52w_low": 0
    },
    "NSC": {
        "close": 288.3900146484375,
        "sma200": 266.7648709869385,
        "sma50": 288.5984344482422,
        "rsi_weekly": 56.42313846551757,
        "rsi_monthly": 70.52094233879829,
        "52w_high": 299.489990234375,
        "52w_low": 0
    },
    "NTRS": {
        "close": 145.25999450683594,
        "sma200": 120.46215606689454,
        "sma50": 134.2489743041992,
        "rsi_weekly": 74.09771979133467,
        "rsi_monthly": 75.58428333117102,
        "52w_high": 146.1699981689453,
        "52w_low": 0
    },
    "NOC": {
        "close": 626.280029296875,
        "sma200": 545.4629510498047,
        "sma50": 571.5862939453125,
        "rsi_weekly": 64.31113643757685,
        "rsi_monthly": 68.49368308755966,
        "52w_high": 635.374755859375,
        "52w_low": 0
    },
    "NCLH": {
        "close": 23.584999084472656,
        "sma200": 21.22047498703003,
        "sma50": 20.541100120544435,
        "rsi_weekly": 59.75104708712637,
        "rsi_monthly": 58.01496446523557,
        "52w_high": 29.06999969482422,
        "52w_low": 0
    },
    "NRG": {
        "close": 150.63999938964844,
        "sma200": 150.26651443481444,
        "sma50": 162.64840087890624,
        "rsi_weekly": 45.71022009485346,
        "rsi_monthly": 70.21419865778245,
        "52w_high": 178.04299926757812,
        "52w_low": 0
    },
    "NUE": {
        "close": 168.6179962158203,
        "sma200": 136.58505981445313,
        "sma50": 157.44907440185546,
        "rsi_weekly": 62.28920680818958,
        "rsi_monthly": 59.89968886062514,
        "52w_high": 169.39999389648438,
        "52w_low": 0
    },
    "NVR": {
        "close": 7640.0,
        "sma200": 7526.31275390625,
        "sma50": 7373.634990234375,
        "rsi_weekly": 50.12122302797184,
        "rsi_monthly": 58.86456260855224,
        "52w_high": 8543.0,
        "52w_low": 0
    },
    "NXPI": {
        "close": 239.85000610351562,
        "sma200": 210.81080451965332,
        "sma50": 215.45804595947266,
        "rsi_weekly": 61.279765413007496,
        "rsi_monthly": 70.08243970086386,
        "52w_high": 245.9499969482422,
        "52w_low": 0
    },
    "ORLY": {
        "close": 94.62999725341797,
        "sma200": 96.3325133895874,
        "sma50": 95.51519958496094,
        "rsi_weekly": 45.75618079075488,
        "rsi_monthly": 60.84178922226018,
        "52w_high": 107.81999969482422,
        "52w_low": 0
    },
    "OXY": {
        "close": 43.97999954223633,
        "sma200": 42.55025411605835,
        "sma50": 41.24463569641113,
        "rsi_weekly": 50.602271688981084,
        "rsi_monthly": 49.73786130180488,
        "52w_high": 51.56443786621094,
        "52w_low": 0
    },
    "ODFL": {
        "close": 172.8636932373047,
        "sma200": 152.23840763092042,
        "sma50": 149.29598251342773,
        "rsi_weekly": 64.72499336140892,
        "rsi_monthly": 62.71264213092963,
        "52w_high": 207.7945098876953,
        "52w_low": 0
    }
}