{
    "last_scan_index": 225,
    "AAPL": {
        "close": 259.0400085449219,
        "sma200": 232.61908889770507,
        "sma50": 272.7665710449219,
        "rsi_weekly": 63.048862342269764,
        "rsi_monthly": 65.05593370009346,
        "52w_high": 286.19000244140625,
        "52w_low": 0
    },
    "NVDA": {
        "close": 185.0399932861328,
        "sma200": 161.8517797470093,
        "sma50": 186.69211608886718,
        "rsi_weekly": 58.6487059265932,
        "rsi_monthly": 76.36247315384306,
        "52w_high": 207.02847290039062,
        "52w_low": 0
    },
    "TSLA": {
        "close": 435.79998779296875,
        "sma200": 363.9642002105713,
        "sma50": 444.56700134277344,
        "rsi_weekly": 56.31157929953819,
        "rsi_monthly": 70.21254147643917,
        "52w_high": 489.8800048828125,
        "52w_low": 0
    },
    "MSFT": {
        "close": 478.1099853515625,
        "sma200": 478.5386508178711,
        "sma50": 491.6204217529297,
        "rsi_weekly": 44.49072424079523,
        "rsi_monthly": 64.94487756274715,
        "52w_high": 541.057373046875,
        "52w_low": 0
    },
    "AMD": {
        "close": 204.67999267578125,
        "sma200": 165.31699977874757,
        "sma50": 225.07379943847656,
        "rsi_weekly": 60.71614808686848,
        "rsi_monthly": 69.38721493424931,
        "52w_high": 264.3299865722656,
        "52w_low": 0
    },
    "FTV": {
        "close": 55.209999084472656,
        "sma200": 51.281061267852785,
        "sma50": 53.14199737548828,
        "rsi_weekly": 62.96043221050291,
        "rsi_monthly": 66.79453242798536,
        "52w_high": 62.253089904785156,
        "52w_low": 0
    },
    "FOXA": {
        "close": 75.69000244140625,
        "sma200": 58.89689609527588,
        "sma50": 68.57960037231446,
        "rsi_weekly": 74.34342811804636,
        "rsi_monthly": 72.54535823368562,
        "52w_high": 76.11000061035156,
        "52w_low": 0
    },
    "FOX": {
        "close": 67.55000305175781,
        "sma200": 53.48449792861938,
        "sma50": 61.207800216674805,
        "rsi_weekly": 73.03122949678173,
        "rsi_monthly": 68.72104757761507,
        "52w_high": 67.76000213623047,
        "52w_low": 0
    },
    "BEN": {
        "close": 25.450000762939453,
        "sma200": 22.168082180023195,
        "sma50": 22.896168251037597,
        "rsi_weekly": 58.78089909266291,
        "rsi_monthly": 61.44885080885374,
        "52w_high": 25.450000762939453,
        "52w_low": 0
    },
    "FCX": {
        "close": 54.220001220703125,
        "sma200": 41.724461278915406,
        "sma50": 45.25580017089844,
        "rsi_weekly": 66.82485377033463,
        "rsi_monthly": 55.8335864922596,
        "52w_high": 56.150001525878906,
        "52w_low": 0
    },
    "GRMN": {
        "close": 213.4600067138672,
        "sma200": 213.9813604736328,
        "sma50": 202.68645446777344,
        "rsi_weekly": 43.76355307387952,
        "rsi_monthly": 64.91602497253842,
        "52w_high": 258.6608581542969,
        "52w_low": 0
    },
    "IT": {
        "close": 246.80999755859375,
        "sma200": 316.6924504852295,
        "sma50": 238.32940032958984,
        "rsi_weekly": 35.08419297670527,
        "rsi_monthly": 33.00686951680514,
        "52w_high": 548.3800048828125,
        "52w_low": 0
    },
    "GE": {
        "close": 314.44000244140625,
        "sma200": 264.4391916656494,
        "sma50": 302.9898376464844,
        "rsi_weekly": 66.96813840322453,
        "rsi_monthly": 86.92090910102088,
        "52w_high": 327.5400085449219,
        "52w_low": 0
    },
    "GEV": {
        "close": 628.4000244140625,
        "sma200": 541.7233830261231,
        "sma50": 615.75576171875,
        "rsi_weekly": 68.703659744612,
        "rsi_monthly": 81.47095376987522,
        "52w_high": 722.468017578125,
        "52w_low": 0
    },
    "GEHC": {
        "close": 88.16000366210938,
        "sma200": 74.51023477554321,
        "sma50": 79.77379974365235,
        "rsi_weekly": 58.22779636745084,
        "rsi_monthly": 77.2289574180957,
        "52w_high": 93.34632873535156,
        "52w_low": 0
    },
    "GEN": {
        "close": 26.540000915527344,
        "sma200": 27.80308732032776,
        "sma50": 26.715330963134765,
        "rsi_weekly": 41.88745496484986,
        "rsi_monthly": 40.529587872959695,
        "52w_high": 31.882293701171875,
        "52w_low": 0
    },
    "GNRC": {
        "close": 148.7899932861328,
        "sma200": 152.4197999572754,
        "sma50": 152.58179931640626,
        "rsi_weekly": 41.307934264939504,
        "rsi_monthly": 46.472430900903376,
        "52w_high": 202.85000610351562,
        "52w_low": 0
    },
    "GD": {
        "close": 351.44000244140625,
        "sma200": 309.36148872375486,
        "sma50": 342.38160095214846,
        "rsi_weekly": 64.74521216180565,
        "rsi_monthly": 76.93100175283183,
        "52w_high": 360.7099914550781,
        "52w_low": 0
    },
    "GIS": {
        "close": 43.91999816894531,
        "sma200": 50.215972328186034,
        "sma50": 46.61760002136231,
        "rsi_weekly": 36.73057631684922,
        "rsi_monthly": 26.675045374034127,
        "52w_high": 63.063690185546875,
        "52w_low": 0
    },
    "GM": {
        "close": 85.12999725341797,
        "sma200": 58.174049873352054,
        "sma50": 75.46444885253906,
        "rsi_weekly": 76.72826619236359,
        "rsi_monthly": 85.79249936833219,
        "52w_high": 85.12999725341797,
        "52w_low": 0
    },
    "GPC": {
        "close": 126.7300033569336,
        "sma200": 126.0679772567749,
        "sma50": 126.56610900878906,
        "rsi_weekly": 43.716040460711675,
        "rsi_monthly": 59.507159181328056,
        "52w_high": 141.64169311523438,
        "52w_low": 0
    },
    "GILD": {
        "close": 120.66999816894531,
        "sma200": 112.71006782531738,
        "sma50": 122.27965927124023,
        "rsi_weekly": 57.11917136725158,
        "rsi_monthly": 60.16941121728837,
        "52w_high": 127.22968292236328,
        "52w_low": 0
    },
    "GPN": {
        "close": 78.69000244140625,
        "sma200": 81.19251937866211,
        "sma50": 77.76904693603515,
        "rsi_weekly": 42.28540375045611,
        "rsi_monthly": 29.923149847791223,
        "52w_high": 111.57888793945312,
        "52w_low": 0
    },
    "GL": {
        "close": 142.47000122070312,
        "sma200": 130.59807373046874,
        "sma50": 135.35884429931642,
        "rsi_weekly": 56.49380769010902,
        "rsi_monthly": 67.28474383854365,
        "52w_high": 145.98092651367188,
        "52w_low": 0
    },
    "GS": {
        "close": 934.8300170898438,
        "sma200": 709.9596147155762,
        "sma50": 842.6622973632813,
        "rsi_weekly": 78.03730239559731,
        "rsi_monthly": 84.55574977042595,
        "52w_high": 955.469970703125,
        "52w_low": 0
    },
    "HAL": {
        "close": 32.16999816894531,
        "sma200": 23.1834211063385,
        "sma50": 27.653857002258302,
        "rsi_weekly": 65.23423574280459,
        "rsi_monthly": 48.8457936059301,
        "52w_high": 32.16999816894531,
        "52w_low": 0
    },
    "HIG": {
        "close": 137.91000366210938,
        "sma200": 127.41880470275879,
        "sma50": 133.46161315917968,
        "rsi_weekly": 59.92046814804134,
        "rsi_monthly": 75.92894476171593,
        "52w_high": 139.72000122070312,
        "52w_low": 0
    },
    "HAS": {
        "close": 89.13999938964844,
        "sma200": 72.18595596313476,
        "sma50": 80.3036280822754,
        "rsi_weekly": 65.64099583804654,
        "rsi_monthly": 73.03065419119352,
        "52w_high": 89.13999938964844,
        "52w_low": 0
    },
    "HCA": {
        "close": 479.0199890136719,
        "sma200": 403.59806106567385,
        "sma50": 478.0366571044922,
        "rsi_weekly": 61.28304962884741,
        "rsi_monthly": 66.51811207300898,
        "52w_high": 515.0838012695312,
        "52w_low": 0
    }
}