{
    "last_scan_index": 475,
    "AAPL": {
        "close": 260.3299865722656,
        "sma200": 232.42377777099608,
        "sma50": 272.95676391601563,
        "rsi_weekly": 63.048862351049756,
        "rsi_monthly": 65.05595303554833,
        "52w_high": 286.19000244140625,
        "52w_low": 0
    },
    "NVDA": {
        "close": 189.11000061035156,
        "sma200": 161.53351959228516,
        "sma50": 186.8209030151367,
        "rsi_weekly": 58.64870586498485,
        "rsi_monthly": 76.36247317145126,
        "52w_high": 207.02847290039062,
        "52w_low": 0
    },
    "TSLA": {
        "close": 431.4100036621094,
        "sma200": 363.17715034484866,
        "sma50": 444.89940185546874,
        "rsi_weekly": 56.31157929953819,
        "rsi_monthly": 70.21254147643917,
        "52w_high": 489.8800048828125,
        "52w_low": 0
    },
    "MSFT": {
        "close": 483.4700012207031,
        "sma200": 478.10302276611327,
        "sma50": 492.66876403808595,
        "rsi_weekly": 44.490724354442406,
        "rsi_monthly": 64.944861938974,
        "52w_high": 541.057373046875,
        "52w_low": 0
    },
    "AMD": {
        "close": 210.02000427246094,
        "sma200": 164.86284980773925,
        "sma50": 226.1735998535156,
        "rsi_weekly": 60.71614808686848,
        "rsi_monthly": 69.38721493424931,
        "52w_high": 264.3299865722656,
        "52w_low": 0
    },
    "ULTA": {
        "close": 655.3599853515625,
        "sma200": 491.87115127563476,
        "sma50": 559.2578045654296,
        "rsi_weekly": 73.18246316171124,
        "rsi_monthly": 75.1755326241503,
        "52w_high": 655.3599853515625,
        "52w_low": 0
    },
    "UNP": {
        "close": 224.47999572753906,
        "sma200": 223.42617652893065,
        "sma50": 227.6926205444336,
        "rsi_weekly": 54.33454517569365,
        "rsi_monthly": 60.285965063799246,
        "52w_high": 248.49053955078125,
        "52w_low": 0
    },
    "UAL": {
        "close": 116.5999984741211,
        "sma200": 90.51060012817383,
        "sma50": 103.19799942016601,
        "rsi_weekly": 65.57691143447056,
        "rsi_monthly": 72.20676528285428,
        "52w_high": 117.52999877929688,
        "52w_low": 0
    },
    "UPS": {
        "close": 105.41000366210938,
        "sma200": 92.2852417755127,
        "sma50": 96.64696960449218,
        "rsi_weekly": 60.99733626975316,
        "rsi_monthly": 55.44916464677925,
        "52w_high": 127.49673461914062,
        "52w_low": 0
    },
    "URI": {
        "close": 880.8800048828125,
        "sma200": 804.6498440551758,
        "sma50": 828.1876879882813,
        "rsi_weekly": 50.81266596960387,
        "rsi_monthly": 64.85712551204644,
        "52w_high": 1017.8645629882812,
        "52w_low": 0
    },
    "UNH": {
        "close": 341.70001220703125,
        "sma200": 341.85457344055175,
        "sma50": 330.1930010986328,
        "rsi_weekly": 49.22556498399822,
        "rsi_monthly": 35.61748904086157,
        "52w_high": 587.5621948242188,
        "52w_low": 0
    },
    "UHS": {
        "close": 208.38999938964844,
        "sma200": 193.885565032959,
        "sma50": 226.42475524902343,
        "rsi_weekly": 56.03273865801954,
        "rsi_monthly": 62.124038868576925,
        "52w_high": 243.9795379638672,
        "52w_low": 0
    },
    "VLO": {
        "close": 183.86000061035156,
        "sma200": 146.6616877746582,
        "sma50": 172.13329986572265,
        "rsi_weekly": 55.066634901033815,
        "rsi_monthly": 62.03157334641807,
        "52w_high": 184.26803588867188,
        "52w_low": 0
    },
    "VTR": {
        "close": 75.69000244140625,
        "sma200": 68.56669111251831,
        "sma50": 77.2730339050293,
        "rsi_weekly": 63.78356069524445,
        "rsi_monthly": 58.01723143046062,
        "52w_high": 80.50691223144531,
        "52w_low": 0
    },
    "VRSN": {
        "close": 243.77999877929688,
        "sma200": 264.90565910339353,
        "sma50": 245.5628759765625,
        "rsi_weekly": 40.31494809255804,
        "rsi_monthly": 51.36045353589154,
        "52w_high": 304.1607360839844,
        "52w_low": 0
    },
    "VRSK": {
        "close": 219.61000061035156,
        "sma200": 266.27755851745604,
        "sma50": 219.495185546875,
        "rsi_weekly": 32.58483533928257,
        "rsi_monthly": 37.163404341223575,
        "52w_high": 319.6548156738281,
        "52w_low": 0
    },
    "VZ": {
        "close": 40.130001068115234,
        "sma200": 41.590953731536864,
        "sma50": 40.43319969177246,
        "rsi_weekly": 46.76434571065458,
        "rsi_monthly": 38.81489822293272,
        "52w_high": 44.29851531982422,
        "52w_low": 0
    },
    "VRTX": {
        "close": 484.1499938964844,
        "sma200": 438.79294860839843,
        "sma50": 439.9410003662109,
        "rsi_weekly": 55.8418814446091,
        "rsi_monthly": 46.594517356502074,
        "52w_high": 513.760009765625,
        "52w_low": 0
    },
    "V": {
        "close": 355.8800048828125,
        "sma200": 344.3254621887207,
        "sma50": 339.5590612792969,
        "rsi_weekly": 52.81714470223851,
        "rsi_monthly": 70.78070987817458,
        "52w_high": 371.9176025390625,
        "52w_low": 0
    },
    "VICI": {
        "close": 27.559999465942383,
        "sma200": 30.57670874595642,
        "sma50": 28.58031188964844,
        "rsi_weekly": 38.49166596879969,
        "rsi_monthly": 43.102063144792936,
        "52w_high": 32.92975616455078,
        "52w_low": 0
    },
    "VMC": {
        "close": 292.1199951171875,
        "sma200": 276.7931191253662,
        "sma50": 290.98852783203125,
        "rsi_weekly": 55.7415429517581,
        "rsi_monthly": 72.2648580046563,
        "52w_high": 308.5428771972656,
        "52w_low": 0
    },
    "WRB": {
        "close": 68.48999786376953,
        "sma200": 70.71828592300415,
        "sma50": 71.71079360961915,
        "rsi_weekly": 47.14235280731738,
        "rsi_monthly": 60.24335676904761,
        "52w_high": 77.22645568847656,
        "52w_low": 0
    },
    "WAB": {
        "close": 216.6199951171875,
        "sma200": 198.07888732910158,
        "sma50": 209.56186706542968,
        "rsi_weekly": 61.800320482689386,
        "rsi_monthly": 74.22803767144084,
        "52w_high": 221.7100067138672,
        "52w_low": 0
    },
    "WMT": {
        "close": 112.72000122070312,
        "sma200": 100.26024044036865,
        "sma50": 108.65914688110351,
        "rsi_weekly": 62.5928867304493,
        "rsi_monthly": 83.1104626880059,
        "52w_high": 116.79000091552734,
        "52w_low": 0
    },
    "DIS": {
        "close": 112.91000366210938,
        "sma200": 109.58867824554443,
        "sma50": 109.28651428222656,
        "rsi_weekly": 52.78089638682504,
        "rsi_monthly": 69.08330681358659,
        "52w_high": 123.17660522460938,
        "52w_low": 0
    },
    "WBD": {
        "close": 28.59000015258789,
        "sma200": 15.625550048351288,
        "sma50": 25.39400005340576,
        "rsi_weekly": 75.48975912491645,
        "rsi_monthly": 74.44514014960353,
        "52w_high": 29.979999542236328,
        "52w_low": 0
    },
    "WM": {
        "close": 215.97000122070312,
        "sma200": 221.922384185791,
        "sma50": 211.75336151123048,
        "rsi_weekly": 50.95770732183408,
        "rsi_monthly": 69.27546768054825,
        "52w_high": 239.43455505371094,
        "52w_low": 0
    },
    "WAT": {
        "close": 399.4100036621094,
        "sma200": 339.8258003234863,
        "sma50": 381.86480041503904,
        "rsi_weekly": 59.20052509952757,
        "rsi_monthly": 62.65981477757844,
        "52w_high": 417.2799987792969,
        "52w_low": 0
    },
    "WEC": {
        "close": 105.04000091552734,
        "sma200": 107.10651420593261,
        "sma50": 108.39644973754883,
        "rsi_weekly": 47.04466410345933,
        "rsi_monthly": 56.76682441451719,
        "52w_high": 116.56096649169922,
        "52w_low": 0
    }
}