{
    "last_scan_index": 175,
    "AAPL": {
        "close": 248.35000610351562,
        "sma200": 234.39857795715332,
        "sma50": 270.19619842529295,
        "rsi_weekly": 51.05965899175217,
        "rsi_monthly": 65.05597143590614,
        "52w_high": 286.19000244140625,
        "52w_low": 0
    },
    "NVDA": {
        "close": 184.83999633789062,
        "sma200": 165.24091953277588,
        "sma50": 184.0501092529297,
        "rsi_weekly": 56.61352268460958,
        "rsi_monthly": 76.36247784509258,
        "52w_high": 207.02847290039062,
        "52w_low": 0
    },
    "TSLA": {
        "close": 449.3599853515625,
        "sma200": 371.67680030822754,
        "sma50": 442.3198016357422,
        "rsi_weekly": 55.767272209839355,
        "rsi_monthly": 70.21254147643917,
        "52w_high": 489.8800048828125,
        "52w_low": 0
    },
    "MSFT": {
        "close": 451.1400146484375,
        "sma200": 482.258126373291,
        "sma50": 481.6579150390625,
        "rsi_weekly": 40.972928259993566,
        "rsi_monthly": 64.94486327021261,
        "52w_high": 541.057373046875,
        "52w_low": 0
    },
    "AMD": {
        "close": 253.72999572753906,
        "sma200": 170.95559978485107,
        "sma50": 220.6750003051758,
        "rsi_weekly": 60.57175331207617,
        "rsi_monthly": 69.38721493424931,
        "52w_high": 264.3299865722656,
        "52w_low": 0
    },
    "DG": {
        "close": 144.60000610351562,
        "sma200": 108.94439769744874,
        "sma50": 126.57491104125977,
        "rsi_weekly": 79.16470569538158,
        "rsi_monthly": 72.08827578028193,
        "52w_high": 151.72999572753906,
        "52w_low": 0
    },
    "DLTR": {
        "close": 126.79000091552734,
        "sma200": 103.22725009918213,
        "sma50": 120.64779983520508,
        "rsi_weekly": 74.89326967554878,
        "rsi_monthly": 72.23544045212721,
        "52w_high": 141.2100067138672,
        "52w_low": 0
    },
    "D": {
        "close": 59.93000030517578,
        "sma200": 57.34145933151245,
        "sma50": 59.56646057128906,
        "rsi_weekly": 57.52644819354151,
        "rsi_monthly": 69.14500809116014,
        "52w_high": 62.06929016113281,
        "52w_low": 0
    },
    "DPZ": {
        "close": 405.3299865722656,
        "sma200": 440.5242221069336,
        "sma50": 414.8891015625,
        "rsi_weekly": 39.29994746554712,
        "rsi_monthly": 54.82107014670051,
        "52w_high": 491.7031555175781,
        "52w_low": 0
    },
    "DOV": {
        "close": 209.42999267578125,
        "sma200": 179.7967310333252,
        "sma50": 193.9565579223633,
        "rsi_weekly": 68.27627028081271,
        "rsi_monthly": 72.21392288780288,
        "52w_high": 209.42999267578125,
        "52w_low": 0
    },
    "DOW": {
        "close": 28.329999923706055,
        "sma200": 24.93344611167908,
        "sma50": 23.934025115966797,
        "rsi_weekly": 58.68457126647756,
        "rsi_monthly": 39.84671923354956,
        "52w_high": 39.00429153442383,
        "52w_low": 0
    },
    "DHI": {
        "close": 155.74000549316406,
        "sma200": 144.8919300842285,
        "sma50": 150.57283111572266,
        "rsi_weekly": 53.284419408762155,
        "rsi_monthly": 54.45710825191716,
        "52w_high": 183.47286987304688,
        "52w_low": 0
    },
    "DTE": {
        "close": 135.19000244140625,
        "sma200": 133.59004356384278,
        "sma50": 132.05459381103515,
        "rsi_weekly": 55.22175726379068,
        "rsi_monthly": 62.681468657086924,
        "52w_high": 142.03366088867188,
        "52w_low": 0
    },
    "DUK": {
        "close": 117.70999908447266,
        "sma200": 118.911803855896,
        "sma50": 118.82064682006836,
        "rsi_weekly": 50.067039481925875,
        "rsi_monthly": 51.12223242763019,
        "52w_high": 127.91812133789062,
        "52w_low": 0
    },
    "DD": {
        "close": 43.790000915527344,
        "sma200": 32.83998867034912,
        "sma50": 40.862344894409176,
        "rsi_weekly": 71.54278781867461,
        "rsi_monthly": 79.41050707093109,
        "52w_high": 43.810001373291016,
        "52w_low": 0
    },
    "EMN": {
        "close": 68.94999694824219,
        "sma200": 68.02611721038818,
        "sma50": 63.106720428466794,
        "rsi_weekly": 54.95367698294258,
        "rsi_monthly": 46.1103523532061,
        "52w_high": 98.8975830078125,
        "52w_low": 0
    },
    "ETN": {
        "close": 334.0400085449219,
        "sma200": 342.57545600891115,
        "sma50": 335.2560021972656,
        "rsi_weekly": 50.147562970199346,
        "rsi_monthly": 63.999082289488285,
        "52w_high": 391.6195373535156,
        "52w_low": 0
    },
    "EBAY": {
        "close": 93.87999725341797,
        "sma200": 82.69439052581787,
        "sma50": 85.93720397949218,
        "rsi_weekly": 61.147173713783026,
        "rsi_monthly": 78.55948386558403,
        "52w_high": 100.1019287109375,
        "52w_low": 0
    },
    "ECL": {
        "close": 281.4800109863281,
        "sma200": 263.9116716003418,
        "sma50": 265.73195373535157,
        "rsi_weekly": 57.531027997863106,
        "rsi_monthly": 71.90331255539944,
        "52w_high": 283.9881286621094,
        "52w_low": 0
    },
    "EIX": {
        "close": 60.7400016784668,
        "sma200": 54.1789288520813,
        "sma50": 58.50993782043457,
        "rsi_weekly": 66.90127693504856,
        "rsi_monthly": 50.7329165670895,
        "52w_high": 62.38999938964844,
        "52w_low": 0
    },
    "EW": {
        "close": 84.44000244140625,
        "sma200": 78.86090003967286,
        "sma50": 85.0195997619629,
        "rsi_weekly": 56.35744798082777,
        "rsi_monthly": 70.0985485603512,
        "52w_high": 86.94000244140625,
        "52w_low": 0
    },
    "EA": {
        "close": 204.3800048828125,
        "sma200": 174.59397369384766,
        "sma50": 203.2406799316406,
        "rsi_weekly": 76.80350454879033,
        "rsi_monthly": 73.75148131448277,
        "52w_high": 204.7899932861328,
        "52w_low": 0
    },
    "ELV": {
        "close": 372.239990234375,
        "sma200": 346.6506689453125,
        "sma50": 345.1454223632812,
        "rsi_weekly": 60.266545776716406,
        "rsi_monthly": 44.34681413395096,
        "52w_high": 445.9587097167969,
        "52w_low": 0
    },
    "EMR": {
        "close": 150.25999450683594,
        "sma200": 129.03051746368408,
        "sma50": 136.22303268432617,
        "rsi_weekly": 65.50141068692349,
        "rsi_monthly": 71.20908190637769,
        "52w_high": 150.25999450683594,
        "52w_low": 0
    },
    "ENPH": {
        "close": 40.47999954223633,
        "sma200": 37.859900121688845,
        "sma50": 31.928000030517577,
        "rsi_weekly": 47.24872962525377,
        "rsi_monthly": 57.780371298458256,
        "52w_high": 66.51000213623047,
        "52w_low": 0
    },
    "EOG": {
        "close": 106.31999969482422,
        "sma200": 110.82871505737305,
        "sma50": 106.06768783569336,
        "rsi_weekly": 45.03158919055683,
        "rsi_monthly": 43.565872603963264,
        "52w_high": 130.82077026367188,
        "52w_low": 0
    },
    "EPAM": {
        "close": 219.0500030517578,
        "sma200": 173.1567002105713,
        "sma50": 201.21620056152344,
        "rsi_weekly": 64.89719925195209,
        "rsi_monthly": 60.32420314482,
        "52w_high": 267.6300048828125,
        "52w_low": 0
    },
    "EQT": {
        "close": 54.72999954223633,
        "sma200": 54.04866943359375,
        "sma50": 55.89079978942871,
        "rsi_weekly": 42.58222406650893,
        "rsi_monthly": 62.60079169277998,
        "52w_high": 61.16999816894531,
        "52w_low": 0
    },
    "EFX": {
        "close": 214.0800018310547,
        "sma200": 239.07565002441407,
        "sma50": 214.47468109130858,
        "rsi_weekly": 44.57058703544341,
        "rsi_monthly": 59.09307804086095,
        "52w_high": 278.78533935546875,
        "52w_low": 0
    },