{
    "last_scan_index": 125,
    "AAPL": {
        "close": 248.07000732421875,
        "sma200": 234.7347198486328,
        "sma50": 269.76899871826174,
        "rsi_weekly": 51.0596593073144,
        "rsi_monthly": 65.05591560827267,
        "52w_high": 286.19000244140625,
        "52w_low": 0
    },
    "NVDA": {
        "close": 187.5500946044922,
        "sma200": 165.6905588531494,
        "sma50": 183.82033264160157,
        "rsi_weekly": 56.61352284234954,
        "rsi_monthly": 76.36247187708274,
        "52w_high": 207.02847290039062,
        "52w_low": 0
    },
    "TSLA": {
        "close": 446.5849914550781,
        "sma200": 372.74327529907225,
        "sma50": 442.3469012451172,
        "rsi_weekly": 55.767272209839355,
        "rsi_monthly": 70.21254147643917,
        "52w_high": 489.8800048828125,
        "52w_low": 0
    },
    "MSFT": {
        "close": 468.6400146484375,
        "sma200": 482.82156692504884,
        "sma50": 480.9296209716797,
        "rsi_weekly": 40.97292795988345,
        "rsi_monthly": 64.94486760118879,
        "52w_high": 541.057373046875,
        "52w_low": 0
    },
    "AMD": {
        "close": 257.6499938964844,
        "sma200": 171.82564975738526,
        "sma50": 220.94840026855468,
        "rsi_weekly": 60.57175331207617,
        "rsi_monthly": 69.38721493424931,
        "52w_high": 264.3299865722656,
        "52w_low": 0
    },
    "SCHW": {
        "close": 101.98999786376953,
        "sma200": 92.17388912200927,
        "sma50": 97.53382385253906,
        "rsi_weekly": 69.05368669143692,
        "rsi_monthly": 78.24945020375856,
        "52w_high": 104.05000305175781,
        "52w_low": 0
    },
    "CHTR": {
        "close": 189.9550018310547,
        "sma200": 293.40967445373536,
        "sma50": 203.28330017089843,
        "rsi_weekly": 25.796976236247783,
        "rsi_monthly": 21.08980984965178,
        "52w_high": 427.25,
        "52w_low": 0
    },
    "CVX": {
        "close": 167.17999267578125,
        "sma200": 148.12785804748535,
        "sma50": 154.44243103027344,
        "rsi_weekly": 65.03037713154603,
        "rsi_monthly": 61.37104478172991,
        "52w_high": 167.24000549316406,
        "52w_low": 0
    },
    "CMG": {
        "close": 40.83000183105469,
        "sma200": 43.48735008239746,
        "sma50": 35.89840007781982,
        "rsi_weekly": 49.91866377362966,
        "rsi_monthly": 52.18402279312576,
        "52w_high": 59.02000045776367,
        "52w_low": 0
    },
    "CB": {
        "close": 299.4800109863281,
        "sma200": 286.1854895019531,
        "sma50": 303.04980102539065,
        "rsi_weekly": 56.42604869508205,
        "rsi_monthly": 68.40725090113594,
        "52w_high": 315.19000244140625,
        "52w_low": 0
    },
    "CHD": {
        "close": 93.03500366210938,
        "sma200": 91.40813514709473,
        "sma50": 85.42752960205078,
        "rsi_weekly": 53.71590412172489,
        "rsi_monthly": 33.92563731090373,
        "52w_high": 112.09140014648438,
        "52w_low": 0
    },
    "CI": {
        "close": 278.70001220703125,
        "sma200": 294.4677625274658,
        "sma50": 273.5366259765625,
        "rsi_weekly": 44.882963017044936,
        "rsi_monthly": 58.476765059454124,
        "52w_high": 334.8284606933594,
        "52w_low": 0
    },
    "CINF": {
        "close": 156.25999450683594,
        "sma200": 152.05030990600585,
        "sma50": 163.57124816894532,
        "rsi_weekly": 56.15763926258564,
        "rsi_monthly": 71.27550332100903,
        "52w_high": 167.6038055419922,
        "52w_low": 0
    },
    "CTAS": {
        "close": 194.4600067138672,
        "sma200": 204.07886207580566,
        "sma50": 188.0970297241211,
        "rsi_weekly": 49.957385404041325,
        "rsi_monthly": 55.73671896547854,
        "52w_high": 226.6531219482422,
        "52w_low": 0
    },
    "CSCO": {
        "close": 74.7699966430664,
        "sma200": 68.07418893814086,
        "sma50": 76.21939712524414,
        "rsi_weekly": 58.614718453056334,
        "rsi_monthly": 70.43624798880997,
        "52w_high": 79.82286071777344,
        "52w_low": 0
    },
    "C": {
        "close": 113.5999984741211,
        "sma200": 92.60079006195069,
        "sma50": 110.93640014648437,
        "rsi_weekly": 70.52922552567199,
        "rsi_monthly": 85.96273815423388,
        "52w_high": 123.30000305175781,
        "52w_low": 0
    },
    "CFG": {
        "close": 62.32500076293945,
        "sma200": 48.51074377059936,
        "sma50": 57.32609977722168,
        "rsi_weekly": 75.63711586621679,
        "rsi_monthly": 67.27664762761368,
        "52w_high": 64.25,
        "52w_low": 0
    },
    "CLX": {
        "close": 114.69000244140625,
        "sma200": 118.71643569946289,
        "sma50": 103.86880004882812,
        "rsi_weekly": 46.14262126500467,
        "rsi_monthly": 43.51628190090286,
        "52w_high": 156.63059997558594,
        "52w_low": 0
    },
    "CME": {
        "close": 281.82501220703125,
        "sma200": 270.2743049621582,
        "sma50": 273.93934509277346,
        "rsi_weekly": 55.676971626164914,
        "rsi_monthly": 75.62489214905656,
        "52w_high": 286.68572998046875,
        "52w_low": 0
    },
    "CMS": {
        "close": 70.31999969482422,
        "sma200": 71.11937526702881,
        "sma50": 71.54739929199219,
        "rsi_weekly": 51.38386371286584,
        "rsi_monthly": 59.34187706355807,
        "52w_high": 75.44000244140625,
        "52w_low": 0
    },
    "KO": {
        "close": 72.40499877929688,
        "sma200": 69.11308731079102,
        "sma50": 70.56704971313476,
        "rsi_weekly": 55.28033323195228,
        "rsi_monthly": 61.85331596396053,
        "52w_high": 72.61000061035156,
        "52w_low": 0
    },
    "CTSH": {
        "close": 84.4000015258789,
        "sma200": 74.90682888031006,
        "sma50": 80.9478303527832,
        "rsi_weekly": 64.18514726813429,
        "rsi_monthly": 62.660101751555395,
        "52w_high": 89.25666809082031,
        "52w_low": 0
    },
    "CL": {
        "close": 86.58100128173828,
        "sma200": 83.43326805114746,
        "sma50": 79.41044448852539,
        "rsi_weekly": 56.69188583852937,
        "rsi_monthly": 48.3280965283754,
        "52w_high": 95.15522003173828,
        "52w_low": 0
    },
    "CMCSA": {
        "close": 29.270000457763672,
        "sma200": 29.34312903404236,
        "sma50": 26.61118797302246,
        "rsi_weekly": 48.32830874433773,
        "rsi_monthly": 27.04093874126676,
        "52w_high": 34.411956787109375,
        "52w_low": 0
    },
    "CMA": {
        "close": 94.43000030517578,
        "sma200": 69.19225170135498,
        "sma50": 85.76372451782227,
        "rsi_weekly": 81.24199813218,
        "rsi_monthly": 66.44886104775438,
        "52w_high": 98.58999633789062,
        "52w_low": 0
    },
    "CAG": {
        "close": 17.494600296020508,
        "sma200": 19.223939533233644,
        "sma50": 17.301091995239258,
        "rsi_weekly": 35.62399379001,
        "rsi_monthly": 23.67146038540924,
        "52w_high": 26.194599151611328,
        "52w_low": 0
    },
    "COP": {
        "close": 98.38999938964844,
        "sma200": 90.91253707885743,
        "sma50": 93.12930694580078,
        "rsi_weekly": 58.10587785798437,
        "rsi_monthly": 49.074880220950575,
        "52w_high": 103.38456726074219,
        "52w_low": 0
    },
    "ED": {
        "close": 104.0,
        "sma200": 100.40599403381347,
        "sma50": 99.57877243041992,
        "rsi_weekly": 59.964954704111925,
        "rsi_monthly": 47.44181904102562,
        "52w_high": 110.50127410888672,
        "52w_low": 0
    },
    "STZ": {
        "close": 159.42999267578125,
        "sma200": 155.99288890838622,
        "sma50": 141.965400390625,
        "rsi_weekly": 56.15877511231248,
        "rsi_monthly": 33.211468981023415,
        "52w_high": 192.97064208984375,
        "52w_low": 0
    },
    "CEG": {
        "close": 289.2799987792969,