{
    "last_scan_index": 350,
    "AAPL": {
        "close": 259.0400085449219,
        "sma200": 232.61908866882325,
        "sma50": 272.7665710449219,
        "rsi_weekly": 63.04886234715632,
        "rsi_monthly": 65.0559727007569,
        "52w_high": 286.19000244140625,
        "52w_low": 0
    },
    "NVDA": {
        "close": 185.0399932861328,
        "sma200": 161.8517797088623,
        "sma50": 186.69211608886718,
        "rsi_weekly": 58.64870598784884,
        "rsi_monthly": 76.3624771682593,
        "52w_high": 207.02847290039062,
        "52w_low": 0
    },
    "TSLA": {
        "close": 435.79998779296875,
        "sma200": 363.9642002105713,
        "sma50": 444.56700134277344,
        "rsi_weekly": 56.31157929953819,
        "rsi_monthly": 70.21254147643917,
        "52w_high": 489.8800048828125,
        "52w_low": 0
    },
    "MSFT": {
        "close": 478.1099853515625,
        "sma200": 478.5386508178711,
        "sma50": 491.6204217529297,
        "rsi_weekly": 44.490724398129636,
        "rsi_monthly": 64.94486613230072,
        "52w_high": 541.057373046875,
        "52w_low": 0
    },
    "AMD": {
        "close": 204.67999267578125,
        "sma200": 165.31699977874757,
        "sma50": 225.07379943847656,
        "rsi_weekly": 60.71614808686848,
        "rsi_monthly": 69.38721493424931,
        "52w_high": 264.3299865722656,
        "52w_low": 0
    },
    "MSI": {
        "close": 381.8900146484375,
        "sma200": 420.64173431396483,
        "sma50": 380.4777575683594,
        "rsi_weekly": 38.02847353949296,
        "rsi_monthly": 51.605262069726145,
        "52w_high": 487.5675354003906,
        "52w_low": 0
    },
    "MSCI": {
        "close": 581.3300170898438,
        "sma200": 557.9491722106934,
        "sma50": 566.4153869628906,
        "rsi_weekly": 50.98221280599896,
        "rsi_monthly": 36.10716467124807,
        "52w_high": 620.4635009765625,
        "52w_low": 0
    },
    "NDAQ": {
        "close": 99.73999786376953,
        "sma200": 87.11614151000977,
        "sma50": 91.15636047363282,
        "rsi_weekly": 64.51971122037494,
        "rsi_monthly": 65.50111125596962,
        "52w_high": 100.69000244140625,
        "52w_low": 0
    },
    "NTAP": {
        "close": 105.55000305175781,
        "sma200": 105.66379501342773,
        "sma50": 111.12331008911133,
        "rsi_weekly": 45.10762733364188,
        "rsi_monthly": 54.730366832387574,
        "52w_high": 125.20184326171875,
        "52w_low": 0
    },
    "NFLX": {
        "close": 90.52999877929688,
        "sma200": 113.28450504302978,
        "sma50": 102.23173995971679,
        "rsi_weekly": 32.539498248207536,
        "rsi_monthly": 56.023247459645084,
        "52w_high": 133.91299438476562,
        "52w_low": 0
    },
    "NEM": {
        "close": 106.88999938964844,
        "sma200": 71.29491901397705,
        "sma50": 92.62091369628907,
        "rsi_weekly": 69.49695167908465,
        "rsi_monthly": 76.17403580039556,
        "52w_high": 109.19999694824219,
        "52w_low": 0
    },
    "NWL": {
        "close": 4.139999866485596,
        "sma200": 4.869800363779068,
        "sma50": 3.6325607824325563,
        "rsi_weekly": 39.48906649141445,
        "rsi_monthly": 28.546721819302995,
        "52w_high": 10.08272933959961,
        "52w_low": 0
    },
    "NWS": {
        "close": 30.260000228881836,
        "sma200": 31.619746217727663,
        "sma50": 29.595,
        "rsi_weekly": 42.50759895608083,
        "rsi_monthly": 63.471596145609375,
        "52w_high": 35.061614990234375,
        "52w_low": 0
    },
    "NWSA": {
        "close": 26.450000762939453,
        "sma200": 27.681630201339722,
        "sma50": 26.005999870300293,
        "rsi_weekly": 42.15469155838938,
        "rsi_monthly": 62.05954880155084,
        "52w_high": 31.030000686645508,
        "52w_low": 0
    },
    "NEE": {
        "close": 79.48999786376953,
        "sma200": 74.33492153167725,
        "sma50": 82.18039627075196,
        "rsi_weekly": 55.311424532521514,
        "rsi_monthly": 53.790256415498234,
        "52w_high": 86.29000091552734,
        "52w_low": 0
    },
    "NKE": {
        "close": 65.26000213623047,
        "sma200": 65.9007922744751,
        "sma50": 63.414815750122074,
        "rsi_weekly": 46.01950320269059,
        "rsi_monthly": 44.084672945521724,
        "52w_high": 79.84435272216797,
        "52w_low": 0
    },
    "NI": {
        "close": 41.54999923706055,
        "sma200": 40.759400844573975,
        "sma50": 42.31778861999512,
        "rsi_weekly": 52.966549744669656,
        "rsi_monthly": 71.91681613813269,
        "52w_high": 44.130001068115234,
        "52w_low": 0
    },
    "NDSN": {
        "close": 255.25999450683594,
        "sma200": 217.39723434448243,
        "sma50": 236.43364349365234,
        "rsi_weekly": 61.90606299265881,
        "rsi_monthly": 65.82904542037272,
        "52w_high": 255.25999450683594,
        "52w_low": 0
    },
    "NSC": {
        "close": 289.7200012207031,
        "sma200": 265.9129163360596,
        "sma50": 288.0622882080078,
        "rsi_weekly": 57.0594517722042,
        "rsi_monthly": 70.52094881943384,
        "52w_high": 299.489990234375,
        "52w_low": 0
    },
    "NTRS": {
        "close": 144.36000061035156,
        "sma200": 119.76525524139404,
        "sma50": 133.08975219726562,
        "rsi_weekly": 68.7485986175724,
        "rsi_monthly": 75.58429870262329,
        "52w_high": 144.36000061035156,
        "52w_low": 0
    },
    "NOC": {
        "close": 590.7899780273438,
        "sma200": 543.6320332336426,
        "sma50": 569.1287097167968,
        "rsi_weekly": 57.15369819922058,
        "rsi_monthly": 68.49367434504778,
        "52w_high": 635.374755859375,
        "52w_low": 0
    },
    "NCLH": {
        "close": 24.3700008392334,
        "sma200": 21.161099977493286,
        "sma50": 20.42780010223389,
        "rsi_weekly": 54.008717570143595,
        "rsi_monthly": 58.01496446523557,
        "52w_high": 29.06999969482422,
        "52w_low": 0
    },
    "NRG": {
        "close": 143.52999877929688,
        "sma200": 149.48595603942871,
        "sma50": 164.13354919433593,
        "rsi_weekly": 56.858947279347234,
        "rsi_monthly": 70.2141958473171,
        "52w_high": 178.04299926757812,
        "52w_low": 0
    },
    "NUE": {
        "close": 167.8800048828125,
        "sma200": 135.97426136016847,
        "sma50": 156.57411346435546,
        "rsi_weekly": 67.79386280463474,
        "rsi_monthly": 59.899678586226365,
        "52w_high": 169.39999389648438,
        "52w_low": 0
    },
    "NVR": {
        "close": 7385.580078125,
        "sma200": 7521.999204101562,
        "sma50": 7358.17359375,
        "rsi_weekly": 41.73829878401096,
        "rsi_monthly": 58.86456260855224,
        "52w_high": 8543.0,
        "52w_low": 0
    },
    "NXPI": {
        "close": 237.88999938964844,
        "sma200": 210.2578488922119,
        "sma50": 213.49695098876953,
        "rsi_weekly": 53.44893730832173,
        "rsi_monthly": 70.08245518112979,
        "52w_high": 245.9499969482422,
        "52w_low": 0
    },
    "ORLY": {
        "close": 91.62999725341797,
        "sma200": 96.30572338104248,
        "sma50": 95.55399963378906,
        "rsi_weekly": 39.28492539392627,
        "rsi_monthly": 60.84178922226018,
        "52w_high": 107.81999969482422,
        "52w_low": 0
    },
    "OXY": {
        "close": 43.22999954223633,
        "sma200": 42.63153364181519,
        "sma50": 41.081529235839845,
        "rsi_weekly": 49.14935289885033,
        "rsi_monthly": 49.73786125214644,
        "52w_high": 51.5644416809082,
        "52w_low": 0
    },
    "ODFL": {
        "close": 171.07000732421875,
        "sma200": 152.15902172088624,
        "sma50": 147.0778987121582,
        "rsi_weekly": 56.8757218968363,
        "rsi_monthly": 62.712674111957796,
        "52w_high": 207.7945098876953,
        "52w_low": 0
    }
}