{
    "last_scan_index": 275,
    "AAPL": {
        "close": 258.2099914550781,
        "sma200": 233.58638801574708,
        "sma50": 271.7791101074219,
        "rsi_weekly": 53.76185317669766,
        "rsi_monthly": 65.05593492401647,
        "52w_high": 286.19000244140625,
        "52w_low": 0
    },
    "NVDA": {
        "close": 187.0500030517578,
        "sma200": 163.66164142608642,
        "sma50": 184.80265197753906,
        "rsi_weekly": 55.83253748993782,
        "rsi_monthly": 76.36247317145126,
        "52w_high": 207.02847290039062,
        "52w_low": 0
    },
    "TSLA": {
        "close": 438.57000732421875,
        "sma200": 368.2787003326416,
        "sma50": 443.2040020751953,
        "rsi_weekly": 57.433070397524055,
        "rsi_monthly": 70.21254147643917,
        "52w_high": 489.8800048828125,
        "52w_low": 0
    },
    "MSFT": {
        "close": 456.6600036621094,
        "sma200": 480.65645599365234,
        "sma50": 485.6982153320312,
        "rsi_weekly": 46.9249329474995,
        "rsi_monthly": 64.94487822026166,
        "52w_high": 541.057373046875,
        "52w_low": 0
    },
    "AMD": {
        "close": 227.9199981689453,
        "sma200": 168.04569980621338,
        "sma50": 220.88179992675782,
        "rsi_weekly": 52.90812131363197,
        "rsi_monthly": 69.38721493424931,
        "52w_high": 264.3299865722656,
        "52w_low": 0
    },
    "ICE": {
        "close": 173.27999877929688,
        "sma200": 168.00751594543456,
        "sma50": 158.23566284179688,
        "rsi_weekly": 53.24060785474345,
        "rsi_monthly": 64.72604892630173,
        "52w_high": 187.36590576171875,
        "52w_low": 0
    },
    "IFF": {
        "close": 70.83000183105469,
        "sma200": 68.76527025222778,
        "sma50": 66.26517433166504,
        "rsi_weekly": 52.996120108468496,
        "rsi_monthly": 29.92129076168392,
        "52w_high": 85.7145004272461,
        "52w_low": 0
    },
    "INTU": {
        "close": 554.5800170898438,
        "sma200": 680.6240173339844,
        "sma50": 649.6617053222657,
        "rsi_weekly": 45.75150430064272,
        "rsi_monthly": 59.65227601457218,
        "52w_high": 804.435546875,
        "52w_low": 0
    },
    "ISRG": {
        "close": 541.3400268554688,
        "sma200": 514.547200164795,
        "sma50": 565.1342028808593,
        "rsi_weekly": 61.42482845175602,
        "rsi_monthly": 63.82447224376114,
        "52w_high": 610.4500122070312,
        "52w_low": 0
    },
    "IVZ": {
        "close": 29.389999389648438,
        "sma200": 20.093735375404357,
        "sma50": 25.646604537963867,
        "rsi_weekly": 81.98782244885872,
        "rsi_monthly": 75.09771547437374,
        "52w_high": 29.389999389648438,
        "52w_low": 0
    },
    "INVH": {
        "close": 27.059999465942383,
        "sma200": 29.96255018234253,
        "sma50": 27.27603202819824,
        "rsi_weekly": 36.13199818999206,
        "rsi_monthly": 48.216444296003644,
        "52w_high": 34.426910400390625,
        "52w_low": 0
    },
    "IQV": {
        "close": 241.27999877929688,
        "sma200": 186.45944999694825,
        "sma50": 225.73559997558593,
        "rsi_weekly": 69.11979473168655,
        "rsi_monthly": 73.87981808116163,
        "52w_high": 244.2899932861328,
        "52w_low": 0
    },
    "IRM": {
        "close": 92.66999816894531,
        "sma200": 92.90746089935303,
        "sma50": 86.90932907104492,
        "rsi_weekly": 47.46970019985524,
        "rsi_monthly": 59.96877716074678,
        "52w_high": 107.43501281738281,
        "52w_low": 0
    },
    "JBHT": {
        "close": 206.52000427246094,
        "sma200": 153.5117330932617,
        "sma50": 186.47054779052735,
        "rsi_weekly": 76.27185532562578,
        "rsi_monthly": 65.67223159668022,
        "52w_high": 206.85000610351562,
        "52w_low": 0
    },
    "JBL": {
        "close": 253.17999267578125,
        "sma200": 199.71545795440673,
        "sma50": 219.4765072631836,
        "rsi_weekly": 57.313150234599036,
        "rsi_monthly": 77.63877187034585,
        "52w_high": 253.17999267578125,
        "52w_low": 0
    },
    "JKHY": {
        "close": 191.25,
        "sma200": 169.9140609741211,
        "sma50": 177.57059631347656,
        "rsi_weekly": 63.95830096216112,
        "rsi_monthly": 67.08488912109583,
        "52w_high": 192.60000610351562,
        "52w_low": 0
    },
    "J": {
        "close": 141.5,
        "sma200": 137.59336231231688,
        "sma50": 139.91369018554687,
        "rsi_weekly": 49.597405197128694,
        "rsi_monthly": 64.20390869580349,
        "52w_high": 164.04388427734375,
        "52w_low": 0
    },
    "JNJ": {
        "close": 219.57000732421875,
        "sma200": 174.5239385986328,
        "sma50": 203.5235693359375,
        "rsi_weekly": 66.25157591823061,
        "rsi_monthly": 80.19775199544496,
        "52w_high": 219.57000732421875,
        "52w_low": 0
    },
    "JCI": {
        "close": 112.94999694824219,
        "sma200": 105.0791125869751,
        "sma50": 116.90379959106446,
        "rsi_weekly": 50.23312170283152,
        "rsi_monthly": 88.83884474507941,
        "52w_high": 122.66000366210938,
        "52w_low": 0
    },
    "JPM": {
        "close": 309.260009765625,
        "sma200": 287.0017566680908,
        "sma50": 313.7451062011719,
        "rsi_weekly": 67.00101028813283,
        "rsi_monthly": 84.61118993509238,
        "52w_high": 334.6099853515625,
        "52w_low": 0
    },
    "K": {
        "close": 83.44000244140625,
        "sma200": 80.34924026489257,
        "sma50": 82.65304901123046,
        "rsi_weekly": 68.33612399418216,
        "rsi_monthly": 86.62426372300925,
        "52w_high": 83.44999694824219,
        "52w_low": 0
    },
    "KVUE": {
        "close": 17.260000228881836,
        "sma200": 19.34011303424835,
        "sma50": 16.883960876464844,
        "rsi_weekly": 43.01434345833226,
        "rsi_monthly": 35.656805037891765,
        "52w_high": 23.699586868286133,
        "52w_low": 0
    },
    "KDP": {
        "close": 27.899999618530273,
        "sma200": 30.1938689994812,
        "sma50": 27.596500053405762,
        "rsi_weekly": 45.19058153631705,
        "rsi_monthly": 32.29933225865362,
        "52w_high": 34.856082916259766,
        "52w_low": 0
    },
    "KEY": {
        "close": 21.229999542236328,
        "sma200": 17.459408268928527,
        "sma50": 19.47553928375244,
        "rsi_weekly": 70.06416867344791,
        "rsi_monthly": 67.78412541741326,
        "52w_high": 21.56999969482422,
        "52w_low": 0
    },
    "KEYS": {
        "close": 214.5,
        "sma200": 170.4422998046875,
        "sma50": 198.00540008544922,
        "rsi_weekly": 66.29917277013719,
        "rsi_monthly": 71.44103933425825,
        "52w_high": 214.5,
        "52w_low": 0
    },
    "KMB": {
        "close": 100.41000366210938,
        "sma200": 121.04187526702881,
        "sma50": 101.82054412841796,
        "rsi_weekly": 28.048463927350042,
        "rsi_monthly": 35.42742790906039,
        "52w_high": 142.86663818359375,
        "52w_low": 0
    },
    "KIM": {
        "close": 20.780000686645508,
        "sma200": 20.63835557937622,
        "sma50": 20.2158113861084,
        "rsi_weekly": 47.82052054688554,
        "rsi_monthly": 44.267891389615976,
        "52w_high": 22.46935272216797,
        "52w_low": 0
    },
    "KMI": {
        "close": 27.40999984741211,
        "sma200": 26.902537117004396,
        "sma50": 27.007399978637697,
        "rsi_weekly": 51.16877262394353,
        "rsi_monthly": 67.7146891980374,
        "52w_high": 29.90215492248535,
        "52w_low": 0
    },
    "KLAC": {
        "close": 1544.9599609375,
        "sma200": 974.5543518066406,
        "sma50": 1238.24232421875,
        "rsi_weekly": 75.02660489150338,
        "rsi_monthly": 84.6233636643081,
        "52w_high": 1544.9599609375,
        "52w_low": 0
    }
}