{
    "last_scan_index": 475,
    "AAPL": {
        "close": 258.2099914550781,
        "sma200": 233.58638801574708,
        "sma50": 271.7791101074219,
        "rsi_weekly": 53.7618532654558,
        "rsi_monthly": 65.05591628587376,
        "52w_high": 286.19000244140625,
        "52w_low": 0
    },
    "NVDA": {
        "close": 187.0500030517578,
        "sma200": 163.66164142608642,
        "sma50": 184.80265197753906,
        "rsi_weekly": 55.832537479685854,
        "rsi_monthly": 76.3624778284338,
        "52w_high": 207.02847290039062,
        "52w_low": 0
    },
    "TSLA": {
        "close": 438.57000732421875,
        "sma200": 368.2787003326416,
        "sma50": 443.2040020751953,
        "rsi_weekly": 57.433070397524055,
        "rsi_monthly": 70.21254147643917,
        "52w_high": 489.8800048828125,
        "52w_low": 0
    },
    "MSFT": {
        "close": 456.6600036621094,
        "sma200": 480.65645645141603,
        "sma50": 485.6982153320312,
        "rsi_weekly": 46.924932846510366,
        "rsi_monthly": 64.9448349629832,
        "52w_high": 541.057373046875,
        "52w_low": 0
    },
    "AMD": {
        "close": 227.9199981689453,
        "sma200": 168.04569980621338,
        "sma50": 220.88179992675782,
        "rsi_weekly": 52.90812131363197,
        "rsi_monthly": 69.38721493424931,
        "52w_high": 264.3299865722656,
        "52w_low": 0
    },
    "ULTA": {
        "close": 665.1199951171875,
        "sma200": 500.7401010131836,
        "sma50": 576.9438037109375,
        "rsi_weekly": 78.54155246654247,
        "rsi_monthly": 75.1755326241503,
        "52w_high": 666.1799926757812,
        "52w_low": 0
    },
    "UNP": {
        "close": 230.50999450683594,
        "sma200": 223.35967903137208,
        "sma50": 229.13541595458983,
        "rsi_weekly": 51.15889740049232,
        "rsi_monthly": 60.285976999650664,
        "52w_high": 248.4905242919922,
        "52w_low": 0
    },
    "UAL": {
        "close": 116.0199966430664,
        "sma200": 91.70790008544923,
        "sma50": 105.51919937133789,
        "rsi_weekly": 68.61311387913746,
        "rsi_monthly": 72.20676528285428,
        "52w_high": 117.52999877929688,
        "52w_low": 0
    },
    "UPS": {
        "close": 108.62000274658203,
        "sma200": 92.34636795043946,
        "sma50": 98.38346450805665,
        "rsi_weekly": 68.48738333549072,
        "rsi_monthly": 55.449165592228965,
        "52w_high": 127.49671173095703,
        "52w_low": 0
    },
    "URI": {
        "close": 926.5700073242188,
        "sma200": 813.5093301391602,
        "sma50": 835.5054516601563,
        "rsi_weekly": 62.2641290031369,
        "rsi_monthly": 64.85713414573192,
        "52w_high": 1017.8645629882812,
        "52w_low": 0
    },
    "UNH": {
        "close": 338.9599914550781,
        "sma200": 336.84057411193845,
        "sma50": 329.0749261474609,
        "rsi_weekly": 51.64445009901607,
        "rsi_monthly": 35.61750506753227,
        "52w_high": 587.5621948242188,
        "52w_low": 0
    },
    "UHS": {
        "close": 204.19000244140625,
        "sma200": 194.48603782653808,
        "sma50": 224.7323468017578,
        "rsi_weekly": 49.242500750057644,
        "rsi_monthly": 62.12405303455678,
        "52w_high": 243.9795379638672,
        "52w_low": 0
    },
    "VLO": {
        "close": 184.5800018310547,
        "sma200": 148.32061058044434,
        "sma50": 173.93063568115235,
        "rsi_weekly": 65.7052552796095,
        "rsi_monthly": 62.03158911945912,
        "52w_high": 191.32000732421875,
        "52w_low": 0
    },
    "VTR": {
        "close": 76.91999816894531,
        "sma200": 68.85494850158692,
        "sma50": 77.78123184204101,
        "rsi_weekly": 56.235226273679466,
        "rsi_monthly": 58.01724378428425,
        "52w_high": 80.50691223144531,
        "52w_low": 0
    },
    "VRSN": {
        "close": 249.22000122070312,
        "sma200": 264.9243264770508,
        "sma50": 246.63613586425782,
        "rsi_weekly": 46.261694661055564,
        "rsi_monthly": 51.36045353589154,
        "52w_high": 304.1607360839844,
        "52w_low": 0
    },
    "VRSK": {
        "close": 222.0500030517578,
        "sma200": 264.2560850524902,
        "sma50": 219.85552825927735,
        "rsi_weekly": 36.488300773190424,
        "rsi_monthly": 37.163402598685046,
        "52w_high": 319.65484619140625,
        "52w_low": 0
    },
    "VZ": {
        "close": 39.36000061035156,
        "sma200": 40.82307804107666,
        "sma50": 39.83963005065918,
        "rsi_weekly": 46.54246828648227,
        "rsi_monthly": 38.814911050372274,
        "52w_high": 43.54305648803711,
        "52w_low": 0
    },
    "VRTX": {
        "close": 438.9200134277344,
        "sma200": 437.4735986328125,
        "sma50": 444.0613995361328,
        "rsi_weekly": 59.05082555191575,
        "rsi_monthly": 46.594517356502074,
        "52w_high": 513.760009765625,
        "52w_low": 0
    },
    "V": {
        "close": 327.75,
        "sma200": 344.15212020874026,
        "sma50": 339.06705505371093,
        "rsi_weekly": 54.49465341016715,
        "rsi_monthly": 70.78074244800831,
        "52w_high": 371.9176025390625,
        "52w_low": 0
    },
    "VICI": {
        "close": 28.420000076293945,
        "sma200": 30.496845645904543,
        "sma50": 28.382935638427735,
        "rsi_weekly": 36.46739493237587,
        "rsi_monthly": 43.10207816644796,
        "52w_high": 32.929752349853516,
        "52w_low": 0
    },
    "VMC": {
        "close": 301.7099914550781,
        "sma200": 278.874656829834,
        "sma50": 292.72773986816406,
        "rsi_weekly": 67.42988574509808,
        "rsi_monthly": 72.26486419503145,
        "52w_high": 311.6199951171875,
        "52w_low": 0
    },
    "WRB": {
        "close": 68.70999908447266,
        "sma200": 70.82222898483276,
        "sma50": 71.43423797607421,
        "rsi_weekly": 45.55070072052169,
        "rsi_monthly": 60.2433596748968,
        "52w_high": 77.22645568847656,
        "52w_low": 0
    },
    "WAB": {
        "close": 228.52000427246094,
        "sma200": 199.29924850463868,
        "sma50": 212.46561920166016,
        "rsi_weekly": 66.70851518320593,
        "rsi_monthly": 74.22803852447615,
        "52w_high": 228.52000427246094,
        "52w_low": 0
    },
    "WMT": {
        "close": 119.19999694824219,
        "sma200": 101.22338535308837,
        "sma50": 110.4855729675293,
        "rsi_weekly": 64.55479458298316,
        "rsi_monthly": 83.11046950196572,
        "52w_high": 120.36000061035156,
        "52w_low": 0
    },
    "DIS": {
        "close": 113.41000366210938,
        "sma200": 110.03648132324219,
        "sma50": 109.61627685546875,
        "rsi_weekly": 58.49476760890103,
        "rsi_monthly": 69.08330197510303,
        "52w_high": 123.17660522460938,
        "52w_low": 0
    },
    "WBD": {
        "close": 28.489999771118164,
        "sma200": 16.158050043582918,
        "sma50": 26.231199951171874,
        "rsi_weekly": 76.0789482988065,
        "rsi_monthly": 74.44514014960353,
        "52w_high": 29.979999542236328,
        "52w_low": 0
    },
    "WM": {
        "close": 219.86000061035156,
        "sma200": 221.7052382659912,
        "sma50": 213.8373760986328,
        "rsi_weekly": 53.54862278873734,
        "rsi_monthly": 69.27546433752451,
        "52w_high": 239.43455505371094,
        "52w_low": 0
    },
    "WAT": {
        "close": 394.5899963378906,
        "sma200": 340.6156002807617,
        "sma50": 387.65760009765626,
        "rsi_weekly": 63.10082435649836,
        "rsi_monthly": 62.65981477757844,
        "52w_high": 417.2799987792969,
        "52w_low": 0
    },
    "WEC": {
        "close": 108.16000366210938,
        "sma200": 107.17200660705566,
        "sma50": 107.59836502075196,
        "rsi_weekly": 43.20517800330099,
        "rsi_monthly": 56.76682353622088,
        "52w_high": 116.56096649169922,
        "52w_low": 0
    }
}