{
    "last_scan_index": 500,
    "AAPL": {
        "close": 249.67999267578125,
        "sma200": 233.88465576171876,
        "sma50": 271.09017272949217,
        "rsi_weekly": 51.05965902927802,
        "rsi_monthly": 65.05595219530252,
        "52w_high": 286.19000244140625,
        "52w_low": 0
    },
    "NVDA": {
        "close": 179.7899932861328,
        "sma200": 164.389091796875,
        "sma50": 184.24549011230468,
        "rsi_weekly": 56.61352269472961,
        "rsi_monthly": 76.36247315393653,
        "52w_high": 207.02847290039062,
        "52w_low": 0
    },
    "TSLA": {
        "close": 425.0780944824219,
        "sma200": 369.8354907989502,
        "sma50": 442.3289636230469,
        "rsi_weekly": 55.767272209839355,
        "rsi_monthly": 70.21254147643917,
        "52w_high": 489.8800048828125,
        "52w_low": 0
    },
    "MSFT": {
        "close": 453.8550109863281,
        "sma200": 481.42376052856446,
        "sma50": 483.5808801269531,
        "rsi_weekly": 40.97292797392229,
        "rsi_monthly": 64.94485313533164,
        "52w_high": 541.057373046875,
        "52w_low": 0
    },
    "AMD": {
        "close": 235.0,
        "sma200": 169.3511498260498,
        "sma50": 220.09080017089843,
        "rsi_weekly": 60.57175331207617,
        "rsi_monthly": 69.38721493424931,
        "52w_high": 264.3299865722656,
        "52w_low": 0
    },
    "WFC": {
        "close": 87.33999633789062,
        "sma200": 80.40255043029785,
        "sma50": 89.87839981079101,
        "rsi_weekly": 54.38228090985868,
        "rsi_monthly": 85.74286079811644,
        "52w_high": 96.38999938964844,
        "52w_low": 0
    },
    "WELL": {
        "close": 188.71499633789062,
        "sma200": 167.52563667297363,
        "sma50": 192.5466928100586,
        "rsi_weekly": 61.17440182774398,
        "rsi_monthly": 76.3900532375235,
        "52w_high": 208.22000122070312,
        "52w_low": 0
    },
    "WST": {
        "close": 250.85000610351562,
        "sma200": 245.50561164855958,
        "sma50": 272.185166015625,
        "rsi_weekly": 48.16475278289487,
        "rsi_monthly": 37.3154757510879,
        "52w_high": 346.7433776855469,
        "52w_low": 0
    },
    "WDC": {
        "close": 224.85000610351562,
        "sma200": 101.37015587806701,
        "sma50": 176.50108123779296,
        "rsi_weekly": 84.10810728089567,
        "rsi_monthly": 90.96429266241626,
        "52w_high": 224.85000610351562,
        "52w_low": 0
    },
    "WY": {
        "close": 26.934999465942383,
        "sma200": 24.577823133468627,
        "sma50": 23.223288497924806,
        "rsi_weekly": 63.9998116731904,
        "rsi_monthly": 50.91968794489261,
        "52w_high": 30.380916595458984,
        "52w_low": 0
    },
    "WHR": {
        "close": 85.91999816894531,
        "sma200": 81.25816528320313,
        "sma50": 75.35129348754883,
        "rsi_weekly": 57.20548006261013,
        "rsi_monthly": 41.21448605559563,
        "52w_high": 125.28579711914062,
        "52w_low": 0
    },
    "WMB": {
        "close": 61.84000015258789,
        "sma200": 58.64123901367188,
        "sma50": 59.94560844421387,
        "rsi_weekly": 55.67917024837912,
        "rsi_monthly": 68.94139603251936,
        "52w_high": 63.950782775878906,
        "52w_low": 0
    },
    "WTW": {
        "close": 325.32000732421875,
        "sma200": 319.3322003173828,
        "sma50": 324.75586669921876,
        "rsi_weekly": 53.45336366848933,
        "rsi_monthly": 72.65669486709206,
        "52w_high": 348.96490478515625,
        "52w_low": 0
    },
    "WYNN": {
        "close": 112.41999816894531,
        "sma200": 108.74868705749512,
        "sma50": 122.99847061157226,
        "rsi_weekly": 47.6829655595816,
        "rsi_monthly": 71.07335703566973,
        "52w_high": 133.08999633789062,
        "52w_low": 0
    },
    "XEL": {
        "close": 75.91500091552734,
        "sma200": 72.69346748352051,
        "sma50": 76.40460067749024,
        "rsi_weekly": 52.235367139007955,
        "rsi_monthly": 40.88570455732989,
        "52w_high": 81.4811019897461,
        "52w_low": 0
    },
    "XYL": {
        "close": 140.1999969482422,
        "sma200": 134.63786643981933,
        "sma50": 140.6804034423828,
        "rsi_weekly": 59.86578237794358,
        "rsi_monthly": 70.20166563879488,
        "52w_high": 152.51864624023438,
        "52w_low": 0
    },
    "YUM": {
        "close": 156.3574981689453,
        "sma200": 146.42414352416992,
        "sma50": 151.1360021972656,
        "rsi_weekly": 61.645279379890255,
        "rsi_monthly": 68.39966231317035,
        "52w_high": 161.0500030517578,
        "52w_low": 0
    },
    "ZBRA": {
        "close": 245.58999633789062,
        "sma200": 284.42874992370605,
        "sma50": 252.74800048828126,
        "rsi_weekly": 41.08678091722994,
        "rsi_monthly": 56.08681742013676,
        "52w_high": 421.1099853515625,
        "52w_low": 0
    },
    "ZBH": {
        "close": 87.12940216064453,
        "sma200": 95.89269989013673,
        "sma50": 91.13645202636718,
        "rsi_weekly": 41.15021832173218,
        "rsi_monthly": 35.43031822733573,
        "52w_high": 112.31305694580078,
        "52w_low": 0
    },
    "ZTS": {
        "close": 124.20500183105469,
        "sma200": 144.60387599945068,
        "sma50": 122.92230056762695,
        "rsi_weekly": 38.34023091684264,
        "rsi_monthly": 45.49909571795839,
        "52w_high": 173.89024353027344,
        "52w_low": 0
    }
}