{
    "last_scan_index": 375,
    "AAPL": {
        "close": 248.0399932861328,
        "sma200": 234.73456985473632,
        "sma50": 269.7683984375,
        "rsi_weekly": 51.05965915673223,
        "rsi_monthly": 65.05589656652262,
        "52w_high": 286.19000244140625,
        "52w_low": 0
    },
    "NVDA": {
        "close": 187.67999267578125,
        "sma200": 165.69120807647704,
        "sma50": 183.82293060302734,
        "rsi_weekly": 56.61352279293684,
        "rsi_monthly": 76.36247121671936,
        "52w_high": 207.02847290039062,
        "52w_low": 0
    },
    "TSLA": {
        "close": 449.05999755859375,
        "sma200": 372.75565032958986,
        "sma50": 442.3964013671875,
        "rsi_weekly": 55.767272209839355,
        "rsi_monthly": 70.21254147643917,
        "52w_high": 489.8800048828125,
        "52w_low": 0
    },
    "MSFT": {
        "close": 465.95001220703125,
        "sma200": 482.8081169128418,
        "sma50": 480.8758209228516,
        "rsi_weekly": 40.97292771493527,
        "rsi_monthly": 64.94486594828099,
        "52w_high": 541.057373046875,
        "52w_low": 0
    },
    "AMD": {
        "close": 259.67999267578125,
        "sma200": 171.83579975128174,
        "sma50": 220.9890002441406,
        "rsi_weekly": 60.57175331207617,
        "rsi_monthly": 69.38721493424931,
        "52w_high": 264.3299865722656,
        "52w_low": 0
    },
    "OMC": {
        "close": 79.7699966430664,
        "sma200": 74.42539859771729,
        "sma50": 76.50645477294921,
        "rsi_weekly": 55.98282849815807,
        "rsi_monthly": 45.46670609260695,
        "52w_high": 85.1419448852539,
        "52w_low": 0
    },
    "ON": {
        "close": 61.97999954223633,
        "sma200": 50.35535005569458,
        "sma50": 54.611000289916994,
        "rsi_weekly": 62.73010065287049,
        "rsi_monthly": 61.550226337426814,
        "52w_high": 63.130001068115234,
        "52w_low": 0
    },
    "OKE": {
        "close": 77.98999786376953,
        "sma200": 74.95143352508545,
        "sma50": 72.83019958496094,
        "rsi_weekly": 51.01578719273038,
        "rsi_monthly": 59.091557878945935,
        "52w_high": 99.6455078125,
        "52w_low": 0
    },
    "ORCL": {
        "close": 177.14999389648438,
        "sma200": 217.70011943817138,
        "sma50": 200.2331802368164,
        "rsi_weekly": 40.566971302463074,
        "rsi_monthly": 53.69358989150644,
        "52w_high": 326.8970642089844,
        "52w_low": 0
    },
    "OTIS": {
        "close": 90.96399688720703,
        "sma200": 91.24484745025634,
        "sma50": 88.42046844482422,
        "rsi_weekly": 50.6851390387156,
        "rsi_monthly": 59.90756501650734,
        "52w_high": 102.87491607666016,
        "52w_low": 0
    },
    "PCAR": {
        "close": 122.0,
        "sma200": 98.06349140167237,
        "sma50": 109.4829640197754,
        "rsi_weekly": 74.39853324376517,
        "rsi_monthly": 72.91688146480165,
        "52w_high": 123.55999755859375,
        "52w_low": 0
    },
    "PKG": {
        "close": 225.4499969482422,
        "sma200": 199.21280044555664,
        "sma50": 205.4261215209961,
        "rsi_weekly": 63.01296087227562,
        "rsi_monthly": 66.40379285732027,
        "52w_high": 234.34735107421875,
        "52w_low": 0
    },
    "PANW": {
        "close": 180.17999267578125,
        "sma200": 193.27935020446776,
        "sma50": 190.44620056152343,
        "rsi_weekly": 46.76144689185207,
        "rsi_monthly": 41.463758262734274,
        "52w_high": 221.3800048828125,
        "52w_low": 0
    },
    "PH": {
        "close": 927.7849731445312,
        "sma200": 747.0599603271485,
        "sma50": 882.8884985351563,
        "rsi_weekly": 78.97715032752306,
        "rsi_monthly": 85.16236357093584,
        "52w_high": 945.2899780273438,
        "52w_low": 0
    },
    "PAYX": {
        "close": 106.62999725341797,
        "sma200": 131.5364217376709,
        "sma50": 111.82379989624023,
        "rsi_weekly": 35.7876589506525,
        "rsi_monthly": 41.10535559364205,
        "52w_high": 157.0591278076172,
        "52w_low": 0
    },
    "PAYC": {
        "close": 152.27200317382812,
        "sma200": 207.93435180664062,
        "sma50": 160.32430908203125,
        "rsi_weekly": 28.256834393101556,
        "rsi_monthly": 34.30215536806597,
        "52w_high": 264.6704406738281,
        "52w_low": 0
    },
    "PYPL": {
        "close": 56.619998931884766,
        "sma200": 67.18518724441529,
        "sma50": 60.11952575683594,
        "rsi_weekly": 32.81963829425778,
        "rsi_monthly": 38.232637776079414,
        "52w_high": 90.03186798095703,
        "52w_low": 0
    },
    "PNR": {
        "close": 107.53500366210938,
        "sma200": 102.81473377227783,
        "sma50": 104.79590042114258,
        "rsi_weekly": 54.74834904216688,
        "rsi_monthly": 68.20962216192106,
        "52w_high": 112.33572387695312,
        "52w_low": 0
    },
    "PEP": {
        "close": 144.5800018310547,
        "sma200": 139.380809173584,
        "sma50": 145.2436962890625,
        "rsi_weekly": 53.27399891539389,
        "rsi_monthly": 42.55345707180569,
        "52w_high": 152.22113037109375,
        "52w_low": 0
    },
    "PFE": {
        "close": 25.645000457763672,
        "sma200": 24.012828426361082,
        "sma50": 25.411500091552735,
        "rsi_weekly": 56.09892209521482,
        "rsi_monthly": 46.70492456539218,
        "52w_high": 26.896394729614258,
        "52w_low": 0
    },
    "PCG": {
        "close": 14.9399995803833,
        "sma200": 15.50344220638275,
        "sma50": 15.68651002883911,
        "rsi_weekly": 49.124272110611045,
        "rsi_monthly": 45.16957532768962,
        "52w_high": 17.75307846069336,
        "52w_low": 0
    },
    "PM": {
        "close": 173.02000427246094,
        "sma200": 162.48981895446778,
        "sma50": 157.74064453125,
        "rsi_weekly": 62.2580221381903,
        "rsi_monthly": 63.337618250037444,
        "52w_high": 180.2153778076172,
        "52w_low": 0
    },
    "PSX": {
        "close": 141.52499389648438,
        "sma200": 125.04033084869384,
        "sma50": 136.6013491821289,
        "rsi_weekly": 55.72326316376031,
        "rsi_monthly": 49.69667018395637,
        "52w_high": 144.22000122070312,
        "52w_low": 0
    },
    "PNW": {
        "close": 92.16500091552734,
        "sma200": 89.19716529846191,
        "sma50": 89.21710037231445,
        "rsi_weekly": 62.834376196212425,
        "rsi_monthly": 59.38416038382015,
        "52w_high": 93.70999908447266,
        "52w_low": 0
    },
    "PNC": {
        "close": 219.35000610351562,
        "sma200": 186.72126266479492,
        "sma50": 203.0301025390625,
        "rsi_weekly": 70.65583849471314,
        "rsi_monthly": 58.82042778789485,
        "52w_high": 225.49000549316406,
        "52w_low": 0
    },
    "POOL": {
        "close": 265.0299987792969,
        "sma200": 286.7146612548828,
        "sma50": 243.25679992675782,
        "rsi_weekly": 48.779045576243206,
        "rsi_monthly": 45.120719834683634,
        "52w_high": 358.43194580078125,
        "52w_low": 0
    },
    "PPG": {
        "close": 112.27999877929688,
        "sma200": 105.77676830291747,
        "sma50": 102.76840026855469,
        "rsi_weekly": 58.52019653882209,
        "rsi_monthly": 39.60413097736693,
        "52w_high": 121.09014129638672,
        "52w_low": 0
    },
    "PPL": {
        "close": 36.20000076293945,
        "sma200": 35.16273328781128,
        "sma50": 35.21079864501953,
        "rsi_weekly": 58.392504258280105,
        "rsi_monthly": 63.58121441756307,
        "52w_high": 37.66332244873047,
        "52w_low": 0
    }
}