{
    "last_scan_index": 325,
    "AAPL": {
        "close": 260.0799865722656,
        "sma200": 233.18334022521972,
        "sma50": 272.17426208496096,
        "rsi_weekly": 53.76185324127217,
        "rsi_monthly": 65.05589592080935,
        "52w_high": 286.19000244140625,
        "52w_low": 0
    },
    "NVDA": {
        "close": 184.46270751953125,
        "sma200": 162.89400707244874,
        "sma50": 185.55885040283204,
        "rsi_weekly": 55.83253745032202,
        "rsi_monthly": 76.3624748050658,
        "52w_high": 207.02847290039062,
        "52w_low": 0
    },
    "TSLA": {
        "close": 445.4200134277344,
        "sma200": 366.4945001983643,
        "sma50": 444.1116015625,
        "rsi_weekly": 57.433070397524055,
        "rsi_monthly": 70.21254147643917,
        "52w_high": 489.8800048828125,
        "52w_low": 0
    },
    "MSFT": {
        "close": 467.5849914550781,
        "sma200": 479.81167221069336,
        "sma50": 487.97385070800783,
        "rsi_weekly": 46.92493310082235,
        "rsi_monthly": 64.94486861585459,
        "52w_high": 541.057373046875,
        "52w_low": 0
    },
    "AMD": {
        "close": 220.14500427246094,
        "sma200": 166.81377479553223,
        "sma50": 222.15029968261717,
        "rsi_weekly": 52.90812131363197,
        "rsi_monthly": 69.38721493424931,
        "52w_high": 264.3299865722656,
        "52w_low": 0
    },
    "MAS": {
        "close": 69.84500122070312,
        "sma200": 65.72745258331298,
        "sma50": 63.7196541595459,
        "rsi_weekly": 56.28142585269696,
        "rsi_monthly": 63.33002892803143,
        "52w_high": 80.3485107421875,
        "52w_low": 0
    },
    "MA": {
        "close": 545.375,
        "sma200": 560.7156243896484,
        "sma50": 556.0801025390625,
        "rsi_weekly": 54.618331273499486,
        "rsi_monthly": 71.2456797728258,
        "52w_high": 597.273193359375,
        "52w_low": 0
    },
    "MTCH": {
        "close": 31.885000228881836,
        "sma200": 32.43970401763916,
        "sma50": 32.564428634643555,
        "rsi_weekly": 46.888476336971685,
        "rsi_monthly": 36.580135502394825,
        "52w_high": 38.33238983154297,
        "52w_low": 0
    },
    "MKC": {
        "close": 67.30999755859375,
        "sma200": 69.41405376434327,
        "sma50": 66.00444900512696,
        "rsi_weekly": 49.4713267055076,
        "rsi_monthly": 48.96201064069567,
        "52w_high": 82.57147216796875,
        "52w_low": 0
    },
    "MCD": {
        "close": 306.44000244140625,
        "sma200": 303.41748291015625,
        "sma50": 306.8725994873047,
        "rsi_weekly": 52.08472378369245,
        "rsi_monthly": 58.176166290446936,
        "52w_high": 319.6499938964844,
        "52w_low": 0
    },
    "MCK": {
        "close": 820.14501953125,
        "sma200": 743.6722442626954,
        "sma50": 832.7597827148437,
        "rsi_weekly": 58.940688604702586,
        "rsi_monthly": 71.49637579111334,
        "52w_high": 888.4524536132812,
        "52w_low": 0
    },
    "MDT": {
        "close": 96.30000305175781,
        "sma200": 90.96133335113525,
        "sma50": 98.02379959106446,
        "rsi_weekly": 55.25321527019189,
        "rsi_monthly": 49.260890414931,
        "52w_high": 105.3499984741211,
        "52w_low": 0
    },
    "MRK": {
        "close": 108.05999755859375,
        "sma200": 84.97441520690919,
        "sma50": 98.82432479858399,
        "rsi_weekly": 71.48228950649255,
        "rsi_monthly": 67.2138114713389,
        "52w_high": 110.98999786376953,
        "52w_low": 0
    },
    "MET": {
        "close": 77.66000366210938,
        "sma200": 77.65926536560059,
        "sma50": 78.7309927368164,
        "rsi_weekly": 51.337846853413325,
        "rsi_monthly": 57.018030826771856,
        "52w_high": 84.54905700683594,
        "52w_low": 0
    },
    "MTD": {
        "close": 1475.0,
        "sma200": 1264.7590490722657,
        "sma50": 1428.8947998046874,
        "rsi_weekly": 63.015747584078845,
        "rsi_monthly": 60.78296128761418,
        "52w_high": 1506.02001953125,
        "52w_low": 0
    },
    "MGM": {
        "close": 34.369998931884766,
        "sma200": 34.13629997253418,
        "sma50": 34.73379997253418,
        "rsi_weekly": 48.40221973101226,
        "rsi_monthly": 48.11049773966102,
        "52w_high": 40.369998931884766,
        "52w_low": 0
    },
    "MCHP": {
        "close": 74.27999877929688,
        "sma200": 61.102856998443606,
        "sma50": 61.80662574768066,
        "rsi_weekly": 63.557360732552965,
        "rsi_monthly": 46.03963527046358,
        "52w_high": 75.22000122070312,
        "52w_low": 0
    },
    "MU": {
        "close": 338.79998779296875,
        "sma200": 157.40484336853027,
        "sma50": 258.8910110473633,
        "rsi_weekly": 83.49890704841997,
        "rsi_monthly": 85.13258849311978,
        "52w_high": 345.8699951171875,
        "52w_low": 0
    },
    "MAA": {
        "close": 133.82000732421875,
        "sma200": 142.5577486038208,
        "sma50": 133.57899917602538,
        "rsi_weekly": 46.87313445033633,
        "rsi_monthly": 49.277109414325274,
        "52w_high": 165.6918487548828,
        "52w_low": 0
    },
    "MRNA": {
        "close": 39.37969970703125,
        "sma200": 27.46109844207764,
        "sma50": 28.396593933105468,
        "rsi_weekly": 59.84390070369504,
        "rsi_monthly": 22.609479190243324,
        "52w_high": 44.939998626708984,
        "52w_low": 0
    },
    "MHK": {
        "close": 119.79000091552734,
        "sma200": 114.39764999389648,
        "sma50": 110.62059997558593,
        "rsi_weekly": 52.356764420677294,
        "rsi_monthly": 59.38509234588343,
        "52w_high": 139.75,
        "52w_low": 0
    },
    "MOH": {
        "close": 181.80499267578125,
        "sma200": 219.36477546691896,
        "sma50": 157.35289947509764,
        "rsi_weekly": 47.866895094977785,
        "rsi_monthly": 48.64172992303688,
        "52w_high": 353.239990234375,
        "52w_low": 0
    },
    "TAP": {
        "close": 49.150001525878906,
        "sma200": 49.287856845855714,
        "sma50": 46.2014241027832,
        "rsi_weekly": 51.2337142587686,
        "rsi_monthly": 45.652989973432085,
        "52w_high": 61.11589431762695,
        "52w_low": 0
    },
    "MDLZ": {
        "close": 55.685001373291016,
        "sma200": 61.557922763824465,
        "sma50": 54.88870086669922,
        "rsi_weekly": 38.082157205569175,
        "rsi_monthly": 27.35462750404451,
        "52w_high": 69.544921875,
        "52w_low": 0
    },
    "MPWR": {
        "close": 982.0999755859375,
        "sma200": 806.8030825805664,
        "sma50": 942.6857067871093,
        "rsi_weekly": 58.55068296518438,
        "rsi_monthly": 72.97173621621896,
        "52w_high": 1103.1842041015625,
        "52w_low": 0
    },
    "MNST": {
        "close": 77.30999755859375,
        "sma200": 65.48925003051758,
        "sma50": 73.76539993286133,
        "rsi_weekly": 71.2951036965348,
        "rsi_monthly": 78.91304478658172,
        "52w_high": 77.66999816894531,
        "52w_low": 0
    },
    "MCO": {
        "close": 530.4000244140625,
        "sma200": 485.4032524108887,
        "sma50": 496.64319580078126,
        "rsi_weekly": 61.10705212712005,
        "rsi_monthly": 54.890985796886085,
        "52w_high": 535.1199951171875,
        "52w_low": 0
    },
    "MS": {
        "close": 183.24000549316406,
        "sma200": 146.17676025390625,
        "sma50": 173.0953988647461,
        "rsi_weekly": 75.5602070939789,
        "rsi_monthly": 80.31264901819063,
        "52w_high": 187.75,
        "52w_low": 0
    },
    "MOS": {
        "close": 26.690000534057617,
        "sma200": 30.45581344604492,
        "sma50": 24.766861610412597,
        "rsi_weekly": 43.77302078083124,
        "rsi_monthly": 42.49653028524972,
        "52w_high": 37.212406158447266,
        "52w_low": 0
    }
}