{
    "last_scan_index": 175,
    "AAPL": {
        "close": 260.25,
        "sma200": 232.99837600708008,
        "sma50": 272.3954052734375,
        "rsi_weekly": 53.76185321149931,
        "rsi_monthly": 65.05589917893629,
        "52w_high": 286.19000244140625,
        "52w_low": 0
    },
    "NVDA": {
        "close": 184.94000244140625,
        "sma200": 162.5287424468994,
        "sma50": 185.92717041015624,
        "rsi_weekly": 55.83253752103754,
        "rsi_monthly": 76.36247439643954,
        "52w_high": 207.02847290039062,
        "52w_low": 0
    },
    "TSLA": {
        "close": 448.9599914550781,
        "sma200": 365.63305015563964,
        "sma50": 444.0052014160156,
        "rsi_weekly": 57.433070397524055,
        "rsi_monthly": 70.21254147643917,
        "52w_high": 489.8800048828125,
        "52w_low": 0
    },
    "MSFT": {
        "close": 477.17999267578125,
        "sma200": 479.4162356567383,
        "sma50": 489.1177075195312,
        "rsi_weekly": 46.92493255291804,
        "rsi_monthly": 64.94488523799585,
        "52w_high": 541.057373046875,
        "52w_low": 0
    },
    "AMD": {
        "close": 207.69000244140625,
        "sma200": 166.2462997817993,
        "sma50": 222.8441995239258,
        "rsi_weekly": 52.90812131363197,
        "rsi_monthly": 69.38721493424931,
        "52w_high": 264.3299865722656,
        "52w_low": 0
    },
    "DG": {
        "close": 148.86000061035156,
        "sma200": 106.80354412078857,
        "sma50": 119.55385513305664,
        "rsi_weekly": 76.79642964507462,
        "rsi_monthly": 72.08828460826344,
        "52w_high": 148.86000061035156,
        "52w_low": 0
    },
    "DLTR": {
        "close": 137.24000549316406,
        "sma200": 101.02645011901855,
        "sma50": 115.865,
        "rsi_weekly": 71.3786278701873,
        "rsi_monthly": 72.23544045212721,
        "52w_high": 137.24000549316406,
        "52w_low": 0
    },
    "D": {
        "close": 58.38999938964844,
        "sma200": 57.097104473114015,
        "sma50": 59.375383834838864,
        "rsi_weekly": 47.63939413223082,
        "rsi_monthly": 69.14499319723407,
        "52w_high": 62.06929016113281,
        "52w_low": 0
    },
    "DPZ": {
        "close": 415.95001220703125,
        "sma200": 442.33655517578126,
        "sma50": 414.7699914550781,
        "rsi_weekly": 40.80149318306396,
        "rsi_monthly": 54.821092915708796,
        "52w_high": 491.7031555175781,
        "52w_low": 0
    },
    "DOV": {
        "close": 203.44000244140625,
        "sma200": 178.54963722229004,
        "sma50": 190.20817169189453,
        "rsi_weekly": 65.5404285553461,
        "rsi_monthly": 72.21391404057336,
        "52w_high": 204.13925170898438,
        "52w_low": 0
    },
    "DOW": {
        "close": 26.5,
        "sma200": 25.072548656463624,
        "sma50": 23.22916316986084,
        "rsi_weekly": 55.453693124125046,
        "rsi_monthly": 39.84674323501992,
        "52w_high": 39.004295349121094,
        "52w_low": 0
    },
    "DHI": {
        "close": 159.7100067138672,
        "sma200": 143.7757066345215,
        "sma50": 148.9123028564453,
        "rsi_weekly": 54.14608534276813,
        "rsi_monthly": 54.45712085892956,
        "52w_high": 183.47286987304688,
        "52w_low": 0
    },
    "DTE": {
        "close": 130.30999755859375,
        "sma200": 133.5369218826294,
        "sma50": 131.91702514648438,
        "rsi_weekly": 43.3367154752079,
        "rsi_monthly": 62.68147913825857,
        "52w_high": 142.03366088867188,
        "52w_low": 0
    },
    "DUK": {
        "close": 116.70999908447266,
        "sma200": 118.86551601409911,
        "sma50": 119.42337600708008,
        "rsi_weekly": 43.913248753234775,
        "rsi_monthly": 51.12218615336897,
        "52w_high": 127.91812133789062,
        "52w_low": 0
    },
    "DD": {
        "close": 43.43000030517578,
        "sma200": 32.360699834823606,
        "sma50": 39.9740697479248,
        "rsi_weekly": 76.20910726325594,
        "rsi_monthly": 79.41051571726113,
        "52w_high": 43.810001373291016,
        "52w_low": 0
    },
    "EMN": {
        "close": 68.4000015258789,
        "sma200": 68.50208862304687,
        "sma50": 61.80140518188477,
        "rsi_weekly": 55.12899198295547,
        "rsi_monthly": 46.110335808659755,
        "52w_high": 98.89759063720703,
        "52w_low": 0
    },
    "ETN": {
        "close": 329.1000061035156,
        "sma200": 340.2376657104492,
        "sma50": 341.56060180664065,
        "rsi_weekly": 41.99748379580611,
        "rsi_monthly": 63.999077683054985,
        "52w_high": 391.6195373535156,
        "52w_low": 0
    },
    "EBAY": {
        "close": 93.30000305175781,
        "sma200": 81.72168302536011,
        "sma50": 84.29396423339844,
        "rsi_weekly": 58.85968378975727,
        "rsi_monthly": 78.55947750825779,
        "52w_high": 100.10193634033203,
        "52w_low": 0
    },
    "ECL": {
        "close": 271.0,
        "sma200": 262.9115277862549,
        "sma50": 262.8194338989258,
        "rsi_weekly": 54.45079496866799,
        "rsi_monthly": 71.9033149744181,
        "52w_high": 283.9881286621094,
        "52w_low": 0
    },
    "EIX": {
        "close": 59.9900016784668,
        "sma200": 53.95336683273315,
        "sma50": 57.68052780151367,
        "rsi_weekly": 64.02673290640233,
        "rsi_monthly": 50.73296258525034,
        "52w_high": 61.15584945678711,
        "52w_low": 0
    },
    "EW": {
        "close": 83.01000213623047,
        "sma200": 78.42100017547608,
        "sma50": 84.87959991455078,
        "rsi_weekly": 58.030425937507516,
        "rsi_monthly": 70.0985485603512,
        "52w_high": 86.94000244140625,
        "52w_low": 0
    },
    "EA": {
        "close": 204.25,
        "sma200": 172.45395538330078,
        "sma50": 202.67266082763672,
        "rsi_weekly": 76.74276846096163,
        "rsi_monthly": 73.75148414191545,
        "52w_high": 204.7899932861328,
        "52w_low": 0
    },
    "ELV": {
        "close": 374.9700012207031,
        "sma200": 348.5894679260254,
        "sma50": 337.11303283691404,
        "rsi_weekly": 59.75548915463613,
        "rsi_monthly": 44.34682820330453,
        "52w_high": 445.9587097167969,
        "52w_low": 0
    },
    "EMR": {
        "close": 145.36000061035156,
        "sma200": 127.54006732940674,
        "sma50": 134.35235397338866,
        "rsi_weekly": 61.92526218772919,
        "rsi_monthly": 71.20909015431666,
        "52w_high": 148.3981170654297,
        "52w_low": 0
    },
    "ENPH": {
        "close": 36.68000030517578,
        "sma200": 38.71765011787414,
        "sma50": 31.10680000305176,
        "rsi_weekly": 47.77851151614128,
        "rsi_monthly": 57.780371298458256,
        "52w_high": 66.87000274658203,
        "52w_low": 0
    },
    "EOG": {
        "close": 105.44000244140625,
        "sma200": 112.34209671020508,
        "sma50": 106.69959991455079,
        "rsi_weekly": 43.0904796557731,
        "rsi_monthly": 43.56583957997403,
        "52w_high": 133.43553161621094,
        "52w_low": 0
    },
    "EPAM": {
        "close": 211.82000732421875,
        "sma200": 171.4021501159668,
        "sma50": 194.16300048828126,
        "rsi_weekly": 64.59218992639586,
        "rsi_monthly": 60.32420314482,
        "52w_high": 267.6300048828125,
        "52w_low": 0
    },
    "EQT": {
        "close": 52.150001525878906,
        "sma200": 54.04288272857666,
        "sma50": 56.37053421020508,
        "rsi_weekly": 43.54495871799045,
        "rsi_monthly": 62.60079940732982,
        "52w_high": 61.16999816894531,
        "52w_low": 0
    },
    "EFX": {
        "close": 221.64999389648438,
        "sma200": 239.7759555053711,
        "sma50": 213.3955694580078,
        "rsi_weekly": 48.36156768410976,
        "rsi_monthly": 59.093095370168264,
        "52w_high": 278.78533935546875,
        "52w_low": 0
    },
    "EQIX": {
        "close": 783.8599853515625,
        "sma200": 796.1284069824219,