{
    "last_scan_index": 75,
    "AAPL": {
        "close": 255.52999877929688,
        "sma200": 233.7518910217285,
        "sma50": 271.494140625,
        "rsi_weekly": 53.76185341464594,
        "rsi_monthly": 65.05593423691317,
        "52w_high": 286.19000244140625,
        "52w_low": 0
    },
    "NVDA": {
        "close": 186.22999572753906,
        "sma200": 164.0421413421631,
        "sma50": 184.55367309570312,
        "rsi_weekly": 55.83253739776776,
        "rsi_monthly": 76.36247910083095,
        "52w_high": 207.02847290039062,
        "52w_low": 0
    },
    "TSLA": {
        "close": 437.5,
        "sma200": 369.1239003753662,
        "sma50": 443.0688018798828,
        "rsi_weekly": 57.433070397524055,
        "rsi_monthly": 70.21254147643917,
        "52w_high": 489.8800048828125,
        "52w_low": 0
    },
    "MSFT": {
        "close": 459.8599853515625,
        "sma200": 481.05499618530274,
        "sma50": 484.6280310058594,
        "rsi_weekly": 46.92493287925046,
        "rsi_monthly": 64.94485468524329,
        "52w_high": 541.057373046875,
        "52w_low": 0
    },
    "AMD": {
        "close": 231.8300018310547,
        "sma200": 168.69094982147217,
        "sma50": 220.51739990234375,
        "rsi_weekly": 52.90812131363197,
        "rsi_monthly": 69.38721493424931,
        "52w_high": 264.3299865722656,
        "52w_low": 0
    },
    "ADP": {
        "close": 260.44000244140625,
        "sma200": 286.58275428771975,
        "sma50": 257.0064208984375,
        "rsi_weekly": 44.644458076127826,
        "rsi_monthly": 48.93979740322273,
        "52w_high": 321.4271240234375,
        "52w_low": 0
    },
    "AZO": {
        "close": 3522.02001953125,
        "sma200": 3803.049344482422,
        "sma50": 3605.7916064453125,
        "rsi_weekly": 38.794882181113415,
        "rsi_monthly": 59.03724331970976,
        "52w_high": 4354.5400390625,
        "52w_low": 0
    },
    "AVB": {
        "close": 182.4199981689453,
        "sma200": 189.30063499450682,
        "sma50": 178.33547119140624,
        "rsi_weekly": 43.43435045336684,
        "rsi_monthly": 42.128401142482566,
        "52w_high": 220.14422607421875,
        "52w_low": 0
    },
    "AVY": {
        "close": 188.64999389648438,
        "sma200": 172.62851348876953,
        "sma50": 177.92593933105468,
        "rsi_weekly": 63.25881836963476,
        "rsi_monthly": 66.34418862825441,
        "52w_high": 191.80972290039062,
        "52w_low": 0
    },
    "AXON": {
        "close": 636.0399780273438,
        "sma200": 683.7268992614746,
        "sma50": 573.9380017089844,
        "rsi_weekly": 49.00436041366448,
        "rsi_monthly": 60.67064340685401,
        "52w_high": 870.969970703125,
        "52w_low": 0
    },
    "BKR": {
        "close": 51.75,
        "sma200": 43.233273639678956,
        "sma50": 48.018600158691406,
        "rsi_weekly": 60.63793135626722,
        "rsi_monthly": 63.89122337196289,
        "52w_high": 52.0,
        "52w_low": 0
    },
    "BALL": {
        "close": 56.08000183105469,
        "sma200": 51.68043909072876,
        "sma50": 50.724002075195315,
        "rsi_weekly": 61.672624695048846,
        "rsi_monthly": 67.95235840816707,
        "52w_high": 59.233028411865234,
        "52w_low": 0
    },
    "BAC": {
        "close": 52.970001220703125,
        "sma200": 47.99547496795654,
        "sma50": 53.96193145751953,
        "rsi_weekly": 67.0120614075088,
        "rsi_monthly": 79.28784171269376,
        "52w_high": 57.25,
        "52w_low": 0
    },
    "BK": {
        "close": 121.33000183105469,
        "sma200": 100.0681562423706,
        "sma50": 114.7211996459961,
        "rsi_weekly": 72.2113304726878,
        "rsi_monthly": 86.43817168981867,
        "52w_high": 124.58999633789062,
        "52w_low": 0
    },
    "BBWI": {
        "close": 23.270000457763672,
        "sma200": 26.26403829574585,
        "sma50": 20.285609855651856,
        "rsi_weekly": 48.65558502082826,
        "rsi_monthly": 45.01091604684289,
        "52w_high": 39.98191452026367,
        "52w_low": 0
    },
    "BAX": {
        "close": 20.110000610351562,
        "sma200": 24.711917667388917,
        "sma50": 18.962323417663573,
        "rsi_weekly": 45.39217464508042,
        "rsi_monthly": 42.31007441582811,
        "52w_high": 36.09501647949219,
        "52w_low": 0
    },
    "BDX": {
        "close": 207.11000061035156,
        "sma200": 185.5740644836426,
        "sma50": 194.39194763183593,
        "rsi_weekly": 59.591790444433784,
        "rsi_monthly": 40.80858797810025,
        "52w_high": 243.80545043945312,
        "52w_low": 0
    },
    "BBY": {
        "close": 67.76000213623047,
        "sma200": 70.26627355575562,
        "sma50": 72.6350065612793,
        "rsi_weekly": 46.535959115533615,
        "rsi_monthly": 57.730417002666194,
        "52w_high": 86.45198822021484,
        "52w_low": 0
    },
    "BIO": {
        "close": 313.5299987792969,
        "sma200": 276.6111994171143,
        "sma50": 312.99919921875,
        "rsi_weekly": 58.6040900729729,
        "rsi_monthly": 52.914979021456986,
        "52w_high": 367.0,
        "52w_low": 0
    },
    "TECH": {
        "close": 68.66999816894531,
        "sma200": 55.38425359725952,
        "sma50": 61.3270361328125,
        "rsi_weekly": 59.03788084665654,
        "rsi_monthly": 52.77787834329701,
        "52w_high": 78.30477905273438,
        "52w_low": 0
    },
    "BIIB": {
        "close": 164.4199981689453,
        "sma200": 143.31010040283203,
        "sma50": 173.6686004638672,
        "rsi_weekly": 69.8578919844878,
        "rsi_monthly": 30.505703427542805,
        "52w_high": 187.6199951171875,
        "52w_low": 0
    },
    "BLK": {
        "close": 1163.1700439453125,
        "sma200": 1048.802423400879,
        "sma50": 1070.2719921875,
        "rsi_weekly": 52.31745650317547,
        "rsi_monthly": 67.76743055207154,
        "52w_high": 1196.7647705078125,
        "52w_low": 0
    },
    "BX": {
        "close": 163.5,
        "sma200": 152.60795001983644,
        "sma50": 150.5745999145508,
        "rsi_weekly": 52.5679246137032,
        "rsi_monthly": 58.112894112506645,
        "52w_high": 187.02017211914062,
        "52w_low": 0
    },
    "BA": {
        "close": 247.67999267578125,
        "sma200": 208.66470031738282,
        "sma50": 207.91700073242188,
        "rsi_weekly": 62.485385716632614,
        "rsi_monthly": 50.75980119696621,
        "52w_high": 247.74000549316406,
        "52w_low": 0
    },
    "BKNG": {
        "close": 5115.91015625,
        "sma200": 5273.581301269532,
        "sma50": 5163.67185546875,
        "rsi_weekly": 57.169836039812616,
        "rsi_monthly": 59.503838094910236,
        "52w_high": 5794.83740234375,
        "52w_low": 0
    },
    "BWA": {
        "close": 47.189998626708984,
        "sma200": 38.57932766914368,
        "sma50": 44.926896514892576,
        "rsi_weekly": 71.88562058548547,
        "rsi_monthly": 55.546758054366194,
        "52w_high": 48.599998474121094,
        "52w_low": 0
    },
    "BSX": {
        "close": 88.06999969482422,
        "sma200": 100.59405014038086,
        "sma50": 97.02699996948242,
        "rsi_weekly": 48.14556723363362,
        "rsi_monthly": 64.00956665114143,
        "52w_high": 108.13999938964844,
        "52w_low": 0
    },
    "BMY": {
        "close": 55.2599983215332,
        "sma200": 47.17220537185669,
        "sma50": 51.08092025756836,
        "rsi_weekly": 71.24680831256147,
        "rsi_monthly": 63.23715044777434,
        "52w_high": 60.075191497802734,
        "52w_low": 0
    },
    "AVGO": {
        "close": 351.7099914550781,
        "sma200": 297.16010108947756,
        "sma50": 357.940546875,
        "rsi_weekly": 54.562067309946535,
        "rsi_monthly": 72.81598537446567,
        "52w_high": 412.18133544921875,
        "52w_low": 0
    }
}