{
    "last_scan_index": 50,
    "AAPL": {
        "close": 255.52999877929688,
        "sma200": 233.75189094543458,
        "sma50": 271.494140625,
        "rsi_weekly": 53.76185320485099,
        "rsi_monthly": 65.05593562068461,
        "52w_high": 286.19000244140625,
        "52w_low": 0
    },
    "NVDA": {
        "close": 186.22999572753906,
        "sma200": 164.0421413421631,
        "sma50": 184.55367309570312,
        "rsi_weekly": 55.83253738819926,
        "rsi_monthly": 76.36247889199687,
        "52w_high": 207.02847290039062,
        "52w_low": 0
    },
    "TSLA": {
        "close": 437.5,
        "sma200": 369.1239003753662,
        "sma50": 443.0688018798828,
        "rsi_weekly": 57.433070397524055,
        "rsi_monthly": 70.21254147643917,
        "52w_high": 489.8800048828125,
        "52w_low": 0
    },
    "MSFT": {
        "close": 459.8599853515625,
        "sma200": 481.05499710083006,
        "sma50": 484.6280310058594,
        "rsi_weekly": 46.92493266344502,
        "rsi_monthly": 64.94487465470709,
        "52w_high": 541.057373046875,
        "52w_low": 0
    },
    "AMD": {
        "close": 231.8300018310547,
        "sma200": 168.69094982147217,
        "sma50": 220.51739990234375,
        "rsi_weekly": 52.90812131363197,
        "rsi_monthly": 69.38721493424931,
        "52w_high": 264.3299865722656,
        "52w_low": 0
    },
    "AEP": {
        "close": 119.95999908447266,
        "sma200": 109.77821365356445,
        "sma50": 118.04455856323243,
        "rsi_weekly": 57.32562952760937,
        "rsi_monthly": 75.84523123403393,
        "52w_high": 123.7699966430664,
        "52w_low": 0
    },
    "AXP": {
        "close": 364.7900085449219,
        "sma200": 321.1444568634033,
        "sma50": 367.5926812744141,
        "rsi_weekly": 63.34689523212089,
        "rsi_monthly": 80.551710432689,
        "52w_high": 384.0368957519531,
        "52w_low": 0
    },
    "AIG": {
        "close": 72.93000030517578,
        "sma200": 80.0231388092041,
        "sma50": 79.04000854492188,
        "rsi_weekly": 42.891153900784694,
        "rsi_monthly": 67.04859884757734,
        "52w_high": 86.58999633789062,
        "52w_low": 0
    },
    "AMT": {
        "close": 183.57000732421875,
        "sma200": 196.92417175292968,
        "sma50": 176.69078125,
        "rsi_weekly": 33.67796537849209,
        "rsi_monthly": 45.475692652125446,
        "52w_high": 228.10018920898438,
        "52w_low": 0
    },
    "AWK": {
        "close": 133.33999633789062,
        "sma200": 137.62483627319335,
        "sma50": 130.43046081542968,
        "rsi_weekly": 39.00234731355037,
        "rsi_monthly": 40.57744457977622,
        "52w_high": 149.23484802246094,
        "52w_low": 0
    },
    "AMP": {
        "close": 509.32000732421875,
        "sma200": 492.1809893798828,
        "sma50": 479.3452337646484,
        "rsi_weekly": 56.493898667287816,
        "rsi_monthly": 62.21401797437056,
        "52w_high": 567.8558349609375,
        "52w_low": 0
    },
    "AME": {
        "close": 215.64999389648438,
        "sma200": 184.78788360595703,
        "sma50": 201.88997924804687,
        "rsi_weekly": 70.99960132032601,
        "rsi_monthly": 80.05659083991875,
        "52w_high": 215.64999389648438,
        "52w_low": 0
    },
    "AMGN": {
        "close": 330.4100036621094,
        "sma200": 295.5003125,
        "sma50": 330.06913330078123,
        "rsi_weekly": 57.43694947563624,
        "rsi_monthly": 39.79332628415273,
        "52w_high": 345.4599914550781,
        "52w_low": 0
    },
    "APH": {
        "close": 154.38999938964844,
        "sma200": 110.57185165405274,
        "sma50": 138.0293327331543,
        "rsi_weekly": 68.62201068894205,
        "rsi_monthly": 87.05902907185092,
        "52w_high": 154.38999938964844,
        "52w_low": 0
    },
    "ADI": {
        "close": 300.25,
        "sma200": 235.68646484375,
        "sma50": 266.663076171875,
        "rsi_weekly": 71.45689344848958,
        "rsi_monthly": 66.93934646059053,
        "52w_high": 302.1000061035156,
        "52w_low": 0
    },
    "AON": {
        "close": 343.8599853515625,
        "sma200": 356.56475830078125,
        "sma50": 349.11580078125,
        "rsi_weekly": 48.24449871332729,
        "rsi_monthly": 61.81317044870422,
        "52w_high": 407.60504150390625,
        "52w_low": 0
    },
    "APA": {
        "close": 25.780000686645508,
        "sma200": 20.89570562362671,
        "sma50": 24.837999992370605,
        "rsi_weekly": 57.616093472803925,
        "rsi_monthly": 43.94957724230256,
        "52w_high": 27.100000381469727,
        "52w_low": 0
    },
    "APO": {
        "close": 143.8800048828125,
        "sma200": 135.5247113418579,
        "sma50": 139.50165466308593,
        "rsi_weekly": 57.491658732137644,
        "rsi_monthly": 67.3214947641707,
        "52w_high": 169.6723175048828,
        "52w_low": 0
    },
    "AMAT": {
        "close": 327.010009765625,
        "sma200": 198.9959275817871,
        "sma50": 260.0497283935547,
        "rsi_weekly": 78.92556862197412,
        "rsi_monthly": 79.06958304783832,
        "52w_high": 327.010009765625,
        "52w_low": 0
    },
    "APTV": {
        "close": 78.61000061035156,
        "sma200": 73.31865003585816,
        "sma50": 78.99399993896485,
        "rsi_weekly": 63.437768506857026,
        "rsi_monthly": 48.72551059290572,
        "52w_high": 88.66999816894531,
        "52w_low": 0
    },
    "ACGL": {
        "close": 90.6500015258789,
        "sma200": 91.22510009765625,
        "sma50": 93.22460021972657,
        "rsi_weekly": 56.4598093202281,
        "rsi_monthly": 64.04711913398052,
        "52w_high": 97.12000274658203,
        "52w_low": 0
    },
    "ADM": {
        "close": 65.18000030517578,
        "sma200": 55.442960834503175,
        "sma50": 59.24270118713379,
        "rsi_weekly": 59.440694096940774,
        "rsi_monthly": 48.4010318872667,
        "52w_high": 66.56999969482422,
        "52w_low": 0
    },
    "ANET": {
        "close": 129.8300018310547,
        "sma200": 118.7818493270874,
        "sma50": 129.16519912719727,
        "rsi_weekly": 47.112433632503915,
        "rsi_monthly": 65.79748500597414,
        "52w_high": 162.02999877929688,
        "52w_low": 0
    },
    "AJG": {
        "close": 258.5199890136719,
        "sma200": 294.76892578125,
        "sma50": 253.2034832763672,
        "rsi_weekly": 44.485619083836184,
        "rsi_monthly": 52.18139252417918,
        "52w_high": 346.40545654296875,
        "52w_low": 0
    },
    "AIZ": {
        "close": 234.0,
        "sma200": 208.0997283935547,
        "sma50": 230.7419775390625,
        "rsi_weekly": 67.6658985435812,
        "rsi_monthly": 75.56335604261366,
        "52w_high": 242.1300048828125,
        "52w_low": 0
    },
    "T": {
        "close": 23.489999771118164,
        "sma200": 26.309884071350098,
        "sma50": 24.528268394470214,
        "rsi_weekly": 36.27852617174493,
        "rsi_monthly": 50.60916920698175,
        "52w_high": 28.964923858642578,
        "52w_low": 0
    },
    "ATO": {
        "close": 170.47000122070312,
        "sma200": 162.30462295532226,
        "sma50": 170.70025939941405,
        "rsi_weekly": 50.8732168774194,
        "rsi_monthly": 70.5127698564816,
        "52w_high": 178.1669921875,
        "52w_low": 0
    },
    "ADSK": {
        "close": 265.69000244140625,
        "sma200": 296.2205000305176,
        "sma50": 293.9410003662109,
        "rsi_weekly": 39.093804891484616,
        "rsi_monthly": 58.46462061753758,
        "52w_high": 326.7900085449219,
        "52w_low": 0
    }
}