{
    "last_scan_index": 200,
    "AAPL": {
        "close": 255.97500610351562,
        "sma200": 233.7541160583496,
        "sma50": 271.5030407714844,
        "rsi_weekly": 53.761853233271516,
        "rsi_monthly": 65.05587869760491,
        "52w_high": 286.19000244140625,
        "52w_low": 0
    },
    "NVDA": {
        "close": 187.77999877929688,
        "sma200": 164.04989135742187,
        "sma50": 184.5846731567383,
        "rsi_weekly": 55.83253748451051,
        "rsi_monthly": 76.36247754796548,
        "52w_high": 207.02847290039062,
        "52w_low": 0
    },
    "TSLA": {
        "close": 439.73590087890625,
        "sma200": 369.1350798797607,
        "sma50": 443.11351989746095,
        "rsi_weekly": 57.433070397524055,
        "rsi_monthly": 70.21254147643917,
        "52w_high": 489.8800048828125,
        "52w_low": 0
    },
    "MSFT": {
        "close": 461.8240051269531,
        "sma200": 481.06481735229494,
        "sma50": 484.6673114013672,
        "rsi_weekly": 46.92493270165516,
        "rsi_monthly": 64.94485303375865,
        "52w_high": 541.057373046875,
        "52w_low": 0
    },
    "AMD": {
        "close": 231.39999389648438,
        "sma200": 168.6887997817993,
        "sma50": 220.50879974365233,
        "rsi_weekly": 52.90812131363197,
        "rsi_monthly": 69.38721493424931,
        "52w_high": 264.3299865722656,
        "52w_low": 0
    },
    "EQR": {
        "close": 61.82500076293945,
        "sma200": 63.58689655303955,
        "sma50": 60.52071182250977,
        "rsi_weekly": 43.4978890325151,
        "rsi_monthly": 48.424678693111815,
        "52w_high": 71.96406555175781,
        "52w_low": 0
    },
    "ESS": {
        "close": 258.2099914550781,
        "sma200": 263.93592948913573,
        "sma50": 255.50411712646485,
        "rsi_weekly": 43.08959908631317,
        "rsi_monthly": 48.808387122369666,
        "52w_high": 302.4346618652344,
        "52w_low": 0
    },
    "EL": {
        "close": 114.55999755859375,
        "sma200": 84.83241353988647,
        "sma50": 101.05596084594727,
        "rsi_weekly": 70.66969964470006,
        "rsi_monthly": 68.64615282505171,
        "52w_high": 116.91000366210938,
        "52w_low": 0
    },
    "ETR": {
        "close": 96.2300033569336,
        "sma200": 88.06167964935302,
        "sma50": 93.9673405456543,
        "rsi_weekly": 56.760223219091536,
        "rsi_monthly": 76.15064698078403,
        "52w_high": 97.5199966430664,
        "52w_low": 0
    },
    "EVRG": {
        "close": 76.42500305175781,
        "sma200": 70.67395574569701,
        "sma50": 74.38679763793945,
        "rsi_weekly": 51.33139217516278,
        "rsi_monthly": 62.14402900649662,
        "52w_high": 78.00737762451172,
        "52w_low": 0
    },
    "ES": {
        "close": 70.08000183105469,
        "sma200": 64.82056840896607,
        "sma50": 67.95178146362305,
        "rsi_weekly": 53.04981396227411,
        "rsi_monthly": 69.2508497619621,
        "52w_high": 74.04946899414062,
        "52w_low": 0
    },
    "EXC": {
        "close": 44.59000015258789,
        "sma200": 44.10652229309082,
        "sma50": 44.50189674377442,
        "rsi_weekly": 44.94643572696385,
        "rsi_monthly": 64.00485228560787,
        "52w_high": 47.82242965698242,
        "52w_low": 0
    },
    "EXPE": {
        "close": 288.3699951171875,
        "sma200": 208.42874496459962,
        "sma50": 271.55616973876954,
        "rsi_weekly": 76.1295759391382,
        "rsi_monthly": 68.73352685780166,
        "52w_high": 301.30999755859375,
        "52w_low": 0
    },
    "EXPD": {
        "close": 162.72500610351562,
        "sma200": 123.76436977386474,
        "sma50": 148.80689331054688,
        "rsi_weekly": 77.76657132007058,
        "rsi_monthly": 57.163969303658995,
        "52w_high": 163.75999450683594,
        "52w_low": 0
    },
    "EXR": {
        "close": 148.9600067138672,
        "sma200": 138.80229064941406,
        "sma50": 132.10460205078124,
        "rsi_weekly": 52.783738188155276,
        "rsi_monthly": 37.89411972962067,
        "52w_high": 154.12901306152344,
        "52w_low": 0
    },
    "XOM": {
        "close": 129.75,
        "sma200": 110.75362934112549,
        "sma50": 119.0599464416504,
        "rsi_weekly": 64.95666940214626,
        "rsi_monthly": 69.64758158862759,
        "52w_high": 130.1999969482422,
        "52w_low": 0
    },
    "FFIV": {
        "close": 269.6300048828125,
        "sma200": 285.3414517211914,
        "sma50": 251.95380126953125,
        "rsi_weekly": 47.7122131044615,
        "rsi_monthly": 54.25150740359023,
        "52w_high": 343.1700134277344,
        "52w_low": 0
    },
    "FDS": {
        "close": 289.04010009765625,
        "sma200": 359.54534301757815,
        "sma50": 282.59653137207033,
        "rsi_weekly": 38.68183486776645,
        "rsi_monthly": 24.446317204255525,
        "52w_high": 469.9656982421875,
        "52w_low": 0
    },
    "FICO": {
        "close": 1572.655029296875,
        "sma200": 1693.5870751953125,
        "sma50": 1726.79509765625,
        "rsi_weekly": 47.791148397930556,
        "rsi_monthly": 56.750432779784276,
        "52w_high": 2206.010009765625,
        "52w_low": 0
    },
    "FAST": {
        "close": 43.814998626708984,
        "sma200": 43.020141677856444,
        "sma50": 41.19370002746582,
        "rsi_weekly": 47.80707292897535,
        "rsi_monthly": 61.338282912856926,
        "52w_high": 50.12940216064453,
        "52w_low": 0
    },
    "FRT": {
        "close": 103.43000030517578,
        "sma200": 94.82774059295654,
        "sma50": 98.43027755737305,
        "rsi_weekly": 58.68105525818154,
        "rsi_monthly": 50.984321620901525,
        "52w_high": 106.85189819335938,
        "52w_low": 0
    },
    "FDX": {
        "close": 309.0299987792969,
        "sma200": 239.2078094482422,
        "sma50": 282.1483749389648,
        "rsi_weekly": 75.37696236095192,
        "rsi_monthly": 66.6132334373755,
        "52w_high": 313.54998779296875,
        "52w_low": 0
    },
    "FIS": {
        "close": 63.46500015258789,
        "sma200": 71.07455286026001,
        "sma50": 65.52152549743653,
        "rsi_weekly": 46.588822722076394,
        "rsi_monthly": 60.575161951637384,
        "52w_high": 81.56632995605469,
        "52w_low": 0
    },
    "FITB": {
        "close": 49.26250076293945,
        "sma200": 41.573195686340334,
        "sma50": 45.547525787353514,
        "rsi_weekly": 69.27417714163045,
        "rsi_monthly": 64.90445024787235,
        "52w_high": 49.81999969482422,
        "52w_low": 0
    },
    "FSLR": {
        "close": 244.86000061035156,
        "sma200": 200.98290046691895,
        "sma50": 259.56080078125,
        "rsi_weekly": 52.29060658896504,
        "rsi_monthly": 68.47152006392845,
        "52w_high": 284.5899963378906,
        "52w_low": 0
    },
    "FE": {
        "close": 47.05500030517578,
        "sma200": 42.88854381561279,
        "sma50": 45.455134811401365,
        "rsi_weekly": 52.751542935205094,
        "rsi_monthly": 64.35216797561571,
        "52w_high": 47.720001220703125,
        "52w_low": 0
    },
    "FMC": {
        "close": 15.380000114440918,
        "sma200": 30.760212721824647,
        "sma50": 13.736480884552002,
        "rsi_weekly": 30.6194713822291,
        "rsi_monthly": 23.117892599968275,
        "52w_high": 53.59580612182617,
        "52w_low": 0
    },
    "F": {
        "close": 13.640000343322754,
        "sma200": 11.504255199432373,
        "sma50": 13.345602226257324,
        "rsi_weekly": 66.14459570837296,
        "rsi_monthly": 79.14171776001439,
        "52w_high": 14.399999618530273,
        "52w_low": 0
    },
    "FTNT": {
        "close": 75.7300033569336,
        "sma200": 90.17345012664795,
        "sma50": 80.79480026245118,
        "rsi_weekly": 42.90815847713661,
        "rsi_monthly": 54.912633029532515,
        "52w_high": 114.56999969482422,
        "52w_low": 0
    }
}