{
    "last_scan_index": 425,
    "AAPL": {
        "close": 260.25,
        "sma200": 232.99837615966797,
        "sma50": 272.3954052734375,
        "rsi_weekly": 53.76185330673343,
        "rsi_monthly": 65.05593192101,
        "52w_high": 286.19000244140625,
        "52w_low": 0
    },
    "NVDA": {
        "close": 184.94000244140625,
        "sma200": 162.52874263763428,
        "sma50": 185.92717041015624,
        "rsi_weekly": 55.83253753597117,
        "rsi_monthly": 76.36247207111522,
        "52w_high": 207.02847290039062,
        "52w_low": 0
    },
    "TSLA": {
        "close": 448.9599914550781,
        "sma200": 365.63305015563964,
        "sma50": 444.0052014160156,
        "rsi_weekly": 57.433070397524055,
        "rsi_monthly": 70.21254147643917,
        "52w_high": 489.8800048828125,
        "52w_low": 0
    },
    "MSFT": {
        "close": 477.17999267578125,
        "sma200": 479.41623458862307,
        "sma50": 489.1177075195312,
        "rsi_weekly": 46.9249330265319,
        "rsi_monthly": 64.94485549618045,
        "52w_high": 541.057373046875,
        "52w_low": 0
    },
    "AMD": {
        "close": 207.69000244140625,
        "sma200": 166.2462997817993,
        "sma50": 222.8441995239258,
        "rsi_weekly": 52.90812131363197,
        "rsi_monthly": 69.38721493424931,
        "52w_high": 264.3299865722656,
        "52w_low": 0
    },
    "ROL": {
        "close": 61.0099983215332,
        "sma200": 57.04544725418091,
        "sma50": 59.703568878173826,
        "rsi_weekly": 59.77475403432184,
        "rsi_monthly": 72.2475951870691,
        "52w_high": 61.5,
        "52w_low": 0
    },
    "ROP": {
        "close": 432.3900146484375,
        "sma200": 516.166701965332,
        "sma50": 443.9631689453125,
        "rsi_weekly": 26.320901774052466,
        "rsi_monthly": 36.59491547392043,
        "52w_high": 589.9105224609375,
        "52w_low": 0
    },
    "ROST": {
        "close": 192.25999450683594,
        "sma200": 150.00561321258544,
        "sma50": 174.61097900390624,
        "rsi_weekly": 80.57225488164931,
        "rsi_monthly": 74.96832735145472,
        "52w_high": 192.25999450683594,
        "52w_low": 0
    },
    "RCL": {
        "close": 301.1300048828125,
        "sma200": 283.077502746582,
        "sma50": 272.5465805053711,
        "rsi_weekly": 56.720229306025,
        "rsi_monthly": 57.18995507966115,
        "52w_high": 363.48126220703125,
        "52w_low": 0
    },
    "SPGI": {
        "close": 544.47998046875,
        "sma200": 509.2449038696289,
        "sma50": 505.50144653320314,
        "rsi_weekly": 61.490034787750055,
        "rsi_monthly": 47.47781512270423,
        "52w_high": 562.0632934570312,
        "52w_low": 0
    },
    "CRM": {
        "close": 259.3999938964844,
        "sma200": 255.49143608093263,
        "sma50": 250.44610870361328,
        "rsi_weekly": 52.41322292242235,
        "rsi_monthly": 61.20224915130673,
        "52w_high": 357.6153564453125,
        "52w_low": 0
    },
    "SBAC": {
        "close": 185.0,
        "sma200": 210.09851333618164,
        "sma50": 191.9987387084961,
        "rsi_weekly": 32.94280196163501,
        "rsi_monthly": 31.933413823850582,
        "52w_high": 239.70611572265625,
        "52w_low": 0
    },
    "SLB": {
        "close": 45.150001525878906,
        "sma200": 35.1856579208374,
        "sma50": 38.029581985473634,
        "rsi_weekly": 70.88016232761504,
        "rsi_monthly": 47.56521081525993,
        "52w_high": 45.20000076293945,
        "52w_low": 0
    },
    "STX": {
        "close": 321.4800109863281,
        "sma200": 180.8199402999878,
        "sma50": 277.8315390014648,
        "rsi_weekly": 71.66555324397508,
        "rsi_monthly": 89.80353904252287,
        "52w_high": 330.4200134277344,
        "52w_low": 0
    },
    "SRE": {
        "close": 89.0999984741211,
        "sma200": 81.13413995742798,
        "sma50": 89.94559249877929,
        "rsi_weekly": 55.654599619156386,
        "rsi_monthly": 58.77789932858278,
        "52w_high": 94.03408813476562,
        "52w_low": 0
    },
    "NOW": {
        "close": 142.63999938964844,
        "sma200": 180.6979094696045,
        "sma50": 163.00391937255858,
        "rsi_weekly": 30.539893970185155,
        "rsi_monthly": 42.4680627861414,
        "52w_high": 234.0780029296875,
        "52w_low": 0
    },
    "SHW": {
        "close": 357.6300048828125,
        "sma200": 343.2122691345215,
        "sma50": 334.1233660888672,
        "rsi_weekly": 56.13868828007226,
        "rsi_monthly": 60.75316071297596,
        "52w_high": 374.35516357421875,
        "52w_low": 0
    },
    "SPG": {
        "close": 184.8300018310547,
        "sma200": 167.89200592041016,
        "sma50": 182.01725494384766,
        "rsi_weekly": 60.19397273453348,
        "rsi_monthly": 72.61053291736613,
        "52w_high": 188.2899932861328,
        "52w_low": 0
    },
    "SWKS": {
        "close": 58.849998474121094,
        "sma200": 68.93296091079712,
        "sma50": 66.31356330871581,
        "rsi_weekly": 38.54018858544367,
        "rsi_monthly": 37.66629297409489,
        "52w_high": 90.16691589355469,
        "52w_low": 0
    },
    "SJM": {
        "close": 100.12000274658203,
        "sma200": 105.4985922241211,
        "sma50": 101.65697631835937,
        "rsi_weekly": 45.318951936977555,
        "rsi_monthly": 28.528034044606297,
        "52w_high": 115.06596374511719,
        "52w_low": 0
    },
    "SNA": {
        "close": 358.1400146484375,
        "sma200": 326.8684954833984,
        "sma50": 343.8134893798828,
        "rsi_weekly": 62.84028136284463,
        "rsi_monthly": 51.62137439834159,
        "52w_high": 362.1700134277344,
        "52w_low": 0
    },
    "SO": {
        "close": 86.73999786376953,
        "sma200": 90.24809104919433,
        "sma50": 88.32157196044922,
        "rsi_weekly": 42.9731958454182,
        "rsi_monthly": 51.19797307725467,
        "52w_high": 98.90631866455078,
        "52w_low": 0
    },
    "LUV": {
        "close": 43.849998474121094,
        "sma200": 32.70976580619812,
        "sma50": 36.91545478820801,
        "rsi_weekly": 75.43389921486678,
        "rsi_monthly": 75.95083978052743,
        "52w_high": 44.52000045776367,
        "52w_low": 0
    },
    "SWK": {
        "close": 82.41000366210938,
        "sma200": 68.68111145019532,
        "sma50": 71.47273971557617,
        "rsi_weekly": 62.975271131894914,
        "rsi_monthly": 41.77162280280253,
        "52w_high": 86.36910247802734,
        "52w_low": 0
    },
    "SBUX": {
        "close": 89.95999908447266,
        "sma200": 86.15538902282715,
        "sma50": 84.97402877807617,
        "rsi_weekly": 53.6071533750225,
        "rsi_monthly": 51.02706478960182,
        "52w_high": 113.42715454101562,
        "52w_low": 0
    },
    "STT": {
        "close": 133.08999633789062,
        "sma200": 107.31853610992431,
        "sma50": 122.7333755493164,
        "rsi_weekly": 72.91805074199672,
        "rsi_monthly": 84.02669877767137,
        "52w_high": 134.32000732421875,
        "52w_low": 0
    },
    "SYK": {
        "close": 361.3699951171875,
        "sma200": 372.6433271789551,
        "sma50": 359.39050659179685,
        "rsi_weekly": 50.33518167576093,
        "rsi_monthly": 56.455603262917975,
        "52w_high": 401.6130676269531,
        "52w_low": 0
    },
    "SYF": {
        "close": 79.62999725341797,
        "sma200": 68.42198244094848,
        "sma50": 79.6176301574707,
        "rsi_weekly": 71.97019556263571,
        "rsi_monthly": 77.20157598313382,
        "52w_high": 88.47000122070312,
        "52w_low": 0
    },
    "SNPS": {
        "close": 533.4199829101562,
        "sma200": 491.924450378418,
        "sma50": 446.57599975585936,
        "rsi_weekly": 57.56032531814409,
        "rsi_monthly": 54.61157390579129,
        "52w_high": 645.3499755859375,
        "52w_low": 0
    }
}