{
    "last_scan_index": 400,
    "AAPL": {
        "close": 259.9599914550781,
        "sma200": 233.4022031402588,
        "sma50": 271.9906988525391,
        "rsi_weekly": 53.761853501146255,
        "rsi_monthly": 65.05593314468491,
        "52w_high": 286.19000244140625,
        "52w_low": 0
    },
    "NVDA": {
        "close": 183.13999938964844,
        "sma200": 163.26819305419923,
        "sma50": 185.1990216064453,
        "rsi_weekly": 55.83253741210726,
        "rsi_monthly": 76.36247912090363,
        "52w_high": 207.02847290039062,
        "52w_low": 0
    },
    "TSLA": {
        "close": 439.20001220703125,
        "sma200": 367.38165031433107,
        "sma50": 443.8000018310547,
        "rsi_weekly": 57.433070397524055,
        "rsi_monthly": 70.21254147643917,
        "52w_high": 489.8800048828125,
        "52w_low": 0
    },
    "MSFT": {
        "close": 459.3800048828125,
        "sma200": 480.24009796142576,
        "sma50": 486.88629821777346,
        "rsi_weekly": 46.92493285216679,
        "rsi_monthly": 64.94484493327828,
        "52w_high": 541.057373046875,
        "52w_low": 0
    },
    "AMD": {
        "close": 223.60000610351562,
        "sma200": 167.4197998046875,
        "sma50": 221.51639984130858,
        "rsi_weekly": 52.90812131363197,
        "rsi_monthly": 69.38721493424931,
        "52w_high": 264.3299865722656,
        "52w_low": 0
    },
    "PFG": {
        "close": 91.20999908447266,
        "sma200": 79.6810419845581,
        "sma50": 86.61548583984376,
        "rsi_weekly": 67.82052114641093,
        "rsi_monthly": 65.68603763968953,
        "52w_high": 91.80000305175781,
        "52w_low": 0
    },
    "PG": {
        "close": 146.35000610351562,
        "sma200": 153.72479568481447,
        "sma50": 144.90980102539064,
        "rsi_weekly": 36.321181325867734,
        "rsi_monthly": 42.97757115046997,
        "52w_high": 172.77017211914062,
        "52w_low": 0
    },
    "PGR": {
        "close": 205.5,
        "sma200": 232.76670104980468,
        "sma50": 211.13138305664063,
        "rsi_weekly": 45.82805208008759,
        "rsi_monthly": 56.73480657882281,
        "52w_high": 273.5130310058594,
        "52w_low": 0
    },
    "PLD": {
        "close": 132.2100067138672,
        "sma200": 112.36123416900635,
        "sma50": 126.68154541015625,
        "rsi_weekly": 65.77904991771085,
        "rsi_monthly": 67.4823379363072,
        "52w_high": 132.2100067138672,
        "52w_low": 0
    },
    "PRU": {
        "close": 117.70999908447266,
        "sma200": 104.01324775695801,
        "sma50": 111.03074966430664,
        "rsi_weekly": 67.12975983592095,
        "rsi_monthly": 65.30447452707007,
        "52w_high": 118.72000122070312,
        "52w_low": 0
    },
    "PEG": {
        "close": 78.91000366210938,
        "sma200": 80.82337383270264,
        "sma50": 80.37092681884765,
        "rsi_weekly": 44.535626081100524,
        "rsi_monthly": 65.55412129493777,
        "52w_high": 88.72160339355469,
        "52w_low": 0
    },
    "PTC": {
        "close": 166.52999877929688,
        "sma200": 183.16794990539552,
        "sma50": 175.71540069580078,
        "rsi_weekly": 39.644030050351866,
        "rsi_monthly": 48.49976701847694,
        "52w_high": 216.52999877929688,
        "52w_low": 0
    },
    "PSA": {
        "close": 287.7699890136719,
        "sma200": 281.6368901062012,
        "sma50": 268.59995544433593,
        "rsi_weekly": 50.536589634142885,
        "rsi_monthly": 43.13086846248296,
        "52w_high": 308.3981628417969,
        "52w_low": 0
    },
    "PHM": {
        "close": 130.72999572753906,
        "sma200": 116.01439609527588,
        "sma50": 122.13450668334961,
        "rsi_weekly": 60.1576172595008,
        "rsi_monthly": 55.686262925257616,
        "52w_high": 140.8990936279297,
        "52w_low": 0
    },
    "QRVO": {
        "close": 81.94999694824219,
        "sma200": 83.23577486038208,
        "sma50": 85.80999954223633,
        "rsi_weekly": 44.91832072989048,
        "rsi_monthly": 64.763389588317,
        "52w_high": 97.41999816894531,
        "52w_low": 0
    },
    "PWR": {
        "close": 437.07000732421875,
        "sma200": 385.0931401062012,
        "sma50": 441.0133575439453,
        "rsi_weekly": 53.46819920561911,
        "rsi_monthly": 75.2227936027991,
        "52w_high": 466.7882995605469,
        "52w_low": 0
    },
    "QCOM": {
        "close": 164.5399932861328,
        "sma200": 158.52371253967286,
        "sma50": 172.6401043701172,
        "rsi_weekly": 58.48374382371956,
        "rsi_monthly": 63.868220102891776,
        "52w_high": 186.72589111328125,
        "52w_low": 0
    },
    "DGX": {
        "close": 186.77000427246094,
        "sma200": 176.1763186645508,
        "sma50": 180.55158538818358,
        "rsi_weekly": 45.39943151608624,
        "rsi_monthly": 52.72812403328111,
        "52w_high": 191.4753875732422,
        "52w_low": 0
    },
    "RL": {
        "close": 362.8599853515625,
        "sma200": 297.13487205505373,
        "sma50": 351.3524011230469,
        "rsi_weekly": 71.59066738224246,
        "rsi_monthly": 84.5263232755063,
        "52w_high": 370.76129150390625,
        "52w_low": 0
    },
    "RJF": {
        "close": 172.27000427246094,
        "sma200": 156.4029571533203,
        "sma50": 161.46202239990234,
        "rsi_weekly": 57.83348439752351,
        "rsi_monthly": 68.49608892298379,
        "52w_high": 175.32736206054688,
        "52w_low": 0
    },
    "RTX": {
        "close": 198.83999633789062,
        "sma200": 154.8997240447998,
        "sma50": 178.89722839355468,
        "rsi_weekly": 72.64915835345468,
        "rsi_monthly": 82.73185326695047,
        "52w_high": 198.83999633789062,
        "52w_low": 0
    },
    "O": {
        "close": 60.310001373291016,
        "sma200": 56.353507099151614,
        "sma50": 56.93906852722168,
        "rsi_weekly": 55.35238365743729,
        "rsi_monthly": 45.68037358556545,
        "52w_high": 60.310001373291016,
        "52w_low": 0
    },
    "REG": {
        "close": 69.91999816894531,
        "sma200": 69.64680759429932,
        "sma50": 68.91727569580078,
        "rsi_weekly": 51.027389221551104,
        "rsi_monthly": 51.84995006870864,
        "52w_high": 74.66252136230469,
        "52w_low": 0
    },
    "REGN": {
        "close": 754.1400146484375,
        "sma200": 608.3350183105468,
        "sma50": 736.9050378417969,
        "rsi_weekly": 67.56241148162253,
        "rsi_monthly": 54.97005164368168,
        "52w_high": 812.27001953125,
        "52w_low": 0
    },
    "RF": {
        "close": 28.139999389648438,
        "sma200": 24.05026861190796,
        "sma50": 26.31267593383789,
        "rsi_weekly": 69.17069887031955,
        "rsi_monthly": 65.85489530193233,
        "52w_high": 28.84000015258789,
        "52w_low": 0
    },
    "RSG": {
        "close": 210.97999572753906,
        "sma200": 230.00010238647462,
        "sma50": 211.42137420654296,
        "rsi_weekly": 40.2974543480438,
        "rsi_monthly": 61.44736021465299,
        "52w_high": 255.99310302734375,
        "52w_low": 0
    },
    "RMD": {
        "close": 259.510009765625,
        "sma200": 254.83622604370117,
        "sma50": 249.04502319335938,
        "rsi_weekly": 48.39329219498666,
        "rsi_monthly": 41.17321239957753,
        "52w_high": 293.03302001953125,
        "52w_low": 0
    },
    "RVTY": {
        "close": 111.5199966430664,
        "sma200": 94.13568965911865,
        "sma50": 98.6247998046875,
        "rsi_weekly": 57.745594670051894,
        "rsi_monthly": 49.66726627540529,
        "52w_high": 126.55814361572266,
        "52w_low": 0
    },
    "RHI": {
        "close": 28.5,
        "sma200": 35.66406820297241,
        "sma50": 27.059649200439452,
        "rsi_weekly": 38.1980302039417,
        "rsi_monthly": 25.484750669730484,
        "52w_high": 67.13591766357422,
        "52w_low": 0
    },
    "ROK": {
        "close": 417.2099914550781,