{
    "last_scan_index": 75,
    "AAPL": {
        "close": 259.9599914550781,
        "sma200": 233.4022031402588,
        "sma50": 271.9906988525391,
        "rsi_weekly": 53.76185314041252,
        "rsi_monthly": 65.05593467093543,
        "52w_high": 286.19000244140625,
        "52w_low": 0
    },
    "NVDA": {
        "close": 183.13999938964844,
        "sma200": 163.26819301605224,
        "sma50": 185.1990216064453,
        "rsi_weekly": 55.83253754613517,
        "rsi_monthly": 76.36247594830246,
        "52w_high": 207.02847290039062,
        "52w_low": 0
    },
    "TSLA": {
        "close": 439.20001220703125,
        "sma200": 367.38165031433107,
        "sma50": 443.8000018310547,
        "rsi_weekly": 57.433070397524055,
        "rsi_monthly": 70.21254147643917,
        "52w_high": 489.8800048828125,
        "52w_low": 0
    },
    "MSFT": {
        "close": 459.3800048828125,
        "sma200": 480.2400975036621,
        "sma50": 486.88629821777346,
        "rsi_weekly": 46.92493278354581,
        "rsi_monthly": 64.9448539523867,
        "52w_high": 541.057373046875,
        "52w_low": 0
    },
    "AMD": {
        "close": 223.60000610351562,
        "sma200": 167.4197998046875,
        "sma50": 221.51639984130858,
        "rsi_weekly": 52.90812131363197,
        "rsi_monthly": 69.38721493424931,
        "52w_high": 264.3299865722656,
        "52w_low": 0
    },
    "ADP": {
        "close": 258.5,
        "sma200": 286.9894962310791,
        "sma50": 256.85509002685546,
        "rsi_weekly": 44.6444570547909,
        "rsi_monthly": 48.93982857965575,
        "52w_high": 321.4271240234375,
        "52w_low": 0
    },
    "AZO": {
        "close": 3472.659912109375,
        "sma200": 3806.2422448730467,
        "sma50": 3611.0830029296876,
        "rsi_weekly": 38.794882181113415,
        "rsi_monthly": 59.03724331970976,
        "52w_high": 4354.5400390625,
        "52w_low": 0
    },
    "AVB": {
        "close": 180.16000366210938,
        "sma200": 189.57264030456543,
        "sma50": 178.03318420410156,
        "rsi_weekly": 43.43434929126271,
        "rsi_monthly": 42.128404331932465,
        "52w_high": 220.1442413330078,
        "52w_low": 0
    },
    "AVY": {
        "close": 188.3800048828125,
        "sma200": 172.49863410949706,
        "sma50": 177.30647888183594,
        "rsi_weekly": 63.25881927617769,
        "rsi_monthly": 66.34418109338628,
        "52w_high": 191.80975341796875,
        "52w_low": 0
    },
    "AXON": {
        "close": 629.219970703125,
        "sma200": 682.6964994812012,
        "sma50": 577.0780017089844,
        "rsi_weekly": 49.00436041366448,
        "rsi_monthly": 60.67064340685401,
        "52w_high": 870.969970703125,
        "52w_low": 0
    },
    "BKR": {
        "close": 49.97999954223633,
        "sma200": 43.15110395431518,
        "sma50": 47.83120018005371,
        "rsi_weekly": 60.63793186296447,
        "rsi_monthly": 63.89121728512747,
        "52w_high": 50.61000061035156,
        "52w_low": 0
    },
    "BALL": {
        "close": 56.029998779296875,
        "sma200": 51.6369186592102,
        "sma50": 50.3757347869873,
        "rsi_weekly": 61.67262453257089,
        "rsi_monthly": 67.95234857201578,
        "52w_high": 59.233028411865234,
        "52w_low": 0
    },
    "BAC": {
        "close": 52.47999954223633,
        "sma200": 47.876922359466555,
        "sma50": 53.981657638549805,
        "rsi_weekly": 67.01206171516021,
        "rsi_monthly": 79.28784504027126,
        "52w_high": 57.25,
        "52w_low": 0
    },
    "BK": {
        "close": 124.58999633789062,
        "sma200": 99.66621257781982,
        "sma50": 114.13639953613281,
        "rsi_weekly": 72.2113271341878,
        "rsi_monthly": 86.4381739629515,
        "52w_high": 124.58999633789062,
        "52w_low": 0
    },
    "BBWI": {
        "close": 23.020000457763672,
        "sma200": 26.327292337417603,
        "sma50": 20.296716346740723,
        "rsi_weekly": 48.65558513808074,
        "rsi_monthly": 45.0109034265875,
        "52w_high": 39.98191833496094,
        "52w_low": 0
    },
    "BAX": {
        "close": 19.84000015258789,
        "sma200": 24.846335382461547,
        "sma50": 18.87534103393555,
        "rsi_weekly": 45.39217481053322,
        "rsi_monthly": 42.31005316714776,
        "52w_high": 36.09502029418945,
        "52w_low": 0
    },
    "BDX": {
        "close": 207.4199981689453,
        "sma200": 185.7342153930664,
        "sma50": 193.170966796875,
        "rsi_weekly": 59.59179084106357,
        "rsi_monthly": 40.80857584721124,
        "52w_high": 243.80545043945312,
        "52w_low": 0
    },
    "BBY": {
        "close": 66.68000030517578,
        "sma200": 70.29785064697266,
        "sma50": 73.0928678894043,
        "rsi_weekly": 46.5359595569472,
        "rsi_monthly": 57.73042939239686,
        "52w_high": 86.45199584960938,
        "52w_low": 0
    },
    "BIO": {
        "close": 318.25,
        "sma200": 275.8510494232178,
        "sma50": 312.7351989746094,
        "rsi_weekly": 58.6040900729729,
        "rsi_monthly": 52.914979021456986,
        "52w_high": 367.0,
        "52w_low": 0
    },
    "TECH": {
        "close": 68.4000015258789,
        "sma200": 55.26841672897339,
        "sma50": 60.99833915710449,
        "rsi_weekly": 59.03788070898133,
        "rsi_monthly": 52.7778779499865,
        "52w_high": 78.30477142333984,
        "52w_low": 0
    },
    "BIIB": {
        "close": 169.30999755859375,
        "sma200": 142.98950035095214,
        "sma50": 173.02420043945312,
        "rsi_weekly": 69.8578919844878,
        "rsi_monthly": 30.505703427542805,
        "52w_high": 187.6199951171875,
        "52w_low": 0
    },
    "BLK": {
        "close": 1091.8499755859375,
        "sma200": 1046.5168103027345,
        "sma50": 1066.2441650390624,
        "rsi_weekly": 52.31745634687161,
        "rsi_monthly": 67.76743796398326,
        "52w_high": 1196.7647705078125,
        "52w_low": 0
    },
    "BX": {
        "close": 158.7100067138672,
        "sma200": 152.3686615371704,
        "sma50": 149.83380004882812,
        "rsi_weekly": 52.56792440603179,
        "rsi_monthly": 58.11288160440106,
        "52w_high": 187.02017211914062,
        "52w_low": 0
    },
    "BA": {
        "close": 242.61000061035156,
        "sma200": 207.8812003326416,
        "sma50": 206.06060089111327,
        "rsi_weekly": 62.485385716632614,
        "rsi_monthly": 50.75980119696621,
        "52w_high": 244.5500030517578,
        "52w_low": 0
    },
    "BKNG": {
        "close": 5187.02001953125,
        "sma200": 5268.251572265625,
        "sma50": 5157.555869140625,
        "rsi_weekly": 57.16983639923815,
        "rsi_monthly": 59.50382466998893,
        "52w_high": 5794.83740234375,
        "52w_low": 0
    },
    "BWA": {
        "close": 48.08000183105469,
        "sma200": 38.38312335968018,
        "sma50": 44.76275367736817,
        "rsi_weekly": 71.8856213277475,
        "rsi_monthly": 55.54675778846867,
        "52w_high": 48.27000045776367,
        "52w_low": 0
    },
    "BSX": {
        "close": 93.73999786376953,
        "sma200": 100.7141501235962,
        "sma50": 97.41359985351562,
        "rsi_weekly": 48.14556723363362,
        "rsi_monthly": 64.00956665114143,
        "52w_high": 108.13999938964844,
        "52w_low": 0
    },
    "BMY": {
        "close": 57.02000045776367,
        "sma200": 47.18652309417725,
        "sma50": 50.65412086486816,
        "rsi_weekly": 71.24680669863244,
        "rsi_monthly": 63.237157095579384,
        "52w_high": 60.075191497802734,
        "52w_low": 0
    },
    "AVGO": {
        "close": 339.8900146484375,
        "sma200": 295.3561949920654,
        "sma50": 358.30845703125,
        "rsi_weekly": 54.562066773614916,
        "rsi_monthly": 72.8159844800677,
        "52w_high": 412.18133544921875,
        "52w_low": 0
    }
}