{
    "last_scan_index": 125,
    "AAPL": {
        "close": 258.2099914550781,
        "sma200": 233.58638801574708,
        "sma50": 271.7791101074219,
        "rsi_weekly": 53.76185319917539,
        "rsi_monthly": 65.0559531857619,
        "52w_high": 286.19000244140625,
        "52w_low": 0
    },
    "NVDA": {
        "close": 187.0500030517578,
        "sma200": 163.66164169311523,
        "sma50": 184.80265197753906,
        "rsi_weekly": 55.83253748367962,
        "rsi_monthly": 76.36247459903346,
        "52w_high": 207.02847290039062,
        "52w_low": 0
    },
    "TSLA": {
        "close": 438.57000732421875,
        "sma200": 368.2787003326416,
        "sma50": 443.2040020751953,
        "rsi_weekly": 57.433070397524055,
        "rsi_monthly": 70.21254147643917,
        "52w_high": 489.8800048828125,
        "52w_low": 0
    },
    "MSFT": {
        "close": 456.6600036621094,
        "sma200": 480.6564552307129,
        "sma50": 485.6982153320312,
        "rsi_weekly": 46.92493308645687,
        "rsi_monthly": 64.94485864341499,
        "52w_high": 541.057373046875,
        "52w_low": 0
    },
    "AMD": {
        "close": 227.9199981689453,
        "sma200": 168.04569980621338,
        "sma50": 220.88179992675782,
        "rsi_weekly": 52.90812131363197,
        "rsi_monthly": 69.38721493424931,
        "52w_high": 264.3299865722656,
        "52w_low": 0
    },
    "SCHW": {
        "close": 102.76000213623047,
        "sma200": 91.44551509857178,
        "sma50": 96.70506484985351,
        "rsi_weekly": 63.90674648441854,
        "rsi_monthly": 78.24944148440836,
        "52w_high": 103.73999786376953,
        "52w_low": 0
    },
    "CHTR": {
        "close": 194.61000061035156,
        "sma200": 297.63869956970217,
        "sma50": 206.2888003540039,
        "rsi_weekly": 30.930561054355163,
        "rsi_monthly": 21.08980984965178,
        "52w_high": 427.25,
        "52w_low": 0
    },
    "CVX": {
        "close": 166.16000366210938,
        "sma200": 147.70933876037597,
        "sma50": 153.02301208496092,
        "rsi_weekly": 61.818963554690214,
        "rsi_monthly": 61.371079362031665,
        "52w_high": 167.24000549316406,
        "52w_low": 0
    },
    "CMG": {
        "close": 40.36000061035156,
        "sma200": 43.72075006484985,
        "sma50": 34.98419998168945,
        "rsi_weekly": 50.19230654492072,
        "rsi_monthly": 52.18402279312576,
        "52w_high": 59.02000045776367,
        "52w_low": 0
    },
    "CB": {
        "close": 301.1099853515625,
        "sma200": 285.9519554138184,
        "sma50": 301.56080017089846,
        "rsi_weekly": 61.659113229164745,
        "rsi_monthly": 68.40723478000666,
        "52w_high": 315.19000244140625,
        "52w_low": 0
    },
    "CHD": {
        "close": 90.43000030517578,
        "sma200": 91.76525588989257,
        "sma50": 84.8070932006836,
        "rsi_weekly": 43.22245807605307,
        "rsi_monthly": 33.92559679322035,
        "52w_high": 112.09139251708984,
        "52w_low": 0
    },
    "CI": {
        "close": 277.94000244140625,
        "sma200": 295.65070167541506,
        "sma50": 271.9092144775391,
        "rsi_weekly": 47.482638753085205,
        "rsi_monthly": 58.476764946738065,
        "52w_high": 334.8284606933594,
        "52w_low": 0
    },
    "CINF": {
        "close": 163.3699951171875,
        "sma200": 151.4864070892334,
        "sma50": 163.7004150390625,
        "rsi_weekly": 57.32727473859097,
        "rsi_monthly": 71.27550180156675,
        "52w_high": 167.6038055419922,
        "52w_low": 0
    },
    "CTAS": {
        "close": 195.5800018310547,
        "sma200": 204.19841423034669,
        "sma50": 187.11332092285156,
        "rsi_weekly": 47.49401357315946,
        "rsi_monthly": 55.73673215877119,
        "52w_high": 226.6531219482422,
        "52w_low": 0
    },
    "CSCO": {
        "close": 75.25,
        "sma200": 67.63797649383545,
        "sma50": 75.927021484375,
        "rsi_weekly": 56.061001464487724,
        "rsi_monthly": 70.43624032823944,
        "52w_high": 79.82286071777344,
        "52w_low": 0
    },
    "C": {
        "close": 117.45999908447266,
        "sma200": 91.309993019104,
        "sma50": 109.57380004882812,
        "rsi_weekly": 76.66044000216903,
        "rsi_monthly": 85.962749012017,
        "52w_high": 123.30000305175781,
        "52w_low": 0
    },
    "CFG": {
        "close": 60.61000061035156,
        "sma200": 47.86558904647827,
        "sma50": 56.243199768066404,
        "rsi_weekly": 75.23681213912927,
        "rsi_monthly": 67.27667708632924,
        "52w_high": 62.13999938964844,
        "52w_low": 0
    },
    "CLX": {
        "close": 111.2300033569336,
        "sma200": 119.46058410644531,
        "sma50": 103.47720001220704,
        "rsi_weekly": 40.71138185374887,
        "rsi_monthly": 43.516350759085796,
        "52w_high": 156.630615234375,
        "52w_low": 0
    },
    "CME": {
        "close": 272.5899963378906,
        "sma200": 269.6757036590576,
        "sma50": 273.00153686523436,
        "rsi_weekly": 46.024248798392144,
        "rsi_monthly": 75.62489144958738,
        "52w_high": 286.68572998046875,
        "52w_low": 0
    },
    "CMS": {
        "close": 71.27999877929688,
        "sma200": 71.14324798583985,
        "sma50": 71.69749786376953,
        "rsi_weekly": 44.77468173453881,
        "rsi_monthly": 59.341910689301386,
        "52w_high": 75.44000244140625,
        "52w_low": 0
    },
    "KO": {
        "close": 70.4800033569336,
        "sma200": 69.0560023880005,
        "sma50": 70.2951025390625,
        "rsi_weekly": 55.558707763921326,
        "rsi_monthly": 61.853300316932085,
        "52w_high": 72.61000061035156,
        "52w_low": 0
    },
    "CTSH": {
        "close": 84.81999969482422,
        "sma200": 74.59699897766113,
        "sma50": 79.84371292114258,
        "rsi_weekly": 65.35161248146245,
        "rsi_monthly": 62.66011240921346,
        "52w_high": 89.25667572021484,
        "52w_low": 0
    },
    "CL": {
        "close": 84.33999633789062,
        "sma200": 84.08043338775634,
        "sma50": 79.08280044555664,
        "rsi_weekly": 50.403090746911474,
        "rsi_monthly": 48.328128895811076,
        "52w_high": 95.73789978027344,
        "52w_low": 0
    },
    "CMCSA": {
        "close": 28.350000381469727,
        "sma200": 29.423623456954957,
        "sma50": 26.284944763183592,
        "rsi_weekly": 49.83837747017705,
        "rsi_monthly": 27.04094440859933,
        "52w_high": 34.411956787109375,
        "52w_low": 0
    },
    "CMA": {
        "close": 91.51000213623047,
        "sma200": 68.15378213882447,
        "sma50": 84.07652969360352,
        "rsi_weekly": 81.25453906486105,
        "rsi_monthly": 66.44887471739723,
        "52w_high": 92.55999755859375,
        "52w_low": 0
    },
    "CAG": {
        "close": 17.3700008392334,
        "sma200": 19.41994457244873,
        "sma50": 17.27360004425049,
        "rsi_weekly": 35.43611707344851,
        "rsi_monthly": 23.67146083064589,
        "52w_high": 26.194599151611328,
        "52w_low": 0
    },
    "COP": {
        "close": 98.93000030517578,
        "sma200": 90.81412948608398,
        "sma50": 92.05308044433593,
        "rsi_weekly": 57.38075786679964,
        "rsi_monthly": 49.074879848207544,
        "52w_high": 103.38457489013672,
        "52w_low": 0
    },
    "ED": {
        "close": 102.58000183105469,
        "sma200": 100.47442470550537,
        "sma50": 98.85698776245117,
        "rsi_weekly": 50.29466604914993,
        "rsi_monthly": 47.44179730320074,
        "52w_high": 110.50127410888672,
        "52w_low": 0
    },
    "STZ": {
        "close": 158.75,
        "sma200": 156.36634616851808,
        "sma50": 138.766600189209,
        "rsi_weekly": 49.51569594596254,
        "rsi_monthly": 33.211474052587754,
        "52w_high": 192.97064208984375,
        "52w_low": 0
    },
    "CEG": {
        "close": 341.20001220703125,