{
    "last_scan_index": 175,
    "AAPL": {
        "close": 260.4100036621094,
        "sma200": 232.9991761779785,
        "sma50": 272.3986053466797,
        "rsi_weekly": 53.78059514604201,
        "rsi_monthly": 65.05591372887149,
        "52w_high": 286.19000244140625,
        "52w_low": 0
    },
    "NVDA": {
        "close": 185.25,
        "sma200": 162.5302925872803,
        "sma50": 185.93337036132812,
        "rsi_weekly": 55.84415929795031,
        "rsi_monthly": 76.36247592917933,
        "52w_high": 207.02847290039062,
        "52w_low": 0
    },
    "TSLA": {
        "close": 448.6499938964844,
        "sma200": 365.6315001678467,
        "sma50": 443.99900146484373,
        "rsi_weekly": 57.46603547145899,
        "rsi_monthly": 70.21254147643917,
        "52w_high": 489.8800048828125,
        "52w_low": 0
    },
    "MSFT": {
        "close": 477.7699890136719,
        "sma200": 479.41918563842773,
        "sma50": 489.12950744628904,
        "rsi_weekly": 46.93710468418873,
        "rsi_monthly": 64.94484142466575,
        "52w_high": 541.057373046875,
        "52w_low": 0
    },
    "AMD": {
        "close": 208.33999633789062,
        "sma200": 166.24954975128173,
        "sma50": 222.85719940185547,
        "rsi_weekly": 52.957648755098155,
        "rsi_monthly": 69.38721493424931,
        "52w_high": 264.3299865722656,
        "52w_low": 0
    },
    "DG": {
        "close": 148.50999450683594,
        "sma200": 106.80179454803466,
        "sma50": 119.54685501098633,
        "rsi_weekly": 76.77202925745092,
        "rsi_monthly": 72.08827007911948,
        "52w_high": 148.50999450683594,
        "52w_low": 0
    },
    "DLTR": {
        "close": 136.8125,
        "sma200": 101.02431259155273,
        "sma50": 115.85644989013672,
        "rsi_weekly": 71.32745647759302,
        "rsi_monthly": 72.23544045212721,
        "52w_high": 136.8125,
        "52w_low": 0
    },
    "D": {
        "close": 58.40999984741211,
        "sma200": 57.09720470428467,
        "sma50": 59.37578384399414,
        "rsi_weekly": 47.59365695874924,
        "rsi_monthly": 69.14500209223554,
        "52w_high": 62.06929016113281,
        "52w_low": 0
    },
    "DPZ": {
        "close": 414.80999755859375,
        "sma200": 442.3308558654785,
        "sma50": 414.7471911621094,
        "rsi_weekly": 40.86211539431406,
        "rsi_monthly": 54.82106994190184,
        "52w_high": 491.7031555175781,
        "52w_low": 0
    },
    "DOV": {
        "close": 203.38499450683594,
        "sma200": 178.54936164855957,
        "sma50": 190.20707153320313,
        "rsi_weekly": 65.53697317050268,
        "rsi_monthly": 72.21392099244494,
        "52w_high": 204.13926696777344,
        "52w_low": 0
    },
    "DOW": {
        "close": 26.524999618530273,
        "sma200": 25.072673692703248,
        "sma50": 23.229663162231446,
        "rsi_weekly": 55.42300697086569,
        "rsi_monthly": 39.84674215056266,
        "52w_high": 39.00429153442383,
        "52w_low": 0
    },
    "DHI": {
        "close": 159.3000030517578,
        "sma200": 143.77365634918212,
        "sma50": 148.90410278320311,
        "rsi_weekly": 54.218992952802985,
        "rsi_monthly": 54.45709748016143,
        "52w_high": 183.47286987304688,
        "52w_low": 0
    },
    "DTE": {
        "close": 130.2550048828125,
        "sma200": 133.5366474533081,
        "sma50": 131.91592529296875,
        "rsi_weekly": 43.29599120171457,
        "rsi_monthly": 62.681484905303726,
        "52w_high": 142.03366088867188,
        "52w_low": 0
    },
    "DUK": {
        "close": 116.69000244140625,
        "sma200": 118.8654160308838,
        "sma50": 119.42297607421875,
        "rsi_weekly": 43.8702709257116,
        "rsi_monthly": 51.12223299752381,
        "52w_high": 127.91812133789062,
        "52w_low": 0
    },
    "DD": {
        "close": 43.525001525878906,
        "sma200": 32.36117484092713,
        "sma50": 39.975969772338864,
        "rsi_weekly": 76.30581622495858,
        "rsi_monthly": 79.41050541256085,
        "52w_high": 43.810001373291016,
        "52w_low": 0
    },
    "EMN": {
        "close": 68.69999694824219,
        "sma200": 68.50358863830566,
        "sma50": 61.80740509033203,
        "rsi_weekly": 55.14714039452961,
        "rsi_monthly": 46.11037026182936,
        "52w_high": 98.8975830078125,
        "52w_low": 0
    },
    "ETN": {
        "close": 328.8699951171875,
        "sma200": 340.23651573181155,
        "sma50": 341.5560015869141,
        "rsi_weekly": 42.001094555539694,
        "rsi_monthly": 63.999092110858875,
        "52w_high": 391.6195373535156,
        "52w_low": 0
    },
    "EBAY": {
        "close": 93.1050033569336,
        "sma200": 81.72070802688599,
        "sma50": 84.29006423950196,
        "rsi_weekly": 58.847947712430894,
        "rsi_monthly": 78.55947392570981,
        "52w_high": 100.10193634033203,
        "52w_low": 0
    },
    "ECL": {
        "close": 271.7799987792969,
        "sma200": 262.91542755126954,
        "sma50": 262.83503387451174,
        "rsi_weekly": 54.46068333867266,
        "rsi_monthly": 71.9033121014634,
        "52w_high": 283.9881286621094,
        "52w_low": 0
    },
    "EIX": {
        "close": 59.970001220703125,
        "sma200": 53.95326686859131,
        "sma50": 57.6801277923584,
        "rsi_weekly": 63.975428724955066,
        "rsi_monthly": 50.7329168369575,
        "52w_high": 61.15584945678711,
        "52w_low": 0
    },
    "EW": {
        "close": 82.98999786376953,
        "sma200": 78.42090015411377,
        "sma50": 84.87919982910157,
        "rsi_weekly": 58.04999152211198,
        "rsi_monthly": 70.0985485603512,
        "52w_high": 86.94000244140625,
        "52w_low": 0
    },
    "EA": {
        "close": 204.33999633789062,
        "sma200": 172.4544049835205,
        "sma50": 202.67446075439454,
        "rsi_weekly": 76.73110866877393,
        "rsi_monthly": 73.75148379856671,
        "52w_high": 204.7899932861328,
        "52w_low": 0
    },
    "ELV": {
        "close": 375.20001220703125,
        "sma200": 348.590617980957,
        "sma50": 337.1176330566406,
        "rsi_weekly": 59.70028255945035,
        "rsi_monthly": 44.34681205154778,
        "52w_high": 445.9587097167969,
        "52w_low": 0
    },
    "EMR": {
        "close": 145.57000732421875,
        "sma200": 127.54111740112305,
        "sma50": 134.35655410766603,
        "rsi_weekly": 61.924758268990914,
        "rsi_monthly": 71.20909567711308,
        "52w_high": 148.39813232421875,
        "52w_low": 0
    },
    "ENPH": {
        "close": 36.7400016784668,
        "sma200": 38.717950124740604,
        "sma50": 31.108000030517577,
        "rsi_weekly": 47.67460676463599,
        "rsi_monthly": 57.780371298458256,
        "52w_high": 66.87000274658203,
        "52w_low": 0
    },
    "EOG": {
        "close": 105.61000061035156,
        "sma200": 112.34294677734376,
        "sma50": 106.70299987792968,
        "rsi_weekly": 43.00916201392446,
        "rsi_monthly": 43.56583769180933,
        "52w_high": 133.43553161621094,
        "52w_low": 0
    },
    "EPAM": {
        "close": 210.9600067138672,
        "sma200": 171.39785011291505,
        "sma50": 194.1458004760742,
        "rsi_weekly": 64.60881666721947,
        "rsi_monthly": 60.32420314482,
        "52w_high": 267.6300048828125,
        "52w_low": 0
    },
    "EQT": {
        "close": 52.04999923706055,
        "sma200": 54.04238271713257,
        "sma50": 56.36853416442871,
        "rsi_weekly": 43.51059706030244,
        "rsi_monthly": 62.60079808810893,
        "52w_high": 61.16999816894531,
        "52w_low": 0
    },
    "EFX": {
        "close": 221.57000732421875,
        "sma200": 239.7755559539795,
        "sma50": 213.3939697265625,
        "rsi_weekly": 48.36452863541642,
        "rsi_monthly": 59.09308259040552,
        "52w_high": 278.78533935546875,
        "52w_low": 0
    },
    "EQIX": {
        "close": 782.7000122070312,