{
    "last_scan_index": 75,
    "AAPL": {
        "close": 259.3699951171875,
        "sma200": 232.80100135803224,
        "sma50": 272.57918151855466,
        "rsi_weekly": 63.04886259228372,
        "rsi_monthly": 65.05591556932082,
        "52w_high": 286.19000244140625,
        "52w_low": 0
    },
    "NVDA": {
        "close": 184.86000061035156,
        "sma200": 162.17273921966552,
        "sma50": 186.36893981933594,
        "rsi_weekly": 58.6487059923184,
        "rsi_monthly": 76.36247204743127,
        "52w_high": 207.02847290039062,
        "52w_low": 0
    },
    "TSLA": {
        "close": 445.010009765625,
        "sma200": 364.7485501861572,
        "sma50": 444.2562017822266,
        "rsi_weekly": 56.31157929953819,
        "rsi_monthly": 70.21254147643917,
        "52w_high": 489.8800048828125,
        "52w_low": 0
    },
    "MSFT": {
        "close": 479.2799987792969,
        "sma200": 478.9697885131836,
        "sma50": 490.38487426757814,
        "rsi_weekly": 44.49072407208767,
        "rsi_monthly": 64.94485185032623,
        "52w_high": 541.057373046875,
        "52w_low": 0
    },
    "AMD": {
        "close": 203.1699981689453,
        "sma200": 165.75879978179933,
        "sma50": 223.97699920654296,
        "rsi_weekly": 60.71614808686848,
        "rsi_monthly": 69.38721493424931,
        "52w_high": 264.3299865722656,
        "52w_low": 0
    },
    "ADP": {
        "close": 266.0199890136719,
        "sma200": 287.56616539001465,
        "sma50": 256.84810638427734,
        "rsi_weekly": 33.10957902897366,
        "rsi_monthly": 48.93976847620428,
        "52w_high": 321.4271545410156,
        "52w_low": 0
    },
    "AZO": {
        "close": 3421.169921875,
        "sma200": 3810.1391455078124,
        "sma50": 3622.8384033203124,
        "rsi_weekly": 33.58807043115551,
        "rsi_monthly": 59.03724331970976,
        "52w_high": 4354.5400390625,
        "52w_low": 0
    },
    "AVB": {
        "close": 179.3699951171875,
        "sma200": 189.97840927124022,
        "sma50": 177.6850750732422,
        "rsi_weekly": 44.569843095672645,
        "rsi_monthly": 42.12835185147811,
        "52w_high": 220.1442413330078,
        "52w_low": 0
    },
    "AVY": {
        "close": 188.39999389648438,
        "sma200": 172.2937875366211,
        "sma50": 176.50774780273437,
        "rsi_weekly": 58.57759302934683,
        "rsi_monthly": 66.34420975675104,
        "52w_high": 191.8097381591797,
        "52w_low": 0
    },
    "AXON": {
        "close": 631.6900024414062,
        "sma200": 681.407499847412,
        "sma50": 583.6398022460937,
        "rsi_weekly": 40.36992684015042,
        "rsi_monthly": 60.67064340685401,
        "52w_high": 870.969970703125,
        "52w_low": 0
    },
    "BKR": {
        "close": 49.970001220703125,
        "sma200": 43.0596929359436,
        "sma50": 47.78565788269043,
        "rsi_weekly": 54.39906704523815,
        "rsi_monthly": 63.8912224292132,
        "52w_high": 50.61000061035156,
        "52w_low": 0
    },
    "BALL": {
        "close": 55.619998931884766,
        "sma200": 51.567146148681644,
        "sma50": 49.865661239624025,
        "rsi_weekly": 56.45249629569454,
        "rsi_monthly": 67.95235588482514,
        "52w_high": 59.233028411865234,
        "52w_low": 0
    },
    "BAC": {
        "close": 55.849998474121094,
        "sma200": 47.68859523773193,
        "sma50": 53.902211303710935,
        "rsi_weekly": 67.45021983588288,
        "rsi_monthly": 79.28784437946366,
        "52w_high": 57.25,
        "52w_low": 0
    },
    "BK": {
        "close": 119.04000091552734,
        "sma200": 99.06618019104003,
        "sma50": 113.23079956054687,
        "rsi_weekly": 70.17688725740028,
        "rsi_monthly": 86.43816795326728,
        "52w_high": 121.30999755859375,
        "52w_low": 0
    },
    "BBWI": {
        "close": 23.290000915527344,
        "sma200": 26.444993515014648,
        "sma50": 20.37317783355713,
        "rsi_weekly": 42.08603113314405,
        "rsi_monthly": 45.0109286373258,
        "52w_high": 39.98191833496094,
        "52w_low": 0
    },
    "BAX": {
        "close": 21.06999969482422,
        "sma200": 25.045638608932496,
        "sma50": 18.882905921936036,
        "rsi_weekly": 37.83127291184129,
        "rsi_monthly": 42.31003655846434,
        "52w_high": 36.09501647949219,
        "52w_low": 0
    },
    "BDX": {
        "close": 202.75,
        "sma200": 186.03966171264648,
        "sma50": 191.67114379882813,
        "rsi_weekly": 53.87524768191785,
        "rsi_monthly": 40.80860380802867,
        "52w_high": 243.80543518066406,
        "52w_low": 0
    },
    "BBY": {
        "close": 70.61000061035156,
        "sma200": 70.35868061065673,
        "sma50": 73.98767837524414,
        "rsi_weekly": 44.1913467376896,
        "rsi_monthly": 57.73043038960601,
        "52w_high": 86.45199584960938,
        "52w_low": 0
    },
    "BIO": {
        "close": 323.82000732421875,
        "sma200": 274.71134941101076,
        "sma50": 312.3393981933594,
        "rsi_weekly": 52.85321926273481,
        "rsi_monthly": 52.914979021456986,
        "52w_high": 367.0,
        "52w_low": 0
    },
    "TECH": {
        "close": 65.69999694824219,
        "sma200": 55.148145275115965,
        "sma50": 60.67793952941894,
        "rsi_weekly": 51.64493406434596,
        "rsi_monthly": 52.777863063543336,
        "52w_high": 78.30477142333984,
        "52w_low": 0
    },
    "BIIB": {
        "close": 187.6199951171875,
        "sma200": 142.42895027160645,
        "sma50": 171.39420043945313,
        "rsi_weekly": 65.41166285497414,
        "rsi_monthly": 30.505703427542805,
        "52w_high": 187.6199951171875,
        "52w_low": 0
    },
    "BLK": {
        "close": 1085.0999755859375,
        "sma200": 1044.365520629883,
        "sma50": 1066.0907177734375,
        "rsi_weekly": 52.3369434080972,
        "rsi_monthly": 67.76743798849255,
        "52w_high": 1196.7647705078125,
        "52w_low": 0
    },
    "BX": {
        "close": 157.6199951171875,
        "sma200": 152.11576805114746,
        "sma50": 149.22389099121094,
        "rsi_weekly": 53.61597886011586,
        "rsi_monthly": 58.11288788835091,
        "52w_high": 187.02017211914062,
        "52w_low": 0
    },
    "BA": {
        "close": 234.52999877929688,
        "sma200": 206.9012003326416,
        "sma50": 203.81480102539064,
        "rsi_weekly": 59.97203070354573,
        "rsi_monthly": 50.75980119696621,
        "52w_high": 237.3800048828125,
        "52w_low": 0
    },
    "BKNG": {
        "close": 5492.10986328125,
        "sma200": 5259.16330078125,
        "sma50": 5143.785263671875,
        "rsi_weekly": 52.915102176353024,
        "rsi_monthly": 59.50382883230315,
        "52w_high": 5794.83740234375,
        "52w_low": 0
    },
    "BWA": {
        "close": 47.66999816894531,
        "sma200": 38.09208354949951,
        "sma50": 44.46109443664551,
        "rsi_weekly": 69.5930913110334,
        "rsi_monthly": 55.54676774581974,
        "52w_high": 47.88999938964844,
        "52w_low": 0
    },
    "BSX": {
        "close": 97.63999938964844,
        "sma200": 100.80865013122559,
        "sma50": 97.7733999633789,
        "rsi_weekly": 43.545718808009184,
        "rsi_monthly": 64.00956665114143,
        "52w_high": 108.13999938964844,
        "52w_low": 0
    },
    "BMY": {
        "close": 55.86000061035156,
        "sma200": 47.19079383850098,
        "sma50": 49.93435157775879,
        "rsi_weekly": 66.81213220158477,
        "rsi_monthly": 63.23713774587743,
        "52w_high": 60.075191497802734,
        "52w_low": 0
    },
    "AVGO": {
        "close": 344.9700012207031,
        "sma200": 292.70904670715333,
        "sma50": 359.97261779785157,
        "rsi_weekly": 55.3056144069444,
        "rsi_monthly": 72.81598368314329,
        "52w_high": 412.18133544921875,
        "52w_low": 0
    }
}