{
    "last_scan_index": 450,
    "AAPL": {
        "close": 246.6999969482422,
        "sma200": 233.86975593566893,
        "sma50": 271.0305728149414,
        "rsi_weekly": 51.0596593804225,
        "rsi_monthly": 65.0559152971824,
        "52w_high": 286.19000244140625,
        "52w_low": 0
    },
    "NVDA": {
        "close": 178.07000732421875,
        "sma200": 164.38049160003663,
        "sma50": 184.2110903930664,
        "rsi_weekly": 56.61352258585826,
        "rsi_monthly": 76.36247732859955,
        "52w_high": 207.02847290039062,
        "52w_low": 0
    },
    "TSLA": {
        "close": 419.25,
        "sma200": 369.8063503265381,
        "sma50": 442.21240173339845,
        "rsi_weekly": 55.767272209839355,
        "rsi_monthly": 70.21254147643917,
        "52w_high": 489.8800048828125,
        "52w_low": 0
    },
    "MSFT": {
        "close": 454.5199890136719,
        "sma200": 481.42708557128907,
        "sma50": 483.5941796875,
        "rsi_weekly": 40.972928046373156,
        "rsi_monthly": 64.94488534250515,
        "52w_high": 541.057373046875,
        "52w_low": 0
    },
    "AMD": {
        "close": 231.9199981689453,
        "sma200": 169.33574981689452,
        "sma50": 220.02920013427735,
        "rsi_weekly": 60.57175331207617,
        "rsi_monthly": 69.38721493424931,
        "52w_high": 264.3299865722656,
        "52w_low": 0
    },
    "SYY": {
        "close": 76.5199966430664,
        "sma200": 75.20424381256103,
        "sma50": 74.36388031005859,
        "rsi_weekly": 58.177080908348714,
        "rsi_monthly": 47.011401965089554,
        "52w_high": 82.1237564086914,
        "52w_low": 0
    },
    "TMUS": {
        "close": 183.64999389648438,
        "sma200": 228.4224471282959,
        "sma50": 202.1591653442383,
        "rsi_weekly": 30.47089229984661,
        "rsi_monthly": 49.8946049317042,
        "52w_high": 269.53662109375,
        "52w_low": 0
    },
    "TROW": {
        "close": 103.68000030517578,
        "sma200": 98.56118881225586,
        "sma50": 103.06012344360352,
        "rsi_weekly": 59.730512329489684,
        "rsi_monthly": 60.48360297483031,
        "52w_high": 111.02996063232422,
        "52w_low": 0
    },
    "TTWO": {
        "close": 240.61000061035156,
        "sma200": 238.21330017089844,
        "sma50": 245.55840057373047,
        "rsi_weekly": 49.243094906042806,
        "rsi_monthly": 52.059212934817936,
        "52w_high": 262.2900085449219,
        "52w_low": 0
    },
    "TPR": {
        "close": 129.16000366210938,
        "sma200": 100.1908550643921,
        "sma50": 118.70332580566406,
        "rsi_weekly": 66.87384955510375,
        "rsi_monthly": 84.18371910865375,
        "52w_high": 134.3800048828125,
        "52w_low": 0
    },
    "TRGP": {
        "close": 185.07000732421875,
        "sma200": 166.78381271362304,
        "sma50": 177.7966000366211,
        "rsi_weekly": 58.9608537985512,
        "rsi_monthly": 70.6623733690032,
        "52w_high": 212.5133056640625,
        "52w_low": 0
    },
    "TGT": {
        "close": 109.33999633789062,
        "sma200": 94.5770032119751,
        "sma50": 95.93910171508789,
        "rsi_weekly": 69.34309821049308,
        "rsi_monthly": 58.731955846328276,
        "52w_high": 136.4789276123047,
        "52w_low": 0
    },
    "TEL": {
        "close": 233.27000427246094,
        "sma200": 197.44550666809081,
        "sma50": 232.7039993286133,
        "rsi_weekly": 66.68325512911929,
        "rsi_monthly": 74.7103940715185,
        "52w_high": 249.0,
        "52w_low": 0
    },
    "TDY": {
        "close": 566.22998046875,
        "sma200": 521.3232499694824,
        "sma50": 518.1959973144532,
        "rsi_weekly": 65.1844708432563,
        "rsi_monthly": 58.290777462975825,
        "52w_high": 593.6199951171875,
        "52w_low": 0
    },
    "TFX": {
        "close": 100.33999633789062,
        "sma200": 121.47894035339355,
        "sma50": 116.04684936523438,
        "rsi_weekly": 37.08726446673124,
        "rsi_monthly": 19.83488587930788,
        "52w_high": 181.63824462890625,
        "52w_low": 0
    },
    "TER": {
        "close": 223.97999572753906,
        "sma200": 127.04417446136475,
        "sma50": 194.75046325683593,
        "rsi_weekly": 77.14281258152104,
        "rsi_monthly": 76.62604673825675,
        "52w_high": 230.19000244140625,
        "52w_low": 0
    },
    "TXN": {
        "close": 189.58999633789062,
        "sma200": 180.03660034179688,
        "sma50": 174.54360076904297,
        "rsi_weekly": 58.49231916989331,
        "rsi_monthly": 54.35192794801183,
        "52w_high": 217.718994140625,
        "52w_low": 0
    },
    "TXT": {
        "close": 93.16000366210938,
        "sma200": 80.01884553909302,
        "sma50": 86.26731964111327,
        "rsi_weekly": 68.92094866599624,
        "rsi_monthly": 65.20721478828703,
        "52w_high": 94.2300033569336,
        "52w_low": 0
    },
    "TMO": {
        "close": 619.010009765625,
        "sma200": 490.8894770812988,
        "sma50": 586.1633337402344,
        "rsi_weekly": 71.48568817977758,
        "rsi_monthly": 64.82259503993068,
        "52w_high": 624.6500244140625,
        "52w_low": 0
    },
    "TJX": {
        "close": 156.0800018310547,
        "sma200": 136.74828346252443,
        "sma50": 152.6524334716797,
        "rsi_weekly": 71.3280269261938,
        "rsi_monthly": 81.40957932884851,
        "52w_high": 158.25,
        "52w_low": 0
    },
    "TSCO": {
        "close": 50.970001220703125,
        "sma200": 54.09760915756225,
        "sma50": 52.546355438232425,
        "rsi_weekly": 40.53550492373529,
        "rsi_monthly": 62.823049533508346,
        "52w_high": 62.37771224975586,
        "52w_low": 0
    },
    "TT": {
        "close": 387.3299865722656,
        "sma200": 410.42343826293944,
        "sma50": 400.8127996826172,
        "rsi_weekly": 43.69393230880471,
        "rsi_monthly": 65.48619684974318,
        "52w_high": 471.4648742675781,
        "52w_low": 0
    },
    "TDG": {
        "close": 1448.550048828125,
        "sma200": 1334.423655395508,
        "sma50": 1337.9482006835938,
        "rsi_weekly": 63.40682414855344,
        "rsi_monthly": 69.26931932618686,
        "52w_high": 1516.55029296875,
        "52w_low": 0
    },
    "TRV": {
        "close": 269.6099853515625,
        "sma200": 269.8013632965088,
        "sma50": 284.8681964111328,
        "rsi_weekly": 46.01619040138822,
        "rsi_monthly": 74.05468744443479,
        "52w_high": 293.8399963378906,
        "52w_low": 0
    },
    "TRU": {
        "close": 82.26000213623047,
        "sma200": 85.26288711547852,
        "sma50": 83.95663757324219,
        "rsi_weekly": 51.06770349415022,
        "rsi_monthly": 65.62876394137072,
        "52w_high": 99.71392822265625,
        "52w_low": 0
    },
    "TYL": {
        "close": 428.4700012207031,
        "sma200": 528.4400985717773,
        "sma50": 457.42400024414064,
        "rsi_weekly": 30.23398140464292,
        "rsi_monthly": 44.96701049555504,
        "52w_high": 646.739990234375,
        "52w_low": 0
    },
    "TSN": {
        "close": 60.900001525878906,
        "sma200": 55.19414060592651,
        "sma50": 56.926476364135745,
        "rsi_weekly": 63.04595459291874,
        "rsi_monthly": 54.65594247510579,
        "52w_high": 62.12738037109375,
        "52w_low": 0
    },
    "USB": {
        "close": 54.380001068115234,
        "sma200": 45.92870803833008,
        "sma50": 51.26491958618164,
        "rsi_weekly": 67.2696025674538,
        "rsi_monthly": 70.08457829448149,
        "52w_high": 56.08000183105469,
        "52w_low": 0
    },
    "UDR": {
        "close": 37.15999984741211,
        "sma200": 37.56587942123413,
        "sma50": 35.459212188720706,
        "rsi_weekly": 55.935944207342885,
        "rsi_monthly": 43.74819766450556,
        "52w_high": 44.02199172973633,
        "52w_low": 0
    }
}