{
    "last_scan_index": 175,
    "AAPL": {
        "close": 246.6999969482422,
        "sma200": 233.86975593566893,
        "sma50": 271.0305728149414,
        "rsi_weekly": 51.059659150849484,
        "rsi_monthly": 65.05591331547396,
        "52w_high": 286.19000244140625,
        "52w_low": 0
    },
    "NVDA": {
        "close": 178.07000732421875,
        "sma200": 164.38049160003663,
        "sma50": 184.2110903930664,
        "rsi_weekly": 56.61352266349253,
        "rsi_monthly": 76.36247829574413,
        "52w_high": 207.02847290039062,
        "52w_low": 0
    },
    "TSLA": {
        "close": 419.25,
        "sma200": 369.8063503265381,
        "sma50": 442.21240173339845,
        "rsi_weekly": 55.767272209839355,
        "rsi_monthly": 70.21254147643917,
        "52w_high": 489.8800048828125,
        "52w_low": 0
    },
    "MSFT": {
        "close": 454.5199890136719,
        "sma200": 481.4270835876465,
        "sma50": 483.5941796875,
        "rsi_weekly": 40.97292784519606,
        "rsi_monthly": 64.94484715308056,
        "52w_high": 541.057373046875,
        "52w_low": 0
    },
    "AMD": {
        "close": 231.9199981689453,
        "sma200": 169.33574981689452,
        "sma50": 220.02920013427735,
        "rsi_weekly": 60.57175331207617,
        "rsi_monthly": 69.38721493424931,
        "52w_high": 264.3299865722656,
        "52w_low": 0
    },
    "DG": {
        "close": 146.6300048828125,
        "sma200": 108.4005776977539,
        "sma50": 124.62633499145508,
        "rsi_weekly": 79.16470522596771,
        "rsi_monthly": 72.08829018537995,
        "52w_high": 151.72999572753906,
        "52w_low": 0
    },
    "DLTR": {
        "close": 134.05999755859375,
        "sma200": 102.60245010375976,
        "sma50": 119.60739974975586,
        "rsi_weekly": 74.89326967554878,
        "rsi_monthly": 72.23544045212721,
        "52w_high": 141.2100067138672,
        "52w_low": 0
    },
    "D": {
        "close": 61.09000015258789,
        "sma200": 57.26353635787964,
        "sma50": 59.56380477905273,
        "rsi_weekly": 57.52644880303614,
        "rsi_monthly": 69.14498984631105,
        "52w_high": 62.06929016113281,
        "52w_low": 0
    },
    "DPZ": {
        "close": 387.6400146484375,
        "sma200": 440.98984268188474,
        "sma50": 414.9714782714844,
        "rsi_weekly": 39.299947424882134,
        "rsi_monthly": 54.82106882128116,
        "52w_high": 491.7031555175781,
        "52w_low": 0
    },
    "DOV": {
        "close": 201.27000427246094,
        "sma200": 179.27479194641114,
        "sma50": 192.75491119384765,
        "rsi_weekly": 68.27627125077532,
        "rsi_monthly": 72.2139261734173,
        "52w_high": 206.61000061035156,
        "52w_low": 0
    },
    "DOW": {
        "close": 26.579999923706055,
        "sma200": 24.932447605133056,
        "sma50": 23.676394157409668,
        "rsi_weekly": 58.684570847556024,
        "rsi_monthly": 39.846720932711285,
        "52w_high": 39.004295349121094,
        "52w_low": 0
    },
    "DHI": {
        "close": 153.19000244140625,
        "sma200": 144.56252475738526,
        "sma50": 150.07775848388673,
        "rsi_weekly": 53.28441958474579,
        "rsi_monthly": 54.457097044878694,
        "52w_high": 183.47286987304688,
        "52w_low": 0
    },
    "DTE": {
        "close": 135.61000061035156,
        "sma200": 133.551561088562,
        "sma50": 131.97757598876953,
        "rsi_weekly": 55.22175783985289,
        "rsi_monthly": 62.68149590215042,
        "52w_high": 142.03366088867188,
        "52w_low": 0
    },
    "DUK": {
        "close": 119.55000305175781,
        "sma200": 118.90974914550782,
        "sma50": 118.98956405639649,
        "rsi_weekly": 50.06703955368357,
        "rsi_monthly": 51.12225712055221,
        "52w_high": 127.91812133789062,
        "52w_low": 0
    },
    "DD": {
        "close": 42.279998779296875,
        "sma200": 32.66535814285278,
        "sma50": 40.68993782043457,
        "rsi_weekly": 71.54278694169442,
        "rsi_monthly": 79.41051371200022,
        "52w_high": 43.810001373291016,
        "52w_low": 0
    },
    "EMN": {
        "close": 66.19000244140625,
        "sma200": 68.08993282318116,
        "sma50": 62.74833251953125,
        "rsi_weekly": 54.95367663565152,
        "rsi_monthly": 46.11037229446555,
        "52w_high": 98.8975830078125,
        "52w_low": 0
    },
    "ETN": {
        "close": 337.5899963378906,
        "sma200": 341.73616233825686,
        "sma50": 336.83940185546874,
        "rsi_weekly": 50.147562732070426,
        "rsi_monthly": 63.99908556063381,
        "52w_high": 391.6195373535156,
        "52w_low": 0
    },
    "EBAY": {
        "close": 90.69999694824219,
        "sma200": 82.39787288665771,
        "sma50": 85.4846272277832,
        "rsi_weekly": 61.14717534955953,
        "rsi_monthly": 78.55948841767182,
        "52w_high": 100.10193634033203,
        "52w_low": 0
    },
    "ECL": {
        "close": 273.0,
        "sma200": 263.5264266204834,
        "sma50": 264.66048248291014,
        "rsi_weekly": 57.53102850667475,
        "rsi_monthly": 71.9033186515727,
        "52w_high": 283.9881286621094,
        "52w_low": 0
    },
    "EIX": {
        "close": 59.90999984741211,
        "sma200": 54.105325870513916,
        "sma50": 58.325771255493166,
        "rsi_weekly": 66.90127726013738,
        "rsi_monthly": 50.7329279328605,
        "52w_high": 62.38999938964844,
        "52w_low": 0
    },
    "EW": {
        "close": 83.45999908447266,
        "sma200": 78.724700050354,
        "sma50": 84.94459976196289,
        "rsi_weekly": 56.35744798082777,
        "rsi_monthly": 70.0985485603512,
        "52w_high": 86.94000244140625,
        "52w_low": 0
    },
    "EA": {
        "close": 204.0,
        "sma200": 173.94761192321778,
        "sma50": 203.08218322753908,
        "rsi_weekly": 76.80350324086912,
        "rsi_monthly": 73.75148341461907,
        "52w_high": 204.7899932861328,
        "52w_low": 0
    },
    "ELV": {
        "close": 367.05999755859375,
        "sma200": 347.2824256896973,
        "sma50": 342.88258666992186,
        "rsi_weekly": 60.26654600474824,
        "rsi_monthly": 44.34679721620465,
        "52w_high": 445.9587097167969,
        "52w_low": 0
    },
    "EMR": {
        "close": 145.22000122070312,
        "sma200": 128.5013027191162,
        "sma50": 135.42348220825195,
        "rsi_weekly": 65.50141022754259,
        "rsi_monthly": 71.20908156846573,
        "52w_high": 149.4600067138672,
        "52w_low": 0
    },
    "ENPH": {
        "close": 34.52000045776367,
        "sma200": 38.05785012245178,
        "sma50": 31.62680000305176,
        "rsi_weekly": 47.24872962525377,
        "rsi_monthly": 57.780371298458256,
        "52w_high": 66.51000213623047,
        "52w_low": 0
    },
    "EOG": {
        "close": 106.20999908447266,
        "sma200": 110.8678821182251,
        "sma50": 105.94875106811523,
        "rsi_weekly": 45.03158939092709,
        "rsi_monthly": 43.5658552945551,
        "52w_high": 131.69822692871094,
        "52w_low": 0
    },
    "EPAM": {
        "close": 206.47999572753906,
        "sma200": 172.49780021667482,
        "sma50": 199.4422006225586,
        "rsi_weekly": 64.89719925195209,
        "rsi_monthly": 60.32420314482,
        "52w_high": 267.6300048828125,
        "52w_low": 0
    },
    "EQT": {
        "close": 51.47999954223633,
        "sma200": 53.98747974395752,
        "sma50": 55.98459976196289,
        "rsi_weekly": 42.582223958601006,
        "rsi_monthly": 62.60079948503546,
        "52w_high": 61.16999816894531,
        "52w_low": 0
    },
    "EFX": {
        "close": 208.35000610351562,
        "sma200": 239.1407315826416,
        "sma50": 214.16921447753907,
        "rsi_weekly": 44.57058700558504,
        "rsi_monthly": 59.0931083400057,
        "52w_high": 278.78533935546875,
        "52w_low": 0
    },
    "EQIX": {
        "close": 784.2000122070312,