{
    "last_scan_index": 500,
    "AAPL": {
        "close": 259.0400085449219,
        "sma200": 232.61908866882325,
        "sma50": 272.7665710449219,
        "rsi_weekly": 63.04886204815714,
        "rsi_monthly": 65.05593400748711,
        "52w_high": 286.19000244140625,
        "52w_low": 0
    },
    "NVDA": {
        "close": 185.0399932861328,
        "sma200": 161.8517797088623,
        "sma50": 186.69211608886718,
        "rsi_weekly": 58.6487059930433,
        "rsi_monthly": 76.36247330720064,
        "52w_high": 207.02847290039062,
        "52w_low": 0
    },
    "TSLA": {
        "close": 435.79998779296875,
        "sma200": 363.9642002105713,
        "sma50": 444.56700134277344,
        "rsi_weekly": 56.31157929953819,
        "rsi_monthly": 70.21254147643917,
        "52w_high": 489.8800048828125,
        "52w_low": 0
    },
    "MSFT": {
        "close": 478.1099853515625,
        "sma200": 478.5386521911621,
        "sma50": 491.6204217529297,
        "rsi_weekly": 44.49072420414414,
        "rsi_monthly": 64.9448464121866,
        "52w_high": 541.057373046875,
        "52w_low": 0
    },
    "AMD": {
        "close": 204.67999267578125,
        "sma200": 165.31699977874757,
        "sma50": 225.07379943847656,
        "rsi_weekly": 60.71614808686848,
        "rsi_monthly": 69.38721493424931,
        "52w_high": 264.3299865722656,
        "52w_low": 0
    },
    "WFC": {
        "close": 95.5999984741211,
        "sma200": 79.69916437149048,
        "sma50": 89.1916812133789,
        "rsi_weekly": 68.37683518461279,
        "rsi_monthly": 85.74286367409907,
        "52w_high": 96.38999938964844,
        "52w_low": 0
    },
    "WELL": {
        "close": 186.30999755859375,
        "sma200": 166.1764407348633,
        "sma50": 191.51987243652343,
        "rsi_weekly": 58.294222667898126,
        "rsi_monthly": 76.39006018178003,
        "52w_high": 208.22000122070312,
        "52w_low": 0
    },
    "WST": {
        "close": 275.2300109863281,
        "sma200": 243.88133522033692,
        "sma50": 274.0323742675781,
        "rsi_weekly": 55.96709343294505,
        "rsi_monthly": 37.31547331051725,
        "52w_high": 346.7433776855469,
        "52w_low": 0
    },
    "WDC": {
        "close": 187.67999267578125,
        "sma200": 95.27248328208924,
        "sma50": 166.7822120666504,
        "rsi_weekly": 78.60052685188504,
        "rsi_monthly": 90.96429343798859,
        "52w_high": 219.3800048828125,
        "52w_low": 0
    },
    "WY": {
        "close": 23.989999771118164,
        "sma200": 24.657380447387695,
        "sma50": 22.72660545349121,
        "rsi_weekly": 48.47139921267996,
        "rsi_monthly": 50.919710223973034,
        "52w_high": 30.380916595458984,
        "52w_low": 0
    },
    "WHR": {
        "close": 81.37000274658203,
        "sma200": 81.35520984649658,
        "sma50": 73.47370727539062,
        "rsi_weekly": 45.25228180522499,
        "rsi_monthly": 41.214478028640634,
        "52w_high": 125.28579711914062,
        "52w_low": 0
    },
    "WMB": {
        "close": 61.150001525878906,
        "sma200": 58.572339153289796,
        "sma50": 59.44703285217285,
        "rsi_weekly": 54.2349927405175,
        "rsi_monthly": 68.9414123166588,
        "52w_high": 63.950782775878906,
        "52w_low": 0
    },
    "WTW": {
        "close": 333.1400146484375,
        "sma200": 319.55594314575194,
        "sma50": 323.21977783203124,
        "rsi_weekly": 51.738732402679894,
        "rsi_monthly": 72.65670079788397,
        "52w_high": 348.96490478515625,
        "52w_low": 0
    },
    "WYNN": {
        "close": 118.2699966430664,
        "sma200": 107.60860748291016,
        "sma50": 123.77655487060547,
        "rsi_weekly": 54.974285475710126,
        "rsi_monthly": 71.07336220699689,
        "52w_high": 133.08999633789062,
        "52w_low": 0
    },
    "XEL": {
        "close": 73.37999725341797,
        "sma200": 72.44617584228516,
        "sma50": 77.11835037231445,
        "rsi_weekly": 49.84441402915152,
        "rsi_monthly": 40.885696908582084,
        "52w_high": 81.4811019897461,
        "52w_low": 0
    },
    "XYL": {
        "close": 140.88999938964844,
        "sma200": 133.88067569732667,
        "sma50": 141.92447967529296,
        "rsi_weekly": 47.55780817312466,
        "rsi_monthly": 70.2016608323523,
        "52w_high": 152.51864624023438,
        "52w_low": 0
    },
    "YUM": {
        "close": 153.47999572753906,
        "sma200": 146.33902435302736,
        "sma50": 148.8875765991211,
        "rsi_weekly": 53.34690039592424,
        "rsi_monthly": 68.39963096846706,
        "52w_high": 160.19668579101562,
        "52w_low": 0
    },
    "ZBRA": {
        "close": 254.63999938964844,
        "sma200": 285.40204986572263,
        "sma50": 254.1357992553711,
        "rsi_weekly": 39.05972641457557,
        "rsi_monthly": 56.08681742013676,
        "52w_high": 421.1099853515625,
        "52w_low": 0
    },
    "ZBH": {
        "close": 94.08000183105469,
        "sma200": 96.65002113342285,
        "sma50": 92.42999588012695,
        "rsi_weekly": 43.06472930771658,
        "rsi_monthly": 35.43032737470622,
        "52w_high": 112.31304931640625,
        "52w_low": 0
    },
    "ZTS": {
        "close": 126.8499984741211,
        "sma200": 145.8721361541748,
        "sma50": 124.6873208618164,
        "rsi_weekly": 38.8247045840435,
        "rsi_monthly": 45.499059711084506,
        "52w_high": 173.89024353027344,
        "52w_low": 0
    }
}