{
    "last_scan_index": 175,
    "AAPL": {
        "close": 255.52999877929688,
        "sma200": 233.75189094543458,
        "sma50": 271.494140625,
        "rsi_weekly": 53.76185313855645,
        "rsi_monthly": 65.05593472760057,
        "52w_high": 286.19000244140625,
        "52w_low": 0
    },
    "NVDA": {
        "close": 186.22999572753906,
        "sma200": 164.04214149475098,
        "sma50": 184.55367309570312,
        "rsi_weekly": 55.832537431618135,
        "rsi_monthly": 76.36247382573889,
        "52w_high": 207.02847290039062,
        "52w_low": 0
    },
    "TSLA": {
        "close": 437.5,
        "sma200": 369.1239003753662,
        "sma50": 443.0688018798828,
        "rsi_weekly": 57.433070397524055,
        "rsi_monthly": 70.21254147643917,
        "52w_high": 489.8800048828125,
        "52w_low": 0
    },
    "MSFT": {
        "close": 459.8599853515625,
        "sma200": 481.05499618530274,
        "sma50": 484.6280310058594,
        "rsi_weekly": 46.92493279641869,
        "rsi_monthly": 64.94486728773704,
        "52w_high": 541.057373046875,
        "52w_low": 0
    },
    "AMD": {
        "close": 231.8300018310547,
        "sma200": 168.69094982147217,
        "sma50": 220.51739990234375,
        "rsi_weekly": 52.90812131363197,
        "rsi_monthly": 69.38721493424931,
        "52w_high": 264.3299865722656,
        "52w_low": 0
    },
    "DG": {
        "close": 148.74000549316406,
        "sma200": 108.1087003326416,
        "sma50": 123.69738952636719,
        "rsi_weekly": 76.79642725360002,
        "rsi_monthly": 72.08829004541703,
        "52w_high": 151.72999572753906,
        "52w_low": 0
    },
    "DLTR": {
        "close": 139.9499969482422,
        "sma200": 102.32000011444092,
        "sma50": 119.02459976196289,
        "rsi_weekly": 71.3786278701873,
        "rsi_monthly": 72.23544045212721,
        "52w_high": 141.2100067138672,
        "52w_low": 0
    },
    "D": {
        "close": 61.130001068115234,
        "sma200": 57.22965353012085,
        "sma50": 59.52247825622558,
        "rsi_weekly": 47.63939421162252,
        "rsi_monthly": 69.14500439657799,
        "52w_high": 62.06929016113281,
        "52w_low": 0
    },
    "DPZ": {
        "close": 400.2799987792969,
        "sma200": 441.3660121154785,
        "sma50": 415.1946026611328,
        "rsi_weekly": 40.801493615202595,
        "rsi_monthly": 54.82104996847877,
        "52w_high": 491.703125,
        "52w_low": 0
    },
    "DOV": {
        "close": 206.61000061035156,
        "sma200": 179.15593460083008,
        "sma50": 192.31247619628905,
        "rsi_weekly": 65.54042843995609,
        "rsi_monthly": 72.21392891549685,
        "52w_high": 206.61000061035156,
        "52w_low": 0
    },
    "DOW": {
        "close": 27.56999969482422,
        "sma200": 24.964875316619874,
        "sma50": 23.593527908325196,
        "rsi_weekly": 55.45369304103906,
        "rsi_monthly": 39.84674453807649,
        "52w_high": 39.004295349121094,
        "52w_low": 0
    },
    "DHI": {
        "close": 155.9600067138672,
        "sma200": 144.43076984405516,
        "sma50": 149.9104052734375,
        "rsi_weekly": 54.14608569103332,
        "rsi_monthly": 54.45710779356128,
        "52w_high": 183.47286987304688,
        "52w_low": 0
    },
    "DTE": {
        "close": 135.50999450683594,
        "sma200": 133.5464031982422,
        "sma50": 131.92132202148437,
        "rsi_weekly": 43.33671944773651,
        "rsi_monthly": 62.68148507492168,
        "52w_high": 142.03366088867188,
        "52w_low": 0
    },
    "DUK": {
        "close": 119.22000122070312,
        "sma200": 118.89831413269043,
        "sma50": 119.05263290405273,
        "rsi_weekly": 43.91325008838822,
        "rsi_monthly": 51.12218431911837,
        "52w_high": 127.91812133789062,
        "52w_low": 0
    },
    "DD": {
        "close": 42.86000061035156,
        "sma200": 32.60883337020874,
        "sma50": 40.63291862487793,
        "rsi_weekly": 76.20910766568126,
        "rsi_monthly": 79.41050715700398,
        "52w_high": 43.810001373291016,
        "52w_low": 0
    },
    "EMN": {
        "close": 68.66999816894531,
        "sma200": 68.18482864379882,
        "sma50": 62.630572128295896,
        "rsi_weekly": 55.12899166307732,
        "rsi_monthly": 46.110422233934806,
        "52w_high": 98.8975830078125,
        "52w_low": 0
    },
    "ETN": {
        "close": 343.75,
        "sma200": 341.45838088989257,
        "sma50": 337.79640197753906,
        "rsi_weekly": 41.997483623811625,
        "rsi_monthly": 63.999094749851366,
        "52w_high": 391.6195373535156,
        "52w_low": 0
    },
    "EBAY": {
        "close": 93.02999877929688,
        "sma200": 82.27790283203124,
        "sma50": 85.28513137817383,
        "rsi_weekly": 58.85968265070041,
        "rsi_monthly": 78.55947589415604,
        "52w_high": 100.1019287109375,
        "52w_low": 0
    },
    "ECL": {
        "close": 277.07000732421875,
        "sma200": 263.4200615692139,
        "sma50": 264.3646041870117,
        "rsi_weekly": 54.45079503952011,
        "rsi_monthly": 71.90331117329687,
        "52w_high": 283.9881286621094,
        "52w_low": 0
    },
    "EIX": {
        "close": 62.38999938964844,
        "sma200": 54.087657375335695,
        "sma50": 58.246693725585935,
        "rsi_weekly": 64.02673394649405,
        "rsi_monthly": 50.73292996034343,
        "52w_high": 62.38999938964844,
        "52w_low": 0
    },
    "EW": {
        "close": 84.3499984741211,
        "sma200": 78.66765007019043,
        "sma50": 84.93219970703124,
        "rsi_weekly": 58.030425937507516,
        "rsi_monthly": 70.0985485603512,
        "52w_high": 86.94000244140625,
        "52w_low": 0
    },
    "EA": {
        "close": 204.25,
        "sma200": 173.64955154418945,
        "sma50": 203.01323028564454,
        "rsi_weekly": 76.74277003651798,
        "rsi_monthly": 73.75147158165373,
        "52w_high": 204.7899932861328,
        "52w_low": 0
    },
    "ELV": {
        "close": 374.8699951171875,
        "sma200": 347.5618557739258,
        "sma50": 341.87036682128905,
        "rsi_weekly": 59.755490583868706,
        "rsi_monthly": 44.3468417362804,
        "52w_high": 445.9587097167969,
        "52w_low": 0
    },
    "EMR": {
        "close": 149.4600067138672,
        "sma200": 128.3258827972412,
        "sma50": 135.1566374206543,
        "rsi_weekly": 61.92526227799544,
        "rsi_monthly": 71.2090841296918,
        "52w_high": 149.4600067138672,
        "52w_low": 0
    },
    "ENPH": {
        "close": 34.97999954223633,
        "sma200": 38.19785012245178,
        "sma50": 31.580400009155273,
        "rsi_weekly": 47.77851151614128,
        "rsi_monthly": 57.780371298458256,
        "52w_high": 66.51000213623047,
        "52w_low": 0
    },
    "EOG": {
        "close": 105.31999969482422,
        "sma200": 110.9634545135498,
        "sma50": 105.90848556518554,
        "rsi_weekly": 43.09047842215891,
        "rsi_monthly": 43.56583689028932,
        "52w_high": 132.17552185058594,
        "52w_low": 0
    },
    "EPAM": {
        "close": 212.61000061035156,
        "sma200": 172.3107002258301,
        "sma50": 198.53080078125,
        "rsi_weekly": 64.59218992639586,
        "rsi_monthly": 60.32420314482,
        "52w_high": 267.6300048828125,
        "52w_low": 0
    },
    "EQT": {
        "close": 50.540000915527344,
        "sma200": 54.00073812484741,
        "sma50": 56.0747998046875,
        "rsi_weekly": 43.54495848479143,
        "rsi_monthly": 62.600777273395074,
        "52w_high": 61.16999816894531,
        "52w_low": 0
    },
    "EFX": {
        "close": 219.57000732421875,
        "sma200": 239.32908988952636,
        "sma50": 214.13911376953126,
        "rsi_weekly": 48.3615675567489,
        "rsi_monthly": 59.093092596640304,
        "52w_high": 278.7853698730469,
        "52w_low": 0
    },
    "EQIX": {
        "close": 801.780029296875,