{
    "last_scan_index": 300,
    "AAPL": {
        "close": 255.52999877929688,
        "sma200": 233.75189094543458,
        "sma50": 271.494140625,
        "rsi_weekly": 53.761853271723744,
        "rsi_monthly": 65.05593409320795,
        "52w_high": 286.19000244140625,
        "52w_low": 0
    },
    "NVDA": {
        "close": 186.22999572753906,
        "sma200": 164.0421416091919,
        "sma50": 184.55367309570312,
        "rsi_weekly": 55.832537445176335,
        "rsi_monthly": 76.36247024012673,
        "52w_high": 207.02847290039062,
        "52w_low": 0
    },
    "TSLA": {
        "close": 437.5,
        "sma200": 369.1239003753662,
        "sma50": 443.0688018798828,
        "rsi_weekly": 57.433070397524055,
        "rsi_monthly": 70.21254147643917,
        "52w_high": 489.8800048828125,
        "52w_low": 0
    },
    "MSFT": {
        "close": 459.8599853515625,
        "sma200": 481.0549951171875,
        "sma50": 484.6280310058594,
        "rsi_weekly": 46.924933146936624,
        "rsi_monthly": 64.94486904839955,
        "52w_high": 541.057373046875,
        "52w_low": 0
    },
    "AMD": {
        "close": 231.8300018310547,
        "sma200": 168.69094982147217,
        "sma50": 220.51739990234375,
        "rsi_weekly": 52.90812131363197,
        "rsi_monthly": 69.38721493424931,
        "52w_high": 264.3299865722656,
        "52w_low": 0
    },
    "KHC": {
        "close": 23.530000686645508,
        "sma200": 25.776936101913453,
        "sma50": 24.29664379119873,
        "rsi_weekly": 36.13335771773053,
        "rsi_monthly": 26.123263487972707,
        "52w_high": 30.794836044311523,
        "52w_low": 0
    },
    "KR": {
        "close": 63.189998626708984,
        "sma200": 67.15378196716308,
        "sma50": 63.63960487365723,
        "rsi_weekly": 35.86523616876056,
        "rsi_monthly": 64.22843913190981,
        "52w_high": 73.58164978027344,
        "52w_low": 0
    },
    "LHX": {
        "close": 346.4599914550781,
        "sma200": 266.551614151001,
        "sma50": 295.3567828369141,
        "rsi_weekly": 79.20814949699708,
        "rsi_monthly": 72.32699251997933,
        "52w_high": 346.4599914550781,
        "52w_low": 0
    },
    "LH": {
        "close": 270.8699951171875,
        "sma200": 258.1702820587158,
        "sma50": 259.30538269042967,
        "rsi_weekly": 44.12598010354422,
        "rsi_monthly": 48.8578489877753,
        "52w_high": 290.1536865234375,
        "52w_low": 0
    },
    "LRCX": {
        "close": 222.9600067138672,
        "sma200": 119.03383029937744,
        "sma50": 171.18850494384765,
        "rsi_weekly": 84.17096836504362,
        "rsi_monthly": 86.09798884682225,
        "52w_high": 222.9600067138672,
        "52w_low": 0
    },
    "LW": {
        "close": 43.33000183105469,
        "sma200": 54.5395065498352,
        "sma50": 52.59939979553223,
        "rsi_weekly": 30.89105605003345,
        "rsi_monthly": 29.530347646285318,
        "52w_high": 66.17394256591797,
        "52w_low": 0
    },
    "LVS": {
        "close": 58.95000076293945,
        "sma200": 51.419344100952145,
        "sma50": 65.05499938964844,
        "rsi_weekly": 51.93611204577001,
        "rsi_monthly": 73.17663459072747,
        "52w_high": 69.48999786376953,
        "52w_low": 0
    },
    "LDOS": {
        "close": 194.6999969482422,
        "sma200": 171.52493690490724,
        "sma50": 189.47686004638672,
        "rsi_weekly": 63.624675614795585,
        "rsi_monthly": 76.45758107499937,
        "52w_high": 199.09774780273438,
        "52w_low": 0
    },
    "LEN": {
        "close": 118.58999633789062,
        "sma200": 117.14316589355468,
        "sma50": 117.45980041503907,
        "rsi_weekly": 49.52510383550691,
        "rsi_monthly": 46.588448627466335,
        "52w_high": 141.796142578125,
        "52w_low": 0
    },
    "LLY": {
        "close": 1038.4000244140625,
        "sma200": 837.7729315185547,
        "sma50": 1042.0804455566406,
        "rsi_weekly": 65.91395816909117,
        "rsi_monthly": 75.41243803440773,
        "52w_high": 1109.93994140625,
        "52w_low": 0
    },
    "LIN": {
        "close": 438.9599914550781,
        "sma200": 449.34989288330075,
        "sma50": 419.6025091552734,
        "rsi_weekly": 52.62316232076647,
        "rsi_monthly": 66.37433563884503,
        "52w_high": 481.8155212402344,
        "52w_low": 0
    },
    "LYV": {
        "close": 144.42999267578125,
        "sma200": 146.6073500442505,
        "sma50": 139.35340118408203,
        "rsi_weekly": 50.27224029813544,
        "rsi_monthly": 63.96659478076111,
        "52w_high": 174.05999755859375,
        "52w_low": 0
    },
    "LKQ": {
        "close": 33.5099983215332,
        "sma200": 33.60831371307373,
        "sma50": 30.488563079833984,
        "rsi_weekly": 55.34766866486172,
        "rsi_monthly": 57.29196884252359,
        "52w_high": 42.58024597167969,
        "52w_low": 0
    },
    "LMT": {
        "close": 582.4299926757812,
        "sma200": 465.5596141052246,
        "sma50": 481.603876953125,
        "rsi_weekly": 69.97623655981404,
        "rsi_monthly": 55.564355871496154,
        "52w_high": 582.4299926757812,
        "52w_low": 0
    },
    "L": {
        "close": 102.48999786376953,
        "sma200": 95.6901388168335,
        "sma50": 104.89632446289062,
        "rsi_weekly": 61.03293245030359,
        "rsi_monthly": 77.67718855454648,
        "52w_high": 108.26000213623047,
        "52w_low": 0
    },
    "LOW": {
        "close": 277.54998779296875,
        "sma200": 236.54978645324707,
        "sma50": 244.45320068359376,
        "rsi_weekly": 62.942467409515785,
        "rsi_monthly": 70.0480435431287,
        "52w_high": 277.54998779296875,
        "52w_low": 0
    },
    "LULU": {
        "close": 201.8699951171875,
        "sma200": 217.5748989868164,
        "sma50": 191.46819793701172,
        "rsi_weekly": 49.883817431229666,
        "rsi_monthly": 42.09858213970717,
        "52w_high": 421.1600036621094,
        "52w_low": 0
    },
    "LYB": {
        "close": 50.90999984741211,
        "sma200": 50.701473293304446,
        "sma50": 44.624854736328125,
        "rsi_weekly": 50.17974986096592,
        "rsi_monthly": 40.8513512688307,
        "52w_high": 71.61602020263672,
        "52w_low": 0
    },
    "MTB": {
        "close": 212.27999877929688,
        "sma200": 187.12742698669433,
        "sma50": 197.85891876220703,
        "rsi_weekly": 67.23227899853823,
        "rsi_monthly": 63.98928558183781,
        "52w_high": 213.61000061035156,
        "52w_low": 0
    },
    "MPC": {
        "close": 175.6300048828125,
        "sma200": 170.21132457733154,
        "sma50": 182.70779815673828,
        "rsi_weekly": 49.444885109933985,
        "rsi_monthly": 53.02913393563783,
        "52w_high": 199.1273956298828,
        "52w_low": 0
    },
    "MKTX": {
        "close": 176.0800018310547,
        "sma200": 192.61284294128419,
        "sma50": 172.36023345947265,
        "rsi_weekly": 41.39991484989731,
        "rsi_monthly": 36.24377691633556,
        "52w_high": 228.3568115234375,
        "52w_low": 0
    },
    "MAR": {
        "close": 325.8800048828125,
        "sma200": 270.6528482818604,
        "sma50": 303.3045593261719,
        "rsi_weekly": 68.85914643101373,
        "rsi_monthly": 71.9565699445147,
        "52w_high": 328.17999267578125,
        "52w_low": 0
    },
    "MMC": {
        "close": 182.39999389648438,
        "sma200": 203.55366386413573,
        "sma50": 183.30639892578125,
        "rsi_weekly": 42.217940548829425,
        "rsi_monthly": 50.49594517975026,
        "52w_high": 242.1346435546875,
        "52w_low": 0
    },
    "MLM": {
        "close": 651.6599731445312,
        "sma200": 585.5215565490722,
        "sma50": 624.4142993164063,
        "rsi_weekly": 70.55454047619206,
        "rsi_monthly": 75.61378121318472,
        "52w_high": 666.6699829101562,
        "52w_low": 0
    }
}