{
    "last_scan_index": 225,
    "AAPL": {
        "close": 259.9599914550781,
        "sma200": 233.4022031402588,
        "sma50": 271.9906988525391,
        "rsi_weekly": 53.76185335031914,
        "rsi_monthly": 65.05595263672528,
        "52w_high": 286.19000244140625,
        "52w_low": 0
    },
    "NVDA": {
        "close": 183.13999938964844,
        "sma200": 163.26819301605224,
        "sma50": 185.1990216064453,
        "rsi_weekly": 55.832537571620705,
        "rsi_monthly": 76.36247185859708,
        "52w_high": 207.02847290039062,
        "52w_low": 0
    },
    "TSLA": {
        "close": 439.20001220703125,
        "sma200": 367.38165031433107,
        "sma50": 443.8000018310547,
        "rsi_weekly": 57.433070397524055,
        "rsi_monthly": 70.21254147643917,
        "52w_high": 489.8800048828125,
        "52w_low": 0
    },
    "MSFT": {
        "close": 459.3800048828125,
        "sma200": 480.2400975036621,
        "sma50": 486.88629821777346,
        "rsi_weekly": 46.92493303900358,
        "rsi_monthly": 64.94488624915645,
        "52w_high": 541.057373046875,
        "52w_low": 0
    },
    "AMD": {
        "close": 223.60000610351562,
        "sma200": 167.4197998046875,
        "sma50": 221.51639984130858,
        "rsi_weekly": 52.90812131363197,
        "rsi_monthly": 69.38721493424931,
        "52w_high": 264.3299865722656,
        "52w_low": 0
    },
    "FTV": {
        "close": 55.7599983215332,
        "sma200": 51.26543506622315,
        "sma50": 53.54373069763184,
        "rsi_weekly": 61.05937006461403,
        "rsi_monthly": 66.79453832630601,
        "52w_high": 62.253089904785156,
        "52w_low": 0
    },
    "FOXA": {
        "close": 73.08999633789062,
        "sma200": 59.27263702392578,
        "sma50": 69.41720024108886,
        "rsi_weekly": 74.08153426696894,
        "rsi_monthly": 72.54535823368562,
        "52w_high": 76.11000061035156,
        "52w_low": 0
    },
    "FOX": {
        "close": 66.20999908447266,
        "sma200": 53.802764358520506,
        "sma50": 62.0034001159668,
        "rsi_weekly": 73.65644718824103,
        "rsi_monthly": 68.72104024069169,
        "52w_high": 67.76000213623047,
        "52w_low": 0
    },
    "BEN": {
        "close": 25.6299991607666,
        "sma200": 22.30624937057495,
        "sma50": 23.132376403808593,
        "rsi_weekly": 68.32681409884486,
        "rsi_monthly": 61.448860388268535,
        "52w_high": 25.65999984741211,
        "52w_low": 0
    },
    "FCX": {
        "close": 60.349998474121094,
        "sma200": 42.09378541946411,
        "sma50": 46.61860015869141,
        "rsi_weekly": 72.18028874395486,
        "rsi_monthly": 55.83359785834255,
        "52w_high": 60.349998474121094,
        "52w_low": 0
    },
    "GRMN": {
        "close": 211.52000427246094,
        "sma200": 213.95089103698731,
        "sma50": 201.81421905517578,
        "rsi_weekly": 49.29809458401017,
        "rsi_monthly": 64.91601749565564,
        "52w_high": 258.6608581542969,
        "52w_low": 0
    },
    "IT": {
        "close": 238.92999267578125,
        "sma200": 313.05930038452146,
        "sma50": 237.64660034179687,
        "rsi_weekly": 40.051849043459065,
        "rsi_monthly": 33.00686951680514,
        "52w_high": 548.3800048828125,
        "52w_low": 0
    },
    "GE": {
        "close": 318.8800048828125,
        "sma200": 266.78798789978026,
        "sma50": 303.98025390625,
        "rsi_weekly": 67.22746409198089,
        "rsi_monthly": 86.92090810661541,
        "52w_high": 327.5400085449219,
        "52w_low": 0
    },
    "GEV": {
        "close": 644.1799926757812,
        "sma200": 548.2317207336425,
        "sma50": 620.7973278808594,
        "rsi_weekly": 55.82966827370741,
        "rsi_monthly": 81.47094865386372,
        "52w_high": 722.468017578125,
        "52w_low": 0
    },
    "GEHC": {
        "close": 85.30000305175781,
        "sma200": 74.57922130584717,
        "sma50": 80.49496276855469,
        "rsi_weekly": 63.59088888695806,
        "rsi_monthly": 77.22896256246634,
        "52w_high": 93.30925750732422,
        "52w_low": 0
    },
    "GEN": {
        "close": 26.239999771118164,
        "sma200": 27.796535720825194,
        "sma50": 26.74996337890625,
        "rsi_weekly": 47.17346978394667,
        "rsi_monthly": 40.52959738344777,
        "52w_high": 31.882293701171875,
        "52w_low": 0
    },
    "GNRC": {
        "close": 160.25999450683594,
        "sma200": 152.91559997558593,
        "sma50": 151.0323992919922,
        "rsi_weekly": 47.63570507639144,
        "rsi_monthly": 46.472430900903376,
        "52w_high": 202.85000610351562,
        "52w_low": 0
    },
    "GD": {
        "close": 366.0,
        "sma200": 311.28395378112793,
        "sma50": 343.6698010253906,
        "rsi_weekly": 70.193351788567,
        "rsi_monthly": 76.93098242950408,
        "52w_high": 366.0,
        "52w_low": 0
    },
    "GIS": {
        "close": 45.619998931884766,
        "sma200": 49.286378402709964,
        "sma50": 45.816232986450196,
        "rsi_weekly": 35.348849148082564,
        "rsi_monthly": 26.675042648800034,
        "52w_high": 62.18780517578125,
        "52w_low": 0
    },
    "GM": {
        "close": 81.2300033569336,
        "sma200": 58.845776882171634,
        "sma50": 76.54507675170899,
        "rsi_weekly": 78.24195376059048,
        "rsi_monthly": 85.79250245261112,
        "52w_high": 85.12999725341797,
        "52w_low": 0
    },
    "GPC": {
        "close": 133.8000030517578,
        "sma200": 126.36281795501709,
        "sma50": 126.78375076293945,
        "rsi_weekly": 50.26356836184674,
        "rsi_monthly": 59.50715519270899,
        "52w_high": 141.64169311523438,
        "52w_low": 0
    },
    "GILD": {
        "close": 124.06999969482422,
        "sma200": 113.00198993682861,
        "sma50": 122.6403419494629,
        "rsi_weekly": 56.1895529987507,
        "rsi_monthly": 60.16937427207687,
        "52w_high": 127.22968292236328,
        "52w_low": 0
    },
    "GPN": {
        "close": 77.4800033569336,
        "sma200": 80.80218246459961,
        "sma50": 77.64585693359375,
        "rsi_weekly": 47.770029873049026,
        "rsi_monthly": 29.923161356662312,
        "52w_high": 111.57887268066406,
        "52w_low": 0
    },
    "GL": {
        "close": 142.41000366210938,
        "sma200": 130.8569909286499,
        "sma50": 136.16172210693358,
        "rsi_weekly": 60.79064227812513,
        "rsi_monthly": 67.28474972828622,
        "52w_high": 145.98092651367188,
        "52w_low": 0
    },
    "GS": {
        "close": 932.6699829101562,
        "sma200": 717.618097076416,
        "sma50": 855.0669396972656,
        "rsi_weekly": 80.08124586421935,
        "rsi_monthly": 84.55573677316589,
        "52w_high": 955.469970703125,
        "52w_low": 0
    },
    "HAL": {
        "close": 33.040000915527344,
        "sma200": 23.33650329589844,
        "sma50": 28.113089942932127,
        "rsi_weekly": 71.50362899036428,
        "rsi_monthly": 48.845838329399484,
        "52w_high": 33.040000915527344,
        "52w_low": 0
    },
    "HIG": {
        "close": 131.92999267578125,
        "sma200": 127.67860801696777,
        "sma50": 134.35655914306642,
        "rsi_weekly": 58.48004711646502,
        "rsi_monthly": 75.92895053055453,
        "52w_high": 139.72000122070312,
        "52w_low": 0
    },
    "HAS": {
        "close": 85.41999816894531,
        "sma200": 72.72584609985351,
        "sma50": 81.09827499389648,
        "rsi_weekly": 70.84828212328338,
        "rsi_monthly": 73.030650164447,
        "52w_high": 89.13999938964844,
        "52w_low": 0
    },
    "HCA": {
        "close": 478.8399963378906,
        "sma200": 406.36488830566407,
        "sma50": 478.9561486816406,
        "rsi_weekly": 61.69167826407411,
        "rsi_monthly": 66.51811002606075,
        "52w_high": 515.0838012695312,
        "52w_low": 0
    }
}