{
    "last_scan_index": 375,
    "AAPL": {
        "close": 247.64999389648438,
        "sma200": 234.09551803588866,
        "sma50": 270.59339813232424,
        "rsi_weekly": 51.05965894247994,
        "rsi_monthly": 65.05591515546264,
        "52w_high": 286.19000244140625,
        "52w_low": 0
    },
    "NVDA": {
        "close": 183.32000732421875,
        "sma200": 164.7881840133667,
        "sma50": 184.11609985351564,
        "rsi_weekly": 56.6135227337469,
        "rsi_monthly": 76.36247199641967,
        "52w_high": 207.02847290039062,
        "52w_low": 0
    },
    "TSLA": {
        "close": 431.44000244140625,
        "sma200": 370.62715034484864,
        "sma50": 441.9230017089844,
        "rsi_weekly": 55.767272209839355,
        "rsi_monthly": 70.21254147643917,
        "52w_high": 489.8800048828125,
        "52w_low": 0
    },
    "MSFT": {
        "close": 444.1099853515625,
        "sma200": 481.79203338623046,
        "sma50": 482.55295227050783,
        "rsi_weekly": 40.972928038210895,
        "rsi_monthly": 64.9448534312028,
        "52w_high": 541.057373046875,
        "52w_low": 0
    },
    "AMD": {
        "close": 249.8000030517578,
        "sma200": 170.11574981689452,
        "sma50": 220.27120025634767,
        "rsi_weekly": 60.57175331207617,
        "rsi_monthly": 69.38721493424931,
        "52w_high": 264.3299865722656,
        "52w_low": 0
    },
    "OMC": {
        "close": 78.58000183105469,
        "sma200": 74.33069129943847,
        "sma50": 76.23784851074218,
        "rsi_weekly": 55.98282763116184,
        "rsi_monthly": 45.466689213722475,
        "52w_high": 85.14195251464844,
        "52w_low": 0
    },
    "ON": {
        "close": 63.130001068115234,
        "sma200": 50.07400007247925,
        "sma50": 54.03740036010742,
        "rsi_weekly": 62.73010065287049,
        "rsi_monthly": 61.550226337426814,
        "52w_high": 63.130001068115234,
        "52w_low": 0
    },
    "OKE": {
        "close": 75.81999969482422,
        "sma200": 74.94532333374023,
        "sma50": 72.41959976196289,
        "rsi_weekly": 51.015787797821346,
        "rsi_monthly": 59.091545756836105,
        "52w_high": 104.35751342773438,
        "52w_low": 0
    },
    "ORCL": {
        "close": 173.8800048828125,
        "sma200": 217.1878080368042,
        "sma50": 202.70306579589842,
        "rsi_weekly": 40.56697137057903,
        "rsi_monthly": 53.69358582397847,
        "52w_high": 326.8970642089844,
        "52w_low": 0
    },
    "OTIS": {
        "close": 89.4800033569336,
        "sma200": 91.26055709838867,
        "sma50": 88.40457916259766,
        "rsi_weekly": 50.68513910546203,
        "rsi_monthly": 59.90759073597701,
        "52w_high": 102.87491607666016,
        "52w_low": 0
    },
    "PCAR": {
        "close": 123.26000213623047,
        "sma200": 97.71067882537842,
        "sma50": 108.46238250732422,
        "rsi_weekly": 74.39853185936721,
        "rsi_monthly": 72.91687755161253,
        "52w_high": 123.26000213623047,
        "52w_low": 0
    },
    "PKG": {
        "close": 220.0,
        "sma200": 198.7807765197754,
        "sma50": 204.5184033203125,
        "rsi_weekly": 63.012959138986375,
        "rsi_monthly": 66.40379640772662,
        "52w_high": 236.16148376464844,
        "52w_low": 0
    },
    "PANW": {
        "close": 181.47000122070312,
        "sma200": 192.9971502685547,
        "sma50": 191.7738003540039,
        "rsi_weekly": 46.76144689185207,
        "rsi_monthly": 41.463758262734274,
        "52w_high": 221.3800048828125,
        "52w_low": 0
    },
    "PH": {
        "close": 945.2899780273438,
        "sma200": 742.9307147216797,
        "sma50": 879.2401989746094,
        "rsi_weekly": 78.97715014712078,
        "rsi_monthly": 85.16236351595417,
        "52w_high": 945.2899780273438,
        "52w_low": 0
    },
    "PAYX": {
        "close": 107.19000244140625,
        "sma200": 131.8522731399536,
        "sma50": 112.01619995117187,
        "rsi_weekly": 35.78765980795434,
        "rsi_monthly": 41.10537238548384,
        "52w_high": 157.0591278076172,
        "52w_low": 0
    },
    "PAYC": {
        "close": 149.17999267578125,
        "sma200": 208.3727635192871,
        "sma50": 160.79125244140624,
        "rsi_weekly": 28.25683155864093,
        "rsi_monthly": 34.302153720011276,
        "52w_high": 264.67041015625,
        "52w_low": 0
    },
    "PYPL": {
        "close": 55.88999938964844,
        "sma200": 67.19948913574218,
        "sma50": 60.487415084838865,
        "rsi_weekly": 32.81963829425778,
        "rsi_monthly": 38.232637776079414,
        "52w_high": 90.03186798095703,
        "52w_low": 0
    },
    "PNR": {
        "close": 107.1500015258789,
        "sma200": 102.51180801391601,
        "sma50": 104.80340042114258,
        "rsi_weekly": 54.748349114323155,
        "rsi_monthly": 68.20960475271322,
        "52w_high": 112.33572387695312,
        "52w_low": 0
    },
    "PEP": {
        "close": 146.74000549316406,
        "sma200": 139.34154914855958,
        "sma50": 145.1201742553711,
        "rsi_weekly": 53.273999052275016,
        "rsi_monthly": 42.55351410595439,
        "52w_high": 152.22113037109375,
        "52w_low": 0
    },
    "PFE": {
        "close": 25.889999389648438,
        "sma200": 23.970234394073486,
        "sma50": 25.35300006866455,
        "rsi_weekly": 56.098921587540765,
        "rsi_monthly": 46.70494330438245,
        "52w_high": 26.896394729614258,
        "52w_low": 0
    },
    "PCG": {
        "close": 15.170000076293945,
        "sma200": 15.514778409004212,
        "sma50": 15.745053443908692,
        "rsi_weekly": 49.12427162930708,
        "rsi_monthly": 45.16957459253296,
        "52w_high": 17.753080368041992,
        "52w_low": 0
    },
    "PM": {
        "close": 168.80999755859375,
        "sma200": 162.2450828552246,
        "sma50": 156.99268493652343,
        "rsi_weekly": 62.25802328852318,
        "rsi_monthly": 63.33757580001655,
        "52w_high": 180.2153778076172,
        "52w_low": 0
    },
    "PSX": {
        "close": 141.63999938964844,
        "sma200": 124.57319877624512,
        "sma50": 136.41760528564453,
        "rsi_weekly": 55.72326322640952,
        "rsi_monthly": 49.6966712467866,
        "52w_high": 144.22000122070312,
        "52w_low": 0
    },
    "PNW": {
        "close": 93.44999694824219,
        "sma200": 89.15126754760742,
        "sma50": 89.03900039672851,
        "rsi_weekly": 62.834373551396254,
        "rsi_monthly": 59.38419497300625,
        "52w_high": 93.70999908447266,
        "52w_low": 0
    },
    "PNC": {
        "close": 225.49000549316406,
        "sma200": 185.99029945373536,
        "sma50": 201.5326434326172,
        "rsi_weekly": 70.65583841932214,
        "rsi_monthly": 58.82042810063906,
        "52w_high": 225.49000549316406,
        "52w_low": 0
    },
    "POOL": {
        "close": 266.739990234375,
        "sma200": 287.1068519592285,
        "sma50": 242.58796173095703,
        "rsi_weekly": 48.77904561612227,
        "rsi_monthly": 45.120706536425615,
        "52w_high": 358.43194580078125,
        "52w_low": 0
    },
    "PPG": {
        "close": 112.54000091552734,
        "sma200": 105.60651893615723,
        "sma50": 102.07400024414062,
        "rsi_weekly": 58.52019650402862,
        "rsi_monthly": 39.604085373812474,
        "52w_high": 121.09014129638672,
        "52w_low": 0
    },
    "PPL": {
        "close": 37.18000030517578,
        "sma200": 35.13046905517578,
        "sma50": 35.210738525390624,
        "rsi_weekly": 58.392504507547535,
        "rsi_monthly": 63.581202543538346,
        "52w_high": 37.66332244873047,
        "52w_low": 0
    }
}