{
    "last_scan_index": 400,
    "AAPL": {
        "close": 259.9599914550781,
        "sma200": 233.4022031402588,
        "sma50": 271.9906988525391,
        "rsi_weekly": 53.76185322661916,
        "rsi_monthly": 65.05593395972846,
        "52w_high": 286.19000244140625,
        "52w_low": 0
    },
    "NVDA": {
        "close": 183.13999938964844,
        "sma200": 163.26819305419923,
        "sma50": 185.1990216064453,
        "rsi_weekly": 55.83253744583999,
        "rsi_monthly": 76.3624804109502,
        "52w_high": 207.02847290039062,
        "52w_low": 0
    },
    "TSLA": {
        "close": 439.20001220703125,
        "sma200": 367.38165031433107,
        "sma50": 443.8000018310547,
        "rsi_weekly": 57.433070397524055,
        "rsi_monthly": 70.21254147643917,
        "52w_high": 489.8800048828125,
        "52w_low": 0
    },
    "MSFT": {
        "close": 459.3800048828125,
        "sma200": 480.24009887695314,
        "sma50": 486.88629821777346,
        "rsi_weekly": 46.92493250033457,
        "rsi_monthly": 64.94487434285311,
        "52w_high": 541.057373046875,
        "52w_low": 0
    },
    "AMD": {
        "close": 223.60000610351562,
        "sma200": 167.4197998046875,
        "sma50": 221.51639984130858,
        "rsi_weekly": 52.90812131363197,
        "rsi_monthly": 69.38721493424931,
        "52w_high": 264.3299865722656,
        "52w_low": 0
    },
    "PFG": {
        "close": 91.20999908447266,
        "sma200": 79.68104190826416,
        "sma50": 86.61548583984376,
        "rsi_weekly": 67.8205211209259,
        "rsi_monthly": 65.68604872980248,
        "52w_high": 91.80000305175781,
        "52w_low": 0
    },
    "PG": {
        "close": 146.35000610351562,
        "sma200": 153.72479583740235,
        "sma50": 144.90980102539064,
        "rsi_weekly": 36.32118408747928,
        "rsi_monthly": 42.977535301375745,
        "52w_high": 172.7701873779297,
        "52w_low": 0
    },
    "PGR": {
        "close": 205.5,
        "sma200": 232.76670288085938,
        "sma50": 211.13138305664063,
        "rsi_weekly": 45.82805109469842,
        "rsi_monthly": 56.73477842061668,
        "52w_high": 273.5130310058594,
        "52w_low": 0
    },
    "PLD": {
        "close": 132.2100067138672,
        "sma200": 112.3612342453003,
        "sma50": 126.68154541015625,
        "rsi_weekly": 65.7790495879955,
        "rsi_monthly": 67.48233321567446,
        "52w_high": 132.2100067138672,
        "52w_low": 0
    },
    "PRU": {
        "close": 117.70999908447266,
        "sma200": 104.0132479095459,
        "sma50": 111.03074966430664,
        "rsi_weekly": 67.12976045801895,
        "rsi_monthly": 65.3044713222798,
        "52w_high": 118.72000122070312,
        "52w_low": 0
    },
    "PEG": {
        "close": 78.91000366210938,
        "sma200": 80.82337383270264,
        "sma50": 80.37092681884765,
        "rsi_weekly": 44.53562573397337,
        "rsi_monthly": 65.55413593928984,
        "52w_high": 88.72160339355469,
        "52w_low": 0
    },
    "PTC": {
        "close": 166.52999877929688,
        "sma200": 183.16794990539552,
        "sma50": 175.71540069580078,
        "rsi_weekly": 39.644030050351866,
        "rsi_monthly": 48.49976701847694,
        "52w_high": 216.52999877929688,
        "52w_low": 0
    },
    "PSA": {
        "close": 287.7699890136719,
        "sma200": 281.6368910217285,
        "sma50": 268.59995544433593,
        "rsi_weekly": 50.536589537304074,
        "rsi_monthly": 43.130777748236106,
        "52w_high": 308.3981628417969,
        "52w_low": 0
    },
    "PHM": {
        "close": 130.72999572753906,
        "sma200": 116.01439563751221,
        "sma50": 122.13450668334961,
        "rsi_weekly": 60.15761736944224,
        "rsi_monthly": 55.68627281893506,
        "52w_high": 140.89910888671875,
        "52w_low": 0
    },
    "QRVO": {
        "close": 81.94999694824219,
        "sma200": 83.23577486038208,
        "sma50": 85.80999954223633,
        "rsi_weekly": 44.91832072989048,
        "rsi_monthly": 64.763389588317,
        "52w_high": 97.41999816894531,
        "52w_low": 0
    },
    "PWR": {
        "close": 437.07000732421875,
        "sma200": 385.09314033508304,
        "sma50": 441.0133575439453,
        "rsi_weekly": 53.46819924469367,
        "rsi_monthly": 75.22279850478354,
        "52w_high": 466.7882995605469,
        "52w_low": 0
    },
    "QCOM": {
        "close": 164.5399932861328,
        "sma200": 158.52371253967286,
        "sma50": 172.6401043701172,
        "rsi_weekly": 58.48374395339527,
        "rsi_monthly": 63.86821086644508,
        "52w_high": 186.72589111328125,
        "52w_low": 0
    },
    "DGX": {
        "close": 186.77000427246094,
        "sma200": 176.1763185119629,
        "sma50": 180.55158538818358,
        "rsi_weekly": 45.39943101767539,
        "rsi_monthly": 52.728132795217064,
        "52w_high": 191.4753875732422,
        "52w_low": 0
    },
    "RL": {
        "close": 362.8599853515625,
        "sma200": 297.1348722076416,
        "sma50": 351.3524011230469,
        "rsi_weekly": 71.59066768269216,
        "rsi_monthly": 84.52632279156957,
        "52w_high": 370.76129150390625,
        "52w_low": 0
    },
    "RJF": {
        "close": 172.27000427246094,
        "sma200": 156.4029568862915,
        "sma50": 161.46202239990234,
        "rsi_weekly": 57.83348477063889,
        "rsi_monthly": 68.49608272142449,
        "52w_high": 175.32736206054688,
        "52w_low": 0
    },
    "RTX": {
        "close": 198.83999633789062,
        "sma200": 154.89972396850587,
        "sma50": 178.89722839355468,
        "rsi_weekly": 72.64915823977748,
        "rsi_monthly": 82.7318265632932,
        "52w_high": 198.83999633789062,
        "52w_low": 0
    },
    "O": {
        "close": 60.310001373291016,
        "sma200": 56.35350675582886,
        "sma50": 56.9390682220459,
        "rsi_weekly": 55.352382851710345,
        "rsi_monthly": 45.680388791826026,
        "52w_high": 60.310001373291016,
        "52w_low": 0
    },
    "REG": {
        "close": 69.91999816894531,
        "sma200": 69.64680757522584,
        "sma50": 68.91727569580078,
        "rsi_weekly": 51.02738909887058,
        "rsi_monthly": 51.84997060231574,
        "52w_high": 74.66251373291016,
        "52w_low": 0
    },
    "REGN": {
        "close": 754.1400146484375,
        "sma200": 608.3350155639648,
        "sma50": 736.9050378417969,
        "rsi_weekly": 67.56241207565589,
        "rsi_monthly": 54.97004978631364,
        "52w_high": 812.27001953125,
        "52w_low": 0
    },
    "RF": {
        "close": 28.139999389648438,
        "sma200": 24.05026858329773,
        "sma50": 26.31267593383789,
        "rsi_weekly": 69.170695720498,
        "rsi_monthly": 65.8548945201359,
        "52w_high": 28.84000015258789,
        "52w_low": 0
    },
    "RSG": {
        "close": 210.97999572753906,
        "sma200": 230.00010261535644,
        "sma50": 211.42137420654296,
        "rsi_weekly": 40.29745529558649,
        "rsi_monthly": 61.44734262731609,
        "52w_high": 255.99313354492188,
        "52w_low": 0
    },
    "RMD": {
        "close": 259.510009765625,
        "sma200": 254.8362265777588,
        "sma50": 249.04502319335938,
        "rsi_weekly": 48.393292023586916,
        "rsi_monthly": 41.17322135561515,
        "52w_high": 293.03302001953125,
        "52w_low": 0
    },
    "RVTY": {
        "close": 111.5199966430664,
        "sma200": 94.13568969726562,
        "sma50": 98.6247998046875,
        "rsi_weekly": 57.74559447284696,
        "rsi_monthly": 49.66725426398136,
        "52w_high": 126.55815124511719,
        "52w_low": 0
    },
    "RHI": {
        "close": 28.5,
        "sma200": 35.664068450927736,
        "sma50": 27.059649200439452,
        "rsi_weekly": 38.19803116783128,
        "rsi_monthly": 25.484746072545683,
        "52w_high": 67.13591766357422,
        "52w_low": 0
    },
    "ROK": {
        "close": 417.2099914550781,