{
    "last_scan_index": 325,
    "AAPL": {
        "close": 259.4100036621094,
        "sma200": 232.99417625427247,
        "sma50": 272.3786053466797,
        "rsi_weekly": 53.78059525872579,
        "rsi_monthly": 65.05591268737312,
        "52w_high": 286.19000244140625,
        "52w_low": 0
    },
    "NVDA": {
        "close": 184.97959899902344,
        "sma200": 162.52894062042236,
        "sma50": 185.9279623413086,
        "rsi_weekly": 55.84415933887495,
        "rsi_monthly": 76.36247570387866,
        "52w_high": 207.02847290039062,
        "52w_low": 0
    },
    "TSLA": {
        "close": 449.54998779296875,
        "sma200": 365.6360001373291,
        "sma50": 444.0170013427734,
        "rsi_weekly": 57.46603547145899,
        "rsi_monthly": 70.21254147643917,
        "52w_high": 489.8800048828125,
        "52w_low": 0
    },
    "MSFT": {
        "close": 479.3909912109375,
        "sma200": 479.42728958129885,
        "sma50": 489.16192749023435,
        "rsi_weekly": 46.93710492705211,
        "rsi_monthly": 64.94486755860929,
        "52w_high": 541.057373046875,
        "52w_low": 0
    },
    "AMD": {
        "close": 208.2711944580078,
        "sma200": 166.24920574188232,
        "sma50": 222.85582336425782,
        "rsi_weekly": 52.957648755098155,
        "rsi_monthly": 69.38721493424931,
        "52w_high": 264.3299865722656,
        "52w_low": 0
    },
    "MAS": {
        "close": 69.53500366210938,
        "sma200": 65.72540115356445,
        "sma50": 63.61576560974121,
        "rsi_weekly": 56.301732833869366,
        "rsi_monthly": 63.330027779770845,
        "52w_high": 80.3485107421875,
        "52w_low": 0
    },
    "MA": {
        "close": 560.5999755859375,
        "sma200": 560.7321952819824,
        "sma50": 556.1159924316406,
        "rsi_weekly": 54.62949404065101,
        "rsi_monthly": 71.24565636396724,
        "52w_high": 597.273193359375,
        "52w_low": 0
    },
    "MTCH": {
        "close": 31.924999237060547,
        "sma200": 32.435090408325195,
        "sma50": 32.56604732513428,
        "rsi_weekly": 46.81537613424907,
        "rsi_monthly": 36.580132895576604,
        "52w_high": 38.33238983154297,
        "52w_low": 0
    },
    "MKC": {
        "close": 66.98999786376953,
        "sma200": 69.47600597381592,
        "sma50": 65.93452033996581,
        "rsi_weekly": 49.392535509971204,
        "rsi_monthly": 48.96203801079176,
        "52w_high": 82.57147216796875,
        "52w_low": 0
    },
    "MCD": {
        "close": 306.56500244140625,
        "sma200": 303.42099197387694,
        "sma50": 306.75261962890625,
        "rsi_weekly": 52.166086414986076,
        "rsi_monthly": 58.17613178087807,
        "52w_high": 319.6499938964844,
        "52w_low": 0
    },
    "MCK": {
        "close": 826.4271850585938,
        "sma200": 742.893560180664,
        "sma50": 832.86826171875,
        "rsi_weekly": 58.93866828608554,
        "rsi_monthly": 71.49638076087719,
        "52w_high": 888.4524536132812,
        "52w_low": 0
    },
    "MDT": {
        "close": 96.37999725341797,
        "sma200": 90.911450881958,
        "sma50": 97.90579956054688,
        "rsi_weekly": 55.241110884200054,
        "rsi_monthly": 49.26088964903737,
        "52w_high": 105.3499984741211,
        "52w_low": 0
    },
    "MRK": {
        "close": 109.75,
        "sma200": 84.86269233703614,
        "sma50": 98.3853010559082,
        "rsi_weekly": 71.47545623884636,
        "rsi_monthly": 67.2138297561143,
        "52w_high": 110.98999786376953,
        "52w_low": 0
    },
    "MET": {
        "close": 78.625,
        "sma200": 77.67863121032715,
        "sma50": 78.75573989868164,
        "rsi_weekly": 51.31341980013066,
        "rsi_monthly": 57.018067701475815,
        "52w_high": 84.54905700683594,
        "52w_low": 0
    },
    "MTD": {
        "close": 1478.3900146484375,
        "sma200": 1263.2826989746093,
        "sma50": 1426.6630004882813,
        "rsi_weekly": 63.01586373972486,
        "rsi_monthly": 60.78296128761418,
        "52w_high": 1506.02001953125,
        "52w_low": 0
    },
    "MGM": {
        "close": 34.290000915527344,
        "sma200": 34.11984998703003,
        "sma50": 34.650200004577634,
        "rsi_weekly": 48.40180691385175,
        "rsi_monthly": 48.11049773966102,
        "52w_high": 40.369998931884766,
        "52w_low": 0
    },
    "MCHP": {
        "close": 73.87000274658203,
        "sma200": 60.98188512802124,
        "sma50": 61.56092887878418,
        "rsi_weekly": 63.59787751686765,
        "rsi_monthly": 46.03959322350788,
        "52w_high": 75.22000122070312,
        "52w_low": 0
    },
    "MU": {
        "close": 344.8599853515625,
        "sma200": 156.1601042175293,
        "sma50": 256.57320190429687,
        "rsi_weekly": 83.50125139986933,
        "rsi_monthly": 85.13259222723059,
        "52w_high": 345.0899963378906,
        "52w_low": 0
    },
    "MAA": {
        "close": 135.2949981689453,
        "sma200": 142.69494983673096,
        "sma50": 133.50009902954102,
        "rsi_weekly": 46.92230543273694,
        "rsi_monthly": 49.27712328228285,
        "52w_high": 165.6918487548828,
        "52w_low": 0
    },
    "MRNA": {
        "close": 32.970001220703125,
        "sma200": 27.42044994354248,
        "sma50": 28.154399948120115,
        "rsi_weekly": 59.73486745223693,
        "rsi_monthly": 22.609479190243324,
        "52w_high": 44.939998626708984,
        "52w_low": 0
    },
    "MHK": {
        "close": 118.34500122070312,
        "sma200": 114.38117500305175,
        "sma50": 110.52269989013672,
        "rsi_weekly": 52.34047046299044,
        "rsi_monthly": 59.38509234588343,
        "52w_high": 139.75,
        "52w_low": 0
    },
    "MOH": {
        "close": 179.56500244140625,
        "sma200": 220.0618254852295,
        "sma50": 156.6936996459961,
        "rsi_weekly": 47.85919116151753,
        "rsi_monthly": 48.64172992303688,
        "52w_high": 353.239990234375,
        "52w_low": 0
    },
    "TAP": {
        "close": 49.17499923706055,
        "sma200": 49.339839401245115,
        "sma50": 46.08892013549805,
        "rsi_weekly": 51.215544345560815,
        "rsi_monthly": 45.65297872015208,
        "52w_high": 61.11589813232422,
        "52w_low": 0
    },
    "MDLZ": {
        "close": 55.28499984741211,
        "sma200": 61.608487148284915,
        "sma50": 54.92735893249512,
        "rsi_weekly": 38.01867964337813,
        "rsi_monthly": 27.354631459299142,
        "52w_high": 69.544921875,
        "52w_low": 0
    },
    "MPWR": {
        "close": 958.4724731445312,
        "sma200": 804.8315870666504,
        "sma50": 944.5844323730469,
        "rsi_weekly": 58.60757100789083,
        "rsi_monthly": 72.97174350949741,
        "52w_high": 1103.1842041015625,
        "52w_low": 0
    },
    "MNST": {
        "close": 77.9000015258789,
        "sma200": 65.39760005950927,
        "sma50": 73.55860000610352,
        "rsi_weekly": 71.29198314177593,
        "rsi_monthly": 78.91304478658172,
        "52w_high": 77.9000015258789,
        "52w_low": 0
    },
    "MCO": {
        "close": 531.3350219726562,
        "sma200": 485.06385665893555,
        "sma50": 495.51991943359377,
        "rsi_weekly": 61.11346442565938,
        "rsi_monthly": 54.8909669629651,
        "52w_high": 532.9000244140625,
        "52w_low": 0
    },
    "MS": {
        "close": 184.47000122070312,
        "sma200": 145.83270511627197,
        "sma50": 172.67379852294923,
        "rsi_weekly": 75.51445463543354,
        "rsi_monthly": 80.31264376654148,
        "52w_high": 187.75,
        "52w_low": 0
    },
    "MOS": {
        "close": 25.85540008544922,
        "sma200": 30.457460775375367,
        "sma50": 24.78493350982666,
        "rsi_weekly": 43.75969743047632,
        "rsi_monthly": 42.496509794114026,
        "52w_high": 37.212406158447266,
        "52w_low": 0
    }
}