{
    "last_scan_index": 275,
    "AAPL": {
        "close": 258.8699951171875,
        "sma200": 232.79850143432617,
        "sma50": 272.5691815185547,
        "rsi_weekly": 63.04886174232182,
        "rsi_monthly": 65.05593431169623,
        "52w_high": 286.19000244140625,
        "52w_low": 0
    },
    "NVDA": {
        "close": 184.89999389648438,
        "sma200": 162.1729391860962,
        "sma50": 186.3697396850586,
        "rsi_weekly": 58.64870573490024,
        "rsi_monthly": 76.36247739968367,
        "52w_high": 207.02847290039062,
        "52w_low": 0
    },
    "TSLA": {
        "close": 447.0101013183594,
        "sma200": 364.7585506439209,
        "sma50": 444.29620361328125,
        "rsi_weekly": 56.31157929953819,
        "rsi_monthly": 70.21254147643917,
        "52w_high": 489.8800048828125,
        "52w_low": 0
    },
    "MSFT": {
        "close": 477.1650085449219,
        "sma200": 478.95921279907225,
        "sma50": 490.34257446289064,
        "rsi_weekly": 44.49072404078952,
        "rsi_monthly": 64.94485454633121,
        "52w_high": 541.057373046875,
        "52w_low": 0
    },
    "AMD": {
        "close": 205.74000549316406,
        "sma200": 165.7716498184204,
        "sma50": 224.02839935302734,
        "rsi_weekly": 60.71614808686848,
        "rsi_monthly": 69.38721493424931,
        "52w_high": 264.3299865722656,
        "52w_low": 0
    },
    "ICE": {
        "close": 164.49000549316406,
        "sma200": 168.0714826965332,
        "sma50": 156.40790924072266,
        "rsi_weekly": 46.71814994532386,
        "rsi_monthly": 64.7260672195345,
        "52w_high": 187.36590576171875,
        "52w_low": 0
    },
    "IFF": {
        "close": 68.51499938964844,
        "sma200": 68.88630052566528,
        "sma50": 65.66031951904297,
        "rsi_weekly": 51.22124586534017,
        "rsi_monthly": 29.92126994034429,
        "52w_high": 85.7145004272461,
        "52w_low": 0
    },
    "INTU": {
        "close": 645.9500122070312,
        "sma200": 682.1909719848633,
        "sma50": 656.6096008300781,
        "rsi_weekly": 41.79638976639617,
        "rsi_monthly": 59.65226282323208,
        "52w_high": 805.9171142578125,
        "52w_low": 0
    },
    "ISRG": {
        "close": 584.27001953125,
        "sma200": 513.4441999816895,
        "sma50": 563.5634045410156,
        "rsi_weekly": 57.475695648565015,
        "rsi_monthly": 63.82447224376114,
        "52w_high": 610.4500122070312,
        "52w_low": 0
    },
    "IVZ": {
        "close": 28.53499984741211,
        "sma200": 19.818327140808105,
        "sma50": 25.232490234375,
        "rsi_weekly": 78.10774466268143,
        "rsi_monthly": 75.09771477977515,
        "52w_high": 28.53499984741211,
        "52w_low": 0
    },
    "INVH": {
        "close": 26.80500030517578,
        "sma200": 30.09824860572815,
        "sma50": 27.371667137145995,
        "rsi_weekly": 42.61157188210395,
        "rsi_monthly": 48.216508718613426,
        "52w_high": 34.426910400390625,
        "52w_low": 0
    },
    "IQV": {
        "close": 245.52999877929688,
        "sma200": 185.21509994506835,
        "sma50": 223.7895999145508,
        "rsi_weekly": 62.55828026341485,
        "rsi_monthly": 73.87981808116163,
        "52w_high": 245.52999877929688,
        "52w_low": 0
    },
    "IRM": {
        "close": 89.72000122070312,
        "sma200": 92.75465744018555,
        "sma50": 87.70348205566407,
        "rsi_weekly": 38.84108091057705,
        "rsi_monthly": 59.96879736767354,
        "52w_high": 107.43501281738281,
        "52w_low": 0
    },
    "JBHT": {
        "close": 204.32000732421875,
        "sma200": 152.33466228485108,
        "sma50": 183.3908511352539,
        "rsi_weekly": 72.69356493492869,
        "rsi_monthly": 65.67222010860176,
        "52w_high": 205.5399932861328,
        "52w_low": 0
    },
    "JBL": {
        "close": 226.8125,
        "sma200": 197.6746685028076,
        "sma50": 217.91354309082033,
        "rsi_weekly": 65.66726659741684,
        "rsi_monthly": 77.63876768432671,
        "52w_high": 240.38999938964844,
        "52w_low": 0
    },
    "JKHY": {
        "close": 189.02000427246094,
        "sma200": 169.6637865447998,
        "sma50": 174.26328643798828,
        "rsi_weekly": 57.340459393654946,
        "rsi_monthly": 67.08492604172999,
        "52w_high": 189.35499572753906,
        "52w_low": 0
    },
    "J": {
        "close": 140.48500061035156,
        "sma200": 137.2046775817871,
        "sma50": 141.2367999267578,
        "rsi_weekly": 45.11226441343795,
        "rsi_monthly": 64.20391359422459,
        "52w_high": 164.04388427734375,
        "52w_low": 0
    },
    "JNJ": {
        "close": 205.6051025390625,
        "sma200": 173.42279457092286,
        "sma50": 201.238935546875,
        "rsi_weekly": 70.24054840984236,
        "rsi_monthly": 80.19775108465959,
        "52w_high": 214.1699981689453,
        "52w_low": 0
    },
    "JCI": {
        "close": 111.19999694824219,
        "sma200": 104.45583728790284,
        "sma50": 117.04199966430664,
        "rsi_weekly": 66.63293332664945,
        "rsi_monthly": 88.83884172879624,
        "52w_high": 122.66000366210938,
        "52w_low": 0
    },
    "JPM": {
        "close": 330.7300109863281,
        "sma200": 285.58416915893554,
        "sma50": 313.3229541015625,
        "rsi_weekly": 64.88716731785051,
        "rsi_monthly": 84.61118108184851,
        "52w_high": 334.6099853515625,
        "52w_low": 0
    },
    "K": {
        "close": 83.44000244140625,
        "sma200": 80.34924072265625,
        "sma50": 82.65304901123046,
        "rsi_weekly": 68.16701808666316,
        "rsi_monthly": 86.62423382837369,
        "52w_high": 83.44999694824219,
        "52w_low": 0
    },
    "KVUE": {
        "close": 16.829999923706055,
        "sma200": 19.456736464500427,
        "sma50": 16.68266647338867,
        "rsi_weekly": 45.70271135893974,
        "rsi_monthly": 35.65679511373794,
        "52w_high": 23.699586868286133,
        "52w_low": 0
    },
    "KDP": {
        "close": 27.924999237060547,
        "sma200": 30.300211353302004,
        "sma50": 27.52515995025635,
        "rsi_weekly": 44.85684498065137,
        "rsi_monthly": 32.299336671621745,
        "52w_high": 34.8560791015625,
        "52w_low": 0
    },
    "KEY": {
        "close": 21.514999389648438,
        "sma200": 17.3512956571579,
        "sma50": 19.18541690826416,
        "rsi_weekly": 69.07991158031709,
        "rsi_monthly": 67.78410535366075,
        "52w_high": 21.56999969482422,
        "52w_low": 0
    },
    "KEYS": {
        "close": 207.53500366210938,
        "sma200": 169.29207481384276,
        "sma50": 195.4711001586914,
        "rsi_weekly": 65.99396521112257,
        "rsi_monthly": 71.44103933425825,
        "52w_high": 214.13999938964844,
        "52w_low": 0
    },
    "KMB": {
        "close": 98.16999816894531,
        "sma200": 121.78923278808594,
        "sma50": 102.96234252929688,
        "rsi_weekly": 30.92219214014951,
        "rsi_monthly": 35.42744999404252,
        "52w_high": 142.86663818359375,
        "52w_low": 0
    },
    "KIM": {
        "close": 20.56999969482422,
        "sma200": 20.633300533294676,
        "sma50": 20.21450569152832,
        "rsi_weekly": 44.159990509700705,
        "rsi_monthly": 44.26793939739415,
        "52w_high": 22.46935272216797,
        "52w_low": 0
    },
    "KMI": {
        "close": 27.065000534057617,
        "sma200": 26.90589632987976,
        "sma50": 26.889009437561036,
        "rsi_weekly": 55.02174808926341,
        "rsi_monthly": 67.71467839741287,
        "52w_high": 29.90215492248535,
        "52w_low": 0
    },
    "KLAC": {
        "close": 1401.1099853515625,
        "sma200": 959.0213385009765,
        "sma50": 1218.663525390625,
        "rsi_weekly": 69.1268372218389,
        "rsi_monthly": 84.62336517817546,
        "52w_high": 1401.1099853515625,
        "52w_low": 0
    }
}