{
    "last_scan_index": 225,
    "AAPL": {
        "close": 247.61000061035156,
        "sma200": 234.73241981506348,
        "sma50": 269.7597985839844,
        "rsi_weekly": 51.059659021010575,
        "rsi_monthly": 65.05594944258597,
        "52w_high": 286.19000244140625,
        "52w_low": 0
    },
    "NVDA": {
        "close": 187.86000061035156,
        "sma200": 165.6921081161499,
        "sma50": 183.82653076171874,
        "rsi_weekly": 56.61352281963454,
        "rsi_monthly": 76.36247499012326,
        "52w_high": 207.02847290039062,
        "52w_low": 0
    },
    "TSLA": {
        "close": 447.885009765625,
        "sma200": 372.749775390625,
        "sma50": 442.37290161132813,
        "rsi_weekly": 55.767272209839355,
        "rsi_monthly": 70.21254147643917,
        "52w_high": 489.8800048828125,
        "52w_low": 0
    },
    "MSFT": {
        "close": 469.2349853515625,
        "sma200": 482.82454345703127,
        "sma50": 480.9415203857422,
        "rsi_weekly": 40.97292810746629,
        "rsi_monthly": 64.94486399772407,
        "52w_high": 541.057373046875,
        "52w_low": 0
    },
    "AMD": {
        "close": 256.3550109863281,
        "sma200": 171.81917484283449,
        "sma50": 220.92250061035156,
        "rsi_weekly": 60.57175331207617,
        "rsi_monthly": 69.38721493424931,
        "52w_high": 264.3299865722656,
        "52w_low": 0
    },
    "FTV": {
        "close": 54.25,
        "sma200": 51.33116764068603,
        "sma50": 53.995990905761715,
        "rsi_weekly": 60.976276578189065,
        "rsi_monthly": 66.79452233774234,
        "52w_high": 62.253089904785156,
        "52w_low": 0
    },
    "FOXA": {
        "close": 72.48999786376953,
        "sma200": 59.85221538543701,
        "sma50": 70.27480026245117,
        "rsi_weekly": 68.33697545145391,
        "rsi_monthly": 72.54535905746776,
        "52w_high": 76.11000061035156,
        "52w_low": 0
    },
    "FOX": {
        "close": 65.27999877929688,
        "sma200": 54.291805839538576,
        "sma50": 62.78860008239746,
        "rsi_weekly": 69.90428262132049,
        "rsi_monthly": 68.72104757761507,
        "52w_high": 67.76000213623047,
        "52w_low": 0
    },
    "BEN": {
        "close": 25.424999237060547,
        "sma200": 22.5442555475235,
        "sma50": 23.514944801330568,
        "rsi_weekly": 69.68867048978025,
        "rsi_monthly": 61.4488720112509,
        "52w_high": 26.0,
        "52w_low": 0
    },
    "FCX": {
        "close": 60.64820098876953,
        "sma200": 42.76136801719665,
        "sma50": 48.88663429260254,
        "rsi_weekly": 74.41132177826299,
        "rsi_monthly": 55.83356048791798,
        "52w_high": 60.64820098876953,
        "52w_low": 0
    },
    "GRMN": {
        "close": 206.99000549316406,
        "sma200": 214.25215194702147,
        "sma50": 202.1885971069336,
        "rsi_weekly": 49.04680112263716,
        "rsi_monthly": 64.91602063885603,
        "52w_high": 258.6608581542969,
        "52w_low": 0
    },
    "IT": {
        "close": 233.74000549316406,
        "sma200": 307.8472504425049,
        "sma50": 237.45300048828125,
        "rsi_weekly": 35.44128891266822,
        "rsi_monthly": 33.00686951680514,
        "52w_high": 548.3800048828125,
        "52w_low": 0
    },
    "GE": {
        "close": 292.0899963378906,
        "sma200": 270.4951705932617,
        "sma50": 304.4339471435547,
        "rsi_weekly": 68.34907754872347,
        "rsi_monthly": 86.9209050354386,
        "52w_high": 327.5400085449219,
        "52w_low": 0
    },
    "GEV": {
        "close": 657.02001953125,
        "sma200": 559.1943765258789,
        "sma50": 632.87126953125,
        "rsi_weekly": 63.51729574321758,
        "rsi_monthly": 81.47095443980932,
        "52w_high": 722.468017578125,
        "52w_low": 0
    },
    "GEHC": {
        "close": 80.0250015258789,
        "sma200": 74.84800172805787,
        "sma50": 81.31899688720704,
        "rsi_weekly": 54.37633272478486,
        "rsi_monthly": 77.22896510176665,
        "52w_high": 93.30926513671875,
        "52w_low": 0
    },
    "GEN": {
        "close": 25.350000381469727,
        "sma200": 27.80453258514404,
        "sma50": 26.721128845214842,
        "rsi_weekly": 43.00895458732902,
        "rsi_monthly": 40.52960871102527,
        "52w_high": 31.882293701171875,
        "52w_low": 0
    },
    "GNRC": {
        "close": 173.41000366210938,
        "sma200": 154.3447999572754,
        "sma50": 152.23059967041016,
        "rsi_weekly": 51.52898765353988,
        "rsi_monthly": 46.472430900903376,
        "52w_high": 202.85000610351562,
        "52w_low": 0
    },
    "GD": {
        "close": 363.4599914550781,
        "sma200": 313.1567244720459,
        "sma50": 344.9081793212891,
        "rsi_weekly": 75.82258827501056,
        "rsi_monthly": 76.93099392219312,
        "52w_high": 367.3800048828125,
        "52w_low": 0
    },
    "GIS": {
        "close": 44.51409912109375,
        "sma200": 48.9198388671875,
        "sma50": 45.678815002441404,
        "rsi_weekly": 35.03902411342756,
        "rsi_monthly": 26.67507376748862,
        "52w_high": 62.18780517578125,
        "52w_low": 0
    },
    "GM": {
        "close": 79.87999725341797,
        "sma200": 59.88448528289795,
        "sma50": 77.90139251708985,
        "rsi_weekly": 72.72173948880872,
        "rsi_monthly": 85.79250207446991,
        "52w_high": 85.12999725341797,
        "52w_low": 0
    },
    "GPC": {
        "close": 137.3350067138672,
        "sma200": 127.00432106018066,
        "sma50": 128.2568394470215,
        "rsi_weekly": 60.18175446963822,
        "rsi_monthly": 59.50714474940492,
        "52w_high": 141.64169311523438,
        "52w_low": 0
    },
    "GILD": {
        "close": 136.17999267578125,
        "sma200": 113.601044921875,
        "sma50": 123.51027938842773,
        "rsi_weekly": 60.962571820256905,
        "rsi_monthly": 60.16935160903386,
        "52w_high": 136.17999267578125,
        "52w_low": 0
    },
    "GPN": {
        "close": 75.23999786376953,
        "sma200": 80.27070175170898,
        "sma50": 77.28699859619141,
        "rsi_weekly": 41.686715766097855,
        "rsi_monthly": 29.92314509348185,
        "52w_high": 111.5788803100586,
        "52w_low": 0
    },
    "GL": {
        "close": 136.35000610351562,
        "sma200": 131.25002254486083,
        "sma50": 136.88412078857422,
        "rsi_weekly": 56.07039432457037,
        "rsi_monthly": 67.28473241367679,
        "52w_high": 145.98092651367188,
        "52w_low": 0
    },
    "GS": {
        "close": 921.5900268554688,
        "sma200": 730.8786320495606,
        "sma50": 874.933046875,
        "rsi_weekly": 81.80812764377603,
        "rsi_monthly": 84.5557489663728,
        "52w_high": 975.8599853515625,
        "52w_low": 0
    },
    "HAL": {
        "close": 34.525001525878906,
        "sma200": 23.651944580078126,
        "sma50": 28.84007312774658,
        "rsi_weekly": 71.11036293421003,
        "rsi_monthly": 48.84583873768212,
        "52w_high": 34.525001525878906,
        "52w_low": 0
    },
    "HIG": {
        "close": 128.39999389648438,
        "sma200": 128.00924476623535,
        "sma50": 134.593271484375,
        "rsi_weekly": 48.665669020904396,
        "rsi_monthly": 75.92894990892518,
        "52w_high": 139.72000122070312,
        "52w_low": 0
    },
    "HAS": {
        "close": 88.53500366210938,
        "sma200": 73.6493249130249,
        "sma50": 82.45047271728515,
        "rsi_weekly": 69.2599650457954,
        "rsi_monthly": 73.03065721553502,
        "52w_high": 89.13999938964844,
        "52w_low": 0
    },
    "HCA": {
        "close": 468.239990234375,
        "sma200": 410.26197509765626,
        "sma50": 479.1153295898437,
        "rsi_weekly": 60.55466577912657,
        "rsi_monthly": 66.5181168894937,
        "52w_high": 515.0838012695312,
        "52w_low": 0
    }
}