{
    "last_scan_index": 200,
    "AAPL": {
        "close": 260.25,
        "sma200": 232.998376083374,
        "sma50": 272.3954052734375,
        "rsi_weekly": 53.76185312616277,
        "rsi_monthly": 65.0559367252237,
        "52w_high": 286.19000244140625,
        "52w_low": 0
    },
    "NVDA": {
        "close": 184.94000244140625,
        "sma200": 162.52874259948732,
        "sma50": 185.92717041015624,
        "rsi_weekly": 55.83253742398689,
        "rsi_monthly": 76.36247200249541,
        "52w_high": 207.02847290039062,
        "52w_low": 0
    },
    "TSLA": {
        "close": 448.9599914550781,
        "sma200": 365.63305015563964,
        "sma50": 444.0052014160156,
        "rsi_weekly": 57.433070397524055,
        "rsi_monthly": 70.21254147643917,
        "52w_high": 489.8800048828125,
        "52w_low": 0
    },
    "MSFT": {
        "close": 477.17999267578125,
        "sma200": 479.4162356567383,
        "sma50": 489.1177075195312,
        "rsi_weekly": 46.924932550598676,
        "rsi_monthly": 64.94485331567377,
        "52w_high": 541.057373046875,
        "52w_low": 0
    },
    "AMD": {
        "close": 207.69000244140625,
        "sma200": 166.2462997817993,
        "sma50": 222.8441995239258,
        "rsi_weekly": 52.90812131363197,
        "rsi_monthly": 69.38721493424931,
        "52w_high": 264.3299865722656,
        "52w_low": 0
    },
    "EQR": {
        "close": 60.2599983215332,
        "sma200": 63.74104022979736,
        "sma50": 60.344839096069336,
        "rsi_weekly": 43.49789107582542,
        "rsi_monthly": 48.42466238785454,
        "52w_high": 71.96408081054688,
        "52w_low": 0
    },
    "ESS": {
        "close": 250.08999633789062,
        "sma200": 264.7787650299072,
        "sma50": 255.25804504394532,
        "rsi_weekly": 43.089599673117085,
        "rsi_monthly": 48.80841649559733,
        "52w_high": 302.4346618652344,
        "52w_low": 0
    },
    "EL": {
        "close": 113.0199966430664,
        "sma200": 83.83439708709717,
        "sma50": 99.38634033203125,
        "rsi_weekly": 70.66969952115667,
        "rsi_monthly": 68.64617577818976,
        "52w_high": 113.7300033569336,
        "52w_low": 0
    },
    "ETR": {
        "close": 93.5,
        "sma200": 87.8179307937622,
        "sma50": 93.99226287841798,
        "rsi_weekly": 56.76022347744878,
        "rsi_monthly": 76.15062810663466,
        "52w_high": 97.5199966430664,
        "52w_low": 0
    },
    "EVRG": {
        "close": 73.36000061035156,
        "sma200": 70.49414712905883,
        "sma50": 74.47959762573242,
        "rsi_weekly": 51.33139194134191,
        "rsi_monthly": 62.14402562593355,
        "52w_high": 78.00737762451172,
        "52w_low": 0
    },
    "ES": {
        "close": 68.75,
        "sma200": 64.61605884552002,
        "sma50": 68.23956649780274,
        "rsi_weekly": 53.04981399277611,
        "rsi_monthly": 69.25085598007578,
        "52w_high": 74.04946899414062,
        "52w_low": 0
    },
    "EXC": {
        "close": 42.900001525878906,
        "sma200": 44.109407634735106,
        "sma50": 44.67193580627441,
        "rsi_weekly": 44.94643450531286,
        "rsi_monthly": 64.00483255017136,
        "52w_high": 47.82242965698242,
        "52w_low": 0
    },
    "EXPE": {
        "close": 291.5299987792969,
        "sma200": 205.9067569732666,
        "sma50": 265.42382965087893,
        "rsi_weekly": 76.12957588812519,
        "rsi_monthly": 68.7335538644679,
        "52w_high": 301.30999755859375,
        "52w_low": 0
    },
    "EXPD": {
        "close": 161.1199951171875,
        "sma200": 122.90085712432861,
        "sma50": 145.77214767456056,
        "rsi_weekly": 77.76657269821268,
        "rsi_monthly": 57.16398483608778,
        "52w_high": 161.1199951171875,
        "52w_low": 0
    },
    "EXR": {
        "close": 140.3699951171875,
        "sma200": 138.73231094360352,
        "sma50": 130.96967864990233,
        "rsi_weekly": 52.783738234105705,
        "rsi_monthly": 37.89410637129447,
        "52w_high": 154.12901306152344,
        "52w_low": 0
    },
    "XOM": {
        "close": 124.02999877929688,
        "sma200": 110.4800800704956,
        "sma50": 117.8073046875,
        "rsi_weekly": 64.95666862761115,
        "rsi_monthly": 69.6475840072902,
        "52w_high": 125.36000061035156,
        "52w_low": 0
    },
    "FFIV": {
        "close": 270.55999755859375,
        "sma200": 285.2811015319824,
        "sma50": 250.3394012451172,
        "rsi_weekly": 47.7122131044615,
        "rsi_monthly": 54.25150740359023,
        "52w_high": 343.1700134277344,
        "52w_low": 0
    },
    "FDS": {
        "close": 296.9200134277344,
        "sma200": 362.6812518310547,
        "sma50": 280.4966705322266,
        "rsi_weekly": 38.68183569181792,
        "rsi_monthly": 24.446322732761992,
        "52w_high": 469.9656982421875,
        "52w_low": 0
    },
    "FICO": {
        "close": 1631.31005859375,
        "sma200": 1698.72125,
        "sma50": 1728.9587963867189,
        "rsi_weekly": 47.791148397930556,
        "rsi_monthly": 56.750432779784276,
        "52w_high": 2206.010009765625,
        "52w_low": 0
    },
    "FAST": {
        "close": 41.70000076293945,
        "sma200": 42.920157508850096,
        "sma50": 41.05080017089844,
        "rsi_weekly": 47.80707327195558,
        "rsi_monthly": 61.338295853856046,
        "52w_high": 50.12940216064453,
        "52w_low": 0
    },
    "FRT": {
        "close": 101.80000305175781,
        "sma200": 94.64260208129883,
        "sma50": 97.81365142822266,
        "rsi_weekly": 58.68105531618535,
        "rsi_monthly": 50.98437551117935,
        "52w_high": 106.85189819335938,
        "52w_low": 0
    },
    "FDX": {
        "close": 311.9200134277344,
        "sma200": 237.7514227294922,
        "sma50": 277.29000762939455,
        "rsi_weekly": 75.37696304706445,
        "rsi_monthly": 66.61324107773919,
        "52w_high": 312.3599853515625,
        "52w_low": 0
    },
    "FIS": {
        "close": 66.23999786376953,
        "sma200": 71.26389400482178,
        "sma50": 65.39383583068847,
        "rsi_weekly": 46.58882266733055,
        "rsi_monthly": 60.57515875556026,
        "52w_high": 81.56633758544922,
        "52w_low": 0
    },
    "FITB": {
        "close": 48.52000045776367,
        "sma200": 41.35788036346435,
        "sma50": 44.964724960327146,
        "rsi_weekly": 69.27417592422988,
        "rsi_monthly": 64.90442968009039,
        "52w_high": 49.81999969482422,
        "52w_low": 0
    },
    "FSLR": {
        "close": 237.8300018310547,
        "sma200": 198.69095046997072,
        "sma50": 260.81320098876955,
        "rsi_weekly": 52.29060658896504,
        "rsi_monthly": 68.47152006392845,
        "52w_high": 284.5899963378906,
        "52w_low": 0
    },
    "FE": {
        "close": 44.72999954223633,
        "sma200": 42.74080987930298,
        "sma50": 45.402687530517575,
        "rsi_weekly": 52.751543379113286,
        "rsi_monthly": 64.35216645394522,
        "52w_high": 47.720001220703125,
        "52w_low": 0
    },
    "FMC": {
        "close": 15.149999618530273,
        "sma200": 31.26337491989136,
        "sma50": 13.669608459472656,
        "rsi_weekly": 30.619469470808067,
        "rsi_monthly": 23.11788990611981,
        "52w_high": 53.59580612182617,
        "52w_low": 0
    },
    "F": {
        "close": 14.029999732971191,
        "sma200": 11.418222022056579,
        "sma50": 13.268114242553711,
        "rsi_weekly": 66.14459580464461,
        "rsi_monthly": 79.14171241803086,
        "52w_high": 14.399999618530273,
        "52w_low": 0
    },
    "FTNT": {
        "close": 78.66000366210938,
        "sma200": 90.58495010375977,
        "sma50": 81.5268000793457,
        "rsi_weekly": 42.90815847713661,
        "rsi_monthly": 54.912633029532515,
        "52w_high": 114.56999969482422,
        "52w_low": 0
    }
}