{
    "last_scan_index": 425,
    "AAPL": {
        "close": 256.739990234375,
        "sma200": 233.7579409790039,
        "sma50": 271.5183404541016,
        "rsi_weekly": 53.76185311835741,
        "rsi_monthly": 65.0559319084087,
        "52w_high": 286.19000244140625,
        "52w_low": 0
    },
    "NVDA": {
        "close": 188.2050018310547,
        "sma200": 164.05201637268067,
        "sma50": 184.59317321777343,
        "rsi_weekly": 55.83253736085663,
        "rsi_monthly": 76.36247439999967,
        "52w_high": 207.02847290039062,
        "52w_low": 0
    },
    "TSLA": {
        "close": 439.07501220703125,
        "sma200": 369.13177543640137,
        "sma50": 443.1003021240234,
        "rsi_weekly": 57.433070397524055,
        "rsi_monthly": 70.21254147643917,
        "52w_high": 489.8800048828125,
        "52w_low": 0
    },
    "MSFT": {
        "close": 459.3949890136719,
        "sma200": 481.05267013549803,
        "sma50": 484.61873107910156,
        "rsi_weekly": 46.92493321786436,
        "rsi_monthly": 64.94486800761781,
        "52w_high": 541.057373046875,
        "52w_low": 0
    },
    "AMD": {
        "close": 232.2071990966797,
        "sma200": 168.6928358078003,
        "sma50": 220.52494384765626,
        "rsi_weekly": 52.90812131363197,
        "rsi_monthly": 69.38721493424931,
        "52w_high": 264.3299865722656,
        "52w_low": 0
    },
    "ROL": {
        "close": 61.95500183105469,
        "sma200": 57.21841287612915,
        "sma50": 60.006251373291015,
        "rsi_weekly": 59.774753209832866,
        "rsi_monthly": 72.24759402957673,
        "52w_high": 62.16999816894531,
        "52w_low": 0
    },
    "ROP": {
        "close": 411.5450134277344,
        "sma200": 512.8480690002441,
        "sma50": 441.8153503417969,
        "rsi_weekly": 26.320899769747307,
        "rsi_monthly": 36.594832557975096,
        "52w_high": 589.9105834960938,
        "52w_low": 0
    },
    "ROST": {
        "close": 193.58999633789062,
        "sma200": 151.33064071655272,
        "sma50": 177.28049041748048,
        "rsi_weekly": 80.57225565073932,
        "rsi_monthly": 74.96832235374644,
        "52w_high": 193.7899932861328,
        "52w_low": 0
    },
    "RCL": {
        "close": 275.45001220703125,
        "sma200": 284.5473892974853,
        "sma50": 272.98322540283203,
        "rsi_weekly": 56.72022941459478,
        "rsi_monthly": 57.18995802176354,
        "52w_high": 363.48126220703125,
        "52w_low": 0
    },
    "SPGI": {
        "close": 544.9400024414062,
        "sma200": 510.0387364196777,
        "sma50": 509.62935546875,
        "rsi_weekly": 61.490035085635455,
        "rsi_monthly": 47.47777337497627,
        "52w_high": 562.0632934570312,
        "52w_low": 0
    },
    "CRM": {
        "close": 228.02499389648438,
        "sma200": 254.80589157104492,
        "sma50": 248.6662973022461,
        "rsi_weekly": 52.41322268237092,
        "rsi_monthly": 61.20227122502764,
        "52w_high": 357.6153259277344,
        "52w_low": 0
    },
    "SBAC": {
        "close": 191.4102020263672,
        "sma200": 209.614056930542,
        "sma50": 191.9069793701172,
        "rsi_weekly": 32.94280304652959,
        "rsi_monthly": 31.933414443085805,
        "52w_high": 239.70611572265625,
        "52w_low": 0
    },
    "SLB": {
        "close": 46.64500045776367,
        "sma200": 35.29628917694092,
        "sma50": 38.8636946105957,
        "rsi_weekly": 70.88016424630331,
        "rsi_monthly": 47.565249823805736,
        "52w_high": 46.970001220703125,
        "52w_low": 0
    },
    "STX": {
        "close": 325.3949890136719,
        "sma200": 185.51137409210205,
        "sma50": 282.61167419433593,
        "rsi_weekly": 71.66555366261173,
        "rsi_monthly": 89.80354190729386,
        "52w_high": 330.4200134277344,
        "52w_low": 0
    },
    "SRE": {
        "close": 91.88999938964844,
        "sma200": 81.57821435928345,
        "sma50": 89.91169815063476,
        "rsi_weekly": 55.65459898681222,
        "rsi_monthly": 58.777895796128526,
        "52w_high": 94.03408813476562,
        "52w_low": 0
    },
    "NOW": {
        "close": 128.0,
        "sma200": 180.12455947875978,
        "sma50": 159.02183898925782,
        "rsi_weekly": 30.539893970185155,
        "rsi_monthly": 42.4680627861414,
        "52w_high": 234.0780029296875,
        "52w_low": 0
    },
    "SHW": {
        "close": 356.6499938964844,
        "sma200": 343.4482174682617,
        "sma50": 335.02098266601564,
        "rsi_weekly": 56.13868858574912,
        "rsi_monthly": 60.7531957034777,
        "52w_high": 374.35516357421875,
        "52w_low": 0
    },
    "SPG": {
        "close": 181.51499938964844,
        "sma200": 168.368946685791,
        "sma50": 182.70050842285156,
        "rsi_weekly": 60.193973594803985,
        "rsi_monthly": 72.61051072078759,
        "52w_high": 188.2899932861328,
        "52w_low": 0
    },
    "SWKS": {
        "close": 58.880001068115234,
        "sma200": 68.8524112701416,
        "sma50": 64.98802749633789,
        "rsi_weekly": 38.54018778938073,
        "rsi_monthly": 37.666292052365485,
        "52w_high": 90.16691589355469,
        "52w_low": 0
    },
    "SJM": {
        "close": 101.56999969482422,
        "sma200": 105.27862564086914,
        "sma50": 101.72158767700195,
        "rsi_weekly": 45.31895264308941,
        "rsi_monthly": 28.528032764469454,
        "52w_high": 115.06595611572266,
        "52w_low": 0
    },
    "SNA": {
        "close": 363.8699951171875,
        "sma200": 327.5501062011719,
        "sma50": 346.00489013671876,
        "rsi_weekly": 62.8402793976878,
        "rsi_monthly": 51.62137728823233,
        "52w_high": 363.8699951171875,
        "52w_low": 0
    },
    "SO": {
        "close": 88.88999938964844,
        "sma200": 90.23574382781982,
        "sma50": 87.95576751708984,
        "rsi_weekly": 42.97319446448004,
        "rsi_monthly": 51.19797388674785,
        "52w_high": 98.90631866455078,
        "52w_low": 0
    },
    "LUV": {
        "close": 43.01499938964844,
        "sma200": 32.91596747398376,
        "sma50": 37.953411979675295,
        "rsi_weekly": 75.43389746159725,
        "rsi_monthly": 75.95084892647247,
        "52w_high": 44.52000045776367,
        "52w_low": 0
    },
    "SWK": {
        "close": 85.05000305175781,
        "sma200": 68.88004093170166,
        "sma50": 72.87224304199219,
        "rsi_weekly": 62.97527149457106,
        "rsi_monthly": 41.77162323230081,
        "52w_high": 86.36910247802734,
        "52w_low": 0
    },
    "SBUX": {
        "close": 92.69000244140625,
        "sma200": 86.06970928192139,
        "sma50": 85.88259033203126,
        "rsi_weekly": 53.60715341230536,
        "rsi_monthly": 51.027090065135475,
        "52w_high": 113.4271469116211,
        "52w_low": 0
    },
    "STT": {
        "close": 131.68499755859375,
        "sma200": 108.24871864318848,
        "sma50": 124.22946228027344,
        "rsi_weekly": 72.91805151864979,
        "rsi_monthly": 84.02670364498306,
        "52w_high": 136.2899932861328,
        "52w_low": 0
    },
    "SYK": {
        "close": 364.55999755859375,
        "sma200": 372.5258459472656,
        "sma50": 359.38777404785156,
        "rsi_weekly": 50.33518233243835,
        "rsi_monthly": 56.455581514999515,
        "52w_high": 401.61309814453125,
        "52w_low": 0
    },
    "SYF": {
        "close": 80.91000366210938,
        "sma200": 68.94526903152466,
        "sma50": 80.02600021362305,
        "rsi_weekly": 71.970193067883,
        "rsi_monthly": 77.20157744266994,
        "52w_high": 88.47000122070312,
        "52w_low": 0
    },
    "SNPS": {
        "close": 515.9450073242188,
        "sma200": 493.385975189209,
        "sma50": 452.2250994873047,
        "rsi_weekly": 57.56032531814409,
        "rsi_monthly": 54.61157390579129,
        "52w_high": 645.3499755859375,
        "52w_low": 0
    }
}