{
    "last_scan_index": 375,
    "AAPL": {
        "close": 257.7099914550781,
        "sma200": 233.58388801574708,
        "sma50": 271.76911010742185,
        "rsi_weekly": 53.76185325756492,
        "rsi_monthly": 65.05595520736,
        "52w_high": 286.19000244140625,
        "52w_low": 0
    },
    "NVDA": {
        "close": 188.98460388183594,
        "sma200": 163.67131454467773,
        "sma50": 184.84134399414063,
        "rsi_weekly": 55.83253741961844,
        "rsi_monthly": 76.36247485525132,
        "52w_high": 207.02847290039062,
        "52w_low": 0
    },
    "TSLA": {
        "close": 440.2200012207031,
        "sma200": 368.286950302124,
        "sma50": 443.237001953125,
        "rsi_weekly": 57.433070397524055,
        "rsi_monthly": 70.21254147643917,
        "52w_high": 489.8800048828125,
        "52w_low": 0
    },
    "MSFT": {
        "close": 457.4800109863281,
        "sma200": 480.66055740356444,
        "sma50": 485.7146154785156,
        "rsi_weekly": 46.924932622215245,
        "rsi_monthly": 64.94484290342479,
        "52w_high": 541.057373046875,
        "52w_low": 0
    },
    "AMD": {
        "close": 233.44009399414062,
        "sma200": 168.07330028533934,
        "sma50": 220.9922018432617,
        "rsi_weekly": 52.90812131363197,
        "rsi_monthly": 69.38721493424931,
        "52w_high": 264.3299865722656,
        "52w_low": 0
    },
    "OMC": {
        "close": 80.79000091552734,
        "sma200": 74.28816215515137,
        "sma50": 75.86435668945313,
        "rsi_weekly": 54.900561941509324,
        "rsi_monthly": 45.46671808279561,
        "52w_high": 85.1419448852539,
        "52w_low": 0
    },
    "ON": {
        "close": 61.08000183105469,
        "sma200": 49.74300006866455,
        "sma50": 53.326200332641605,
        "rsi_weekly": 66.63842813991741,
        "rsi_monthly": 61.550226337426814,
        "52w_high": 62.45000076293945,
        "52w_low": 0
    },
    "OKE": {
        "close": 73.92500305175781,
        "sma200": 75.23139465332031,
        "sma50": 71.91329971313476,
        "rsi_weekly": 47.720226568142635,
        "rsi_monthly": 59.09153988779848,
        "52w_high": 104.35751342773438,
        "52w_low": 0
    },
    "ORCL": {
        "close": 191.33999633789062,
        "sma200": 216.57463897705077,
        "sma50": 206.64152618408204,
        "rsi_weekly": 42.60087597476817,
        "rsi_monthly": 53.69357861006645,
        "52w_high": 326.8970947265625,
        "52w_low": 0
    },
    "OTIS": {
        "close": 90.29850006103516,
        "sma200": 91.46156467437744,
        "sma50": 88.48442657470703,
        "rsi_weekly": 50.9419326659481,
        "rsi_monthly": 59.90758966652197,
        "52w_high": 102.87491607666016,
        "52w_low": 0
    },
    "PCAR": {
        "close": 121.91000366210938,
        "sma200": 97.30677726745606,
        "sma50": 107.00698928833008,
        "rsi_weekly": 72.5947121384238,
        "rsi_monthly": 72.91686604240364,
        "52w_high": 121.91000366210938,
        "52w_low": 0
    },
    "PKG": {
        "close": 222.86000061035156,
        "sma200": 198.391420211792,
        "sma50": 203.1825436401367,
        "rsi_weekly": 61.98626067127025,
        "rsi_monthly": 66.40378522605226,
        "52w_high": 236.16148376464844,
        "52w_low": 0
    },
    "PANW": {
        "close": 188.99000549316406,
        "sma200": 192.78580024719238,
        "sma50": 193.51660034179687,
        "rsi_weekly": 47.43266878873063,
        "rsi_monthly": 41.463758262734274,
        "52w_high": 221.3800048828125,
        "52w_low": 0
    },
    "PH": {
        "close": 944.4450073242188,
        "sma200": 737.7468048095703,
        "sma50": 870.2997021484375,
        "rsi_weekly": 76.7789991389881,
        "rsi_monthly": 85.16236564278381,
        "52w_high": 944.4450073242188,
        "52w_low": 0
    },
    "PAYX": {
        "close": 110.55999755859375,
        "sma200": 132.4832377243042,
        "sma50": 112.32465133666992,
        "rsi_weekly": 38.20916694153971,
        "rsi_monthly": 41.10532404483206,
        "52w_high": 157.05911254882812,
        "52w_low": 0
    },
    "PAYC": {
        "close": 153.75999450683594,
        "sma200": 209.39886573791503,
        "sma50": 162.4775534057617,
        "rsi_weekly": 31.32847577610203,
        "rsi_monthly": 34.30214960818378,
        "52w_high": 264.6704406738281,
        "52w_low": 0
    },
    "PYPL": {
        "close": 56.720001220703125,
        "sma200": 67.33264085769653,
        "sma50": 61.128571014404294,
        "rsi_weekly": 33.85673439075665,
        "rsi_monthly": 38.232637776079414,
        "52w_high": 91.5982437133789,
        "52w_low": 0
    },
    "PNR": {
        "close": 106.66999816894531,
        "sma200": 102.19982643127442,
        "sma50": 104.85760025024415,
        "rsi_weekly": 46.95492498414018,
        "rsi_monthly": 68.20961157963171,
        "52w_high": 112.33572387695312,
        "52w_low": 0
    },
    "PEP": {
        "close": 146.8300018310547,
        "sma200": 139.32269630432128,
        "sma50": 144.77498748779297,
        "rsi_weekly": 45.32753659986408,
        "rsi_monthly": 42.55342694098628,
        "52w_high": 152.22113037109375,
        "52w_low": 0
    },
    "PFE": {
        "close": 25.864999771118164,
        "sma200": 23.933320722579957,
        "sma50": 25.260973472595214,
        "rsi_weekly": 55.07166422102244,
        "rsi_monthly": 46.70488534449725,
        "52w_high": 26.896394729614258,
        "52w_low": 0
    },
    "PCG": {
        "close": 15.84000015258789,
        "sma200": 15.542978863716126,
        "sma50": 15.79782112121582,
        "rsi_weekly": 51.395268768788654,
        "rsi_monthly": 45.16955469959027,
        "52w_high": 17.75307846069336,
        "52w_low": 0
    },
    "PM": {
        "close": 173.8000030517578,
        "sma200": 162.02391311645508,
        "sma50": 155.66386993408204,
        "rsi_weekly": 54.81567350207871,
        "rsi_monthly": 63.337588973349284,
        "52w_high": 180.2153778076172,
        "52w_low": 0
    },
    "PSX": {
        "close": 140.17999267578125,
        "sma200": 124.21117385864258,
        "sma50": 136.18168579101564,
        "rsi_weekly": 59.22342348299259,
        "rsi_monthly": 49.69662272495208,
        "52w_high": 144.22000122070312,
        "52w_low": 0
    },
    "PNW": {
        "close": 93.56999969482422,
        "sma200": 89.14275356292724,
        "sma50": 88.76360046386719,
        "rsi_weekly": 51.46898022558169,
        "rsi_monthly": 59.38405191666161,
        "52w_high": 93.56999969482422,
        "52w_low": 0
    },
    "PNC": {
        "close": 215.57000732421875,
        "sma200": 186.5488052368164,
        "sma50": 200.62940002441405,
        "rsi_weekly": 67.98248255991747,
        "rsi_monthly": 58.820429091123614,
        "52w_high": 218.63999938964844,
        "52w_low": 0
    },
    "POOL": {
        "close": 268.04998779296875,
        "sma200": 287.85940841674807,
        "sma50": 241.80170959472656,
        "rsi_weekly": 41.66912322684372,
        "rsi_monthly": 45.120719574710016,
        "52w_high": 358.4319763183594,
        "52w_low": 0
    },
    "PPG": {
        "close": 109.72000122070312,
        "sma200": 105.52871391296387,
        "sma50": 101.11615570068359,
        "rsi_weekly": 54.82064946843289,
        "rsi_monthly": 39.60408685430978,
        "52w_high": 121.09014129638672,
        "52w_low": 0
    },
    "PPL": {
        "close": 35.744998931884766,
        "sma200": 35.105362300872805,
        "sma50": 35.15781135559082,
        "rsi_weekly": 46.063473410553854,
        "rsi_monthly": 63.581194411350296,
        "52w_high": 37.66332244873047,
        "52w_low": 0
    }
}