{
    "VTR": {
        "close": 76.18350219726562,
        "sma50": 78.05542404174804,
        "sma200": 69.2707569694519,
        "rsi_weekly": 59.17313114026464,
        "mrs": -4.458491416854304,
        "rv": 0.20354115402845122,
        "is_stage_2": 