{
    "last_scan_index": 275,
    "AAPL": {
        "close": 259.3699951171875,
        "sma200": 232.80100120544432,
        "sma50": 272.57918151855466,
        "rsi_weekly": 63.04886214426846,
        "rsi_monthly": 65.05595183173901,
        "52w_high": 286.19000244140625,
        "52w_low": 0
    },
    "NVDA": {
        "close": 184.86000061035156,
        "sma200": 162.1727392578125,
        "sma50": 186.36893981933594,
        "rsi_weekly": 58.6487058753977,
        "rsi_monthly": 76.36247779689887,
        "52w_high": 207.02847290039062,
        "52w_low": 0
    },
    "TSLA": {
        "close": 445.010009765625,
        "sma200": 364.7485501861572,
        "sma50": 444.2562017822266,
        "rsi_weekly": 56.31157929953819,
        "rsi_monthly": 70.21254147643917,
        "52w_high": 489.8800048828125,
        "52w_low": 0
    },
    "MSFT": {
        "close": 479.2799987792969,
        "sma200": 478.96978775024417,
        "sma50": 490.38487426757814,
        "rsi_weekly": 44.49072411080595,
        "rsi_monthly": 64.94485667374167,
        "52w_high": 541.057373046875,
        "52w_low": 0
    },
    "AMD": {
        "close": 203.1699981689453,
        "sma200": 165.75879978179933,
        "sma50": 223.97699920654296,
        "rsi_weekly": 60.71614808686848,
        "rsi_monthly": 69.38721493424931,
        "52w_high": 264.3299865722656,
        "52w_low": 0
    },
    "ICE": {
        "close": 165.97999572753906,
        "sma200": 168.07893295288085,
        "sma50": 156.43770904541014,
        "rsi_weekly": 46.71815029680038,
        "rsi_monthly": 64.72606445865216,
        "52w_high": 187.36590576171875,
        "52w_low": 0
    },
    "IFF": {
        "close": 69.0999984741211,
        "sma200": 68.88922555923462,
        "sma50": 65.67201950073242,
        "rsi_weekly": 51.22124601102526,
        "rsi_monthly": 29.921265270359303,
        "52w_high": 85.71450805664062,
        "52w_low": 0
    },
    "INTU": {
        "close": 646.9000244140625,
        "sma200": 680.9475299072266,
        "sma50": 655.4452502441407,
        "rsi_weekly": 41.79639214830299,
        "rsi_monthly": 59.65229208867896,
        "52w_high": 804.435546875,
        "52w_low": 0
    },
    "ISRG": {
        "close": 586.239990234375,
        "sma200": 513.4540498352051,
        "sma50": 563.6028039550781,
        "rsi_weekly": 57.475695648565015,
        "rsi_monthly": 63.82447224376114,
        "52w_high": 610.4500122070312,
        "52w_low": 0
    },
    "IVZ": {
        "close": 28.56999969482422,
        "sma200": 19.818502082824708,
        "sma50": 25.233190231323242,
        "rsi_weekly": 78.10774550214518,
        "rsi_monthly": 75.09770594497229,
        "52w_high": 28.56999969482422,
        "52w_low": 0
    },
    "INVH": {
        "close": 26.5,
        "sma200": 30.096723756790162,
        "sma50": 27.365567131042482,
        "rsi_weekly": 42.61157176481873,
        "rsi_monthly": 48.21644191889517,
        "52w_high": 34.426910400390625,
        "52w_low": 0
    },
    "IQV": {
        "close": 242.41000366210938,
        "sma200": 185.19949996948242,
        "sma50": 223.72720001220702,
        "rsi_weekly": 62.55828026341485,
        "rsi_monthly": 73.87981808116163,
        "52w_high": 244.2899932861328,
        "52w_low": 0
    },
    "IRM": {
        "close": 89.19000244140625,
        "sma200": 92.75200744628906,
        "sma50": 87.69288208007812,
        "rsi_weekly": 38.84108185892261,
        "rsi_monthly": 59.96878992130768,
        "52w_high": 107.43501281738281,
        "52w_low": 0
    },
    "JBHT": {
        "close": 206.85000610351562,
        "sma200": 152.34731227874755,
        "sma50": 183.44145111083984,
        "rsi_weekly": 72.69356497408273,
        "rsi_monthly": 65.67223030730091,
        "52w_high": 206.85000610351562,
        "52w_low": 0
    },
    "JBL": {
        "close": 226.14999389648438,
        "sma200": 197.67135593414307,
        "sma50": 217.90029296875,
        "rsi_weekly": 65.66726660463112,
        "rsi_monthly": 77.63876657272111,
        "52w_high": 240.38999938964844,
        "52w_low": 0
    },
    "JKHY": {
        "close": 189.16000366210938,
        "sma200": 169.664486618042,
        "sma50": 174.26608642578125,
        "rsi_weekly": 57.34045787436128,
        "rsi_monthly": 67.08489374671605,
        "52w_high": 189.35499572753906,
        "52w_low": 0
    },
    "J": {
        "close": 139.9499969482422,
        "sma200": 137.20200256347655,
        "sma50": 141.22609985351562,
        "rsi_weekly": 45.11226425762397,
        "rsi_monthly": 64.20390983306751,
        "52w_high": 164.04388427734375,
        "52w_low": 0
    },
    "JNJ": {
        "close": 204.38999938964844,
        "sma200": 173.41671783447265,
        "sma50": 201.21463348388673,
        "rsi_weekly": 70.24054566739011,
        "rsi_monthly": 80.19776967224412,
        "52w_high": 214.1699981689453,
        "52w_low": 0
    },
    "JCI": {
        "close": 110.8499984741211,
        "sma200": 104.45408729553223,
        "sma50": 117.03499969482422,
        "rsi_weekly": 66.63293305338901,
        "rsi_monthly": 88.83884060718228,
        "52w_high": 122.66000366210938,
        "52w_low": 0
    },
    "JPM": {
        "close": 329.19000244140625,
        "sma200": 285.5764692687988,
        "sma50": 313.2921539306641,
        "rsi_weekly": 64.88716848625025,
        "rsi_monthly": 84.61116903602998,
        "52w_high": 334.6099853515625,
        "52w_low": 0
    },
    "K": {
        "close": 83.44000244140625,
        "sma200": 80.34924087524413,
        "sma50": 82.65304901123046,
        "rsi_weekly": 68.16701734712447,
        "rsi_monthly": 86.62422402719852,
        "52w_high": 83.44999694824219,
        "52w_low": 0
    },
    "KVUE": {
        "close": 16.829999923706055,
        "sma200": 19.456736483573913,
        "sma50": 16.68266647338867,
        "rsi_weekly": 45.702710461718354,
        "rsi_monthly": 35.656818470816155,
        "52w_high": 23.699586868286133,
        "52w_low": 0
    },
    "KDP": {
        "close": 27.790000915527344,
        "sma200": 30.29953652381897,
        "sma50": 27.522459983825684,
        "rsi_weekly": 44.856845839532795,
        "rsi_monthly": 32.299331826402444,
        "52w_high": 34.856082916259766,
        "52w_low": 0
    },
    "KEY": {
        "close": 21.190000534057617,
        "sma200": 17.349670658111574,
        "sma50": 19.178916931152344,
        "rsi_weekly": 69.07991171083626,
        "rsi_monthly": 67.7841300986371,
        "52w_high": 21.56999969482422,
        "52w_low": 0
    },
    "KEYS": {
        "close": 207.3000030517578,
        "sma200": 169.29089981079102,
        "sma50": 195.46640014648438,
        "rsi_weekly": 65.99396521112257,
        "rsi_monthly": 71.44103933425825,
        "52w_high": 214.13999938964844,
        "52w_low": 0
    },
    "KMB": {
        "close": 97.91999816894531,
        "sma200": 121.78798301696777,
        "sma50": 102.95734252929688,
        "rsi_weekly": 30.92218267568741,
        "rsi_monthly": 35.427444506999755,
        "52w_high": 142.8666534423828,
        "52w_low": 0
    },
    "KIM": {
        "close": 20.40999984741211,
        "sma200": 20.63250060081482,
        "sma50": 20.211305694580076,
        "rsi_weekly": 44.15998907431123,
        "rsi_monthly": 44.26793678588417,
        "52w_high": 22.46935272216797,
        "52w_low": 0
    },
    "KMI": {
        "close": 27.1200008392334,
        "sma200": 26.90617130279541,
        "sma50": 26.89010944366455,
        "rsi_weekly": 55.02174849708189,
        "rsi_monthly": 67.71467774371516,
        "52w_high": 29.90215492248535,
        "52w_low": 0
    },
    "KLAC": {
        "close": 1400.0,
        "sma200": 959.0157901000977,
        "sma50": 1218.6413256835938,
        "rsi_weekly": 69.12683880696682,
        "rsi_monthly": 84.62336432071696,
        "52w_high": 1400.0,
        "52w_low": 0
    }
}