{
    "last_scan_index": 400,
    "AAPL": {
        "close": 255.52999877929688,
        "sma200": 233.75189094543458,
        "sma50": 271.494140625,
        "rsi_weekly": 53.76185311724857,
        "rsi_monthly": 65.05593479805388,
        "52w_high": 286.19000244140625,
        "52w_low": 0
    },
    "NVDA": {
        "close": 186.22999572753906,
        "sma200": 164.0421416091919,
        "sma50": 184.55367309570312,
        "rsi_weekly": 55.83253747164307,
        "rsi_monthly": 76.36247393971242,
        "52w_high": 207.02847290039062,
        "52w_low": 0
    },
    "TSLA": {
        "close": 437.5,
        "sma200": 369.1239003753662,
        "sma50": 443.0688018798828,
        "rsi_weekly": 57.433070397524055,
        "rsi_monthly": 70.21254147643917,
        "52w_high": 489.8800048828125,
        "52w_low": 0
    },
    "MSFT": {
        "close": 459.8599853515625,
        "sma200": 481.0549951171875,
        "sma50": 484.6280310058594,
        "rsi_weekly": 46.924933018221054,
        "rsi_monthly": 64.94487324688052,
        "52w_high": 541.057373046875,
        "52w_low": 0
    },
    "AMD": {
        "close": 231.8300018310547,
        "sma200": 168.69094982147217,
        "sma50": 220.51739990234375,
        "rsi_weekly": 52.90812131363197,
        "rsi_monthly": 69.38721493424931,
        "52w_high": 264.3299865722656,
        "52w_low": 0
    },
    "PFG": {
        "close": 88.4800033569336,
        "sma200": 79.75496463775634,
        "sma50": 86.93401916503906,
        "rsi_weekly": 67.82052120377384,
        "rsi_monthly": 65.6860211795333,
        "52w_high": 91.80000305175781,
        "52w_low": 0
    },
    "PG": {
        "close": 144.52999877929688,
        "sma200": 153.49945167541503,
        "sma50": 144.7892010498047,
        "rsi_weekly": 36.321183457293316,
        "rsi_monthly": 42.977565558630346,
        "52w_high": 172.77017211914062,
        "52w_low": 0
    },
    "PGR": {
        "close": 202.3699951171875,
        "sma200": 232.13211837768554,
        "sma50": 211.4770373535156,
        "rsi_weekly": 45.82805105383655,
        "rsi_monthly": 56.73477917271412,
        "52w_high": 273.5130615234375,
        "52w_low": 0
    },
    "PLD": {
        "close": 133.2100067138672,
        "sma200": 112.60363143920898,
        "sma50": 127.07472030639649,
        "rsi_weekly": 65.77904623715928,
        "rsi_monthly": 67.482350809253,
        "52w_high": 133.2100067138672,
        "52w_low": 0
    },
    "PRU": {
        "close": 111.69000244140625,
        "sma200": 104.07912754058837,
        "sma50": 111.45444107055664,
        "rsi_weekly": 67.12975921947753,
        "rsi_monthly": 65.30447806154064,
        "52w_high": 118.72000122070312,
        "52w_low": 0
    },
    "PEG": {
        "close": 79.41999816894531,
        "sma200": 80.80914989471435,
        "sma50": 80.30984466552735,
        "rsi_weekly": 44.535627793689635,
        "rsi_monthly": 65.55414689537399,
        "52w_high": 88.72160339355469,
        "52w_low": 0
    },
    "PTC": {
        "close": 166.75,
        "sma200": 183.28039993286131,
        "sma50": 174.62040069580078,
        "rsi_weekly": 39.644030050351866,
        "rsi_monthly": 48.49976701847694,
        "52w_high": 216.52999877929688,
        "52w_low": 0
    },
    "PSA": {
        "close": 293.8900146484375,
        "sma200": 281.67299194335936,
        "sma50": 269.38636291503906,
        "rsi_weekly": 50.53658977231007,
        "rsi_monthly": 43.13081154913561,
        "52w_high": 308.3981628417969,
        "52w_low": 0
    },
    "PHM": {
        "close": 130.22999572753906,
        "sma200": 116.30668956756591,
        "sma50": 122.63830551147461,
        "rsi_weekly": 60.15761746456712,
        "rsi_monthly": 55.68625459607127,
        "52w_high": 140.8990936279297,
        "52w_low": 0
    },
    "QRVO": {
        "close": 80.11000061035156,
        "sma200": 83.31632482528687,
        "sma50": 85.40259948730468,
        "rsi_weekly": 44.91832072989048,
        "rsi_monthly": 64.763389588317,
        "52w_high": 97.41999816894531,
        "52w_low": 0
    },
    "PWR": {
        "close": 466.75,
        "sma200": 387.10761909484864,
        "sma50": 441.5161944580078,
        "rsi_weekly": 53.46819920533243,
        "rsi_monthly": 75.22279763452515,
        "52w_high": 466.7882995605469,
        "52w_low": 0
    },
    "QCOM": {
        "close": 159.4199981689453,
        "sma200": 158.6199460220337,
        "sma50": 172.02105194091797,
        "rsi_weekly": 58.48374493426976,
        "rsi_monthly": 63.86821537849667,
        "52w_high": 186.72589111328125,
        "52w_low": 0
    },
    "DGX": {
        "close": 189.49000549316406,
        "sma200": 176.41353172302246,
        "sma50": 181.0416394042969,
        "rsi_weekly": 45.399431045098346,
        "rsi_monthly": 52.72813322043855,
        "52w_high": 191.4753875732422,
        "52w_low": 0
    },
    "RL": {
        "close": 363.04998779296875,
        "sma200": 298.5674743652344,
        "sma50": 353.5431298828125,
        "rsi_weekly": 71.59066460234152,
        "rsi_monthly": 84.52632222633312,
        "52w_high": 370.76129150390625,
        "52w_low": 0
    },
    "RJF": {
        "close": 171.77999877929688,
        "sma200": 156.75017658233642,
        "sma50": 162.0091439819336,
        "rsi_weekly": 57.83348330289232,
        "rsi_monthly": 68.49607811668452,
        "52w_high": 175.32736206054688,
        "52w_low": 0
    },
    "RTX": {
        "close": 201.9199981689453,
        "sma200": 155.5996124267578,
        "sma50": 179.90699432373046,
        "rsi_weekly": 72.64915872060577,
        "rsi_monthly": 82.73183331818143,
        "52w_high": 201.9199981689453,
        "52w_low": 0
    },
    "O": {
        "close": 61.41999816894531,
        "sma200": 56.41343519210815,
        "sma50": 57.11664916992188,
        "rsi_weekly": 55.35238367410718,
        "rsi_monthly": 45.68042629327527,
        "52w_high": 61.41999816894531,
        "52w_low": 0
    },
    "REG": {
        "close": 71.47000122070312,
        "sma200": 69.6390869140625,
        "sma50": 69.01383483886718,
        "rsi_weekly": 51.027391184218324,
        "rsi_monthly": 51.84997957367866,
        "52w_high": 74.66252136230469,
        "52w_low": 0
    },
    "REGN": {
        "close": 733.0399780273438,
        "sma200": 609.4801791381836,
        "sma50": 741.0310498046875,
        "rsi_weekly": 67.56241182855545,
        "rsi_monthly": 54.97004202460749,
        "52w_high": 812.27001953125,
        "52w_low": 0
    },
    "RF": {
        "close": 27.770000457763672,
        "sma200": 24.122019815444947,
        "sma50": 26.48075325012207,
        "rsi_weekly": 69.170698354988,
        "rsi_monthly": 65.85490268800332,
        "52w_high": 28.84000015258789,
        "52w_low": 0
    },
    "RSG": {
        "close": 210.9600067138672,
        "sma200": 229.70473915100098,
        "sma50": 211.62033447265625,
        "rsi_weekly": 40.29745420833883,
        "rsi_monthly": 61.44737238020101,
        "52w_high": 255.99310302734375,
        "52w_low": 0
    },
    "RMD": {
        "close": 257.5799865722656,
        "sma200": 255.21161224365235,
        "sma50": 249.52713134765625,
        "rsi_weekly": 48.393292025919614,
        "rsi_monthly": 41.17322269683267,
        "52w_high": 293.03302001953125,
        "52w_low": 0
    },
    "RVTY": {
        "close": 112.5,
        "sma200": 94.22662410736083,
        "sma50": 99.48819976806641,
        "rsi_weekly": 57.74559480870768,
        "rsi_monthly": 49.66724275202537,
        "52w_high": 126.55815124511719,
        "52w_low": 0
    },
    "RHI": {
        "close": 28.34000015258789,
        "sma200": 35.434832372665404,
        "sma50": 27.208481941223145,
        "rsi_weekly": 38.19803006772706,
        "rsi_monthly": 25.48474824443686,
        "52w_high": 67.13592529296875,
        "52w_low": 0
    },
    "ROK": {
        "close": 415.5199890136719,