{
    "last_scan_index": 250,
    "AAPL": {
        "close": 260.010009765625,
        "sma200": 233.40245323181153,
        "sma50": 271.99169921875,
        "rsi_weekly": 53.76185324544086,
        "rsi_monthly": 65.05593415419068,
        "52w_high": 286.19000244140625,
        "52w_low": 0
    },
    "NVDA": {
        "close": 183.13999938964844,
        "sma200": 163.26819332122804,
        "sma50": 185.1990216064453,
        "rsi_weekly": 55.83253747814467,
        "rsi_monthly": 76.3624733540446,
        "52w_high": 207.02847290039062,
        "52w_low": 0
    },
    "TSLA": {
        "close": 439.1449890136719,
        "sma200": 367.38137519836425,
        "sma50": 443.7989013671875,
        "rsi_weekly": 57.433070397524055,
        "rsi_monthly": 70.21254147643917,
        "52w_high": 489.8800048828125,
        "52w_low": 0
    },
    "MSFT": {
        "close": 459.3800048828125,
        "sma200": 480.2400975036621,
        "sma50": 486.88629821777346,
        "rsi_weekly": 46.92493292929291,
        "rsi_monthly": 64.94486732239827,
        "52w_high": 541.057373046875,
        "52w_low": 0
    },
    "AMD": {
        "close": 223.60000610351562,
        "sma200": 167.4197998046875,
        "sma50": 221.51639984130858,
        "rsi_weekly": 52.90812131363197,
        "rsi_monthly": 69.38721493424931,
        "52w_high": 264.3299865722656,
        "52w_low": 0
    },
    "HSIC": {
        "close": 76.26000213623047,
        "sma200": 69.83430021286011,
        "sma50": 74.58459991455078,
        "rsi_weekly": 63.969186621246365,
        "rsi_monthly": 57.563536541611754,
        "52w_high": 81.91000366210938,
        "52w_low": 0
    },
    "HSY": {
        "close": 199.1199951171875,
        "sma200": 175.11336624145508,
        "sma50": 181.74718566894532,
        "rsi_weekly": 56.620002382900594,
        "rsi_monthly": 48.26486622362117,
        "52w_high": 199.1199951171875,
        "52w_low": 0
    },
    "HPE": {
        "close": 22.094999313354492,
        "sma200": 20.709686079025268,
        "sma50": 23.008665046691895,
        "rsi_weekly": 49.125720684668124,
        "rsi_monthly": 63.77688541287386,
        "52w_high": 26.093069076538086,
        "52w_low": 0
    },
    "HLT": {
        "close": 300.1449890136719,
        "sma200": 261.68048194885256,
        "sma50": 281.2087518310547,
        "rsi_weekly": 65.92715261384532,
        "rsi_monthly": 74.74447045347809,
        "52w_high": 300.6199951171875,
        "52w_low": 0
    },
    "HOLX": {
        "close": 75.16000366210938,
        "sma200": 66.88355030059815,
        "sma50": 74.65800048828125,
        "rsi_weekly": 68.16996524903122,
        "rsi_monthly": 52.631403956020975,
        "52w_high": 75.19000244140625,
        "52w_low": 0
    },
    "HD": {
        "close": 375.9599914550781,
        "sma200": 369.59650405883787,
        "sma50": 355.2010101318359,
        "rsi_weekly": 52.16926556230806,
        "rsi_monthly": 58.7027457455887,
        "52w_high": 420.69903564453125,
        "52w_low": 0
    },
    "HON": {
        "close": 213.0399932861328,
        "sma200": 200.79003456115723,
        "sma50": 196.41893920898437,
        "rsi_weekly": 57.36621040943743,
        "rsi_monthly": 45.861924623049006,
        "52w_high": 224.0632781982422,
        "52w_low": 0
    },
    "HRL": {
        "close": 24.489999771118164,
        "sma200": 26.19409158706665,
        "sma50": 22.88614803314209,
        "rsi_weekly": 39.4994487271681,
        "rsi_monthly": 63.52091813509718,
        "52w_high": 30.466331481933594,
        "52w_low": 0
    },
    "HST": {
        "close": 18.219999313354492,
        "sma200": 15.852180180549622,
        "sma50": 17.52816343307495,
        "rsi_weekly": 65.04084851854256,
        "rsi_monthly": 71.29016483103881,
        "52w_high": 18.510000228881836,
        "52w_low": 0
    },
    "HWM": {
        "close": 220.2050018310547,
        "sma200": 179.92046337127687,
        "sma50": 204.10468994140626,
        "rsi_weekly": 68.25882567587132,
        "rsi_monthly": 86.11351908390871,
        "52w_high": 220.2050018310547,
        "52w_low": 0
    },
    "HPQ": {
        "close": 20.7549991607666,
        "sma200": 25.202617654800417,
        "sma50": 23.740360717773438,
        "rsi_weekly": 34.567437784559615,
        "rsi_monthly": 32.64160984436211,
        "52w_high": 33.246681213378906,
        "52w_low": 0
    },
    "HUBB": {
        "close": 476.3599853515625,
        "sma200": 413.71072540283205,
        "sma50": 446.3550152587891,
        "rsi_weekly": 62.719416134481385,
        "rsi_monthly": 70.8634019654412,
        "52w_high": 481.67999267578125,
        "52w_low": 0
    },
    "HUM": {
        "close": 273.9800109863281,
        "sma200": 257.3720066833496,
        "sma50": 254.89889709472655,
        "rsi_weekly": 54.89478766453309,
        "rsi_monthly": 35.127350861206565,
        "52w_high": 309.8533935546875,
        "52w_low": 0
    },
    "HBAN": {
        "close": 17.68000030517578,
        "sma200": 16.032256345748902,
        "sma50": 16.76535873413086,
        "rsi_weekly": 64.92881264104207,
        "rsi_monthly": 64.22571159127,
        "52w_high": 18.469999313354492,
        "52w_low": 0
    },
    "HII": {
        "close": 415.2799987792969,
        "sma200": 270.1370890045166,
        "sma50": 331.2873254394531,
        "rsi_weekly": 82.02416497285029,
        "rsi_monthly": 77.36116590588436,
        "52w_high": 415.2799987792969,
        "52w_low": 0
    },
    "IBM": {
        "close": 309.1400146484375,
        "sma200": 272.156462020874,
        "sma50": 303.7444830322266,
        "rsi_weekly": 59.896003200398525,
        "rsi_monthly": 67.61588123570581,
        "52w_high": 314.9800109863281,
        "52w_low": 0
    },
    "IEX": {
        "close": 190.58999633789062,
        "sma200": 172.03356880187988,
        "sma50": 175.26559997558593,
        "rsi_weekly": 60.90282943315075,
        "rsi_monthly": 64.96375682213574,
        "52w_high": 221.66676330566406,
        "52w_low": 0
    },
    "IDXX": {
        "close": 710.47998046875,
        "sma200": 594.2409992980957,
        "sma50": 707.5075964355469,
        "rsi_weekly": 61.779669831930036,
        "rsi_monthly": 73.80787068804858,
        "52w_high": 766.6799926757812,
        "52w_low": 0
    },
    "ITW": {
        "close": 258.8999938964844,
        "sma200": 247.70008506774903,
        "sma50": 247.8819546508789,
        "rsi_weekly": 54.799050860805956,
        "rsi_monthly": 50.41938025400493,
        "52w_high": 267.75982666015625,
        "52w_low": 0
    },
    "ILMN": {
        "close": 143.97000122070312,
        "sma200": 101.34020046234131,
        "sma50": 130.76540084838868,
        "rsi_weekly": 70.41712073709265,
        "rsi_monthly": 52.99594791379708,
        "52w_high": 150.13999938964844,
        "52w_low": 0
    },
    "INCY": {
        "close": 105.94999694824219,
        "sma200": 80.94274995803833,
        "sma50": 102.32620025634766,
        "rsi_weekly": 66.54768012028586,
        "rsi_monthly": 71.27031840388001,
        "52w_high": 110.56999969482422,
        "52w_low": 0
    },
    "IR": {
        "close": 86.04000091552734,
        "sma200": 80.0656985092163,
        "sma50": 79.64181335449219,
        "rsi_weekly": 57.21262524448997,
        "rsi_monthly": 64.30780203045003,
        "52w_high": 94.13667297363281,
        "52w_low": 0
    },
    "PODD": {
        "close": 282.8900146484375,
        "sma200": 304.00160026550293,
        "sma50": 305.7604028320313,
        "rsi_weekly": 42.158417581686514,
        "rsi_monthly": 43.354514287478466,
        "52w_high": 352.82000732421875,
        "52w_low": 0
    },
    "INTC": {
        "close": 48.720001220703125,
        "sma200": 28.31349997520447,
        "sma50": 38.66640014648438,
        "rsi_weekly": 70.47865291242724,
        "rsi_monthly": 58.60245325814752,
        "52w_high": 48.720001220703125,
        "52w_low": 0
    }
}