{
    "last_scan_index": 225,
    "AAPL": {
        "close": 261.04998779296875,
        "sma200": 233.18819023132323,
        "sma50": 272.193662109375,
        "rsi_weekly": 53.76185332141311,
        "rsi_monthly": 65.0559172116704,
        "52w_high": 286.19000244140625,
        "52w_low": 0
    },
    "NVDA": {
        "close": 185.80999755859375,
        "sma200": 162.90074352264404,
        "sma50": 185.58579620361328,
        "rsi_weekly": 55.83253735845788,
        "rsi_monthly": 76.36247625298006,
        "52w_high": 207.02847290039062,
        "52w_low": 0
    },
    "TSLA": {
        "close": 447.20001220703125,
        "sma200": 366.50340019226076,
        "sma50": 444.14720153808594,
        "rsi_weekly": 57.433070397524055,
        "rsi_monthly": 70.21254147643917,
        "52w_high": 489.8800048828125,
        "52w_low": 0
    },
    "MSFT": {
        "close": 470.6700134277344,
        "sma200": 479.82709930419924,
        "sma50": 488.0355511474609,
        "rsi_weekly": 46.92493267455156,
        "rsi_monthly": 64.94485537311995,
        "52w_high": 541.057373046875,
        "52w_low": 0
    },
    "AMD": {
        "close": 220.97000122070312,
        "sma200": 166.81789978027345,
        "sma50": 222.16679962158204,
        "rsi_weekly": 52.90812131363197,
        "rsi_monthly": 69.38721493424931,
        "52w_high": 264.3299865722656,
        "52w_low": 0
    },
    "FTV": {
        "close": 54.68000030517578,
        "sma200": 51.259350757598874,
        "sma50": 53.434195861816406,
        "rsi_weekly": 61.059370555747996,
        "rsi_monthly": 66.79454639866968,
        "52w_high": 62.25309371948242,
        "52w_low": 0
    },
    "FOXA": {
        "close": 73.2300033569336,
        "sma200": 59.17958196640015,
        "sma50": 69.24840034484863,
        "rsi_weekly": 74.08153415848304,
        "rsi_monthly": 72.54535905746776,
        "52w_high": 76.11000061035156,
        "52w_low": 0
    },
    "FOX": {
        "close": 66.5199966430664,
        "sma200": 53.723042736053465,
        "sma50": 61.847400131225584,
        "rsi_weekly": 73.65644694063712,
        "rsi_monthly": 68.72104757761507,
        "52w_high": 67.76000213623047,
        "52w_low": 0
    },
    "BEN": {
        "close": 25.280000686645508,
        "sma200": 22.26907848358154,
        "sma50": 23.06585559844971,
        "rsi_weekly": 68.32680965303862,
        "rsi_monthly": 61.44884940203297,
        "52w_high": 25.65999984741211,
        "52w_low": 0
    },
    "FCX": {
        "close": 59.34000015258789,
        "sma200": 41.98197169303894,
        "sma50": 46.24560020446777,
        "rsi_weekly": 72.1802893548155,
        "rsi_monthly": 55.83357149206188,
        "52w_high": 59.34000015258789,
        "52w_low": 0
    },
    "GRMN": {
        "close": 213.91000366210938,
        "sma200": 213.94832252502442,
        "sma50": 201.84434997558594,
        "rsi_weekly": 49.29809452499838,
        "rsi_monthly": 64.91601739584331,
        "52w_high": 258.6608581542969,
        "52w_low": 0
    },
    "IT": {
        "close": 235.7899932861328,
        "sma200": 313.9559004211426,
        "sma50": 237.83480041503907,
        "rsi_weekly": 40.051849043459065,
        "rsi_monthly": 33.00686951680514,
        "52w_high": 548.3800048828125,
        "52w_low": 0
    },
    "GE": {
        "close": 327.2300109863281,
        "sma200": 266.1891745758057,
        "sma50": 303.77459533691405,
        "rsi_weekly": 67.22746128082143,
        "rsi_monthly": 86.92091381626783,
        "52w_high": 327.5400085449219,
        "52w_low": 0
    },
    "GEV": {
        "close": 652.0900268554688,
        "sma200": 546.5219152832032,
        "sma50": 619.6079174804687,
        "rsi_weekly": 55.82966827370741,
        "rsi_monthly": 81.47094865386372,
        "52w_high": 722.468017578125,
        "52w_low": 0
    },
    "GEHC": {
        "close": 84.7699966430664,
        "sma200": 74.55204040527343,
        "sma50": 80.28736755371094,
        "rsi_weekly": 63.59088942777538,
        "rsi_monthly": 77.22896384450574,
        "52w_high": 93.30925750732422,
        "52w_low": 0
    },
    "GEN": {
        "close": 26.280000686645508,
        "sma200": 27.79577618598938,
        "sma50": 26.749895248413086,
        "rsi_weekly": 47.17346944805557,
        "rsi_monthly": 40.529598338327546,
        "52w_high": 31.882293701171875,
        "52w_low": 0
    },
    "GNRC": {
        "close": 157.6999969482422,
        "sma200": 152.74974998474121,
        "sma50": 151.18759948730468,
        "rsi_weekly": 47.63570507639144,
        "rsi_monthly": 46.472430900903376,
        "52w_high": 202.85000610351562,
        "52w_low": 0
    },
    "GD": {
        "close": 363.29998779296875,
        "sma200": 310.7792757415771,
        "sma50": 343.2478009033203,
        "rsi_weekly": 70.19335446572532,
        "rsi_monthly": 76.93096540692173,
        "52w_high": 363.29998779296875,
        "52w_low": 0
    },
    "GIS": {
        "close": 44.27000045776367,
        "sma200": 49.33974271774292,
        "sma50": 45.82308578491211,
        "rsi_weekly": 35.34884369947705,
        "rsi_monthly": 26.675041926830275,
        "52w_high": 62.18780517578125,
        "52w_low": 0
    },
    "GM": {
        "close": 83.23999786376953,
        "sma200": 58.67122346878052,
        "sma50": 76.29952362060547,
        "rsi_weekly": 78.2419508914151,
        "rsi_monthly": 85.79250639089713,
        "52w_high": 85.12999725341797,
        "52w_low": 0
    },
    "GPC": {
        "close": 131.97000122070312,
        "sma200": 126.27243843078614,
        "sma50": 126.6338279724121,
        "rsi_weekly": 50.26356834529983,
        "rsi_monthly": 59.50709071100876,
        "52w_high": 141.64169311523438,
        "52w_low": 0
    },
    "GILD": {
        "close": 121.76000213623047,
        "sma200": 112.92920501708984,
        "sma50": 122.53902206420898,
        "rsi_weekly": 56.18955346057263,
        "rsi_monthly": 60.16941111316581,
        "52w_high": 127.22968292236328,
        "52w_low": 0
    },
    "GPN": {
        "close": 77.47000122070312,
        "sma200": 80.89794467926025,
        "sma50": 77.64671081542969,
        "rsi_weekly": 47.77002939015977,
        "rsi_monthly": 29.9231718682644,
        "52w_high": 111.5788803100586,
        "52w_low": 0
    },
    "GL": {
        "close": 141.92999267578125,
        "sma200": 130.78851287841798,
        "sma50": 135.93859161376952,
        "rsi_weekly": 60.7906414499197,
        "rsi_monthly": 67.28474139195644,
        "52w_high": 145.98092651367188,
        "52w_low": 0
    },
    "GS": {
        "close": 938.1500244140625,
        "sma200": 715.6292323303222,
        "sma50": 852.1230603027344,
        "rsi_weekly": 80.08124732612656,
        "rsi_monthly": 84.55575156454286,
        "52w_high": 955.469970703125,
        "52w_low": 0
    },
    "HAL": {
        "close": 32.61000061035156,
        "sma200": 23.293899526596068,
        "sma50": 27.985698776245115,
        "rsi_weekly": 71.50363104029519,
        "rsi_monthly": 48.84586044721441,
        "52w_high": 32.630001068115234,
        "52w_low": 0
    },
    "HIG": {
        "close": 131.85000610351562,
        "sma200": 127.62256393432617,
        "sma50": 134.19068450927733,
        "rsi_weekly": 58.480046842372126,
        "rsi_monthly": 75.92895843323609,
        "52w_high": 139.72000122070312,
        "52w_low": 0
    },
    "HAS": {
        "close": 86.87000274658203,
        "sma200": 72.59323593139648,
        "sma50": 80.90202529907226,
        "rsi_weekly": 70.84828493971719,
        "rsi_monthly": 73.0306392086395,
        "52w_high": 89.13999938964844,
        "52w_low": 0
    },
    "HCA": {
        "close": 479.32000732421875,
        "sma200": 405.6725894165039,
        "sma50": 478.5592938232422,
        "rsi_weekly": 61.69167715755086,
        "rsi_monthly": 66.51810118278534,
        "52w_high": 515.0838012695312,
        "52w_low": 0
    }
}