{
    "last_scan_index": 25,
    "AAPL": {
        "close": 248.35000610351562,
        "sma200": 234.39857788085936,
        "sma50": 270.19619842529295,
        "rsi_weekly": 51.05965925516969,
        "rsi_monthly": 65.0559184058406,
        "52w_high": 286.19000244140625,
        "52w_low": 0
    },
    "NVDA": {
        "close": 184.83999633789062,
        "sma200": 165.2409197998047,
        "sma50": 184.0501092529297,
        "rsi_weekly": 56.613522654023136,
        "rsi_monthly": 76.36247079426143,
        "52w_high": 207.02847290039062,
        "52w_low": 0
    },
    "TSLA": {
        "close": 449.3599853515625,
        "sma200": 371.67680030822754,
        "sma50": 442.3198016357422,
        "rsi_weekly": 55.767272209839355,
        "rsi_monthly": 70.21254147643917,
        "52w_high": 489.8800048828125,
        "52w_low": 0
    },
    "MSFT": {
        "close": 451.1400146484375,
        "sma200": 482.258126373291,
        "sma50": 481.6579150390625,
        "rsi_weekly": 40.97292848262231,
        "rsi_monthly": 64.94486503209721,
        "52w_high": 541.057373046875,
        "52w_low": 0
    },
    "AMD": {
        "close": 253.72999572753906,
        "sma200": 170.95559978485107,
        "sma50": 220.6750003051758,
        "rsi_weekly": 60.57175331207617,
        "rsi_monthly": 69.38721493424931,
        "52w_high": 264.3299865722656,
        "52w_low": 0
    },
    "MMM": {
        "close": 160.6300048828125,
        "sma200": 153.74423664093018,
        "sma50": 165.70837982177736,
        "rsi_weekly": 58.88716582988246,
        "rsi_monthly": 66.9403260061418,
        "52w_high": 173.08999633789062,
        "52w_low": 0
    },
    "AOS": {
        "close": 73.08999633789062,
        "sma200": 67.97008518218995,
        "sma50": 67.69820007324219,
        "rsi_weekly": 60.31219474923224,
        "rsi_monthly": 58.82062856980609,
        "52w_high": 73.89897918701172,
        "52w_low": 0
    },
    "ABT": {
        "close": 108.61000061035156,
        "sma200": 128.45465339660643,
        "sma50": 124.87062286376953,
        "rsi_weekly": 40.56839919245285,
        "rsi_monthly": 62.307545373666095,
        "52w_high": 137.6374053955078,
        "52w_low": 0
    },
    "ABBV": {
        "close": 218.11000061035156,
        "sma200": 204.0216870880127,
        "sma50": 224.3711767578125,
        "rsi_weekly": 49.16451775061734,
        "rsi_monthly": 74.25424406303274,
        "52w_high": 240.6942901611328,
        "52w_low": 0
    },
    "ACN": {
        "close": 285.0899963378906,
        "sma200": 272.0407480621338,
        "sma50": 265.19019958496096,
        "rsi_weekly": 59.764015679961126,
        "rsi_monthly": 46.79370562536901,
        "52w_high": 394.31280517578125,
        "52w_low": 0
    },
    "ADBE": {
        "close": 299.7300109863281,
        "sma200": 357.8438993835449,
        "sma50": 332.02239990234375,
        "rsi_weekly": 33.0315900848949,
        "rsi_monthly": 22.841396768378708,
        "52w_high": 464.1099853515625,
        "52w_low": 0
    },
    "AES": {
        "close": 14.609999656677246,
        "sma200": 12.565898690223694,
        "sma50": 14.019199962615966,
        "rsi_weekly": 56.36665713537477,
        "rsi_monthly": 41.76984841047196,
        "52w_high": 15.17705249786377,
        "52w_low": 0
    },
    "AFL": {
        "close": 108.30000305175781,
        "sma200": 106.14094387054443,
        "sma50": 110.28224639892578,
        "rsi_weekly": 53.06385916211474,
        "rsi_monthly": 53.16262511883407,
        "52w_high": 114.41313171386719,
        "52w_low": 0
    },
    "A": {
        "close": 138.6300048828125,
        "sma200": 126.4113786315918,
        "sma50": 143.90718872070312,
        "rsi_weekly": 52.8044804870925,
        "rsi_monthly": 59.249766683597244,
        "52w_high": 156.91954040527344,
        "52w_low": 0
    },
    "APD": {
        "close": 264.0400085449219,
        "sma200": 267.7912289428711,
        "sma50": 252.89444396972655,
        "rsi_weekly": 52.51956464211693,
        "rsi_monthly": 35.15970614038868,
        "52w_high": 329.2906494140625,
        "52w_low": 0
    },
    "ABNB": {
        "close": 133.8000030517578,
        "sma200": 127.66570007324219,
        "sma50": 127.98599990844727,
        "rsi_weekly": 51.78294664503753,
        "rsi_monthly": 64.48632187152391,
        "52w_high": 161.4199981689453,
        "52w_low": 0
    },
    "AKAM": {
        "close": 97.02999877929688,
        "sma200": 79.7871996307373,
        "sma50": 88.3759994506836,
        "rsi_weekly": 63.71372599367118,
        "rsi_monthly": 28.03165935349632,
        "52w_high": 102.0999984741211,
        "52w_low": 0
    },
    "ALB": {
        "close": 188.32000732421875,
        "sma200": 89.15428749084472,
        "sma50": 139.0663818359375,
        "rsi_weekly": 78.252715057909,
        "rsi_monthly": 78.91607537058735,
        "52w_high": 188.32000732421875,
        "52w_low": 0
    },
    "ARE": {
        "close": 58.09000015258789,
        "sma200": 67.53317178726196,
        "sma50": 50.51249465942383,
        "rsi_weekly": 44.7970469982111,
        "rsi_monthly": 31.177530780378603,
        "52w_high": 96.28242492675781,
        "52w_low": 0
    },
    "ALGN": {
        "close": 168.9199981689453,
        "sma200": 159.3590998840332,
        "sma50": 156.00459899902344,
        "rsi_weekly": 58.898416332269164,
        "rsi_monthly": 57.06397118369214,
        "52w_high": 234.88999938964844,
        "52w_low": 0
    },
    "ALLE": {
        "close": 166.9199981689453,
        "sma200": 157.27095520019532,
        "sma50": 162.31880126953126,
        "rsi_weekly": 54.483833206388034,
        "rsi_monthly": 65.98129709793358,
        "52w_high": 179.47000122070312,
        "52w_low": 0
    },
    "LNT": {
        "close": 66.87000274658203,
        "sma200": 63.84136964797974,
        "sma50": 66.35539947509766,
        "rsi_weekly": 57.78434839265792,
        "rsi_monthly": 58.69284414655144,
        "52w_high": 69.47000122070312,
        "52w_low": 0
    },
    "ALL": {
        "close": 195.27999877929688,
        "sma200": 200.53980155944825,
        "sma50": 206.2775015258789,
        "rsi_weekly": 43.13954140402971,
        "rsi_monthly": 63.84693168537264,
        "52w_high": 213.64215087890625,
        "52w_low": 0
    },
    "GOOGL": {
        "close": 330.5400085449219,
        "sma200": 228.7579566192627,
        "sma50": 311.94648315429686,
        "rsi_weekly": 79.03233186097157,
        "rsi_monthly": 79.40277949600195,
        "52w_high": 335.9700012207031,
        "52w_low": 0
    },
    "GOOG": {
        "close": 330.8399963378906,
        "sma200": 229.70066009521486,
        "sma50": 312.60856872558594,
        "rsi_weekly": 79.21188164395387,
        "rsi_monthly": 79.2407661890148,
        "52w_high": 336.42999267578125,
        "52w_low": 0
    },
    "MO": {
        "close": 61.029998779296875,
        "sma200": 59.01841356277466,
        "sma50": 57.83368865966797,
        "rsi_weekly": 59.147805774774085,
        "rsi_monthly": 63.97266187621762,
        "52w_high": 65.45215606689453,
        "52w_low": 0
    },
    "AMZN": {
        "close": 234.33999633789062,
        "sma200": 219.97930015563963,
        "sma50": 232.54759979248047,
        "rsi_weekly": 56.10425910324884,
        "rsi_monthly": 71.52946981803966,
        "52w_high": 254.0,
        "52w_low": 0
    },
    "AMCR": {
        "close": 42.77000045776367,
        "sma200": 43.77499011993408,
        "sma50": 42.13579963684082,
        "rsi_weekly": 42.78317038074825,
        "rsi_monthly": 37.63833273444747,
        "52w_high": 50.73261260986328,
        "52w_low": 0
    },
    "AEE": {
        "close": 102.9000015258789,
        "sma200": 98.83078201293945,
        "sma50": 101.28662048339844,
        "rsi_weekly": 58.37331950767803,
        "rsi_monthly": 68.76177640001092,
        "52w_high": 105.5897445678711,
        "52w_low": 0
    }
}