{
    "last_scan_index": 400,
    "AAPL": {
        "close": 248.35000610351562,
        "sma200": 234.39857795715332,
        "sma50": 270.19619842529295,
        "rsi_weekly": 51.05965916599579,
        "rsi_monthly": 65.0559142865191,
        "52w_high": 286.19000244140625,
        "52w_low": 0
    },
    "NVDA": {
        "close": 184.83999633789062,
        "sma200": 165.24091972351073,
        "sma50": 184.0501092529297,
        "rsi_weekly": 56.61352265811718,
        "rsi_monthly": 76.36247148176406,
        "52w_high": 207.02847290039062,
        "52w_low": 0
    },
    "TSLA": {
        "close": 449.3599853515625,
        "sma200": 371.67680030822754,
        "sma50": 442.3198016357422,
        "rsi_weekly": 55.767272209839355,
        "rsi_monthly": 70.21254147643917,
        "52w_high": 489.8800048828125,
        "52w_low": 0
    },
    "MSFT": {
        "close": 451.1400146484375,
        "sma200": 482.25812744140626,
        "sma50": 481.6579150390625,
        "rsi_weekly": 40.97292787303986,
        "rsi_monthly": 64.9448762822598,
        "52w_high": 541.057373046875,
        "52w_low": 0
    },
    "AMD": {
        "close": 253.72999572753906,
        "sma200": 170.95559978485107,
        "sma50": 220.6750003051758,
        "rsi_weekly": 60.57175331207617,
        "rsi_monthly": 69.38721493424931,
        "52w_high": 264.3299865722656,
        "52w_low": 0
    },
    "PFG": {
        "close": 92.1500015258789,
        "sma200": 79.95568656921387,
        "sma50": 87.48660095214844,
        "rsi_weekly": 61.96970903669184,
        "rsi_monthly": 65.68604709527523,
        "52w_high": 92.1500015258789,
        "52w_low": 0
    },
    "PG": {
        "close": 149.92999267578125,
        "sma200": 153.23625839233398,
        "sma50": 144.8710009765625,
        "rsi_weekly": 41.56817097601396,
        "rsi_monthly": 42.977569168993185,
        "52w_high": 172.77015686035156,
        "52w_low": 0
    },
    "PGR": {
        "close": 206.9199981689453,
        "sma200": 231.32213508605957,
        "sma50": 211.79689208984374,
        "rsi_weekly": 38.947619035921385,
        "rsi_monthly": 56.7348073102077,
        "52w_high": 273.5130615234375,
        "52w_low": 0
    },
    "PLD": {
        "close": 126.66999816894531,
        "sma200": 113.02619937896729,
        "sma50": 127.43645095825195,
        "rsi_weekly": 69.68556239127794,
        "rsi_monthly": 67.48235552557671,
        "52w_high": 133.2100067138672,
        "52w_low": 0
    },
    "PRU": {
        "close": 108.7699966430664,
        "sma200": 104.20125667572022,
        "sma50": 111.75064682006835,
        "rsi_weekly": 55.252994718752085,
        "rsi_monthly": 65.30447224084159,
        "52w_high": 118.72000122070312,
        "52w_low": 0
    },
    "PEG": {
        "close": 79.4000015258789,
        "sma200": 80.81502075195313,
        "sma50": 80.20824859619141,
        "rsi_weekly": 46.46714736566157,
        "rsi_monthly": 65.55413898303523,
        "52w_high": 88.72160339355469,
        "52w_low": 0
    },
    "PTC": {
        "close": 164.7100067138672,
        "sma200": 183.48379997253417,
        "sma50": 173.5630010986328,
        "rsi_weekly": 36.67637127008923,
        "rsi_monthly": 48.49976701847694,
        "52w_high": 216.52999877929688,
        "52w_low": 0
    },
    "PSA": {
        "close": 286.5799865722656,
        "sma200": 281.72942581176756,
        "sma50": 270.1582763671875,
        "rsi_weekly": 58.00795509015984,
        "rsi_monthly": 43.13080880202249,
        "52w_high": 308.3981628417969,
        "52w_low": 0
    },
    "PHM": {
        "close": 127.7699966430664,
        "sma200": 116.72167110443115,
        "sma50": 123.18102661132812,
        "rsi_weekly": 57.96151993591764,
        "rsi_monthly": 55.68625579894435,
        "52w_high": 140.89910888671875,
        "52w_low": 0
    },
    "QRVO": {
        "close": 81.58999633789062,
        "sma200": 83.57787479400635,
        "sma50": 84.9959992980957,
        "rsi_weekly": 43.23197880204791,
        "rsi_monthly": 64.763389588317,
        "52w_high": 97.41999816894531,
        "52w_low": 0
    },
    "PWR": {
        "close": 468.7799987792969,
        "sma200": 390.35806510925295,
        "sma50": 442.8061865234375,
        "rsi_weekly": 63.99713019020278,
        "rsi_monthly": 75.22279313056715,
        "52w_high": 473.239990234375,
        "52w_low": 0
    },
    "QCOM": {
        "close": 157.8000030517578,
        "sma200": 158.89132999420167,
        "sma50": 170.96290954589844,
        "rsi_weekly": 45.79081574112584,
        "rsi_monthly": 63.868213039397325,
        "52w_high": 186.72589111328125,
        "52w_low": 0
    },
    "DGX": {
        "close": 182.16000366210938,
        "sma200": 176.72432479858398,
        "sma50": 181.52002624511718,
        "rsi_weekly": 59.8315621955196,
        "rsi_monthly": 52.72813243876575,
        "52w_high": 191.4753875732422,
        "52w_low": 0
    },
    "RL": {
        "close": 363.79998779296875,
        "sma200": 300.9041395568848,
        "sma50": 356.3310479736328,
        "rsi_weekly": 67.1580480433475,
        "rsi_monthly": 84.52631759459264,
        "52w_high": 370.76129150390625,
        "52w_low": 0
    },
    "RJF": {
        "close": 171.57000732421875,
        "sma200": 157.3371570968628,
        "sma50": 162.5610595703125,
        "rsi_weekly": 61.254183997172625,
        "rsi_monthly": 68.49608336643776,
        "52w_high": 175.32736206054688,
        "52w_low": 0
    },
    "RTX": {
        "close": 196.33999633789062,
        "sma200": 156.67185272216796,
        "sma50": 181.23101440429687,
        "rsi_weekly": 78.62315075017526,
        "rsi_monthly": 82.73183434596544,
        "52w_high": 201.9199981689453,
        "52w_low": 0
    },
    "O": {
        "close": 60.849998474121094,
        "sma200": 56.52299072265625,
        "sma50": 57.4474072265625,
        "rsi_weekly": 65.31943927574409,
        "rsi_monthly": 45.68033402851536,
        "52w_high": 61.790000915527344,
        "52w_low": 0
    },
    "REG": {
        "close": 70.86000061035156,
        "sma200": 69.65581331253051,
        "sma50": 69.15016662597657,
        "rsi_weekly": 55.73316835529879,
        "rsi_monthly": 51.84997933089791,
        "52w_high": 74.66252136230469,
        "52w_low": 0
    },
    "REGN": {
        "close": 755.510009765625,
        "sma200": 611.6631726074219,
        "sma50": 746.8804528808594,
        "rsi_weekly": 56.94773942534953,
        "rsi_monthly": 54.97004202460749,
        "52w_high": 812.27001953125,
        "52w_low": 0
    },
    "RF": {
        "close": 28.290000915527344,
        "sma200": 24.252889623641966,
        "sma50": 26.716668090820313,
        "rsi_weekly": 63.058529038899934,
        "rsi_monthly": 65.85490437052283,
        "52w_high": 28.84000015258789,
        "52w_low": 0
    },
    "RSG": {
        "close": 215.75,
        "sma200": 229.2939601135254,
        "sma50": 212.1448815917969,
        "rsi_weekly": 39.09582280364573,
        "rsi_monthly": 61.447352540295896,
        "52w_high": 255.99313354492188,
        "52w_low": 0
    },
    "RMD": {
        "close": 255.35000610351562,
        "sma200": 255.8642992401123,
        "sma50": 249.99175201416017,
        "rsi_weekly": 51.86782547481189,
        "rsi_monthly": 41.17321251057075,
        "52w_high": 293.03302001953125,
        "52w_low": 0
    },
    "RVTY": {
        "close": 117.75,
        "sma200": 94.3933483505249,
        "sma50": 100.89849334716797,
        "rsi_weekly": 63.517140159564164,
        "rsi_monthly": 49.667286027245304,
        "52w_high": 126.48133087158203,
        "52w_low": 0
    },
    "RHI": {
        "close": 28.65999984741211,
        "sma200": 35.12223045349121,
        "sma50": 27.35980667114258,
        "rsi_weekly": 36.284241782587905,
        "rsi_monthly": 25.484713469250178,
        "52w_high": 66.9664306640625,
        "52w_low": 0
    },
    "ROK": {
        "close": 425.32000732421875,