{
    "last_scan_index": 275,
    "AAPL": {
        "close": 259.0400085449219,
        "sma200": 232.61908897399903,
        "sma50": 272.7665710449219,
        "rsi_weekly": 63.04886221288554,
        "rsi_monthly": 65.05591594064772,
        "52w_high": 286.19000244140625,
        "52w_low": 0
    },
    "NVDA": {
        "close": 185.0399932861328,
        "sma200": 161.8517797088623,
        "sma50": 186.69211608886718,
        "rsi_weekly": 58.648705750563906,
        "rsi_monthly": 76.36247906678045,
        "52w_high": 207.02847290039062,
        "52w_low": 0
    },
    "TSLA": {
        "close": 435.79998779296875,
        "sma200": 363.9642002105713,
        "sma50": 444.56700134277344,
        "rsi_weekly": 56.31157929953819,
        "rsi_monthly": 70.21254147643917,
        "52w_high": 489.8800048828125,
        "52w_low": 0
    },
    "MSFT": {
        "close": 478.1099853515625,
        "sma200": 478.5386508178711,
        "sma50": 491.6204217529297,
        "rsi_weekly": 44.490724485308746,
        "rsi_monthly": 64.94484814810917,
        "52w_high": 541.057373046875,
        "52w_low": 0
    },
    "AMD": {
        "close": 204.67999267578125,
        "sma200": 165.31699977874757,
        "sma50": 225.07379943847656,
        "rsi_weekly": 60.71614808686848,
        "rsi_monthly": 69.38721493424931,
        "52w_high": 264.3299865722656,
        "52w_low": 0
    },
    "ICE": {
        "close": 161.97999572753906,
        "sma200": 168.11979080200194,
        "sma50": 156.25415496826173,
        "rsi_weekly": 46.718151052487855,
        "rsi_monthly": 64.72605696618366,
        "52w_high": 187.36590576171875,
        "52w_low": 0
    },
    "IFF": {
        "close": 68.58000183105469,
        "sma200": 68.92142736434937,
        "sma50": 65.5796842956543,
        "rsi_weekly": 51.2212457939274,
        "rsi_monthly": 29.921294767810345,
        "52w_high": 85.71450805664062,
        "52w_low": 0
    },
    "INTU": {
        "close": 652.75,
        "sma200": 682.0396286010742,
        "sma50": 657.2692004394531,
        "rsi_weekly": 41.79638858480973,
        "rsi_monthly": 59.65224934134465,
        "52w_high": 805.9171142578125,
        "52w_low": 0
    },
    "ISRG": {
        "close": 585.0800170898438,
        "sma200": 513.1218998718261,
        "sma50": 562.7858044433593,
        "rsi_weekly": 57.475695648565015,
        "rsi_monthly": 63.82447224376114,
        "52w_high": 610.4500122070312,
        "52w_low": 0
    },
    "IVZ": {
        "close": 28.270000457763672,
        "sma200": 19.752978711128236,
        "sma50": 25.13679370880127,
        "rsi_weekly": 78.10774456495734,
        "rsi_monthly": 75.09773815448006,
        "52w_high": 28.270000457763672,
        "52w_low": 0
    },
    "INVH": {
        "close": 26.639999389648438,
        "sma200": 30.128169069290163,
        "sma50": 27.393180618286134,
        "rsi_weekly": 42.611570250710024,
        "rsi_monthly": 48.21640939454665,
        "52w_high": 34.426910400390625,
        "52w_low": 0
    },
    "IQV": {
        "close": 243.19000244140625,
        "sma200": 184.8943999481201,
        "sma50": 223.2416000366211,
        "rsi_weekly": 62.55828026341485,
        "rsi_monthly": 73.87981808116163,
        "52w_high": 244.2899932861328,
        "52w_low": 0
    },
    "IRM": {
        "close": 87.31999969482422,
        "sma200": 92.73399074554443,
        "sma50": 87.9685105895996,
        "rsi_weekly": 38.841082472110166,
        "rsi_monthly": 59.96877390442019,
        "52w_high": 107.43501281738281,
        "52w_low": 0
    },
    "JBHT": {
        "close": 205.4199981689453,
        "sma200": 152.05613037109376,
        "sma50": 182.6269793701172,
        "rsi_weekly": 72.69356378688613,
        "rsi_monthly": 65.67223403199378,
        "52w_high": 205.5399932861328,
        "52w_low": 0
    },
    "JBL": {
        "close": 221.80999755859375,
        "sma200": 197.28113418579102,
        "sma50": 217.6659927368164,
        "rsi_weekly": 65.66726677801027,
        "rsi_monthly": 77.63876334628341,
        "52w_high": 240.38999938964844,
        "52w_low": 0
    },
    "JKHY": {
        "close": 187.75,
        "sma200": 169.58379180908204,
        "sma50": 173.55861145019531,
        "rsi_weekly": 57.340459364108604,
        "rsi_monthly": 67.0849010068959,
        "52w_high": 189.35499572753906,
        "52w_low": 0
    },
    "J": {
        "close": 138.38999938964844,
        "sma200": 137.1098954772949,
        "sma50": 141.58567260742188,
        "rsi_weekly": 45.11226332076859,
        "rsi_monthly": 64.20391945457723,
        "52w_high": 164.04388427734375,
        "52w_low": 0
    },
    "JNJ": {
        "close": 205.75,
        "sma200": 173.18220947265624,
        "sma50": 200.8418460083008,
        "rsi_weekly": 70.24054810164439,
        "rsi_monthly": 80.19774989554848,
        "52w_high": 214.1699981689453,
        "52w_low": 0
    },
    "JCI": {
        "close": 111.29000091552734,
        "sma200": 104.32001132965088,
        "sma50": 117.06219970703125,
        "rsi_weekly": 66.63293305994551,
        "rsi_monthly": 88.83884033565563,
        "52w_high": 122.66000366210938,
        "52w_low": 0
    },
    "JPM": {
        "close": 329.7900085449219,
        "sma200": 285.16093963623047,
        "sma50": 312.78812927246094,
        "rsi_weekly": 64.8871672757882,
        "rsi_monthly": 84.61118821677906,
        "52w_high": 334.6099853515625,
        "52w_low": 0
    },
    "K": {
        "close": 83.44000244140625,
        "sma200": 80.3492406463623,
        "sma50": 82.65304901123046,
        "rsi_weekly": 68.1670197048542,
        "rsi_monthly": 86.62426029307152,
        "52w_high": 83.44999694824219,
        "52w_low": 0
    },
    "KVUE": {
        "close": 16.989999771118164,
        "sma200": 19.48458739757538,
        "sma50": 16.632656326293944,
        "rsi_weekly": 45.70271143661644,
        "rsi_monthly": 35.6568118752781,
        "52w_high": 23.699586868286133,
        "52w_low": 0
    },
    "KDP": {
        "close": 27.610000610351562,
        "sma200": 30.324583292007446,
        "sma50": 27.538922004699707,
        "rsi_weekly": 44.85684558660299,
        "rsi_monthly": 32.29931868972987,
        "52w_high": 34.856082916259766,
        "52w_low": 0
    },
    "KEY": {
        "close": 21.5,
        "sma200": 17.323728947639466,
        "sma50": 19.10304370880127,
        "rsi_weekly": 69.07991177915653,
        "rsi_monthly": 67.7841180813249,
        "52w_high": 21.56999969482422,
        "52w_low": 0
    },
    "KEYS": {
        "close": 206.6699981689453,
        "sma200": 169.04674980163574,
        "sma50": 194.72119995117188,
        "rsi_weekly": 65.99396521112257,
        "rsi_monthly": 71.44103933425825,
        "52w_high": 214.13999938964844,
        "52w_low": 0
    },
    "KMB": {
        "close": 98.87000274658203,
        "sma200": 121.9622673034668,
        "sma50": 103.38316757202148,
        "rsi_weekly": 30.92219230267155,
        "rsi_monthly": 35.4274144898021,
        "52w_high": 142.86663818359375,
        "52w_low": 0
    },
    "KIM": {
        "close": 20.6200008392334,
        "sma200": 20.632658004760742,
        "sma50": 20.233340492248534,
        "rsi_weekly": 44.15998859367106,
        "rsi_monthly": 44.26789009527551,
        "52w_high": 22.46935272216797,
        "52w_low": 0
    },
    "KMI": {
        "close": 27.270000457763672,
        "sma200": 26.91009880065918,
        "sma50": 26.863474044799805,
        "rsi_weekly": 55.02174829288077,
        "rsi_monthly": 67.71467756271942,
        "52w_high": 29.90215492248535,
        "52w_low": 0
    },
    "KLAC": {
        "close": 1324.5999755859375,
        "sma200": 955.602534790039,
        "sma50": 1214.7217236328124,
        "rsi_weekly": 69.126837338732,
        "rsi_monthly": 84.62336179318,
        "52w_high": 1395.0,
        "52w_low": 0
    }
}