{
    "last_scan_index": 200,
    "AAPL": {
        "close": 255.52999877929688,
        "sma200": 233.7518910217285,
        "sma50": 271.494140625,
        "rsi_weekly": 53.7618531064867,
        "rsi_monthly": 65.05593325086666,
        "52w_high": 286.19000244140625,
        "52w_low": 0
    },
    "NVDA": {
        "close": 186.22999572753906,
        "sma200": 164.0421415710449,
        "sma50": 184.55367309570312,
        "rsi_weekly": 55.83253762588696,
        "rsi_monthly": 76.36247383181463,
        "52w_high": 207.02847290039062,
        "52w_low": 0
    },
    "TSLA": {
        "close": 437.5,
        "sma200": 369.1239003753662,
        "sma50": 443.0688018798828,
        "rsi_weekly": 57.433070397524055,
        "rsi_monthly": 70.21254147643917,
        "52w_high": 489.8800048828125,
        "52w_low": 0
    },
    "MSFT": {
        "close": 459.8599853515625,
        "sma200": 481.05499618530274,
        "sma50": 484.6280310058594,
        "rsi_weekly": 46.92493281120356,
        "rsi_monthly": 64.94485184367606,
        "52w_high": 541.057373046875,
        "52w_low": 0
    },
    "AMD": {
        "close": 231.8300018310547,
        "sma200": 168.69094982147217,
        "sma50": 220.51739990234375,
        "rsi_weekly": 52.90812131363197,
        "rsi_monthly": 69.38721493424931,
        "52w_high": 264.3299865722656,
        "52w_low": 0
    },
    "EQR": {
        "close": 62.040000915527344,
        "sma200": 63.58797157287598,
        "sma50": 60.52501182556152,
        "rsi_weekly": 43.497890939517255,
        "rsi_monthly": 48.424644421824254,
        "52w_high": 71.96408081054688,
        "52w_low": 0
    },
    "ESS": {
        "close": 258.2699890136719,
        "sma200": 263.9362286376953,
        "sma50": 255.50531707763673,
        "rsi_weekly": 43.08960030583853,
        "rsi_monthly": 48.80840167550651,
        "52w_high": 302.4346923828125,
        "52w_low": 0
    },
    "EL": {
        "close": 115.05000305175781,
        "sma200": 84.83486358642578,
        "sma50": 101.06576095581055,
        "rsi_weekly": 70.66969982561818,
        "rsi_monthly": 68.64617460563538,
        "52w_high": 116.91000366210938,
        "52w_low": 0
    },
    "ETR": {
        "close": 96.41999816894531,
        "sma200": 88.06262962341309,
        "sma50": 93.97114044189453,
        "rsi_weekly": 56.76022287865807,
        "rsi_monthly": 76.15064735081256,
        "52w_high": 97.5199966430664,
        "52w_low": 0
    },
    "EVRG": {
        "close": 76.44000244140625,
        "sma200": 70.67403074264526,
        "sma50": 74.38709762573242,
        "rsi_weekly": 51.331392029383935,
        "rsi_monthly": 62.14402766305129,
        "52w_high": 78.00737762451172,
        "52w_low": 0
    },
    "ES": {
        "close": 70.11000061035156,
        "sma200": 64.82071832656861,
        "sma50": 67.95238143920898,
        "rsi_weekly": 53.049814121990714,
        "rsi_monthly": 69.25085635629371,
        "52w_high": 74.04946899414062,
        "52w_low": 0
    },
    "EXC": {
        "close": 44.72999954223633,
        "sma200": 44.107222404479984,
        "sma50": 44.504696731567385,
        "rsi_weekly": 44.94643638789883,
        "rsi_monthly": 64.00487089935474,
        "52w_high": 47.82242965698242,
        "52w_low": 0
    },
    "EXPE": {
        "close": 285.1099853515625,
        "sma200": 208.4124443054199,
        "sma50": 271.490969543457,
        "rsi_weekly": 76.12957669413191,
        "rsi_monthly": 68.73356454237859,
        "52w_high": 301.30999755859375,
        "52w_low": 0
    },
    "EXPD": {
        "close": 162.41000366210938,
        "sma200": 123.76279476165772,
        "sma50": 148.80059326171875,
        "rsi_weekly": 77.76657142964505,
        "rsi_monthly": 57.16399784326541,
        "52w_high": 163.75999450683594,
        "52w_low": 0
    },
    "EXR": {
        "close": 148.8699951171875,
        "sma200": 138.80184051513672,
        "sma50": 132.10280181884767,
        "rsi_weekly": 52.783737885478104,
        "rsi_monthly": 37.894148088252145,
        "52w_high": 154.12899780273438,
        "52w_low": 0
    },
    "XOM": {
        "close": 129.88999938964844,
        "sma200": 110.75432949066162,
        "sma50": 119.06274642944337,
        "rsi_weekly": 64.95666878593138,
        "rsi_monthly": 69.64759564994895,
        "52w_high": 130.1999969482422,
        "52w_low": 0
    },
    "FFIV": {
        "close": 268.2200012207031,
        "sma200": 285.3344017028809,
        "sma50": 251.92560119628905,
        "rsi_weekly": 47.7122131044615,
        "rsi_monthly": 54.25150740359023,
        "52w_high": 343.1700134277344,
        "52w_low": 0
    },
    "FDS": {
        "close": 288.6000061035156,
        "sma200": 359.5431428527832,
        "sma50": 282.5877294921875,
        "rsi_weekly": 38.68183540201559,
        "rsi_monthly": 24.446316368052184,
        "52w_high": 469.9656982421875,
        "52w_low": 0
    },
    "FICO": {
        "close": 1567.18994140625,
        "sma200": 1693.5597497558595,
        "sma50": 1726.6857958984374,
        "rsi_weekly": 47.791148397930556,
        "rsi_monthly": 56.750432779784276,
        "52w_high": 2206.010009765625,
        "52w_low": 0
    },
    "FAST": {
        "close": 43.7400016784668,
        "sma200": 43.01976669311524,
        "sma50": 41.192200088500975,
        "rsi_weekly": 47.807073077968255,
        "rsi_monthly": 61.338296194703815,
        "52w_high": 50.12940216064453,
        "52w_low": 0
    },
    "FRT": {
        "close": 103.66999816894531,
        "sma200": 94.82894046783447,
        "sma50": 98.43507751464844,
        "rsi_weekly": 58.68105563350695,
        "rsi_monthly": 50.98434753564767,
        "52w_high": 106.85189819335938,
        "52w_low": 0
    },
    "FDX": {
        "close": 308.17999267578125,
        "sma200": 239.20355834960938,
        "sma50": 282.13137481689455,
        "rsi_weekly": 75.37696645078194,
        "rsi_monthly": 66.6132189640523,
        "52w_high": 313.54998779296875,
        "52w_low": 0
    },
    "FIS": {
        "close": 63.349998474121094,
        "sma200": 71.07397796630859,
        "sma50": 65.51922546386719,
        "rsi_weekly": 46.58882171070323,
        "rsi_monthly": 60.575135370376785,
        "52w_high": 81.56632232666016,
        "52w_low": 0
    },
    "FITB": {
        "close": 49.15999984741211,
        "sma200": 41.572683067321776,
        "sma50": 45.545475769042966,
        "rsi_weekly": 69.27417507601875,
        "rsi_monthly": 64.90443986306477,
        "52w_high": 49.81999969482422,
        "52w_low": 0
    },
    "FSLR": {
        "close": 243.72999572753906,
        "sma200": 200.9772504425049,
        "sma50": 259.53820068359374,
        "rsi_weekly": 52.29060658896504,
        "rsi_monthly": 68.47152006392845,
        "52w_high": 284.5899963378906,
        "52w_low": 0
    },
    "FE": {
        "close": 47.34000015258789,
        "sma200": 42.88996881484985,
        "sma50": 45.46083480834961,
        "rsi_weekly": 52.7515430095847,
        "rsi_monthly": 64.35214585086045,
        "52w_high": 47.720001220703125,
        "52w_low": 0
    },
    "FMC": {
        "close": 15.350000381469727,
        "sma200": 30.760062589645386,
        "sma50": 13.735880889892577,
        "rsi_weekly": 30.61946955370756,
        "rsi_monthly": 23.11786375814309,
        "52w_high": 53.59580612182617,
        "52w_low": 0
    },
    "F": {
        "close": 13.600000381469727,
        "sma200": 11.504055209159851,
        "sma50": 13.344802227020264,
        "rsi_weekly": 66.1445962521698,
        "rsi_monthly": 79.14171958293443,
        "52w_high": 14.399999618530273,
        "52w_low": 0
    },
    "FTNT": {
        "close": 75.37999725341797,
        "sma200": 90.17170009613037,
        "sma50": 80.78780014038085,
        "rsi_weekly": 42.90815847713661,
        "rsi_monthly": 54.912633029532515,
        "52w_high": 114.56999969482422,
        "52w_low": 0
    }
}