{
    "last_scan_index": 275,
    "AAPL": {
        "close": 261.04998779296875,
        "sma200": 233.1881903076172,
        "sma50": 272.193662109375,
        "rsi_weekly": 53.76185323705959,
        "rsi_monthly": 65.05594955827132,
        "52w_high": 286.19000244140625,
        "52w_low": 0
    },
    "NVDA": {
        "close": 185.80999755859375,
        "sma200": 162.90074378967284,
        "sma50": 185.58579620361328,
        "rsi_weekly": 55.83253749027462,
        "rsi_monthly": 76.36247315393653,
        "52w_high": 207.02847290039062,
        "52w_low": 0
    },
    "TSLA": {
        "close": 447.20001220703125,
        "sma200": 366.50340019226076,
        "sma50": 444.14720153808594,
        "rsi_weekly": 57.433070397524055,
        "rsi_monthly": 70.21254147643917,
        "52w_high": 489.8800048828125,
        "52w_low": 0
    },
    "MSFT": {
        "close": 470.6700134277344,
        "sma200": 479.82709930419924,
        "sma50": 488.0355511474609,
        "rsi_weekly": 46.92493258361219,
        "rsi_monthly": 64.94485048660103,
        "52w_high": 541.057373046875,
        "52w_low": 0
    },
    "AMD": {
        "close": 220.97000122070312,
        "sma200": 166.81789978027345,
        "sma50": 222.16679962158204,
        "rsi_weekly": 52.90812131363197,
        "rsi_monthly": 69.38721493424931,
        "52w_high": 264.3299865722656,
        "52w_low": 0
    },
    "ICE": {
        "close": 166.69000244140625,
        "sma200": 167.99785301208496,
        "sma50": 157.13150177001953,
        "rsi_weekly": 53.24060745915096,
        "rsi_monthly": 64.72607783320215,
        "52w_high": 187.36590576171875,
        "52w_low": 0
    },
    "IFF": {
        "close": 69.61000061035156,
        "sma200": 68.81685140609741,
        "sma50": 65.93068008422851,
        "rsi_weekly": 52.99612036795209,
        "rsi_monthly": 29.921281686186447,
        "52w_high": 85.71450805664062,
        "52w_low": 0
    },
    "INTU": {
        "close": 605.280029296875,
        "sma200": 681.0417895507812,
        "sma50": 654.0634985351562,
        "rsi_weekly": 45.75150416280868,
        "rsi_monthly": 59.6522453093973,
        "52w_high": 804.435546875,
        "52w_low": 0
    },
    "ISRG": {
        "close": 561.8200073242188,
        "sma200": 514.0422499084473,
        "sma50": 564.9420031738281,
        "rsi_weekly": 61.42482845175602,
        "rsi_monthly": 63.82447224376114,
        "52w_high": 610.4500122070312,
        "52w_low": 0
    },
    "IVZ": {
        "close": 28.299999237060547,
        "sma200": 19.95253824710846,
        "sma50": 25.431123657226564,
        "rsi_weekly": 81.9878225118311,
        "rsi_monthly": 75.09774181314152,
        "52w_high": 28.760000228881836,
        "52w_low": 0
    },
    "INVH": {
        "close": 26.229999542236328,
        "sma200": 30.02990761756897,
        "sma50": 27.317630462646484,
        "rsi_weekly": 36.13199644016912,
        "rsi_monthly": 48.21642502073777,
        "52w_high": 34.426910400390625,
        "52w_low": 0
    },
    "IQV": {
        "close": 241.57000732421875,
        "sma200": 185.8147499847412,
        "sma50": 224.68980010986328,
        "rsi_weekly": 69.11979473168655,
        "rsi_monthly": 73.87981808116163,
        "52w_high": 244.2899932861328,
        "52w_low": 0
    },
    "IRM": {
        "close": 92.12999725341797,
        "sma200": 92.8198751449585,
        "sma50": 87.31469299316406,
        "rsi_weekly": 47.46970075763869,
        "rsi_monthly": 59.96880145305339,
        "52w_high": 107.43501281738281,
        "52w_low": 0
    },
    "JBHT": {
        "close": 205.1699981689453,
        "sma200": 152.90732887268067,
        "sma50": 184.9785189819336,
        "rsi_weekly": 76.27185230279524,
        "rsi_monthly": 65.67223491229416,
        "52w_high": 206.85000610351562,
        "52w_low": 0
    },
    "JBL": {
        "close": 238.35000610351562,
        "sma200": 198.60146675109863,
        "sma50": 218.40661041259764,
        "rsi_weekly": 57.31314991381219,
        "rsi_monthly": 77.63876425267219,
        "52w_high": 240.38999938964844,
        "52w_low": 0
    },
    "JKHY": {
        "close": 188.4499969482422,
        "sma200": 169.78258651733398,
        "sma50": 175.86504791259765,
        "rsi_weekly": 63.958299224818845,
        "rsi_monthly": 67.08489139913254,
        "52w_high": 190.27000427246094,
        "52w_low": 0
    },
    "J": {
        "close": 139.5,
        "sma200": 137.38093158721924,
        "sma50": 140.48995178222657,
        "rsi_weekly": 49.59740514949973,
        "rsi_monthly": 64.20391784756292,
        "52w_high": 164.04388427734375,
        "52w_low": 0
    },
    "JNJ": {
        "close": 213.64999389648438,
        "sma200": 173.94494514465333,
        "sma50": 202.2164340209961,
        "rsi_weekly": 66.25157507219191,
        "rsi_monthly": 80.19776071770544,
        "52w_high": 214.1699981689453,
        "52w_low": 0
    },
    "JCI": {
        "close": 112.08999633789062,
        "sma200": 104.74982135772706,
        "sma50": 116.95359970092774,
        "rsi_weekly": 50.23312171951646,
        "rsi_monthly": 88.83884556051531,
        "52w_high": 122.66000366210938,
        "52w_low": 0
    },
    "JPM": {
        "close": 310.8999938964844,
        "sma200": 286.3078150177002,
        "sma50": 313.756181640625,
        "rsi_weekly": 67.00101024128561,
        "rsi_monthly": 84.61118360189629,
        "52w_high": 334.6099853515625,
        "52w_low": 0
    },
    "K": {
        "close": 83.44000244140625,
        "sma200": 80.34924072265625,
        "sma50": 82.65304901123046,
        "rsi_weekly": 68.33613241117565,
        "rsi_monthly": 86.62421606183969,
        "52w_high": 83.44999694824219,
        "52w_low": 0
    },
    "KVUE": {
        "close": 17.010000228881836,
        "sma200": 19.399390683174133,
        "sma50": 16.79896984100342,
        "rsi_weekly": 43.01434198760674,
        "rsi_monthly": 35.656800964140494,
        "52w_high": 23.699586868286133,
        "52w_low": 0
    },
    "KDP": {
        "close": 27.719999313354492,
        "sma200": 30.245443239212037,
        "sma50": 27.54326457977295,
        "rsi_weekly": 45.19058151355765,
        "rsi_monthly": 32.299312049718345,
        "52w_high": 34.856082916259766,
        "52w_low": 0
    },
    "KEY": {
        "close": 20.850000381469727,
        "sma200": 17.402006306648254,
        "sma50": 19.326803894042968,
        "rsi_weekly": 70.06417872786842,
        "rsi_monthly": 67.78412411961229,
        "52w_high": 21.56999969482422,
        "52w_low": 0
    },
    "KEYS": {
        "close": 209.3000030517578,
        "sma200": 169.82329986572265,
        "sma50": 196.9102001953125,
        "rsi_weekly": 66.29917277013719,
        "rsi_monthly": 71.44103933425825,
        "52w_high": 214.13999938964844,
        "52w_low": 0
    },
    "KMB": {
        "close": 98.7300033569336,
        "sma200": 121.41521675109863,
        "sma50": 102.21563827514649,
        "rsi_weekly": 28.048473838989885,
        "rsi_monthly": 35.42746886147736,
        "52w_high": 142.8666534423828,
        "52w_low": 0
    },
    "KIM": {
        "close": 20.559999465942383,
        "sma200": 20.634657516479493,
        "sma50": 20.197532234191893,
        "rsi_weekly": 47.82052111426088,
        "rsi_monthly": 44.267889010210986,
        "52w_high": 22.46935272216797,
        "52w_low": 0
    },
    "KMI": {
        "close": 27.3799991607666,
        "sma200": 26.903213987350465,
        "sma50": 26.948139953613282,
        "rsi_weekly": 51.168772633792784,
        "rsi_monthly": 67.71467231281892,
        "52w_high": 29.90215492248535,
        "52w_low": 0
    },
    "KLAC": {
        "close": 1441.8199462890625,
        "sma200": 966.3818609619141,
        "sma50": 1227.1293896484376,
        "rsi_weekly": 75.02660657664023,
        "rsi_monthly": 84.62335538258786,
        "52w_high": 1441.8199462890625,
        "52w_low": 0
    }
}