{
    "last_scan_index": 225,
    "AAPL": {
        "close": 247.64999389648438,
        "sma200": 234.09551811218262,
        "sma50": 270.59339813232424,
        "rsi_weekly": 51.05965906894271,
        "rsi_monthly": 65.05593834108582,
        "52w_high": 286.19000244140625,
        "52w_low": 0
    },
    "NVDA": {
        "close": 183.32000732421875,
        "sma200": 164.7881840133667,
        "sma50": 184.11609985351564,
        "rsi_weekly": 56.61352274052952,
        "rsi_monthly": 76.3624790912901,
        "52w_high": 207.02847290039062,
        "52w_low": 0
    },
    "TSLA": {
        "close": 431.44000244140625,
        "sma200": 370.62715034484864,
        "sma50": 441.9230017089844,
        "rsi_weekly": 55.767272209839355,
        "rsi_monthly": 70.21254147643917,
        "52w_high": 489.8800048828125,
        "52w_low": 0
    },
    "MSFT": {
        "close": 444.1099853515625,
        "sma200": 481.7920314025879,
        "sma50": 482.55295227050783,
        "rsi_weekly": 40.97292807732595,
        "rsi_monthly": 64.94485980522717,
        "52w_high": 541.057373046875,
        "52w_low": 0
    },
    "AMD": {
        "close": 249.8000030517578,
        "sma200": 170.11574981689452,
        "sma50": 220.27120025634767,
        "rsi_weekly": 60.57175331207617,
        "rsi_monthly": 69.38721493424931,
        "52w_high": 264.3299865722656,
        "52w_low": 0
    },
    "FTV": {
        "close": 54.439998626708984,
        "sma200": 51.26986892700195,
        "sma50": 53.86547882080078,
        "rsi_weekly": 60.97627424609325,
        "rsi_monthly": 66.79451811597916,
        "52w_high": 62.253089904785156,
        "52w_low": 0
    },
    "FOXA": {
        "close": 72.69999694824219,
        "sma200": 59.61726161956787,
        "sma50": 70.02840026855469,
        "rsi_weekly": 68.336975538874,
        "rsi_monthly": 72.54535018206803,
        "52w_high": 76.11000061035156,
        "52w_low": 0
    },
    "FOX": {
        "close": 65.47000122070312,
        "sma200": 54.08928392410278,
        "sma50": 62.57300010681152,
        "rsi_weekly": 69.90428285823748,
        "rsi_monthly": 68.72104024069169,
        "52w_high": 67.76000213623047,
        "52w_low": 0
    },
    "BEN": {
        "close": 25.469999313354492,
        "sma200": 22.45325231075287,
        "sma50": 23.373930397033693,
        "rsi_weekly": 69.68866660224984,
        "rsi_monthly": 61.44887105905602,
        "52w_high": 26.0,
        "52w_low": 0
    },
    "FCX": {
        "close": 60.58000183105469,
        "sma200": 42.457393646240234,
        "sma50": 48.10785575866699,
        "rsi_weekly": 74.41132149738337,
        "rsi_monthly": 55.83358548319522,
        "52w_high": 60.58000183105469,
        "52w_low": 0
    },
    "GRMN": {
        "close": 204.57000732421875,
        "sma200": 213.9608883666992,
        "sma50": 201.96970764160156,
        "rsi_weekly": 49.04680132967577,
        "rsi_monthly": 64.91601364057001,
        "52w_high": 258.6608581542969,
        "52w_low": 0
    },
    "IT": {
        "close": 232.44000244140625,
        "sma200": 309.3220004272461,
        "sma50": 237.22000061035158,
        "rsi_weekly": 35.44128891266822,
        "rsi_monthly": 33.00686951680514,
        "52w_high": 548.3800048828125,
        "52w_low": 0
    },
    "GE": {
        "close": 318.5,
        "sma200": 269.22588760375976,
        "sma50": 305.0622003173828,
        "rsi_weekly": 68.3490731426013,
        "rsi_monthly": 86.92090996831158,
        "52w_high": 327.5400085449219,
        "52w_low": 0
    },
    "GEV": {
        "close": 667.8900146484375,
        "sma200": 555.3821339416504,
        "sma50": 629.5790747070313,
        "rsi_weekly": 63.51729711518196,
        "rsi_monthly": 81.47094604095572,
        "52w_high": 722.468017578125,
        "52w_low": 0
    },
    "GEHC": {
        "close": 81.0999984741211,
        "sma200": 74.64481740951538,
        "sma50": 81.0101335144043,
        "rsi_weekly": 54.376333826980364,
        "rsi_monthly": 77.2289554019185,
        "52w_high": 93.30926513671875,
        "52w_low": 0
    },
    "GEN": {
        "close": 25.19499969482422,
        "sma200": 27.78603576660156,
        "sma50": 26.747148704528808,
        "rsi_weekly": 43.0089544903062,
        "rsi_monthly": 40.52958464874093,
        "52w_high": 31.882293701171875,
        "52w_low": 0
    },
    "GNRC": {
        "close": 172.05999755859375,
        "sma200": 153.71359996795655,
        "sma50": 151.49419952392577,
        "rsi_weekly": 51.52898765353988,
        "rsi_monthly": 46.472430900903376,
        "52w_high": 202.85000610351562,
        "52w_low": 0
    },
    "GD": {
        "close": 364.7799987792969,
        "sma200": 311.95161590576174,
        "sma50": 344.18236083984374,
        "rsi_weekly": 75.82259077325149,
        "rsi_monthly": 76.93099588685709,
        "52w_high": 367.3800048828125,
        "52w_low": 0
    },
    "GIS": {
        "close": 43.97999954223633,
        "sma200": 49.03784185409546,
        "sma50": 45.73487190246582,
        "rsi_weekly": 35.03902435104258,
        "rsi_monthly": 26.675044665121867,
        "52w_high": 62.18780517578125,
        "52w_low": 0
    },
    "GM": {
        "close": 80.93000030517578,
        "sma200": 59.514546661376954,
        "sma50": 77.5113426208496,
        "rsi_weekly": 72.72174121300029,
        "rsi_monthly": 85.7925076751222,
        "52w_high": 85.12999725341797,
        "52w_low": 0
    },
    "GPC": {
        "close": 136.24000549316406,
        "sma200": 126.74287132263184,
        "sma50": 127.7699366760254,
        "rsi_weekly": 60.18175473042925,
        "rsi_monthly": 59.507143004019795,
        "52w_high": 141.64169311523438,
        "52w_low": 0
    },
    "GILD": {
        "close": 129.11000061035156,
        "sma200": 113.30662563323975,
        "sma50": 122.87257949829102,
        "rsi_weekly": 60.96257039658838,
        "rsi_monthly": 60.169352655835205,
        "52w_high": 129.11000061035156,
        "52w_low": 0
    },
    "GPN": {
        "close": 73.3499984741211,
        "sma200": 80.34423316955566,
        "sma50": 77.28853836059571,
        "rsi_weekly": 41.68671627937659,
        "rsi_monthly": 29.92317474352038,
        "52w_high": 111.57887268066406,
        "52w_low": 0
    },
    "GL": {
        "close": 138.72999572753906,
        "sma200": 131.02738887786865,
        "sma50": 136.68078247070312,
        "rsi_weekly": 56.07039630687619,
        "rsi_monthly": 67.28474736326983,
        "52w_high": 145.98092651367188,
        "52w_low": 0
    },
    "GS": {
        "close": 953.010009765625,
        "sma200": 726.1081517028808,
        "sma50": 868.9228125,
        "rsi_weekly": 81.80812265923817,
        "rsi_monthly": 84.55575548507663,
        "52w_high": 975.8599853515625,
        "52w_low": 0
    },
    "HAL": {
        "close": 33.36000061035156,
        "sma200": 23.506179122924806,
        "sma50": 28.573788566589357,
        "rsi_weekly": 71.11036268345597,
        "rsi_monthly": 48.84585728070665,
        "52w_high": 33.36000061035156,
        "52w_low": 0
    },
    "HIG": {
        "close": 129.55999755859375,
        "sma200": 127.82079669952392,
        "sma50": 134.60887939453124,
        "rsi_weekly": 48.66566894497479,
        "rsi_monthly": 75.92895404803349,
        "52w_high": 139.72000122070312,
        "52w_low": 0
    },
    "HAS": {
        "close": 87.9000015258789,
        "sma200": 73.28359117507935,
        "sma50": 81.97068649291992,
        "rsi_weekly": 69.25996535013334,
        "rsi_monthly": 73.03065294360809,
        "52w_high": 89.13999938964844,
        "52w_low": 0
    },
    "HCA": {
        "close": 465.44000244140625,
        "sma200": 408.8782748413086,
        "sma50": 479.11412841796874,
        "rsi_weekly": 60.554667390123385,
        "rsi_monthly": 66.51809508785638,
        "52w_high": 515.0838012695312,
        "52w_low": 0
    }
}