{
    "last_scan_index": 125,
    "AAPL": {
        "close": 261.04998779296875,
        "sma200": 233.18819023132323,
        "sma50": 272.193662109375,
        "rsi_weekly": 53.76185326029179,
        "rsi_monthly": 65.05589763282697,
        "52w_high": 286.19000244140625,
        "52w_low": 0
    },
    "NVDA": {
        "close": 185.80999755859375,
        "sma200": 162.90074352264404,
        "sma50": 185.58579620361328,
        "rsi_weekly": 55.8325374942578,
        "rsi_monthly": 76.36247420881277,
        "52w_high": 207.02847290039062,
        "52w_low": 0
    },
    "TSLA": {
        "close": 447.20001220703125,
        "sma200": 366.50340019226076,
        "sma50": 444.14720153808594,
        "rsi_weekly": 57.433070397524055,
        "rsi_monthly": 70.21254147643917,
        "52w_high": 489.8800048828125,
        "52w_low": 0
    },
    "MSFT": {
        "close": 470.6700134277344,
        "sma200": 479.8270980834961,
        "sma50": 488.0355511474609,
        "rsi_weekly": 46.92493298308189,
        "rsi_monthly": 64.94485670765877,
        "52w_high": 541.057373046875,
        "52w_low": 0
    },
    "AMD": {
        "close": 220.97000122070312,
        "sma200": 166.81789978027345,
        "sma50": 222.16679962158204,
        "rsi_weekly": 52.90812131363197,
        "rsi_monthly": 69.38721493424931,
        "52w_high": 264.3299865722656,
        "52w_low": 0
    },
    "SCHW": {
        "close": 101.18000030517578,
        "sma200": 91.19568279266358,
        "sma50": 96.35423736572265,
        "rsi_weekly": 63.906746318330505,
        "rsi_monthly": 78.24943158708437,
        "52w_high": 103.73999786376953,
        "52w_low": 0
    },
    "CHTR": {
        "close": 197.88999938964844,
        "sma200": 299.3416995239258,
        "sma50": 207.47060028076172,
        "rsi_weekly": 30.930561054355163,
        "rsi_monthly": 21.08980984965178,
        "52w_high": 427.25,
        "52w_low": 0
    },
    "CVX": {
        "close": 163.8699951171875,
        "sma200": 147.65305938720704,
        "sma50": 152.52134338378906,
        "rsi_weekly": 61.81896372313574,
        "rsi_monthly": 61.37108041702513,
        "52w_high": 163.8699951171875,
        "52w_low": 0
    },
    "CMG": {
        "close": 39.40999984741211,
        "sma200": 43.81660005569458,
        "sma50": 34.62919998168945,
        "rsi_weekly": 50.19230654492072,
        "rsi_monthly": 52.18402279312576,
        "52w_high": 59.02000045776367,
        "52w_low": 0
    },
    "CB": {
        "close": 300.69000244140625,
        "sma200": 285.923472442627,
        "sma50": 300.6222003173828,
        "rsi_weekly": 61.65911384152394,
        "rsi_monthly": 68.40724953277132,
        "52w_high": 315.19000244140625,
        "52w_low": 0
    },
    "CHD": {
        "close": 87.97000122070312,
        "sma200": 91.94757240295411,
        "sma50": 84.6626091003418,
        "rsi_weekly": 43.22245981988389,
        "rsi_monthly": 33.92563467052896,
        "52w_high": 112.09139251708984,
        "52w_low": 0
    },
    "CI": {
        "close": 271.80999755859375,
        "sma200": 296.1260816192627,
        "sma50": 270.9348162841797,
        "rsi_weekly": 47.48263897659495,
        "rsi_monthly": 58.476784595958605,
        "52w_high": 334.8284912109375,
        "52w_low": 0
    },
    "CINF": {
        "close": 161.00999450683594,
        "sma200": 151.2930749511719,
        "sma50": 163.29235382080077,
        "rsi_weekly": 57.327275359941325,
        "rsi_monthly": 71.27551012697192,
        "52w_high": 167.6038055419922,
        "52w_low": 0
    },
    "CTAS": {
        "close": 192.72000122070312,
        "sma200": 204.28037017822265,
        "sma50": 186.60582427978517,
        "rsi_weekly": 47.49401403347011,
        "rsi_monthly": 55.736714655695764,
        "52w_high": 226.6531219482422,
        "52w_low": 0
    },
    "CSCO": {
        "close": 75.47000122070312,
        "sma200": 67.48798906326294,
        "sma50": 75.86931335449219,
        "rsi_weekly": 56.0610025057909,
        "rsi_monthly": 70.43624830244325,
        "52w_high": 79.82286071777344,
        "52w_low": 0
    },
    "C": {
        "close": 116.30000305175781,
        "sma200": 90.85292959213257,
        "sma50": 109.02120010375977,
        "rsi_weekly": 76.66044002597886,
        "rsi_monthly": 85.96277871373589,
        "52w_high": 123.30000305175781,
        "52w_low": 0
    },
    "CFG": {
        "close": 59.779998779296875,
        "sma200": 47.65741542816162,
        "sma50": 55.869999694824216,
        "rsi_weekly": 75.23681121496729,
        "rsi_monthly": 67.27664134903043,
        "52w_high": 62.13999938964844,
        "52w_low": 0
    },
    "CLX": {
        "close": 108.86000061035156,
        "sma200": 119.77283954620361,
        "sma50": 103.4563998413086,
        "rsi_weekly": 40.71138113938186,
        "rsi_monthly": 43.516280362699725,
        "52w_high": 156.630615234375,
        "52w_low": 0
    },
    "CME": {
        "close": 268.45001220703125,
        "sma200": 269.53764167785647,
        "sma50": 272.5895294189453,
        "rsi_weekly": 46.02424827086958,
        "rsi_monthly": 75.62490559698266,
        "52w_high": 286.6857604980469,
        "52w_low": 0
    },
    "CMS": {
        "close": 70.55999755859375,
        "sma200": 71.16219734191894,
        "sma50": 71.75237670898437,
        "rsi_weekly": 44.77468294930785,
        "rsi_monthly": 59.34190367535202,
        "52w_high": 75.44000244140625,
        "52w_low": 0
    },
    "KO": {
        "close": 71.23999786376953,
        "sma200": 69.04109577178956,
        "sma50": 70.1750096130371,
        "rsi_weekly": 55.558708250116595,
        "rsi_monthly": 61.853328468727845,
        "52w_high": 72.61000061035156,
        "52w_low": 0
    },
    "CTSH": {
        "close": 84.47000122070312,
        "sma200": 74.49184490203858,
        "sma50": 79.31282806396484,
        "rsi_weekly": 65.35161048934384,
        "rsi_monthly": 62.66009080474942,
        "52w_high": 89.25666809082031,
        "52w_low": 0
    },
    "CL": {
        "close": 82.95999908447266,
        "sma200": 84.1517286682129,
        "sma50": 78.7456005859375,
        "rsi_weekly": 50.40309103339394,
        "rsi_monthly": 48.32812761240207,
        "52w_high": 95.73789978027344,
        "52w_low": 0
    },
    "CMCSA": {
        "close": 28.479999542236328,
        "sma200": 29.816143112182615,
        "sma50": 26.471924743652345,
        "rsi_weekly": 49.83837948710962,
        "rsi_monthly": 27.04093537650693,
        "52w_high": 34.815364837646484,
        "52w_low": 0
    },
    "CMA": {
        "close": 89.61000061035156,
        "sma200": 67.81463098526001,
        "sma50": 83.4640982055664,
        "rsi_weekly": 81.25454102106605,
        "rsi_monthly": 66.44888681295565,
        "52w_high": 92.55999755859375,
        "52w_low": 0
    },
    "CAG": {
        "close": 16.56999969482422,
        "sma200": 19.49986177444458,
        "sma50": 17.27340003967285,
        "rsi_weekly": 35.4361171113082,
        "rsi_monthly": 23.671453755150367,
        "52w_high": 26.194599151611328,
        "52w_low": 0
    },
    "COP": {
        "close": 96.45999908447266,
        "sma200": 90.82819122314453,
        "sma50": 91.58365692138672,
        "rsi_weekly": 57.38075824193318,
        "rsi_monthly": 49.07488052402875,
        "52w_high": 103.38456726074219,
        "52w_low": 0
    },
    "ED": {
        "close": 100.20999908447266,
        "sma200": 100.52388149261475,
        "sma50": 98.62493209838867,
        "rsi_weekly": 50.294666117756,
        "rsi_monthly": 47.4417814655212,
        "52w_high": 110.50127410888672,
        "52w_low": 0
    },
    "STZ": {
        "close": 153.16000366210938,
        "sma200": 156.5922791671753,
        "sma50": 137.70840042114258,
        "rsi_weekly": 49.515695920746715,
        "rsi_monthly": 33.211471405625076,
        "52w_high": 192.97064208984375,
        "52w_low": 0
    },