{
    "last_scan_index": 25,
    "AAPL": {
        "close": 256.3550109863281,
        "sma200": 233.75601608276367,
        "sma50": 271.5106408691406,
        "rsi_weekly": 53.761853149206964,
        "rsi_monthly": 65.05591680283975,
        "52w_high": 286.19000244140625,
        "52w_low": 0
    },
    "NVDA": {
        "close": 187.99969482421875,
        "sma200": 164.05099006652833,
        "sma50": 184.5890670776367,
        "rsi_weekly": 55.83253759837085,
        "rsi_monthly": 76.36247316001227,
        "52w_high": 207.02847290039062,
        "52w_low": 0
    },
    "TSLA": {
        "close": 439.4100036621094,
        "sma200": 369.13345039367675,
        "sma50": 443.107001953125,
        "rsi_weekly": 57.433070397524055,
        "rsi_monthly": 70.21254147643917,
        "52w_high": 489.8800048828125,
        "52w_low": 0
    },
    "MSFT": {
        "close": 461.82989501953125,
        "sma200": 481.0648452758789,
        "sma50": 484.66742919921876,
        "rsi_weekly": 46.92493297963418,
        "rsi_monthly": 64.94485549280377,
        "52w_high": 541.057373046875,
        "52w_low": 0
    },
    "AMD": {
        "close": 232.3000030517578,
        "sma200": 168.6932998275757,
        "sma50": 220.5267999267578,
        "rsi_weekly": 52.90812131363197,
        "rsi_monthly": 69.38721493424931,
        "52w_high": 264.3299865722656,
        "52w_low": 0
    },
    "MMM": {
        "close": 171.07000732421875,
        "sma200": 153.44112354278565,
        "sma50": 166.1391928100586,
        "rsi_weekly": 56.62397589800392,
        "rsi_monthly": 66.9403462188965,
        "52w_high": 173.08999633789062,
        "52w_low": 0
    },
    "AOS": {
        "close": 72.05999755859375,
        "sma200": 67.8328172492981,
        "sma50": 67.32940017700196,
        "rsi_weekly": 55.938636196579466,
        "rsi_monthly": 58.820605269912534,
        "52w_high": 73.89897918701172,
        "52w_low": 0
    },
    "ABT": {
        "close": 122.75,
        "sma200": 128.61147270202636,
        "sma50": 125.35993713378906,
        "rsi_weekly": 46.28191089411348,
        "rsi_monthly": 62.30755948861302,
        "52w_high": 137.63742065429688,
        "52w_low": 0
    },
    "ABBV": {
        "close": 216.375,
        "sma200": 205.29281623840333,
        "sma50": 226.21149963378906,
        "rsi_weekly": 52.37522689706791,
        "rsi_monthly": 74.25423104843678,
        "52w_high": 242.630859375,
        "52w_low": 0
    },
    "ACN": {
        "close": 286.45001220703125,
        "sma200": 272.3189693450928,
        "sma50": 263.1230001831055,
        "rsi_weekly": 57.51892411134578,
        "rsi_monthly": 46.793742321820204,
        "52w_high": 394.31280517578125,
        "52w_low": 0
    },
    "ADBE": {
        "close": 298.68499755859375,
        "sma200": 358.9455743408203,
        "sma50": 334.1836999511719,
        "rsi_weekly": 42.65774486200828,
        "rsi_monthly": 22.841396768378708,
        "52w_high": 464.1099853515625,
        "52w_low": 0
    },
    "AES": {
        "close": 14.345000267028809,
        "sma200": 12.521829061508178,
        "sma50": 14.020699977874756,
        "rsi_weekly": 57.72685504796406,
        "rsi_monthly": 41.769835871074356,
        "52w_high": 15.17705249786377,
        "52w_low": 0
    },
    "AFL": {
        "close": 109.5199966430664,
        "sma200": 106.11427967071533,
        "sma50": 110.50545669555665,
        "rsi_weekly": 52.5850783104832,
        "rsi_monthly": 53.16258701264763,
        "52w_high": 114.41313171386719,
        "52w_low": 0
    },
    "A": {
        "close": 142.25999450683594,
        "sma200": 125.9869690322876,
        "sma50": 144.4792529296875,
        "rsi_weekly": 61.201313768729094,
        "rsi_monthly": 59.24974253397804,
        "52w_high": 156.91954040527344,
        "52w_low": 0
    },
    "APD": {
        "close": 265.82501220703125,
        "sma200": 267.9799523925781,
        "sma50": 252.1659664916992,
        "rsi_weekly": 50.65602743555329,
        "rsi_monthly": 35.1596951757544,
        "52w_high": 329.2906494140625,
        "52w_low": 0
    },
    "ABNB": {
        "close": 131.0800018310547,
        "sma200": 127.39435012817383,
        "sma50": 127.31019989013672,
        "rsi_weekly": 59.28611905759668,
        "rsi_monthly": 64.48632187152391,
        "52w_high": 161.4199981689453,
        "52w_low": 0
    },
    "AKAM": {
        "close": 94.2300033569336,
        "sma200": 79.55964965820313,
        "sma50": 87.37819961547852,
        "rsi_weekly": 58.04833152690319,
        "rsi_monthly": 28.03165935349632,
        "52w_high": 102.0999984741211,
        "52w_low": 0
    },
    "ALB": {
        "close": 163.75,
        "sma200": 87.42492332458497,
        "sma50": 133.85330688476563,
        "rsi_weekly": 77.88089052221957,
        "rsi_monthly": 78.91608337789252,
        "52w_high": 177.5500030517578,
        "52w_low": 0
    },
    "ARE": {
        "close": 57.65999984741211,
        "sma200": 67.8994157218933,
        "sma50": 50.24417495727539,
        "rsi_weekly": 39.69573050712485,
        "rsi_monthly": 31.177550942498236,
        "52w_high": 96.58303833007812,
        "52w_low": 0
    },
    "ALGN": {
        "close": 173.44000244140625,
        "sma200": 159.2053998565674,
        "sma50": 154.07079895019533,
        "rsi_weekly": 59.698774277085,
        "rsi_monthly": 57.06397118369214,
        "52w_high": 234.88999938964844,
        "52w_low": 0
    },
    "ALLE": {
        "close": 165.9149932861328,
        "sma200": 156.7044871520996,
        "sma50": 162.38570129394532,
        "rsi_weekly": 51.81012104506961,
        "rsi_monthly": 65.9812970492275,
        "52w_high": 179.47000122070312,
        "52w_low": 0
    },
    "LNT": {
        "close": 67.47000122070312,
        "sma200": 63.76534408569336,
        "sma50": 66.34479934692382,
        "rsi_weekly": 49.69738609874481,
        "rsi_monthly": 58.69280025695257,
        "52w_high": 69.47000122070312,
        "52w_low": 0
    },
    "ALL": {
        "close": 193.5850067138672,
        "sma200": 200.5776480102539,
        "sma50": 206.49892242431642,
        "rsi_weekly": 57.36333793366961,
        "rsi_monthly": 63.84694620246732,
        "52w_high": 213.64215087890625,
        "52w_low": 0
    },
    "GOOGL": {
        "close": 329.965087890625,
        "sma200": 226.11373908996583,
        "sma50": 309.27409912109374,
        "rsi_weekly": 78.81484524622007,
        "rsi_monthly": 79.40271491123826,
        "52w_high": 335.9700012207031,
        "52w_low": 0
    },
    "GOOG": {
        "close": 330.5882873535156,
        "sma200": 227.08485244750977,
        "sma50": 309.97065307617186,
        "rsi_weekly": 79.04036903361437,
        "rsi_monthly": 79.24077004261052,
        "52w_high": 336.42999267578125,
        "52w_low": 0
    },
    "MO": {
        "close": 61.569801330566406,
        "sma200": 58.91373146057129,
        "sma50": 57.551894989013675,
        "rsi_weekly": 45.621868992249716,
        "rsi_monthly": 63.97265110128392,
        "52w_high": 65.45215606689453,
        "52w_low": 0
    },
    "AMZN": {
        "close": 237.75999450683594,
        "sma200": 219.2163501739502,
        "sma50": 233.34039978027343,
        "rsi_weekly": 60.90414428011612,
        "rsi_monthly": 71.52946981803966,
        "52w_high": 254.0,
        "52w_low": 0
    },
    "AMCR": {
        "close": 41.474998474121094,
        "sma200": 43.85074909210205,
        "sma50": 42.08569953918457,
        "rsi_weekly": 52.230589012991366,
        "rsi_monthly": 37.638348930206874,
        "52w_high": 50.73261260986328,
        "52w_low": 0
    },
    "AEE": {
        "close": 103.94000244140625,
        "sma200": 98.73617134094238,
        "sma50": 101.1849935913086,
        "rsi_weekly": 50.11678109132728,
        "rsi_monthly": 68.7618175596664,
        "52w_high": 105.5897445678711,
        "52w_low": 0
    }
}