{
    "last_scan_index": 325,
    "AAPL": {
        "close": 256.75,
        "sma200": 232.6076389312744,
        "sma50": 272.72077087402346,
        "rsi_weekly": 63.04886227644906,
        "rsi_monthly": 65.05593332756789,
        "52w_high": 286.19000244140625,
        "52w_low": 0
    },
    "NVDA": {
        "close": 186.72000122070312,
        "sma200": 161.86017978668212,
        "sma50": 186.72571624755858,
        "rsi_weekly": 58.64870594690379,
        "rsi_monthly": 76.36247437883131,
        "52w_high": 207.02847290039062,
        "52w_low": 0
    },
    "TSLA": {
        "close": 433.6099853515625,
        "sma200": 363.95325019836423,
        "sma50": 444.5232012939453,
        "rsi_weekly": 56.31157929953819,
        "rsi_monthly": 70.21254147643917,
        "52w_high": 489.8800048828125,
        "52w_low": 0
    },
    "MSFT": {
        "close": 477.6400146484375,
        "sma200": 478.53630310058594,
        "sma50": 491.6110223388672,
        "rsi_weekly": 44.4907242086837,
        "rsi_monthly": 64.94487212770487,
        "52w_high": 541.057373046875,
        "52w_low": 0
    },
    "AMD": {
        "close": 205.654296875,
        "sma200": 165.32187129974366,
        "sma50": 225.09328552246095,
        "rsi_weekly": 60.71614808686848,
        "rsi_monthly": 69.38721493424931,
        "52w_high": 264.3299865722656,
        "52w_low": 0
    },
    "MAS": {
        "close": 66.6500015258789,
        "sma200": 65.72218156814576,
        "sma50": 63.486922073364255,
        "rsi_weekly": 46.140275127812494,
        "rsi_monthly": 63.330051190739375,
        "52w_high": 80.34850311279297,
        "52w_low": 0
    },
    "MA": {
        "close": 588.6199951171875,
        "sma200": 561.3758946228028,
        "sma50": 556.7755969238282,
        "rsi_weekly": 50.57425062862647,
        "rsi_monthly": 71.24567916811819,
        "52w_high": 598.1703491210938,
        "52w_low": 0
    },
    "MTCH": {
        "close": 32.685001373291016,
        "sma200": 32.42277994155884,
        "sma50": 32.570471878051755,
        "rsi_weekly": 43.836103306080744,
        "rsi_monthly": 36.58012394830573,
        "52w_high": 38.3323860168457,
        "52w_low": 0
    },
    "MKC": {
        "close": 66.37000274658203,
        "sma200": 69.58363529205322,
        "sma50": 65.80383735656739,
        "rsi_weekly": 48.365729524083314,
        "rsi_monthly": 48.96201175657475,
        "52w_high": 82.57147979736328,
        "52w_low": 0
    },
    "MCD": {
        "close": 307.2701110839844,
        "sma200": 303.39280715942385,
        "sma50": 306.54509765625,
        "rsi_weekly": 48.76273944336123,
        "rsi_monthly": 58.17622533918353,
        "52w_high": 319.6499938964844,
        "52w_low": 0
    },
    "MCK": {
        "close": 822.594970703125,
        "sma200": 741.3334313964843,
        "sma50": 832.3922106933594,
        "rsi_weekly": 60.870836550272166,
        "rsi_monthly": 71.49639292659295,
        "52w_high": 888.4524536132812,
        "52w_low": 0
    },
    "MDT": {
        "close": 99.58999633789062,
        "sma200": 90.80976959228515,
        "sma50": 97.74479965209962,
        "rsi_weekly": 52.776201943162036,
        "rsi_monthly": 49.26090448468319,
        "52w_high": 105.3499984741211,
        "52w_low": 0
    },
    "MRK": {
        "close": 111.37000274658203,
        "sma200": 84.61853782653809,
        "sma50": 97.43007583618164,
        "rsi_weekly": 68.58347983788408,
        "rsi_monthly": 67.21381024161425,
        "52w_high": 111.37000274658203,
        "52w_low": 0
    },
    "MET": {
        "close": 79.36499786376953,
        "sma200": 77.706340675354,
        "sma50": 78.7056135559082,
        "rsi_weekly": 53.28777760997079,
        "rsi_monthly": 57.01807405574974,
        "52w_high": 84.54905700683594,
        "52w_low": 0
    },
    "MTD": {
        "close": 1479.93505859375,
        "sma200": 1260.4694744873048,
        "sma50": 1423.6625024414063,
        "rsi_weekly": 57.1618669932194,
        "rsi_monthly": 60.78296128761418,
        "52w_high": 1506.02001953125,
        "52w_low": 0
    },
    "MGM": {
        "close": 35.47999954223633,
        "sma200": 34.098599967956545,
        "sma50": 34.545199928283694,
        "rsi_weekly": 55.02680572544634,
        "rsi_monthly": 48.11049773966102,
        "52w_high": 40.369998931884766,
        "52w_low": 0
    },
    "MCHP": {
        "close": 72.80500030517578,
        "sma200": 60.74327230453491,
        "sma50": 61.06567016601562,
        "rsi_weekly": 53.961956081003244,
        "rsi_monthly": 46.039594097292365,
        "52w_high": 74.87000274658203,
        "52w_low": 0
    },
    "MU": {
        "close": 323.9574890136719,
        "sma200": 153.6235488128662,
        "sma50": 251.68012969970704,
        "rsi_weekly": 80.88648713855211,
        "rsi_monthly": 85.1325946129354,
        "52w_high": 343.42999267578125,
        "52w_low": 0
    },
    "MAA": {
        "close": 137.13999938964844,
        "sma200": 142.91958042144776,
        "sma50": 133.18799942016602,
        "rsi_weekly": 51.74059890845376,
        "rsi_monthly": 49.277123236735264,
        "52w_high": 165.6918487548828,
        "52w_low": 0
    },
    "MRNA": {
        "close": 35.19499969482422,
        "sma200": 27.417424926757814,
        "sma50": 27.83669994354248,
        "rsi_weekly": 54.211725399258874,
        "rsi_monthly": 22.609479190243324,
        "52w_high": 47.529998779296875,
        "52w_low": 0
    },
    "MHK": {
        "close": 112.6449966430664,
        "sma200": 114.35242496490478,
        "sma50": 110.47489974975586,
        "rsi_weekly": 44.092537245494746,
        "rsi_monthly": 59.38509234588343,
        "52w_high": 139.75,
        "52w_low": 0
    },
    "MOH": {
        "close": 178.6649932861328,
        "sma200": 221.40217544555665,
        "sma50": 155.83809936523437,
        "rsi_weekly": 46.6036803075798,
        "rsi_monthly": 48.64172992303688,
        "52w_high": 353.239990234375,
        "52w_low": 0
    },
    "TAP": {
        "close": 47.56999969482422,
        "sma200": 49.434500198364255,
        "sma50": 45.90571517944336,
        "rsi_weekly": 49.01837782062201,
        "rsi_monthly": 45.65297598571875,
        "52w_high": 61.11589813232422,
        "52w_low": 0
    },
    "MDLZ": {
        "close": 52.875,
        "sma200": 61.68607557296753,
        "sma50": 55.03721893310547,
        "rsi_weekly": 31.590820109787266,
        "rsi_monthly": 27.354654313179395,
        "52w_high": 69.54491424560547,
        "52w_low": 0
    },
    "MPWR": {
        "close": 949.0,
        "sma200": 801.3103549194336,
        "sma50": 949.5689489746094,
        "rsi_weekly": 56.47838307997305,
        "rsi_monthly": 72.97174712459683,
        "52w_high": 1103.1842041015625,
        "52w_low": 0
    },
    "MNST": {
        "close": 77.13379669189453,
        "sma200": 65.20206905364991,
        "sma50": 73.18207595825196,
        "rsi_weekly": 69.50447641973618,
        "rsi_monthly": 78.91304478658172,
        "52w_high": 77.66999816894531,
        "52w_low": 0
    },
    "MCO": {
        "close": 535.1799926757812,
        "sma200": 484.47887329101565,
        "sma50": 493.55228820800784,
        "rsi_weekly": 52.85077485493471,
        "rsi_monthly": 54.89096948466099,
        "52w_high": 535.1799926757812,
        "52w_low": 0
    },
    "MS": {
        "close": 185.1750030517578,
        "sma200": 145.19254245758057,
        "sma50": 171.81285369873046,
        "rsi_weekly": 73.32866608418352,
        "rsi_monthly": 80.31265075693459,
        "52w_high": 187.75,
        "52w_low": 0
    },
    "MOS": {
        "close": 26.344999313354492,
        "sma200": 30.463221254348756,
        "sma50": 24.89557891845703,
        "rsi_weekly": 40.544310234641976,
        "rsi_monthly": 42.49650145700756,
        "52w_high": 37.212406158447266,
        "52w_low": 0
    }
}