{
    "last_scan_index": 325,
    "AAPL": {
        "close": 255.52999877929688,
        "sma200": 233.75189094543458,
        "sma50": 271.494140625,
        "rsi_weekly": 53.761853279179405,
        "rsi_monthly": 65.05593214263972,
        "52w_high": 286.19000244140625,
        "52w_low": 0
    },
    "NVDA": {
        "close": 186.22999572753906,
        "sma200": 164.04214149475098,
        "sma50": 184.55367309570312,
        "rsi_weekly": 55.83253747320913,
        "rsi_monthly": 76.36247308900008,
        "52w_high": 207.02847290039062,
        "52w_low": 0
    },
    "TSLA": {
        "close": 437.5,
        "sma200": 369.1239003753662,
        "sma50": 443.0688018798828,
        "rsi_weekly": 57.433070397524055,
        "rsi_monthly": 70.21254147643917,
        "52w_high": 489.8800048828125,
        "52w_low": 0
    },
    "MSFT": {
        "close": 459.8599853515625,
        "sma200": 481.05499618530274,
        "sma50": 484.6280310058594,
        "rsi_weekly": 46.924932796870735,
        "rsi_monthly": 64.94487320003506,
        "52w_high": 541.057373046875,
        "52w_low": 0
    },
    "AMD": {
        "close": 231.8300018310547,
        "sma200": 168.69094982147217,
        "sma50": 220.51739990234375,
        "rsi_weekly": 52.90812131363197,
        "rsi_monthly": 69.38721493424931,
        "52w_high": 264.3299865722656,
        "52w_low": 0
    },
    "MAS": {
        "close": 70.47000122070312,
        "sma200": 65.76089363098144,
        "sma50": 64.14466918945313,
        "rsi_weekly": 56.28142570749007,
        "rsi_monthly": 63.330038042160155,
        "52w_high": 80.34850311279297,
        "52w_low": 0
    },
    "MA": {
        "close": 539.489990234375,
        "sma200": 560.7192953491211,
        "sma50": 555.7248620605469,
        "rsi_weekly": 54.61833106805362,
        "rsi_monthly": 71.24569787002008,
        "52w_high": 597.273193359375,
        "52w_low": 0
    },
    "MTCH": {
        "close": 31.334999084472656,
        "sma200": 32.45783249855042,
        "sma50": 32.54231273651123,
        "rsi_weekly": 46.88847503772114,
        "rsi_monthly": 36.580126682483346,
        "52w_high": 38.3323860168457,
        "52w_low": 0
    },
    "MKC": {
        "close": 67.04000091552734,
        "sma200": 69.23739093780517,
        "sma50": 66.27919204711914,
        "rsi_weekly": 49.47132587163529,
        "rsi_monthly": 48.9620782265951,
        "52w_high": 82.57147216796875,
        "52w_low": 0
    },
    "MCD": {
        "close": 307.42999267578125,
        "sma200": 303.46794906616213,
        "sma50": 307.64265502929686,
        "rsi_weekly": 52.0847238378607,
        "rsi_monthly": 58.17622818961357,
        "52w_high": 319.6499938964844,
        "52w_low": 0
    },
    "MCK": {
        "close": 840.4600219726562,
        "sma200": 746.2427828979493,
        "sma50": 833.7915161132812,
        "rsi_weekly": 58.94068829694058,
        "rsi_monthly": 71.49638605680049,
        "52w_high": 888.4524536132812,
        "52w_low": 0
    },
    "MDT": {
        "close": 96.76000213623047,
        "sma200": 91.12542057037354,
        "sma50": 98.4897996520996,
        "rsi_weekly": 55.25321473802261,
        "rsi_monthly": 49.26089041194905,
        "52w_high": 105.3499984741211,
        "52w_low": 0
    },
    "MRK": {
        "close": 108.83000183105469,
        "sma200": 85.33604560852051,
        "sma50": 100.44069274902344,
        "rsi_weekly": 71.48228909950801,
        "rsi_monthly": 67.21380272902871,
        "52w_high": 111.01000213623047,
        "52w_low": 0
    },
    "MET": {
        "close": 76.7699966430664,
        "sma200": 77.64596378326416,
        "sma50": 78.63880020141602,
        "rsi_weekly": 51.33784709965113,
        "rsi_monthly": 57.01807253282222,
        "52w_high": 84.54906463623047,
        "52w_low": 0
    },
    "MTD": {
        "close": 1460.6300048828125,
        "sma200": 1269.4500494384765,
        "sma50": 1433.0760009765625,
        "rsi_weekly": 63.015747584078845,
        "rsi_monthly": 60.78296128761418,
        "52w_high": 1506.02001953125,
        "52w_low": 0
    },
    "MGM": {
        "close": 34.97999954223633,
        "sma200": 34.21199997901917,
        "sma50": 34.914799995422364,
        "rsi_weekly": 48.40221973101226,
        "rsi_monthly": 48.11049773966102,
        "52w_high": 40.369998931884766,
        "52w_low": 0
    },
    "MCHP": {
        "close": 74.69999694824219,
        "sma200": 61.50988456726074,
        "sma50": 62.62538055419922,
        "rsi_weekly": 63.55736056435677,
        "rsi_monthly": 46.03959413989391,
        "52w_high": 75.22000122070312,
        "52w_low": 0
    },
    "MU": {
        "close": 362.75,
        "sma200": 161.24811679840087,
        "sma50": 266.00767517089844,
        "rsi_weekly": 83.49890444423232,
        "rsi_monthly": 85.13258984221291,
        "52w_high": 362.75,
        "52w_low": 0
    },
    "MAA": {
        "close": 137.08999633789062,
        "sma200": 140.59564476013185,
        "sma50": 132.62510467529296,
        "rsi_weekly": 46.87312997341357,
        "rsi_monthly": 49.27710481293592,
        "52w_high": 163.83151245117188,
        "52w_low": 0
    },
    "MRNA": {
        "close": 41.83000183105469,
        "sma200": 27.637899951934813,
        "sma50": 29.32,
        "rsi_weekly": 59.84390070369504,
        "rsi_monthly": 22.609479190243324,
        "52w_high": 44.939998626708984,
        "52w_low": 0
    },
    "MHK": {
        "close": 122.83999633789062,
        "sma200": 114.5186499786377,
        "sma50": 111.25339996337891,
        "rsi_weekly": 52.356764420677294,
        "rsi_monthly": 59.38509234588343,
        "52w_high": 139.75,
        "52w_low": 0
    },
    "MOH": {
        "close": 191.39999389648438,
        "sma200": 217.3307504272461,
        "sma50": 159.78019958496094,
        "rsi_weekly": 47.866895094977785,
        "rsi_monthly": 48.64172992303688,
        "52w_high": 353.239990234375,
        "52w_low": 0
    },
    "TAP": {
        "close": 48.95000076293945,
        "sma200": 49.151350021362305,
        "sma50": 46.618765869140624,
        "rsi_weekly": 51.23371406082168,
        "rsi_monthly": 45.65297571014022,
        "52w_high": 61.11589431762695,
        "52w_low": 0
    },
    "MDLZ": {
        "close": 57.2400016784668,
        "sma200": 61.42847539901734,
        "sma50": 54.95645164489746,
        "rsi_weekly": 38.08215839375452,
        "rsi_monthly": 27.354591866941895,
        "52w_high": 69.544921875,
        "52w_low": 0
    },
    "MPWR": {
        "close": 1033.1700439453125,
        "sma200": 813.2899240112305,
        "sma50": 943.9996960449218,
        "rsi_weekly": 58.55068148996771,
        "rsi_monthly": 72.97174100040436,
        "52w_high": 1103.1842041015625,
        "52w_low": 0
    },
    "MNST": {
        "close": 78.16999816894531,
        "sma200": 65.78680006027221,
        "sma50": 74.4597999572754,
        "rsi_weekly": 71.2951036965348,
        "rsi_monthly": 78.91304478658172,
        "52w_high": 78.43000030517578,
        "52w_low": 0
    },
    "MCO": {
        "close": 538.9199829101562,
        "sma200": 486.55884826660156,
        "sma50": 500.00678955078126,
        "rsi_weekly": 61.10705194940251,
        "rsi_monthly": 54.89100242212457,
        "52w_high": 539.6099853515625,
        "52w_low": 0
    },
    "MS": {
        "close": 189.08999633789062,
        "sma200": 147.277265625,
        "sma50": 174.47459869384767,
        "rsi_weekly": 75.56020377445189,
        "rsi_monthly": 80.31267632689764,
        "52w_high": 191.22999572753906,
        "52w_low": 0
    },
    "MOS": {
        "close": 26.350000381469727,
        "sma200": 30.46475266456604,
        "sma50": 24.778230018615723,
        "rsi_weekly": 43.7730209735446,
        "rsi_monthly": 42.49652032523826,
        "52w_high": 37.212406158447266,
        "52w_low": 0
    }
}