{
    "last_scan_index": 150,
    "AAPL": {
        "close": 259.9599914550781,
        "sma200": 233.4022031402588,
        "sma50": 271.9906988525391,
        "rsi_weekly": 53.76185331334311,
        "rsi_monthly": 65.05595443893317,
        "52w_high": 286.19000244140625,
        "52w_low": 0
    },
    "NVDA": {
        "close": 183.13999938964844,
        "sma200": 163.26819316864012,
        "sma50": 185.1990216064453,
        "rsi_weekly": 55.83253743668018,
        "rsi_monthly": 76.36247388449539,
        "52w_high": 207.02847290039062,
        "52w_low": 0
    },
    "TSLA": {
        "close": 439.20001220703125,
        "sma200": 367.38165031433107,
        "sma50": 443.8000018310547,
        "rsi_weekly": 57.433070397524055,
        "rsi_monthly": 70.21254147643917,
        "52w_high": 489.8800048828125,
        "52w_low": 0
    },
    "MSFT": {
        "close": 459.3800048828125,
        "sma200": 480.24009796142576,
        "sma50": 486.88629821777346,
        "rsi_weekly": 46.92493273897393,
        "rsi_monthly": 64.94486503209721,
        "52w_high": 541.057373046875,
        "52w_low": 0
    },
    "AMD": {
        "close": 223.60000610351562,
        "sma200": 167.4197998046875,
        "sma50": 221.51639984130858,
        "rsi_weekly": 52.90812131363197,
        "rsi_monthly": 69.38721493424931,
        "52w_high": 264.3299865722656,
        "52w_low": 0
    },
    "COO": {
        "close": 81.69000244140625,
        "sma200": 74.50159999847412,
        "sma50": 78.02579986572266,
        "rsi_weekly": 62.35298251220104,
        "rsi_monthly": 48.46041333422471,
        "52w_high": 99.44999694824219,
        "52w_low": 0
    },
    "CPRT": {
        "close": 39.9900016784668,
        "sma200": 47.74255001068115,
        "sma50": 39.734599914550785,
        "rsi_weekly": 36.37544266038222,
        "rsi_monthly": 51.94995856135763,
        "52w_high": 63.84000015258789,
        "52w_low": 0
    },
    "GLW": {
        "close": 90.20999908447266,
        "sma200": 66.8607481765747,
        "sma50": 86.51309524536133,
        "rsi_weekly": 62.6130220166455,
        "rsi_monthly": 83.83169568475022,
        "52w_high": 95.97000122070312,
        "52w_low": 0
    },
    "CPAY": {
        "close": 327.7699890136719,
        "sma200": 312.2555001831055,
        "sma50": 299.51719970703124,
        "rsi_weekly": 58.9815898077651,
        "rsi_monthly": 42.64298440673572,
        "52w_high": 389.54998779296875,
        "52w_low": 0
    },
    "CTVA": {
        "close": 69.94000244140625,
        "sma200": 67.66790397644043,
        "sma50": 66.21274200439453,
        "rsi_weekly": 54.941986196427216,
        "rsi_monthly": 72.06119516454773,
        "52w_high": 76.72765350341797,
        "52w_low": 0
    },
    "CSGP": {
        "close": 63.869998931884766,
        "sma200": 78.31990003585815,
        "sma50": 66.57859992980957,
        "rsi_weekly": 28.054894524670246,
        "rsi_monthly": 47.61567195546935,
        "52w_high": 96.83000183105469,
        "52w_low": 0
    },
    "COST": {
        "close": 950.97998046875,
        "sma200": 948.7023443603516,
        "sma50": 896.4266015625,
        "rsi_weekly": 51.047876336949756,
        "rsi_monthly": 59.5177651421571,
        "52w_high": 1072.4534912109375,
        "52w_low": 0
    },
    "CTRA": {
        "close": 25.360000610351562,
        "sma200": 24.622985248565673,
        "sma50": 26.005734672546385,
        "rsi_weekly": 48.859168978000675,
        "rsi_monthly": 61.894147997936216,
        "52w_high": 28.817312240600586,
        "52w_low": 0
    },
    "CCI": {
        "close": 88.66999816894531,
        "sma200": 95.649249458313,
        "sma50": 88.44314254760742,
        "rsi_weekly": 36.10339480393948,
        "rsi_monthly": 46.95329466450341,
        "52w_high": 111.32425689697266,
        "52w_low": 0
    },
    "CSX": {
        "close": 36.18000030517578,
        "sma200": 33.265321521759034,
        "sma50": 35.665598678588864,
        "rsi_weekly": 51.91973353330562,
        "rsi_monthly": 66.84469220669176,
        "52w_high": 37.38999938964844,
        "52w_low": 0
    },
    "CMI": {
        "close": 565.1799926757812,
        "sma200": 391.99685775756836,
        "sma50": 501.2667761230469,
        "rsi_weekly": 82.52293615246455,
        "rsi_monthly": 85.26034439604003,
        "52w_high": 567.4400024414062,
        "52w_low": 0
    },
    "CVS": {
        "close": 79.33000183105469,
        "sma200": 70.71825824737549,
        "sma50": 78.74260040283202,
        "rsi_weekly": 61.43105740046251,
        "rsi_monthly": 62.222332178385415,
        "52w_high": 82.44999694824219,
        "52w_low": 0
    },
    "DHR": {
        "close": 237.9499969482422,
        "sma200": 205.20704513549805,
        "sma50": 225.9614727783203,
        "rsi_weekly": 63.63560398324721,
        "rsi_monthly": 64.20378706163079,
        "52w_high": 249.025634765625,
        "52w_low": 0
    },
    "DRI": {
        "close": 207.8699951171875,
        "sma200": 195.4395189666748,
        "sma50": 182.310185546875,
        "rsi_weekly": 59.9200476077844,
        "rsi_monthly": 62.03542140488374,
        "52w_high": 220.76190185546875,
        "52w_low": 0
    },
    "DVA": {
        "close": 103.87000274658203,
        "sma200": 132.51640003204346,
        "sma50": 117.03400024414063,
        "rsi_weekly": 32.88866900886936,
        "rsi_monthly": 58.53862959030401,
        "52w_high": 177.35000610351562,
        "52w_low": 0
    },
    "DAY": {
        "close": 69.36000061035156,
        "sma200": 63.07309995651245,
        "sma50": 69.07260009765625,
        "rsi_weekly": 60.791485473398616,
        "rsi_monthly": 55.44195534123394,
        "52w_high": 74.08000183105469,
        "52w_low": 0
    },
    "DEW": {
        "close": 63.33000183105469,
        "sma200": 57.5334037399292,
        "sma50": 60.869625091552734,
        "rsi_weekly": 70.41008927654909,
        "rsi_monthly": 82.4192163353551,
        "52w_high": 63.33000183105469,
        "52w_low": 0
    },
    "DE": {
        "close": 512.0999755859375,
        "sma200": 480.84481536865235,
        "sma50": 475.41725341796877,
        "rsi_weekly": 55.05771138147157,
        "rsi_monthly": 42.40462652575235,
        "52w_high": 526.1388549804688,
        "52w_low": 0
    },
    "DAL": {
        "close": 68.48999786376953,
        "sma200": 55.69454055786133,
        "sma50": 65.58399963378906,
        "rsi_weekly": 70.38267127797333,
        "rsi_monthly": 69.74173639609278,
        "52w_high": 72.30999755859375,
        "52w_low": 0
    },
    "XRAY": {
        "close": 12.350000381469727,
        "sma200": 13.31455777168274,
        "sma50": 11.255944919586181,
        "rsi_weekly": 51.03396669920618,
        "rsi_monthly": 15.909455142754943,
        "52w_high": 19.363664627075195,
        "52w_low": 0
    },
    "DVN": {
        "close": 37.91999816894531,
        "sma200": 33.38061817169189,
        "sma50": 35.844046401977536,
        "rsi_weekly": 52.894828819614396,
        "rsi_monthly": 58.258936653474606,
        "52w_high": 38.164306640625,
        "52w_low": 0
    },
    "DXCM": {
        "close": 69.69999694824219,
        "sma200": 73.7567501449585,
        "sma50": 64.22240013122558,
        "rsi_weekly": 47.3484117569779,
        "rsi_monthly": 32.1728819719612,
        "52w_high": 90.75,
        "52w_low": 0
    },
    "FANG": {
        "close": 153.72999572753906,
        "sma200": 141.78090831756592,
        "sma50": 149.2712188720703,
        "rsi_weekly": 50.56714374498659,
        "rsi_monthly": 73.00641153005887,
        "52w_high": 175.2056427001953,
        "52w_low": 0
    },
    "DLR": {
        "close": 159.25999450683594,
        "sma200": 163.59012229919435,
        "sma50": 157.8992578125,
        "rsi_weekly": 46.87533666875169,
        "rsi_monthly": 56.82889747549422,
        "52w_high": 178.07101440429688,
        "52w_low": 0
    }
}