{
    "last_scan_index": 200,
    "AAPL": {
        "close": 246.6999969482422,
        "sma200": 233.86975593566893,
        "sma50": 271.0305728149414,
        "rsi_weekly": 51.05965906227419,
        "rsi_monthly": 65.05589970027933,
        "52w_high": 286.19000244140625,
        "52w_low": 0
    },
    "NVDA": {
        "close": 178.07000732421875,
        "sma200": 164.38049186706542,
        "sma50": 184.2110903930664,
        "rsi_weekly": 56.61352267269919,
        "rsi_monthly": 76.36247151329715,
        "52w_high": 207.02847290039062,
        "52w_low": 0
    },
    "TSLA": {
        "close": 419.25,
        "sma200": 369.8063503265381,
        "sma50": 442.21240173339845,
        "rsi_weekly": 55.767272209839355,
        "rsi_monthly": 70.21254147643917,
        "52w_high": 489.8800048828125,
        "52w_low": 0
    },
    "MSFT": {
        "close": 454.5199890136719,
        "sma200": 481.4270835876465,
        "sma50": 483.5941796875,
        "rsi_weekly": 40.972927868470336,
        "rsi_monthly": 64.94487842531059,
        "52w_high": 541.057373046875,
        "52w_low": 0
    },
    "AMD": {
        "close": 231.9199981689453,
        "sma200": 169.33574981689452,
        "sma50": 220.02920013427735,
        "rsi_weekly": 60.57175331207617,
        "rsi_monthly": 69.38721493424931,
        "52w_high": 264.3299865722656,
        "52w_low": 0
    },
    "EQR": {
        "close": 61.02000045776367,
        "sma200": 63.54614255905151,
        "sma50": 60.56315284729004,
        "rsi_weekly": 49.30774737183163,
        "rsi_monthly": 48.42464370368004,
        "52w_high": 71.96408081054688,
        "52w_low": 0
    },
    "ESS": {
        "close": 256.25,
        "sma200": 263.7248091125488,
        "sma50": 255.4742581176758,
        "rsi_weekly": 48.72340565048595,
        "rsi_monthly": 48.80837165864073,
        "52w_high": 302.4346923828125,
        "52w_low": 0
    },
    "EL": {
        "close": 114.45999908447266,
        "sma200": 85.06769369125367,
        "sma50": 101.53996597290039,
        "rsi_weekly": 71.46212672469143,
        "rsi_monthly": 68.64615411855569,
        "52w_high": 116.91000366210938,
        "52w_low": 0
    },
    "ETR": {
        "close": 94.75,
        "sma200": 88.11211540222168,
        "sma50": 93.95330596923829,
        "rsi_weekly": 62.51464100563496,
        "rsi_monthly": 76.15063873264677,
        "52w_high": 97.5199966430664,
        "52w_low": 0
    },
    "EVRG": {
        "close": 76.12999725341797,
        "sma200": 70.71733818054199,
        "sma50": 74.38839050292968,
        "rsi_weekly": 61.82662865962008,
        "rsi_monthly": 62.14402738515005,
        "52w_high": 78.00737762451172,
        "52w_low": 0
    },
    "ES": {
        "close": 70.79000091552734,
        "sma200": 64.87223024368286,
        "sma50": 67.92615493774414,
        "rsi_weekly": 58.58498693629146,
        "rsi_monthly": 69.25084757582451,
        "52w_high": 74.04946899414062,
        "52w_low": 0
    },
    "EXC": {
        "close": 44.95000076293945,
        "sma200": 44.108121395111084,
        "sma50": 44.48868637084961,
        "rsi_weekly": 52.5449298159381,
        "rsi_monthly": 64.00481513366975,
        "52w_high": 47.82242965698242,
        "52w_low": 0
    },
    "EXPE": {
        "close": 272.1499938964844,
        "sma200": 208.93891716003418,
        "sma50": 272.66489654541016,
        "rsi_weekly": 69.11086789496248,
        "rsi_monthly": 68.73352806217984,
        "52w_high": 301.30999755859375,
        "52w_low": 0
    },
    "EXPD": {
        "close": 159.1199951171875,
        "sma200": 123.9562801361084,
        "sma50": 149.23905181884766,
        "rsi_weekly": 79.32250103403258,
        "rsi_monthly": 57.16398476163317,
        "52w_high": 163.75999450683594,
        "52w_low": 0
    },
    "EXR": {
        "close": 145.52999877929688,
        "sma200": 138.81684490203858,
        "sma50": 132.38524780273437,
        "rsi_weekly": 61.13791055730224,
        "rsi_monthly": 37.89414755149939,
        "52w_high": 154.12899780273438,
        "52w_low": 0
    },
    "XOM": {
        "close": 130.4600067138672,
        "sma200": 110.8291658782959,
        "sma50": 119.41806030273438,
        "rsi_weekly": 69.73019308522092,
        "rsi_monthly": 69.6475855231028,
        "52w_high": 130.4600067138672,
        "52w_low": 0
    },
    "FFIV": {
        "close": 259.70001220703125,
        "sma200": 285.26925170898437,
        "sma50": 252.1898013305664,
        "rsi_weekly": 47.271307626501596,
        "rsi_monthly": 54.25150740359023,
        "52w_high": 343.1700134277344,
        "52w_low": 0
    },
    "FDS": {
        "close": 277.04998779296875,
        "sma200": 358.69063354492187,
        "sma50": 282.9266387939453,
        "rsi_weekly": 36.82401865356483,
        "rsi_monthly": 24.44632416044781,
        "52w_high": 469.9656982421875,
        "52w_low": 0
    },
    "FICO": {
        "close": 1494.5,
        "sma200": 1691.5827996826172,
        "sma50": 1723.991796875,
        "rsi_weekly": 42.721669409623026,
        "rsi_monthly": 56.750432779784276,
        "52w_high": 2206.010009765625,
        "52w_low": 0
    },
    "FAST": {
        "close": 42.619998931884766,
        "sma200": 43.0407971572876,
        "sma50": 41.21100006103516,
        "rsi_weekly": 53.98899665803223,
        "rsi_monthly": 61.33828296822046,
        "52w_high": 50.12940216064453,
        "52w_low": 0
    },
    "FRT": {
        "close": 102.5999984741211,
        "sma200": 94.86316707611084,
        "sma50": 98.58464614868164,
        "rsi_weekly": 61.747741509353695,
        "rsi_monthly": 50.984320597856765,
        "52w_high": 106.85189819335938,
        "52w_low": 0
    },
    "FDX": {
        "close": 301.0299987792969,
        "sma200": 239.50465019226075,
        "sma50": 283.05609436035155,
        "rsi_weekly": 72.38028592176141,
        "rsi_monthly": 66.61323606379065,
        "52w_high": 313.54998779296875,
        "52w_low": 0
    },
    "FIS": {
        "close": 60.06999969482422,
        "sma200": 71.00195293426513,
        "sma50": 65.43348815917969,
        "rsi_weekly": 39.31068699170413,
        "rsi_monthly": 60.575127640912704,
        "52w_high": 81.56633758544922,
        "52w_low": 0
    },
    "FITB": {
        "close": 50.119998931884766,
        "sma200": 41.63031650543213,
        "sma50": 45.70483085632324,
        "rsi_weekly": 68.68965878428834,
        "rsi_monthly": 64.90445497427653,
        "52w_high": 50.119998931884766,
        "52w_low": 0
    },
    "FSLR": {
        "close": 242.11000061035156,
        "sma200": 201.53870040893554,
        "sma50": 258.83260040283204,
        "rsi_weekly": 53.85217890795089,
        "rsi_monthly": 68.47152006392845,
        "52w_high": 284.5899963378906,
        "52w_low": 0
    },
    "FE": {
        "close": 47.2599983215332,
        "sma200": 42.92944564819336,
        "sma50": 45.501099853515626,
        "rsi_weekly": 63.923073730498615,
        "rsi_monthly": 64.3521622278771,
        "52w_high": 47.720001220703125,
        "52w_low": 0
    },
    "FMC": {
        "close": 15.390000343322754,
        "sma200": 30.631758208274842,
        "sma50": 13.77800994873047,
        "rsi_weekly": 31.080588329067478,
        "rsi_monthly": 23.117874742540568,
        "52w_high": 53.59580612182617,
        "52w_low": 0
    },
    "F": {
        "close": 13.279999732971191,
        "sma200": 11.521662192344666,
        "sma50": 13.351199951171875,
        "rsi_weekly": 59.661225862201704,
        "rsi_monthly": 79.14172628074198,
        "52w_high": 14.399999618530273,
        "52w_low": 0
    },
    "FTNT": {
        "close": 75.45999908447266,
        "sma200": 90.05860008239746,
        "sma50": 80.57720016479492,
        "rsi_weekly": 39.06279634370114,
        "rsi_monthly": 54.912633029532515,
        "52w_high": 114.56999969482422,
        "52w_low": 0
    }
}