{
    "last_scan_index": 150,
    "AAPL": {
        "close": 255.52999877929688,
        "sma200": 233.75189094543458,
        "sma50": 271.494140625,
        "rsi_weekly": 53.761853134892654,
        "rsi_monthly": 65.05595092158018,
        "52w_high": 286.19000244140625,
        "52w_low": 0
    },
    "NVDA": {
        "close": 186.22999572753906,
        "sma200": 164.0421413421631,
        "sma50": 184.55367309570312,
        "rsi_weekly": 55.832537369693554,
        "rsi_monthly": 76.36247657898916,
        "52w_high": 207.02847290039062,
        "52w_low": 0
    },
    "TSLA": {
        "close": 437.5,
        "sma200": 369.1239003753662,
        "sma50": 443.0688018798828,
        "rsi_weekly": 57.433070397524055,
        "rsi_monthly": 70.21254147643917,
        "52w_high": 489.8800048828125,
        "52w_low": 0
    },
    "MSFT": {
        "close": 459.8599853515625,
        "sma200": 481.05499618530274,
        "sma50": 484.6280310058594,
        "rsi_weekly": 46.9249328727793,
        "rsi_monthly": 64.9448552207151,
        "52w_high": 541.057373046875,
        "52w_low": 0
    },
    "AMD": {
        "close": 231.8300018310547,
        "sma200": 168.69094982147217,
        "sma50": 220.51739990234375,
        "rsi_weekly": 52.90812131363197,
        "rsi_monthly": 69.38721493424931,
        "52w_high": 264.3299865722656,
        "52w_low": 0
    },
    "COO": {
        "close": 82.37000274658203,
        "sma200": 74.49690002441406,
        "sma50": 78.54139984130859,
        "rsi_weekly": 62.35298251220104,
        "rsi_monthly": 48.46041333422471,
        "52w_high": 99.44999694824219,
        "52w_low": 0
    },
    "CPRT": {
        "close": 41.040000915527344,
        "sma200": 47.58500001907348,
        "sma50": 39.66339996337891,
        "rsi_weekly": 36.37544266038222,
        "rsi_monthly": 51.94995856135763,
        "52w_high": 63.84000015258789,
        "52w_low": 0
    },
    "GLW": {
        "close": 94.19999694824219,
        "sma200": 67.34853889465332,
        "sma50": 86.8244384765625,
        "rsi_weekly": 62.61302199274301,
        "rsi_monthly": 83.83169761108255,
        "52w_high": 95.97000122070312,
        "52w_low": 0
    },
    "CPAY": {
        "close": 320.6600036621094,
        "sma200": 312.009100189209,
        "sma50": 302.0551995849609,
        "rsi_weekly": 58.9815898077651,
        "rsi_monthly": 42.64298440673572,
        "52w_high": 389.54998779296875,
        "52w_low": 0
    },
    "CTVA": {
        "close": 69.63999938964844,
        "sma200": 67.74093185424805,
        "sma50": 66.53098808288574,
        "rsi_weekly": 54.94198779425422,
        "rsi_monthly": 72.06119717483534,
        "52w_high": 76.72764587402344,
        "52w_low": 0
    },
    "CSGP": {
        "close": 65.33999633789062,
        "sma200": 78.17145000457764,
        "sma50": 66.36959991455078,
        "rsi_weekly": 28.054894524670246,
        "rsi_monthly": 47.61567195546935,
        "52w_high": 96.83000183105469,
        "52w_low": 0
    },
    "COST": {
        "close": 963.6099853515625,
        "sma200": 948.8421197509765,
        "sma50": 897.4582019042969,
        "rsi_weekly": 51.04787589254936,
        "rsi_monthly": 59.51779375235824,
        "52w_high": 1072.45361328125,
        "52w_low": 0
    },
    "CTRA": {
        "close": 25.709999084472656,
        "sma200": 24.597894496917725,
        "sma50": 26.03819454193115,
        "rsi_weekly": 48.85916906508041,
        "rsi_monthly": 61.89412376108034,
        "52w_high": 28.817312240600586,
        "52w_low": 0
    },
    "CCI": {
        "close": 90.87000274658203,
        "sma200": 95.5459973526001,
        "sma50": 88.51397659301757,
        "rsi_weekly": 36.10339335913957,
        "rsi_monthly": 46.95327424887965,
        "52w_high": 111.32425689697266,
        "52w_low": 0
    },
    "CSX": {
        "close": 36.25,
        "sma200": 33.33668725013733,
        "sma50": 35.688477478027345,
        "rsi_weekly": 51.91973355260355,
        "rsi_monthly": 66.84469478266242,
        "52w_high": 37.38999938964844,
        "52w_low": 0
    },
    "CMI": {
        "close": 578.9400024414062,
        "sma200": 394.66877410888674,
        "sma50": 507.08788024902344,
        "rsi_weekly": 82.52293625943074,
        "rsi_monthly": 85.26034443983669,
        "52w_high": 578.9400024414062,
        "52w_low": 0
    },
    "CVS": {
        "close": 78.5999984741211,
        "sma200": 70.85896825790405,
        "sma50": 78.81140029907226,
        "rsi_weekly": 61.431057724778555,
        "rsi_monthly": 62.22232997633666,
        "52w_high": 82.44999694824219,
        "52w_low": 0
    },
    "DHR": {
        "close": 235.99000549316406,
        "sma200": 205.5690763092041,
        "sma50": 226.93310363769533,
        "rsi_weekly": 63.63560424475453,
        "rsi_monthly": 64.2037595735376,
        "52w_high": 249.02561950683594,
        "52w_low": 0
    },
    "DRI": {
        "close": 214.6199951171875,
        "sma200": 195.5586895751953,
        "sma50": 183.7863912963867,
        "rsi_weekly": 59.9200474787271,
        "rsi_monthly": 62.035436158227476,
        "52w_high": 220.7618865966797,
        "52w_low": 0
    },
    "DVA": {
        "close": 104.73999786376953,
        "sma200": 132.0448999786377,
        "sma50": 116.4652000427246,
        "rsi_weekly": 32.88866900886936,
        "rsi_monthly": 58.53862959030401,
        "52w_high": 177.35000610351562,
        "52w_low": 0
    },
    "DAY": {
        "close": 69.16000366210938,
        "sma200": 63.18179996490478,
        "sma50": 69.09480010986329,
        "rsi_weekly": 60.791485473398616,
        "rsi_monthly": 55.44195534123394,
        "52w_high": 74.08000183105469,
        "52w_low": 0
    },
    "DEW": {
        "close": 63.61000061035156,
        "sma200": 57.62637298583984,
        "sma50": 61.067885131835936,
        "rsi_weekly": 70.41007432852197,
        "rsi_monthly": 82.41919907483745,
        "52w_high": 63.61000061035156,
        "52w_low": 0
    },
    "DE": {
        "close": 514.4000244140625,
        "sma200": 481.3006394958496,
        "sma50": 477.4653887939453,
        "rsi_weekly": 55.057711441817126,
        "rsi_monthly": 42.40463853579347,
        "52w_high": 526.1388549804688,
        "52w_low": 0
    },
    "DAL": {
        "close": 70.43000030517578,
        "sma200": 55.97735832214355,
        "sma50": 66.13639953613281,
        "rsi_weekly": 70.38267160069437,
        "rsi_monthly": 69.74174072894031,
        "52w_high": 72.30999755859375,
        "52w_low": 0
    },
    "XRAY": {
        "close": 12.210000038146973,
        "sma200": 13.295993428230286,
        "sma50": 11.258086433410645,
        "rsi_weekly": 51.03396675444301,
        "rsi_monthly": 15.909481595078814,
        "52w_high": 19.363664627075195,
        "52w_low": 0
    },
    "DVN": {
        "close": 36.20000076293945,
        "sma200": 33.37592259407043,
        "sma50": 35.9954093170166,
        "rsi_weekly": 52.894827779455845,
        "rsi_monthly": 58.258947988634546,
        "52w_high": 38.164306640625,
        "52w_low": 0
    },
    "DXCM": {
        "close": 69.54000091552734,
        "sma200": 73.77260013580322,
        "sma50": 64.5658000946045,
        "rsi_weekly": 47.3484117569779,
        "rsi_monthly": 32.1728819719612,
        "52w_high": 90.75,
        "52w_low": 0
    },
    "FANG": {
        "close": 151.27999877929688,
        "sma200": 141.72092895507814,
        "sma50": 149.73782501220703,
        "rsi_weekly": 50.567143644705304,
        "rsi_monthly": 73.00640806742155,
        "52w_high": 175.20567321777344,
        "52w_low": 0
    },
    "DLR": {
        "close": 163.60000610351562,
        "sma200": 163.79570220947267,
        "sma50": 157.6320944213867,
        "rsi_weekly": 46.8753372704669,
        "rsi_monthly": 56.8288526771997,
        "52w_high": 178.07101440429688,
        "52w_low": 0
    }
}