{
    "last_scan_index": 25,
    "AAPL": {
        "close": 259.9599914550781,
        "sma200": 233.4022031402588,
        "sma50": 271.9906988525391,
        "rsi_weekly": 53.76185317948642,
        "rsi_monthly": 65.05593083590544,
        "52w_high": 286.19000244140625,
        "52w_low": 0
    },
    "NVDA": {
        "close": 183.13999938964844,
        "sma200": 163.26819301605224,
        "sma50": 185.1990216064453,
        "rsi_weekly": 55.83253737836497,
        "rsi_monthly": 76.36247606263136,
        "52w_high": 207.02847290039062,
        "52w_low": 0
    },
    "TSLA": {
        "close": 439.20001220703125,
        "sma200": 367.38165031433107,
        "sma50": 443.8000018310547,
        "rsi_weekly": 57.433070397524055,
        "rsi_monthly": 70.21254147643917,
        "52w_high": 489.8800048828125,
        "52w_low": 0
    },
    "MSFT": {
        "close": 459.3800048828125,
        "sma200": 480.24009796142576,
        "sma50": 486.88629821777346,
        "rsi_weekly": 46.92493284313371,
        "rsi_monthly": 64.94489647009217,
        "52w_high": 541.057373046875,
        "52w_low": 0
    },
    "AMD": {
        "close": 223.60000610351562,
        "sma200": 167.4197998046875,
        "sma50": 221.51639984130858,
        "rsi_weekly": 52.90812131363197,
        "rsi_monthly": 69.38721493424931,
        "52w_high": 264.3299865722656,
        "52w_low": 0
    },
    "MMM": {
        "close": 169.99000549316406,
        "sma200": 153.18276401519776,
        "sma50": 165.72377197265624,
        "rsi_weekly": 56.623975874791064,
        "rsi_monthly": 66.94035932914294,
        "52w_high": 173.08999633789062,
        "52w_low": 0
    },
    "AOS": {
        "close": 71.18000030517578,
        "sma200": 67.75741859436035,
        "sma50": 67.06460037231446,
        "rsi_weekly": 55.93863536881267,
        "rsi_monthly": 58.82059049286785,
        "52w_high": 73.89897918701172,
        "52w_low": 0
    },
    "ABT": {
        "close": 125.0,
        "sma200": 129.3292465209961,
        "sma50": 126.03719955444336,
        "rsi_weekly": 46.28191052146528,
        "rsi_monthly": 62.307539122185936,
        "52w_high": 138.33462524414062,
        "52w_low": 0
    },
    "ABBV": {
        "close": 221.88999938964844,
        "sma200": 205.15484748840333,
        "sma50": 226.1059997558594,
        "rsi_weekly": 52.37522703006765,
        "rsi_monthly": 74.25423949806816,
        "52w_high": 242.630859375,
        "52w_low": 0
    },
    "ACN": {
        "close": 288.5400085449219,
        "sma200": 272.54504417419435,
        "sma50": 261.46540008544923,
        "rsi_weekly": 57.51892417204838,
        "rsi_monthly": 46.79374383692781,
        "52w_high": 394.31280517578125,
        "52w_low": 0
    },
    "ADBE": {
        "close": 304.44000244140625,
        "sma200": 359.76534942626955,
        "sma50": 335.58460021972655,
        "rsi_weekly": 42.65774486200828,
        "rsi_monthly": 22.841396768378708,
        "52w_high": 464.1099853515625,
        "52w_low": 0
    },
    "AES": {
        "close": 14.0,
        "sma200": 12.496534647941589,
        "sma50": 13.98619997024536,
        "rsi_weekly": 57.726854638168206,
        "rsi_monthly": 41.7698286156817,
        "52w_high": 15.17705249786377,
        "52w_low": 0
    },
    "AFL": {
        "close": 110.18000030517578,
        "sma200": 106.11891513824463,
        "sma50": 110.41606002807617,
        "rsi_weekly": 52.58507905168892,
        "rsi_monthly": 53.162588215389505,
        "52w_high": 114.41313171386719,
        "52w_low": 0
    },
    "A": {
        "close": 145.9199981689453,
        "sma200": 125.6986462020874,
        "sma50": 144.54247802734375,
        "rsi_weekly": 61.201315802471825,
        "rsi_monthly": 59.249755520296475,
        "52w_high": 156.91954040527344,
        "52w_low": 0
    },
    "APD": {
        "close": 267.25,
        "sma200": 268.195107421875,
        "sma50": 251.0628820800781,
        "rsi_weekly": 50.65602759342527,
        "rsi_monthly": 35.159699681832436,
        "52w_high": 329.2906494140625,
        "52w_low": 0
    },
    "ABNB": {
        "close": 132.7899932861328,
        "sma200": 127.27915008544922,
        "sma50": 127.0195997619629,
        "rsi_weekly": 59.28611905759668,
        "rsi_monthly": 64.48632187152391,
        "52w_high": 161.4199981689453,
        "52w_low": 0
    },
    "AKAM": {
        "close": 90.6500015258789,
        "sma200": 79.43634963989258,
        "sma50": 86.59299957275391,
        "rsi_weekly": 58.04833152690319,
        "rsi_monthly": 28.03165935349632,
        "52w_high": 102.0999984741211,
        "52w_low": 0
    },
    "ALB": {
        "close": 177.5500030517578,
        "sma200": 86.44581687927246,
        "sma50": 130.79117416381837,
        "rsi_weekly": 77.88089024732822,
        "rsi_monthly": 78.9160789535428,
        "52w_high": 177.5500030517578,
        "52w_low": 0
    },
    "ARE": {
        "close": 56.13999938964844,
        "sma200": 68.19957441329956,
        "sma50": 50.10744873046875,
        "rsi_weekly": 39.69573203298398,
        "rsi_monthly": 31.177555539972595,
        "52w_high": 96.58304595947266,
        "52w_low": 0
    },
    "ALGN": {
        "close": 169.22999572753906,
        "sma200": 159.06554985046387,
        "sma50": 152.65659881591796,
        "rsi_weekly": 59.698774277085,
        "rsi_monthly": 57.06397118369214,
        "52w_high": 234.88999938964844,
        "52w_low": 0
    },
    "ALLE": {
        "close": 161.6199951171875,
        "sma200": 156.35995422363283,
        "sma50": 162.40220123291016,
        "rsi_weekly": 51.810121561746364,
        "rsi_monthly": 65.98128916983369,
        "52w_high": 179.47000122070312,
        "52w_low": 0
    },
    "LNT": {
        "close": 66.86000061035156,
        "sma200": 63.721536293029786,
        "sma50": 66.31539932250976,
        "rsi_weekly": 49.69738607465031,
        "rsi_monthly": 58.692826278266594,
        "52w_high": 69.47000122070312,
        "52w_low": 0
    },
    "ALL": {
        "close": 196.02000427246094,
        "sma200": 200.67549797058106,
        "sma50": 206.41172637939454,
        "rsi_weekly": 57.36333861895211,
        "rsi_monthly": 63.84693411255661,
        "52w_high": 213.64215087890625,
        "52w_low": 0
    },
    "GOOGL": {
        "close": 335.8399963378906,
        "sma200": 224.35427154541014,
        "sma50": 307.23705993652345,
        "rsi_weekly": 78.81484514083277,
        "rsi_monthly": 79.4027472913419,
        "52w_high": 335.9700012207031,
        "52w_low": 0
    },
    "GOOG": {
        "close": 336.30999755859375,
        "sma200": 225.3373387145996,
        "sma50": 307.9319561767578,
        "rsi_weekly": 79.04036934555756,
        "rsi_monthly": 79.24078854867095,
        "52w_high": 336.42999267578125,
        "52w_low": 0
    },
    "MO": {
        "close": 61.470001220703125,
        "sma200": 58.862287502288815,
        "sma50": 57.32752960205078,
        "rsi_weekly": 45.62186910891046,
        "rsi_monthly": 63.972660920613166,
        "52w_high": 65.45215606689453,
        "52w_low": 0
    },
    "AMZN": {
        "close": 236.64999389648438,
        "sma200": 218.748800201416,
        "sma50": 233.88800018310548,
        "rsi_weekly": 60.90414428011612,
        "rsi_monthly": 71.52946981803966,
        "52w_high": 254.0,
        "52w_low": 0
    },
    "AMCR": {
        "close": 44.099998474121094,
        "sma200": 43.810723571777345,
        "sma50": 41.9005931854248,
        "rsi_weekly": 52.419010480240324,
        "rsi_monthly": 34.50781162684765,
        "52w_high": 51.364471435546875,
        "52w_low": 0
    },
    "AEE": {
        "close": 102.54000091552734,
        "sma200": 98.68401176452636,
        "sma50": 101.08130599975586,
        "rsi_weekly": 50.116781289250476,
        "rsi_monthly": 68.76177629934264,
        "52w_high": 105.5897445678711,
        "52w_low": 0
    }
}