{
    "last_scan_index": 200,
    "AAPL": {
        "close": 259.0400085449219,
        "sma200": 232.61908866882325,
        "sma50": 272.7665710449219,
        "rsi_weekly": 63.04886224252195,
        "rsi_monthly": 65.05595442897955,
        "52w_high": 286.19000244140625,
        "52w_low": 0
    },
    "NVDA": {
        "close": 185.0399932861328,
        "sma200": 161.8517797088623,
        "sma50": 186.69211608886718,
        "rsi_weekly": 58.6487057437616,
        "rsi_monthly": 76.36247724359208,
        "52w_high": 207.02847290039062,
        "52w_low": 0
    },
    "TSLA": {
        "close": 435.79998779296875,
        "sma200": 363.9642002105713,
        "sma50": 444.56700134277344,
        "rsi_weekly": 56.31157929953819,
        "rsi_monthly": 70.21254147643917,
        "52w_high": 489.8800048828125,
        "52w_low": 0
    },
    "MSFT": {
        "close": 478.1099853515625,
        "sma200": 478.53865295410156,
        "sma50": 491.6204217529297,
        "rsi_weekly": 44.49072403898395,
        "rsi_monthly": 64.94486280099404,
        "52w_high": 541.057373046875,
        "52w_low": 0
    },
    "AMD": {
        "close": 204.67999267578125,
        "sma200": 165.31699977874757,
        "sma50": 225.07379943847656,
        "rsi_weekly": 60.71614808686848,
        "rsi_monthly": 69.38721493424931,
        "52w_high": 264.3299865722656,
        "52w_low": 0
    },
    "EQR": {
        "close": 62.869998931884766,
        "sma200": 63.821496391296385,
        "sma50": 60.31177459716797,
        "rsi_weekly": 48.584955218893484,
        "rsi_monthly": 48.424682274934725,
        "52w_high": 71.96408081054688,
        "52w_low": 0
    },
    "ESS": {
        "close": 256.95001220703125,
        "sma200": 265.2086185455322,
        "sma50": 255.20357879638672,
        "rsi_weekly": 46.938239150882175,
        "rsi_monthly": 48.80840038611769,
        "52w_high": 302.4346618652344,
        "52w_low": 0
    },
    "EL": {
        "close": 110.2699966430664,
        "sma200": 83.35218622207641,
        "sma50": 98.75908905029297,
        "rsi_weekly": 65.88984293833641,
        "rsi_monthly": 68.6461793402305,
        "52w_high": 110.2699966430664,
        "52w_low": 0
    },
    "ETR": {
        "close": 91.19000244140625,
        "sma200": 87.70103652954101,
        "sma50": 94.0362077331543,
        "rsi_weekly": 57.6853411180722,
        "rsi_monthly": 76.1506415828266,
        "52w_high": 97.5199966430664,
        "52w_low": 0
    },
    "EVRG": {
        "close": 72.94000244140625,
        "sma200": 70.41188955307007,
        "sma50": 74.62001388549805,
        "rsi_weekly": 52.22321777468101,
        "rsi_monthly": 62.14406914265441,
        "52w_high": 78.00737762451172,
        "52w_low": 0
    },
    "ES": {
        "close": 67.62000274658203,
        "sma200": 64.50781251907348,
        "sma50": 68.44958251953125,
        "rsi_weekly": 53.7413407155417,
        "rsi_monthly": 69.25086001613225,
        "52w_high": 74.04946899414062,
        "52w_low": 0
    },
    "EXC": {
        "close": 43.45000076293945,
        "sma200": 44.10098302841187,
        "sma50": 44.829506454467776,
        "rsi_weekly": 48.02005095092581,
        "rsi_monthly": 64.00483163167061,
        "52w_high": 47.82242965698242,
        "52w_low": 0
    },
    "EXPE": {
        "close": 301.30999755859375,
        "sma200": 204.70852836608887,
        "sma50": 262.5529943847656,
        "rsi_weekly": 73.10141412432024,
        "rsi_monthly": 68.73355229821057,
        "52w_high": 301.30999755859375,
        "52w_low": 0
    },
    "EXPD": {
        "close": 158.14999389648438,
        "sma200": 122.47396465301513,
        "sma50": 144.0865055847168,
        "rsi_weekly": 73.95420547971273,
        "rsi_monthly": 57.16398476163317,
        "52w_high": 158.14999389648438,
        "52w_low": 0
    },
    "EXR": {
        "close": 136.35000610351562,
        "sma200": 138.7367027282715,
        "sma50": 131.0823275756836,
        "rsi_weekly": 43.025043711745525,
        "rsi_monthly": 37.89412163102459,
        "52w_high": 154.12899780273438,
        "52w_low": 0
    },
    "XOM": {
        "close": 122.91000366210938,
        "sma200": 110.3797393798828,
        "sma50": 117.42396240234375,
        "rsi_weekly": 62.84308552391651,
        "rsi_monthly": 69.6475727312181,
        "52w_high": 125.36000061035156,
        "52w_low": 0
    },
    "FFIV": {
        "close": 269.4100036621094,
        "sma200": 285.3212014770508,
        "sma50": 250.06880126953126,
        "rsi_weekly": 41.94156701309874,
        "rsi_monthly": 54.25150740359023,
        "52w_high": 343.1700134277344,
        "52w_low": 0
    },
    "FDS": {
        "close": 294.1700134277344,
        "sma200": 364.0869717407227,
        "sma50": 279.73103271484376,
        "rsi_weekly": 33.47287564654986,
        "rsi_monthly": 24.446306445980813,
        "52w_high": 469.9656982421875,
        "52w_low": 0
    },
    "FICO": {
        "close": 1585.5999755859375,
        "sma200": 1701.270249633789,
        "sma50": 1727.6927954101564,
        "rsi_weekly": 46.47769470043758,
        "rsi_monthly": 56.750432779784276,
        "52w_high": 2206.010009765625,
        "52w_low": 0
    },
    "FAST": {
        "close": 41.79999923706055,
        "sma200": 42.881366119384765,
        "sma50": 41.03160018920899,
        "rsi_weekly": 41.557690575219056,
        "rsi_monthly": 61.33828456202892,
        "52w_high": 50.12940216064453,
        "52w_low": 0
    },
    "FRT": {
        "close": 102.80000305175781,
        "sma200": 94.55823024749756,
        "sma50": 97.57087417602538,
        "rsi_weekly": 54.15613639797122,
        "rsi_monthly": 50.98434436675883,
        "52w_high": 106.85189056396484,
        "52w_low": 0
    },
    "FDX": {
        "close": 309.010009765625,
        "sma200": 237.01063819885255,
        "sma50": 274.73729522705077,
        "rsi_weekly": 70.17405593352474,
        "rsi_monthly": 66.6132329979399,
        "52w_high": 309.010009765625,
        "52w_low": 0
    },
    "FIS": {
        "close": 67.54000091552734,
        "sma200": 71.32982181549072,
        "sma50": 65.26536186218262,
        "rsi_weekly": 43.12166348623172,
        "rsi_monthly": 60.57514605041207,
        "52w_high": 81.56632995605469,
        "52w_low": 0
    },
    "FITB": {
        "close": 49.81999969482422,
        "sma200": 41.25649085998535,
        "sma50": 44.6757780456543,
        "rsi_weekly": 65.68281052039033,
        "rsi_monthly": 64.90444699123722,
        "52w_high": 49.81999969482422,
        "52w_low": 0
    },
    "FSLR": {
        "close": 246.25999450683594,
        "sma200": 197.59750045776366,
        "sma50": 260.9096011352539,
        "rsi_weekly": 67.3102974701752,
        "rsi_monthly": 68.47152006392845,
        "52w_high": 284.5899963378906,
        "52w_low": 0
    },
    "FE": {
        "close": 44.689998626708984,
        "sma200": 42.66461475372314,
        "sma50": 45.43644485473633,
        "rsi_weekly": 56.38797141979275,
        "rsi_monthly": 64.35215198856012,
        "52w_high": 47.720001220703125,
        "52w_low": 0
    },
    "FI": {
        "close": 69.5,
        "sma200": 136.0644500541687,
        "sma50": 66.64779975891113,
        "rsi_weekly": 20.410728362895103,
        "rsi_monthly": 34.37085931155524,
        "52w_high": 237.7899932861328,
        "52w_low": 0
    },
    "FMC": {
        "close": 15.010000228881836,
        "sma200": 31.507842230796815,
        "sma50": 14.24738962173462,
        "rsi_weekly": 28.02826675387036,
        "rsi_monthly": 23.117866556656846,
        "52w_high": 53.59580612182617,
        "52w_low": 0
    },
    "F": {
        "close": 14.399999618530273,
        "sma200": 11.37605218410492,
        "sma50": 13.224884510040283,
        "rsi_weekly": 60.367896390399906,
        "rsi_monthly": 79.14172891484053,
        "52w_high": 14.399999618530273,
        "52w_low": 0
    },
    "FTNT": {
        "close": 78.05000305175781,