{
    "last_scan_index": 450,
    "AAPL": {
        "close": 255.52999877929688,
        "sma200": 233.7518910217285,
        "sma50": 271.494140625,
        "rsi_weekly": 53.7618532505689,
        "rsi_monthly": 65.0558960050842,
        "52w_high": 286.19000244140625,
        "52w_low": 0
    },
    "NVDA": {
        "close": 186.22999572753906,
        "sma200": 164.0421413421631,
        "sma50": 184.55367309570312,
        "rsi_weekly": 55.83253749137847,
        "rsi_monthly": 76.36247390713521,
        "52w_high": 207.02847290039062,
        "52w_low": 0
    },
    "TSLA": {
        "close": 437.5,
        "sma200": 369.1239003753662,
        "sma50": 443.0688018798828,
        "rsi_weekly": 57.433070397524055,
        "rsi_monthly": 70.21254147643917,
        "52w_high": 489.8800048828125,
        "52w_low": 0
    },
    "MSFT": {
        "close": 459.8599853515625,
        "sma200": 481.05499710083006,
        "sma50": 484.6280310058594,
        "rsi_weekly": 46.92493248074012,
        "rsi_monthly": 64.94484188618489,
        "52w_high": 541.057373046875,
        "52w_low": 0
    },
    "AMD": {
        "close": 231.8300018310547,
        "sma200": 168.69094982147217,
        "sma50": 220.51739990234375,
        "rsi_weekly": 52.90812131363197,
        "rsi_monthly": 69.38721493424931,
        "52w_high": 264.3299865722656,
        "52w_low": 0
    },
    "SYY": {
        "close": 78.80000305175781,
        "sma200": 75.18788639068603,
        "sma50": 74.28635513305665,
        "rsi_weekly": 46.76193685811228,
        "rsi_monthly": 47.01140482938829,
        "52w_high": 82.12374877929688,
        "52w_low": 0
    },
    "TMUS": {
        "close": 186.32000732421875,
        "sma200": 228.811029586792,
        "sma50": 202.56077850341796,
        "rsi_weekly": 37.012448248084695,
        "rsi_monthly": 49.89464888802424,
        "52w_high": 269.53662109375,
        "52w_low": 0
    },
    "TROW": {
        "close": 106.48999786376953,
        "sma200": 98.49487533569337,
        "sma50": 103.00933349609375,
        "rsi_weekly": 61.96138198717322,
        "rsi_monthly": 60.48355003088484,
        "52w_high": 111.02996826171875,
        "52w_low": 0
    },
    "TTWO": {
        "close": 240.13999938964844,
        "sma200": 238.06575019836427,
        "sma50": 245.84140045166015,
        "rsi_weekly": 56.336029895413716,
        "rsi_monthly": 52.059212934817936,
        "52w_high": 262.2900085449219,
        "52w_low": 0
    },
    "TPR": {
        "close": 130.69000244140625,
        "sma200": 99.91440896987915,
        "sma50": 118.2987254333496,
        "rsi_weekly": 71.07972386882102,
        "rsi_monthly": 84.18371470651266,
        "52w_high": 134.3800048828125,
        "52w_low": 0
    },
    "TRGP": {
        "close": 185.35000610351562,
        "sma200": 166.86846641540527,
        "sma50": 177.34899993896485,
        "rsi_weekly": 53.97857588737588,
        "rsi_monthly": 70.66237669572568,
        "52w_high": 212.5133056640625,
        "52w_low": 0
    },
    "TGT": {
        "close": 111.27999877929688,
        "sma200": 94.54112689971925,
        "sma50": 95.56821228027344,
        "rsi_weekly": 64.0430414299429,
        "rsi_monthly": 58.731942672140775,
        "52w_high": 136.4789276123047,
        "52w_low": 0
    },
    "TEL": {
        "close": 241.00999450683594,
        "sma200": 196.98499496459962,
        "sma50": 233.01859924316406,
        "rsi_weekly": 62.07732690751436,
        "rsi_monthly": 74.71039719875621,
        "52w_high": 249.0,
        "52w_low": 0
    },
    "TDY": {
        "close": 581.719970703125,
        "sma200": 520.9905000305175,
        "sma50": 517.1251977539063,
        "rsi_weekly": 57.7750781600255,
        "rsi_monthly": 58.290777462975825,
        "52w_high": 593.6199951171875,
        "52w_low": 0
    },
    "TFX": {
        "close": 103.0,
        "sma200": 121.67810794830322,
        "sma50": 116.5272981262207,
        "rsi_weekly": 42.44852292931179,
        "rsi_monthly": 19.834894668398857,
        "52w_high": 181.6382293701172,
        "52w_low": 0
    },
    "TER": {
        "close": 228.14500427246094,
        "sma200": 126.3409797668457,
        "sma50": 194.01973022460936,
        "rsi_weekly": 75.06701520956136,
        "rsi_monthly": 76.62604991586849,
        "52w_high": 230.19000244140625,
        "52w_low": 0
    },
    "TXN": {
        "close": 191.5800018310547,
        "sma200": 179.95796424865722,
        "sma50": 174.02320098876953,
        "rsi_weekly": 57.78470294543924,
        "rsi_monthly": 54.351928091782966,
        "52w_high": 217.718994140625,
        "52w_low": 0
    },
    "TXT": {
        "close": 94.2300033569336,
        "sma200": 79.91518087387085,
        "sma50": 86.00914978027343,
        "rsi_weekly": 68.51458852933985,
        "rsi_monthly": 65.20721284342198,
        "52w_high": 94.2300033569336,
        "52w_low": 0
    },
    "TMO": {
        "close": 618.719970703125,
        "sma200": 490.2331704711914,
        "sma50": 585.1274035644532,
        "rsi_weekly": 71.52451735188556,
        "rsi_monthly": 64.8226055975139,
        "52w_high": 624.6500244140625,
        "52w_low": 0
    },
    "TJX": {
        "close": 157.3800048828125,
        "sma200": 136.58675094604493,
        "sma50": 152.3965594482422,
        "rsi_weekly": 72.29852531864047,
        "rsi_monthly": 81.40958533756915,
        "52w_high": 158.25,
        "52w_low": 0
    },
    "TSCO": {
        "close": 51.0099983215332,
        "sma200": 54.11735725402832,
        "sma50": 52.60066841125488,
        "rsi_weekly": 41.80278838508699,
        "rsi_monthly": 62.82303670005256,
        "52w_high": 62.37771224975586,
        "52w_low": 0
    },
    "TT": {
        "close": 389.5299987792969,
        "sma200": 410.21874282836916,
        "sma50": 401.7894000244141,
        "rsi_weekly": 40.32863970871722,
        "rsi_monthly": 65.4862081854687,
        "52w_high": 471.4648742675781,
        "52w_low": 0
    },
    "TDG": {
        "close": 1450.0,
        "sma200": 1333.7285327148438,
        "sma50": 1334.3034008789064,
        "rsi_weekly": 58.21568476514714,
        "rsi_monthly": 69.26932000078428,
        "52w_high": 1516.55029296875,
        "52w_low": 0
    },
    "TRV": {
        "close": 269.4200134277344,
        "sma200": 269.759866104126,
        "sma50": 284.9871942138672,
        "rsi_weekly": 53.87842193770717,
        "rsi_monthly": 74.05470854294038,
        "52w_high": 293.8399963378906,
        "52w_low": 0
    },
    "TRU": {
        "close": 86.22000122070312,
        "sma200": 85.27846202850341,
        "sma50": 83.90136947631837,
        "rsi_weekly": 53.27528159327804,
        "rsi_monthly": 65.62876446756596,
        "52w_high": 99.71392059326172,
        "52w_low": 0
    },
    "TYL": {
        "close": 440.010009765625,
        "sma200": 529.2067985534668,
        "sma50": 458.07080017089845,
        "rsi_weekly": 32.023369882343324,
        "rsi_monthly": 44.96701049555504,
        "52w_high": 646.739990234375,
        "52w_low": 0
    },
    "TSN": {
        "close": 60.06999969482422,
        "sma200": 55.195117454528805,
        "sma50": 56.747863845825194,
        "rsi_weekly": 57.97991666042999,
        "rsi_monthly": 54.65595782914634,
        "52w_high": 62.12738037109375,
        "52w_low": 0
    },
    "USB": {
        "close": 54.400001525878906,
        "sma200": 45.86523572921753,
        "sma50": 51.10316925048828,
        "rsi_weekly": 70.82779437753494,
        "rsi_monthly": 70.08458452425444,
        "52w_high": 56.08000183105469,
        "52w_low": 0
    },
    "UDR": {
        "close": 37.63999938964844,
        "sma200": 37.596938629150394,
        "sma50": 35.39538436889649,
        "rsi_weekly": 49.22097607279723,
        "rsi_monthly": 43.748198101198554,
        "52w_high": 44.02198791503906,
        "52w_low": 0
    }
}