{
    "last_scan_index": 350,
    "AAPL": {
        "close": 255.51699829101562,
        "sma200": 233.7518260192871,
        "sma50": 271.4938806152344,
        "rsi_weekly": 53.76185323784036,
        "rsi_monthly": 65.05595620823941,
        "52w_high": 286.19000244140625,
        "52w_low": 0
    },
    "NVDA": {
        "close": 186.10499572753906,
        "sma200": 164.0415166091919,
        "sma50": 184.55117309570312,
        "rsi_weekly": 55.83253751143627,
        "rsi_monthly": 76.36247573814583,
        "52w_high": 207.02847290039062,
        "52w_low": 0
    },
    "TSLA": {
        "close": 437.5199890136719,
        "sma200": 369.12400032043456,
        "sma50": 443.06920166015624,
        "rsi_weekly": 57.433070397524055,
        "rsi_monthly": 70.21254147643917,
        "52w_high": 489.8800048828125,
        "52w_low": 0
    },
    "MSFT": {
        "close": 459.8599853515625,
        "sma200": 481.05499572753905,
        "sma50": 484.6280310058594,
        "rsi_weekly": 46.924932913727744,
        "rsi_monthly": 64.94486593583721,
        "52w_high": 541.057373046875,
        "52w_low": 0
    },
    "AMD": {
        "close": 231.8300018310547,
        "sma200": 168.69094982147217,
        "sma50": 220.51739990234375,
        "rsi_weekly": 52.90812131363197,
        "rsi_monthly": 69.38721493424931,
        "52w_high": 264.3299865722656,
        "52w_low": 0
    },
    "MSI": {
        "close": 400.6300048828125,
        "sma200": 419.4709782409668,
        "sma50": 377.58863647460936,
        "rsi_weekly": 39.13361123414331,
        "rsi_monthly": 51.60524713157907,
        "52w_high": 487.5675354003906,
        "52w_low": 0
    },
    "MSCI": {
        "close": 602.8499755859375,
        "sma200": 558.8538606262207,
        "sma50": 567.85505859375,
        "rsi_weekly": 54.63520234635408,
        "rsi_monthly": 36.10721053550165,
        "52w_high": 620.4635620117188,
        "52w_low": 0
    },
    "NDAQ": {
        "close": 100.9729995727539,
        "sma200": 87.83427444458007,
        "sma50": 92.8099282836914,
        "rsi_weekly": 66.75233662118424,
        "rsi_monthly": 65.5011079427411,
        "52w_high": 100.9729995727539,
        "52w_low": 0
    },
    "NTAP": {
        "close": 103.80500030517578,
        "sma200": 106.19690891265869,
        "sma50": 110.10897476196288,
        "rsi_weekly": 44.023934889558234,
        "rsi_monthly": 54.73037921270823,
        "52w_high": 125.20184326171875,
        "52w_low": 0
    },
    "NFLX": {
        "close": 88.0,
        "sma200": 113.08375011444092,
        "sma50": 99.69990005493165,
        "rsi_weekly": 31.622205696637952,
        "rsi_monthly": 56.023247459645084,
        "52w_high": 133.91299438476562,
        "52w_low": 0
    },
    "NEM": {
        "close": 114.13999938964844,
        "sma200": 73.26601881027221,
        "sma50": 96.57429611206055,
        "rsi_weekly": 73.71547801573881,
        "rsi_monthly": 76.17403156321595,
        "52w_high": 114.62999725341797,
        "52w_low": 0
    },
    "NWL": {
        "close": 4.21999979019165,
        "sma200": 4.813019033670425,
        "sma50": 3.660137248039246,
        "rsi_weekly": 46.590199106759464,
        "rsi_monthly": 28.546727588075402,
        "52w_high": 10.08272933959961,
        "52w_low": 0
    },
    "NWS": {
        "close": 30.290000915527344,
        "sma200": 31.626403942108155,
        "sma50": 29.6238000869751,
        "rsi_weekly": 45.736716728413015,
        "rsi_monthly": 63.471587235904686,
        "52w_high": 35.061614990234375,
        "52w_low": 0
    },
    "NWSA": {
        "close": 26.25,
        "sma200": 27.66789503097534,
        "sma50": 26.04359992980957,
        "rsi_weekly": 44.72352620858602,
        "rsi_monthly": 62.059535911625794,
        "52w_high": 31.030000686645508,
        "52w_low": 0
    },
    "NEE": {
        "close": 83.62000274658203,
        "sma200": 74.73088388442993,
        "sma50": 82.21855834960938,
        "rsi_weekly": 53.09069200900151,
        "rsi_monthly": 53.79025753127376,
        "52w_high": 86.29000091552734,
        "52w_low": 0
    },
    "NKE": {
        "close": 64.38999938964844,
        "sma200": 65.94987060546875,
        "sma50": 63.58900886535645,
        "rsi_weekly": 49.62857755366862,
        "rsi_monthly": 44.08469328193461,
        "52w_high": 79.84435272216797,
        "52w_low": 0
    },
    "NI": {
        "close": 43.91999816894531,
        "sma200": 40.87295722961426,
        "sma50": 42.376599884033205,
        "rsi_weekly": 52.37993085374722,
        "rsi_monthly": 71.9168207537441,
        "52w_high": 44.130001068115234,
        "52w_low": 0
    },
    "NDSN": {
        "close": 271.9200134277344,
        "sma200": 219.34600601196288,
        "sma50": 240.6616390991211,
        "rsi_weekly": 72.54795901534823,
        "rsi_monthly": 65.82909529996277,
        "52w_high": 271.9200134277344,
        "52w_low": 0
    },
    "NSC": {
        "close": 290.3399963378906,
        "sma200": 267.6363497924805,
        "sma50": 289.03852600097656,
        "rsi_weekly": 56.42313824462171,
        "rsi_monthly": 70.52095171610836,
        "52w_high": 299.489990234375,
        "52w_low": 0
    },
    "NTRS": {
        "close": 145.57000732421875,
        "sma200": 121.21151706695557,
        "sma50": 135.37748397827147,
        "rsi_weekly": 74.09771428389568,
        "rsi_monthly": 75.584296728706,
        "52w_high": 147.10000610351562,
        "52w_low": 0
    },
    "NOC": {
        "close": 666.9199829101562,
        "sma200": 547.7432402038575,
        "sma50": 576.484248046875,
        "rsi_weekly": 64.31113569702408,
        "rsi_monthly": 68.4936807647116,
        "52w_high": 666.9199829101562,
        "52w_low": 0
    },
    "NCLH": {
        "close": 21.989999771118164,
        "sma200": 21.27555000305176,
        "sma50": 20.63700012207031,
        "rsi_weekly": 59.75104708712637,
        "rsi_monthly": 58.01496446523557,
        "52w_high": 29.06999969482422,
        "52w_low": 0
    },
    "NRG": {
        "close": 152.02000427246094,
        "sma200": 151.13533756256103,
        "sma50": 161.57660095214842,
        "rsi_weekly": 45.710220175787995,
        "rsi_monthly": 70.21419514222055,
        "52w_high": 178.04299926757812,
        "52w_low": 0
    },
    "NUE": {
        "close": 174.43899536132812,
        "sma200": 137.41088920593262,
        "sma50": 159.07756439208984,
        "rsi_weekly": 62.28920655155792,
        "rsi_monthly": 59.89968959450057,
        "52w_high": 174.7899932861328,
        "52w_low": 0
    },
    "NVR": {
        "close": 7550.64013671875,
        "sma200": 7532.05294921875,
        "sma50": 7400.80619140625,
        "rsi_weekly": 50.12122302797184,
        "rsi_monthly": 58.86456260855224,
        "52w_high": 8543.0,
        "52w_low": 0
    },
    "NXPI": {
        "close": 237.10299682617188,
        "sma200": 211.57811981201172,
        "sma50": 217.3499905395508,
        "rsi_weekly": 61.279766262663436,
        "rsi_monthly": 70.08244335942607,
        "52w_high": 245.9499969482422,
        "52w_low": 0
    },
    "ORLY": {
        "close": 94.68299865722656,
        "sma200": 96.32491836547851,
        "sma50": 95.5826594543457,
        "rsi_weekly": 45.75618079075488,
        "rsi_monthly": 60.84178922226018,
        "52w_high": 107.81999969482422,
        "52w_low": 0
    },
    "OXY": {
        "close": 42.70000076293945,
        "sma200": 42.47315076828003,
        "sma50": 41.40515274047851,
        "rsi_weekly": 50.602271666472454,
        "rsi_monthly": 49.73784606685373,
        "52w_high": 51.173057556152344,
        "52w_low": 0
    },
    "ODFL": {
        "close": 175.6790008544922,
        "sma200": 152.39624645233155,
        "sma50": 151.45068740844727,
        "rsi_weekly": 64.72499366948294,
        "rsi_monthly": 62.71265051726927,
        "52w_high": 207.79449462890625,
        "52w_low": 0
    }
}