{
    "last_scan_index": 450,
    "AAPL": {
        "close": 258.2099914550781,
        "sma200": 233.58638801574708,
        "sma50": 271.7791101074219,
        "rsi_weekly": 53.7618531714502,
        "rsi_monthly": 65.0559125893119,
        "52w_high": 286.19000244140625,
        "52w_low": 0
    },
    "NVDA": {
        "close": 187.0500030517578,
        "sma200": 163.66164165496826,
        "sma50": 184.80265197753906,
        "rsi_weekly": 55.832537435105024,
        "rsi_monthly": 76.36247393971242,
        "52w_high": 207.02847290039062,
        "52w_low": 0
    },
    "TSLA": {
        "close": 438.57000732421875,
        "sma200": 368.2787003326416,
        "sma50": 443.2040020751953,
        "rsi_weekly": 57.433070397524055,
        "rsi_monthly": 70.21254147643917,
        "52w_high": 489.8800048828125,
        "52w_low": 0
    },
    "MSFT": {
        "close": 456.6600036621094,
        "sma200": 480.65645645141603,
        "sma50": 485.6982153320312,
        "rsi_weekly": 46.9249327640949,
        "rsi_monthly": 64.9448879739508,
        "52w_high": 541.057373046875,
        "52w_low": 0
    },
    "AMD": {
        "close": 227.9199981689453,
        "sma200": 168.04569980621338,
        "sma50": 220.88179992675782,
        "rsi_weekly": 52.90812131363197,
        "rsi_monthly": 69.38721493424931,
        "52w_high": 264.3299865722656,
        "52w_low": 0
    },
    "SYY": {
        "close": 79.18000030517578,
        "sma200": 75.1607127380371,
        "sma50": 74.16164154052734,
        "rsi_weekly": 46.761936410987296,
        "rsi_monthly": 47.01132598675124,
        "52w_high": 82.12374877929688,
        "52w_low": 0
    },
    "TMUS": {
        "close": 190.66000366210938,
        "sma200": 229.2059218597412,
        "sma50": 202.93983856201172,
        "rsi_weekly": 37.01244850228586,
        "rsi_monthly": 49.894648011225335,
        "52w_high": 269.53662109375,
        "52w_low": 0
    },
    "TROW": {
        "close": 107.31999969482422,
        "sma200": 98.40666362762451,
        "sma50": 102.88041244506836,
        "rsi_weekly": 61.961382511470134,
        "rsi_monthly": 60.4835754510343,
        "52w_high": 111.02996826171875,
        "52w_low": 0
    },
    "TTWO": {
        "close": 244.33999633789062,
        "sma200": 237.91570022583008,
        "sma50": 246.0872003173828,
        "rsi_weekly": 56.336029895413716,
        "rsi_monthly": 52.059212934817936,
        "52w_high": 262.2900085449219,
        "52w_low": 0
    },
    "TPR": {
        "close": 133.05999755859375,
        "sma200": 99.62117069244385,
        "sma50": 117.80532821655274,
        "rsi_weekly": 71.07972390637626,
        "rsi_monthly": 84.18371609757291,
        "52w_high": 134.3800048828125,
        "52w_low": 0
    },
    "TRGP": {
        "close": 181.92999267578125,
        "sma200": 166.93870964050294,
        "sma50": 176.7333999633789,
        "rsi_weekly": 53.978575218386624,
        "rsi_monthly": 70.6623790280494,
        "52w_high": 212.51329040527344,
        "52w_low": 0
    },
    "TGT": {
        "close": 111.12999725341797,
        "sma200": 94.48907932281494,
        "sma50": 95.11981063842774,
        "rsi_weekly": 64.04304104049251,
        "rsi_monthly": 58.73197403262532,
        "52w_high": 136.4789276123047,
        "52w_low": 0
    },
    "TEL": {
        "close": 241.9199981689453,
        "sma200": 196.4778958129883,
        "sma50": 233.0693994140625,
        "rsi_weekly": 62.07732629708748,
        "rsi_monthly": 74.71040825574796,
        "52w_high": 249.0,
        "52w_low": 0
    },
    "TDY": {
        "close": 569.719970703125,
        "sma200": 520.5735501098633,
        "sma50": 515.7147985839844,
        "rsi_weekly": 57.7750781600255,
        "rsi_monthly": 58.290777462975825,
        "52w_high": 593.6199951171875,
        "52w_low": 0
    },
    "TFX": {
        "close": 104.61000061035156,
        "sma200": 121.85862091064453,
        "sma50": 116.94776809692382,
        "rsi_weekly": 42.44852341411354,
        "rsi_monthly": 19.834901380583524,
        "52w_high": 181.6382293701172,
        "52w_low": 0
    },
    "TER": {
        "close": 227.6999969482422,
        "sma200": 125.6119514465332,
        "sma50": 192.96717712402344,
        "rsi_weekly": 75.06701480062473,
        "rsi_monthly": 76.62605272256641,
        "52w_high": 230.19000244140625,
        "52w_low": 0
    },
    "TXN": {
        "close": 189.1199951171875,
        "sma200": 179.86840301513672,
        "sma50": 173.37880096435546,
        "rsi_weekly": 57.78470302371145,
        "rsi_monthly": 54.35192944194249,
        "52w_high": 217.718994140625,
        "52w_low": 0
    },
    "TXT": {
        "close": 93.55999755859375,
        "sma200": 79.80456735610962,
        "sma50": 85.71938247680664,
        "rsi_weekly": 68.51458847198951,
        "rsi_monthly": 65.20720573942496,
        "52w_high": 94.16999816894531,
        "52w_low": 0
    },
    "TMO": {
        "close": 624.6500244140625,
        "sma200": 489.5479460144043,
        "sma50": 584.0493103027344,
        "rsi_weekly": 71.52451791578719,
        "rsi_monthly": 64.82259767313703,
        "52w_high": 624.6500244140625,
        "52w_low": 0
    },
    "TJX": {
        "close": 156.16000366210938,
        "sma200": 136.4077703857422,
        "sma50": 152.0817807006836,
        "rsi_weekly": 72.29852165679229,
        "rsi_monthly": 81.40957434154177,
        "52w_high": 158.25,
        "52w_low": 0
    },
    "TSCO": {
        "close": 50.72999954223633,
        "sma200": 54.13448663711548,
        "sma50": 52.636857147216794,
        "rsi_weekly": 41.802787569227746,
        "rsi_monthly": 62.82304991627994,
        "52w_high": 62.37771224975586,
        "52w_low": 0
    },
    "TT": {
        "close": 387.2699890136719,
        "sma200": 409.9717373657227,
        "sma50": 402.6585998535156,
        "rsi_weekly": 40.328640003126715,
        "rsi_monthly": 65.48621379983943,
        "52w_high": 471.4648742675781,
        "52w_low": 0
    },
    "TDG": {
        "close": 1433.5400390625,
        "sma200": 1333.016195678711,
        "sma50": 1331.1428002929688,
        "rsi_weekly": 58.21568476514714,
        "rsi_monthly": 69.26932000078428,
        "52w_high": 1516.55029296875,
        "52w_low": 0
    },
    "TRV": {
        "close": 271.3399963378906,
        "sma200": 269.7195656585693,
        "sma50": 285.12254211425784,
        "rsi_weekly": 53.87842045757292,
        "rsi_monthly": 74.05470319684517,
        "52w_high": 293.8399963378906,
        "52w_low": 0
    },
    "TRU": {
        "close": 85.26000213623047,
        "sma200": 85.26492561340332,
        "sma50": 83.77329223632813,
        "rsi_weekly": 53.2752818152235,
        "rsi_monthly": 65.62877149911017,
        "52w_high": 99.71392822265625,
        "52w_low": 0
    },
    "TYL": {
        "close": 446.1499938964844,
        "sma200": 529.929398651123,
        "sma50": 458.6647998046875,
        "rsi_weekly": 32.023369882343324,
        "rsi_monthly": 44.96701049555504,
        "52w_high": 646.739990234375,
        "52w_low": 0
    },
    "TSN": {
        "close": 60.43000030517578,
        "sma200": 55.20199644088745,
        "sma50": 56.578119888305665,
        "rsi_weekly": 57.979918431213775,
        "rsi_monthly": 54.655972123570024,
        "52w_high": 62.12738037109375,
        "52w_low": 0
    },
    "USB": {
        "close": 53.95000076293945,
        "sma200": 45.79565439224243,
        "sma50": 50.934878234863284,
        "rsi_weekly": 70.82778989886691,
        "rsi_monthly": 70.08459211856133,
        "52w_high": 56.08000183105469,
        "52w_low": 0
    },
    "UDR": {
        "close": 37.08000183105469,
        "sma200": 37.62468904495239,
        "sma50": 35.31998001098633,
        "rsi_weekly": 49.22097699027532,
        "rsi_monthly": 43.748193787884,
        "52w_high": 44.02199172973633,
        "52w_low": 0
    }
}