{
    "last_scan_index": 425,
    "AAPL": {
        "close": 259.9599914550781,
        "sma200": 233.4022031402588,
        "sma50": 271.9906988525391,
        "rsi_weekly": 53.761852992505155,
        "rsi_monthly": 65.05593246267,
        "52w_high": 286.19000244140625,
        "52w_low": 0
    },
    "NVDA": {
        "close": 183.13999938964844,
        "sma200": 163.26819301605224,
        "sma50": 185.1990216064453,
        "rsi_weekly": 55.832537568274994,
        "rsi_monthly": 76.36247527650026,
        "52w_high": 207.02847290039062,
        "52w_low": 0
    },
    "TSLA": {
        "close": 439.20001220703125,
        "sma200": 367.38165031433107,
        "sma50": 443.8000018310547,
        "rsi_weekly": 57.433070397524055,
        "rsi_monthly": 70.21254147643917,
        "52w_high": 489.8800048828125,
        "52w_low": 0
    },
    "MSFT": {
        "close": 459.3800048828125,
        "sma200": 480.2400975036621,
        "sma50": 486.88629821777346,
        "rsi_weekly": 46.92493289817664,
        "rsi_monthly": 64.94485500873472,
        "52w_high": 541.057373046875,
        "52w_low": 0
    },
    "AMD": {
        "close": 223.60000610351562,
        "sma200": 167.4197998046875,
        "sma50": 221.51639984130858,
        "rsi_weekly": 52.90812131363197,
        "rsi_monthly": 69.38721493424931,
        "52w_high": 264.3299865722656,
        "52w_low": 0
    },
    "ROL": {
        "close": 62.15999984741211,
        "sma200": 57.1349584197998,
        "sma50": 59.878775177001955,
        "rsi_weekly": 59.77475352232611,
        "rsi_monthly": 72.24759193119704,
        "52w_high": 62.15999984741211,
        "52w_low": 0
    },
    "ROP": {
        "close": 424.20001220703125,
        "sma200": 514.5821377563476,
        "sma50": 443.21973999023436,
        "rsi_weekly": 26.32089876066389,
        "rsi_monthly": 36.59491254925812,
        "52w_high": 589.9104614257812,
        "52w_low": 0
    },
    "ROST": {
        "close": 191.8300018310547,
        "sma200": 150.6682555770874,
        "sma50": 175.98678833007813,
        "rsi_weekly": 80.57225353067244,
        "rsi_monthly": 74.96832472213806,
        "52w_high": 193.22999572753906,
        "52w_low": 0
    },
    "RCL": {
        "close": 279.3299865722656,
        "sma200": 283.8282810211182,
        "sma50": 272.57923309326173,
        "rsi_weekly": 56.720229236365626,
        "rsi_monthly": 57.18995428965598,
        "52w_high": 363.48126220703125,
        "52w_low": 0
    },
    "SPGI": {
        "close": 545.0,
        "sma200": 509.6530123901367,
        "sma50": 507.7074578857422,
        "rsi_weekly": 61.4900358112451,
        "rsi_monthly": 47.47778702976765,
        "52w_high": 562.063232421875,
        "52w_low": 0
    },
    "CRM": {
        "close": 239.57000732421875,
        "sma200": 255.1734517669678,
        "sma50": 249.73417388916016,
        "rsi_weekly": 52.413222652784704,
        "rsi_monthly": 61.2022397740858,
        "52w_high": 357.6153564453125,
        "52w_low": 0
    },
    "SBAC": {
        "close": 192.05999755859375,
        "sma200": 209.865785446167,
        "sma50": 191.99046600341796,
        "rsi_weekly": 32.94280409811705,
        "rsi_monthly": 31.93340779949576,
        "52w_high": 239.70611572265625,
        "52w_low": 0
    },
    "SLB": {
        "close": 46.970001220703125,
        "sma200": 35.24015983581543,
        "sma50": 38.450728759765624,
        "rsi_weekly": 70.88016217195936,
        "rsi_monthly": 47.565210700473315,
        "52w_high": 46.970001220703125,
        "52w_low": 0
    },
    "STX": {
        "close": 312.2799987792969,
        "sma200": 183.12092548370362,
        "sma50": 279.98897369384764,
        "rsi_weekly": 71.66555324816086,
        "rsi_monthly": 89.80353967875091,
        "52w_high": 330.4200134277344,
        "52w_low": 0
    },
    "SRE": {
        "close": 91.31999969482422,
        "sma200": 81.3591982460022,
        "sma50": 89.91689605712891,
        "rsi_weekly": 55.65459854558642,
        "rsi_monthly": 58.77789377224165,
        "52w_high": 94.03408813476562,
        "52w_low": 0
    },
    "NOW": {
        "close": 134.61000061035156,
        "sma200": 180.4364094543457,
        "sma50": 161.04407928466796,
        "rsi_weekly": 30.539893970185155,
        "rsi_monthly": 42.4680627861414,
        "52w_high": 234.0780029296875,
        "52w_low": 0
    },
    "SHW": {
        "close": 354.3500061035156,
        "sma200": 343.35980545043947,
        "sma50": 334.50567321777345,
        "rsi_weekly": 56.13868801028067,
        "rsi_monthly": 60.75316681411941,
        "52w_high": 374.35516357421875,
        "52w_low": 0
    },
    "SPG": {
        "close": 185.72000122070312,
        "sma200": 168.15199333190918,
        "sma50": 182.52189849853517,
        "rsi_weekly": 60.1939734672825,
        "rsi_monthly": 72.61050605819229,
        "52w_high": 188.2899932861328,
        "52w_low": 0
    },
    "SWKS": {
        "close": 59.86000061035156,
        "sma200": 68.89239929199219,
        "sma50": 65.57843391418457,
        "rsi_weekly": 38.54018847578473,
        "rsi_monthly": 37.66629058705017,
        "52w_high": 90.16692352294922,
        "52w_low": 0
    },
    "SJM": {
        "close": 104.33000183105469,
        "sma200": 105.39700126647949,
        "sma50": 101.6988442993164,
        "rsi_weekly": 45.3189524352367,
        "rsi_monthly": 28.52803912297955,
        "52w_high": 115.06595611572266,
        "52w_low": 0
    },
    "SNA": {
        "close": 362.4200134277344,
        "sma200": 327.2277925109863,
        "sma50": 344.88901672363284,
        "rsi_weekly": 62.84028055815476,
        "rsi_monthly": 51.62137411213246,
        "52w_high": 362.4200134277344,
        "52w_low": 0
    },
    "SO": {
        "close": 88.41999816894531,
        "sma200": 90.2440344619751,
        "sma50": 88.08963333129883,
        "rsi_weekly": 42.9731941590387,
        "rsi_monthly": 51.198003946428265,
        "52w_high": 98.90631866455078,
        "52w_low": 0
    },
    "LUV": {
        "close": 42.54999923706055,
        "sma200": 32.80617059707642,
        "sma50": 37.42789600372314,
        "rsi_weekly": 75.43389917589953,
        "rsi_monthly": 75.95085261331666,
        "52w_high": 44.52000045776367,
        "52w_low": 0
    },
    "SWK": {
        "close": 83.79000091552734,
        "sma200": 68.77097440719605,
        "sma50": 72.11217544555664,
        "rsi_weekly": 62.97526835638764,
        "rsi_monthly": 41.771599640561874,
        "52w_high": 86.36910247802734,
        "52w_low": 0
    },
    "SBUX": {
        "close": 91.1500015258789,
        "sma200": 86.10126251220703,
        "sma50": 85.3513575744629,
        "rsi_weekly": 53.607153740229336,
        "rsi_monthly": 51.027077346539045,
        "52w_high": 113.4271469116211,
        "52w_low": 0
    },
    "STT": {
        "close": 134.72000122070312,
        "sma200": 107.77836544036865,
        "sma50": 123.49644134521485,
        "rsi_weekly": 72.9180507173956,
        "rsi_monthly": 84.02659304455658,
        "52w_high": 134.72000122070312,
        "52w_low": 0
    },
    "SYK": {
        "close": 359.3900146484375,
        "sma200": 372.592716217041,
        "sma50": 359.2263513183594,
        "rsi_weekly": 50.335181927029,
        "rsi_monthly": 56.45558120108957,
        "52w_high": 401.6130676269531,
        "52w_low": 0
    },
    "SYF": {
        "close": 77.81999969482422,
        "sma200": 68.6758392906189,
        "sma50": 79.78794235229492,
        "rsi_weekly": 71.97019291614225,
        "rsi_monthly": 77.20158060585689,
        "52w_high": 88.47000122070312,
        "52w_low": 0
    },
    "SNPS": {
        "close": 505.3399963378906,
        "sma200": 492.5892501831055,
        "sma50": 448.9837994384766,
        "rsi_weekly": 57.56032531814409,
        "rsi_monthly": 54.61157390579129,
        "52w_high": 645.3499755859375,
        "52w_low": 0
    }
}