{
    "last_scan_index": 400,
    "AAPL": {
        "close": 260.489990234375,
        "sma200": 232.99957595825197,
        "sma50": 272.400205078125,
        "rsi_weekly": 53.78059546761326,
        "rsi_monthly": 65.05593518678852,
        "52w_high": 286.19000244140625,
        "52w_low": 0
    },
    "NVDA": {
        "close": 185.1199951171875,
        "sma200": 162.52964263916016,
        "sma50": 185.9307702636719,
        "rsi_weekly": 55.844159326849365,
        "rsi_monthly": 76.36247384942283,
        "52w_high": 207.02847290039062,
        "52w_low": 0
    },
    "TSLA": {
        "close": 449.9800109863281,
        "sma200": 365.6381502532959,
        "sma50": 444.0256018066406,
        "rsi_weekly": 57.46603547145899,
        "rsi_monthly": 70.21254147643917,
        "52w_high": 489.8800048828125,
        "52w_low": 0
    },
    "MSFT": {
        "close": 478.7099914550781,
        "sma200": 479.4238848876953,
        "sma50": 489.1483074951172,
        "rsi_weekly": 46.93710484926967,
        "rsi_monthly": 64.94484388420436,
        "52w_high": 541.057373046875,
        "52w_low": 0
    },
    "AMD": {
        "close": 208.16000366210938,
        "sma200": 166.24864978790282,
        "sma50": 222.85359954833984,
        "rsi_weekly": 52.957648755098155,
        "rsi_monthly": 69.38721493424931,
        "52w_high": 264.3299865722656,
        "52w_low": 0
    },
    "PFG": {
        "close": 90.69000244140625,
        "sma200": 79.59901638031006,
        "sma50": 86.32503448486328,
        "rsi_weekly": 67.79049065356455,
        "rsi_monthly": 65.68605029324699,
        "52w_high": 91.80000305175781,
        "52w_low": 0
    },
    "PG": {
        "close": 143.58999633789062,
        "sma200": 153.92285980224608,
        "sma50": 145.09960052490234,
        "rsi_weekly": 36.192631128062274,
        "rsi_monthly": 42.97760077746689,
        "52w_high": 172.7701873779297,
        "52w_low": 0
    },
    "PGR": {
        "close": 216.39999389648438,
        "sma200": 233.31277069091797,
        "sma50": 210.6843112182617,
        "rsi_weekly": 45.79704387441879,
        "rsi_monthly": 56.73480581049915,
        "52w_high": 273.5130615234375,
        "52w_low": 0
    },
    "PLD": {
        "close": 129.0749969482422,
        "sma200": 112.12662498474121,
        "sma50": 126.36125503540039,
        "rsi_weekly": 65.75908882707284,
        "rsi_monthly": 67.48233584282909,
        "52w_high": 129.69000244140625,
        "52w_low": 0
    },
    "PRU": {
        "close": 118.31999969482422,
        "sma200": 103.92475875854493,
        "sma50": 110.44433135986328,
        "rsi_weekly": 67.11356663650626,
        "rsi_monthly": 65.30447850758243,
        "52w_high": 118.72000122070312,
        "52w_low": 0
    },
    "PEG": {
        "close": 78.54000091552734,
        "sma200": 80.82752536773681,
        "sma50": 80.41750595092773,
        "rsi_weekly": 44.52434082556903,
        "rsi_monthly": 65.55413740108236,
        "52w_high": 88.72160339355469,
        "52w_low": 0
    },
    "PTC": {
        "close": 171.36000061035156,
        "sma200": 183.0636499786377,
        "sma50": 176.9144009399414,
        "rsi_weekly": 39.6223594122155,
        "rsi_monthly": 48.49976701847694,
        "52w_high": 216.52999877929688,
        "52w_low": 0
    },
    "PSA": {
        "close": 280.8620910644531,
        "sma200": 281.64823181152343,
        "sma50": 268.34752868652345,
        "rsi_weekly": 50.53302547208344,
        "rsi_monthly": 43.13086902716528,
        "52w_high": 308.3981628417969,
        "52w_low": 0
    },
    "PHM": {
        "close": 133.83999633789062,
        "sma200": 115.72337490081787,
        "sma50": 121.6272868347168,
        "rsi_weekly": 60.17001143274406,
        "rsi_monthly": 55.68626349000214,
        "52w_high": 140.8990936279297,
        "52w_low": 0
    },
    "QRVO": {
        "close": 80.69499969482422,
        "sma200": 83.15169988632202,
        "sma50": 86.38809951782227,
        "rsi_weekly": 44.95740910381316,
        "rsi_monthly": 64.763389588317,
        "52w_high": 97.41999816894531,
        "52w_low": 0
    },
    "PWR": {
        "close": 430.04998779296875,
        "sma200": 383.21667846679685,
        "sma50": 441.39024963378904,
        "rsi_weekly": 53.481718203695564,
        "rsi_monthly": 75.22280210289135,
        "52w_high": 466.7882995605469,
        "52w_low": 0
    },
    "QCOM": {
        "close": 171.49000549316406,
        "sma200": 158.41329246520996,
        "sma50": 173.2146890258789,
        "rsi_weekly": 58.53466458694261,
        "rsi_monthly": 63.8681992819735,
        "52w_high": 186.72589111328125,
        "52w_low": 0
    },
    "DGX": {
        "close": 173.9949951171875,
        "sma200": 176.77303092956544,
        "sma50": 181.00330047607423,
        "rsi_weekly": 45.40011884815545,
        "rsi_monthly": 52.72814134351441,
        "52w_high": 192.35000610351562,
        "52w_low": 0
    },
    "RL": {
        "close": 362.1300048828125,
        "sma200": 295.665022354126,
        "sma50": 349.56894775390623,
        "rsi_weekly": 71.58060335332614,
        "rsi_monthly": 84.52632125440954,
        "52w_high": 370.76129150390625,
        "52w_low": 0
    },
    "RJF": {
        "close": 168.94500732421875,
        "sma200": 156.08579830169677,
        "sma50": 160.94702239990235,
        "rsi_weekly": 57.83736860599467,
        "rsi_monthly": 68.49607223808935,
        "52w_high": 175.32736206054688,
        "52w_low": 0
    },
    "RTX": {
        "close": 191.4600067138672,
        "sma200": 154.23124626159668,
        "sma50": 178.0814050292969,
        "rsi_weekly": 72.62502144680488,
        "rsi_monthly": 82.73178778619597,
        "52w_high": 191.4600067138672,
        "52w_low": 0
    },
    "O": {
        "close": 58.834999084472656,
        "sma200": 56.293628749847414,
        "sma50": 56.83774559020996,
        "rsi_weekly": 55.329623645377445,
        "rsi_monthly": 45.68037601755881,
        "52w_high": 59.78767013549805,
        "52w_low": 0
    },
    "REG": {
        "close": 70.31500244140625,
        "sma200": 69.65231649398804,
        "sma50": 68.85814727783203,
        "rsi_weekly": 50.98796009186102,
        "rsi_monthly": 51.84995320489317,
        "52w_high": 74.66251373291016,
        "52w_low": 0
    },
    "REGN": {
        "close": 784.780029296875,
        "sma200": 607.192639465332,
        "sma50": 733.0637329101562,
        "rsi_weekly": 67.55856800760353,
        "rsi_monthly": 54.97004005497093,
        "52w_high": 812.27001953125,
        "52w_low": 0
    },
    "RF": {
        "close": 28.235000610351562,
        "sma200": 23.980184497833253,
        "sma50": 26.150496635437012,
        "rsi_weekly": 69.16637317116641,
        "rsi_monthly": 65.85489573583382,
        "52w_high": 28.84000015258789,
        "52w_low": 0
    },
    "RSG": {
        "close": 212.11000061035156,
        "sma200": 230.2699102783203,
        "sma50": 211.37251098632814,
        "rsi_weekly": 40.29682746512391,
        "rsi_monthly": 61.447355012543646,
        "52w_high": 255.99313354492188,
        "52w_low": 0
    },
    "RMD": {
        "close": 252.52499389648438,
        "sma200": 254.43693435668945,
        "sma50": 248.61423522949218,
        "rsi_weekly": 48.30627084671734,
        "rsi_monthly": 41.17322803601252,
        "52w_high": 293.03302001953125,
        "52w_low": 0
    },
    "RVTY": {
        "close": 104.19999694824219,
        "sma200": 94.09137363433838,
        "sma50": 97.88999969482421,
        "rsi_weekly": 57.69656291444828,
        "rsi_monthly": 49.667266479019254,
        "52w_high": 126.55815124511719,
        "52w_low": 0
    },
    "RHI": {
        "close": 29.059999465942383,
        "sma200": 35.900113372802736,
        "sma50": 26.96467388153076,
        "rsi_weekly": 38.163038818112994,
        "rsi_monthly": 25.484678078981432,
        "52w_high": 67.13592529296875,
        "52w_low": 0
    },