{
    "last_scan_index": 250,
    "AAPL": {
        "close": 255.52999877929688,
        "sma200": 233.7518910217285,
        "sma50": 271.494140625,
        "rsi_weekly": 53.76185334760874,
        "rsi_monthly": 65.05595283497208,
        "52w_high": 286.19000244140625,
        "52w_low": 0
    },
    "NVDA": {
        "close": 186.22999572753906,
        "sma200": 164.04214149475098,
        "sma50": 184.55367309570312,
        "rsi_weekly": 55.83253745364001,
        "rsi_monthly": 76.36247442797261,
        "52w_high": 207.02847290039062,
        "52w_low": 0
    },
    "TSLA": {
        "close": 437.5,
        "sma200": 369.1239003753662,
        "sma50": 443.0688018798828,
        "rsi_weekly": 57.433070397524055,
        "rsi_monthly": 70.21254147643917,
        "52w_high": 489.8800048828125,
        "52w_low": 0
    },
    "MSFT": {
        "close": 459.8599853515625,
        "sma200": 481.0549951171875,
        "sma50": 484.6280310058594,
        "rsi_weekly": 46.92493315853012,
        "rsi_monthly": 64.94487587647842,
        "52w_high": 541.057373046875,
        "52w_low": 0
    },
    "AMD": {
        "close": 231.8300018310547,
        "sma200": 168.69094982147217,
        "sma50": 220.51739990234375,
        "rsi_weekly": 52.90812131363197,
        "rsi_monthly": 69.38721493424931,
        "52w_high": 264.3299865722656,
        "52w_low": 0
    },
    "HSIC": {
        "close": 79.9800033569336,
        "sma200": 69.93680025100709,
        "sma50": 75.02080001831055,
        "rsi_weekly": 63.969186621246365,
        "rsi_monthly": 57.563536541611754,
        "52w_high": 81.91000366210938,
        "52w_low": 0
    },
    "HSY": {
        "close": 197.75999450683594,
        "sma200": 175.44417251586913,
        "sma50": 183.20877716064453,
        "rsi_weekly": 56.620002218711214,
        "rsi_monthly": 48.26485024748183,
        "52w_high": 201.07000732421875,
        "52w_low": 0
    },
    "HPE": {
        "close": 21.440000534057617,
        "sma200": 20.774117212295533,
        "sma50": 22.920911407470705,
        "rsi_weekly": 49.12572068744662,
        "rsi_monthly": 63.776884800094784,
        "52w_high": 26.093069076538086,
        "52w_low": 0
    },
    "HLT": {
        "close": 300.8500061035156,
        "sma200": 262.423712310791,
        "sma50": 282.91392822265624,
        "rsi_weekly": 65.92715118581242,
        "rsi_monthly": 74.74446707068185,
        "52w_high": 301.8599853515625,
        "52w_low": 0
    },
    "HOLX": {
        "close": 74.9800033569336,
        "sma200": 67.01780029296874,
        "sma50": 74.69460052490234,
        "rsi_weekly": 68.16996524903122,
        "rsi_monthly": 52.631403956020975,
        "52w_high": 75.19000244140625,
        "52w_low": 0
    },
    "HD": {
        "close": 380.1700134277344,
        "sma200": 369.7994216918945,
        "sma50": 355.25667358398437,
        "rsi_weekly": 52.16926668102076,
        "rsi_monthly": 58.70276006650378,
        "52w_high": 420.69903564453125,
        "52w_low": 0
    },
    "HON": {
        "close": 219.38999938964844,
        "sma200": 200.99063331604003,
        "sma50": 197.2694827270508,
        "rsi_weekly": 57.366210502708896,
        "rsi_monthly": 45.86190346313026,
        "52w_high": 224.0632781982422,
        "52w_low": 0
    },
    "HRL": {
        "close": 24.219999313354492,
        "sma200": 26.14374020576477,
        "sma50": 23.014610328674316,
        "rsi_weekly": 39.499446968925966,
        "rsi_monthly": 63.520920493001114,
        "52w_high": 30.466331481933594,
        "52w_low": 0
    },
    "HST": {
        "close": 18.59000015258789,
        "sma200": 15.90034637928009,
        "sma50": 17.638079471588135,
        "rsi_weekly": 65.0408494057145,
        "rsi_monthly": 71.29017809910279,
        "52w_high": 18.59000015258789,
        "52w_low": 0
    },
    "HWM": {
        "close": 224.88999938964844,
        "sma200": 180.86134353637695,
        "sma50": 204.8581930541992,
        "rsi_weekly": 68.25882614266159,
        "rsi_monthly": 86.11352551567602,
        "52w_high": 224.88999938964844,
        "52w_low": 0
    },
    "HPQ": {
        "close": 20.3700008392334,
        "sma200": 25.13925437927246,
        "sma50": 23.51372444152832,
        "rsi_weekly": 34.56743878665038,
        "rsi_monthly": 32.641600920094874,
        "52w_high": 33.246681213378906,
        "52w_low": 0
    },
    "HUBB": {
        "close": 489.30999755859375,
        "sma200": 415.28923767089844,
        "sma50": 447.3378625488281,
        "rsi_weekly": 62.71941390873989,
        "rsi_monthly": 70.8633839901318,
        "52w_high": 489.30999755859375,
        "52w_low": 0
    },
    "HUM": {
        "close": 273.2799987792969,
        "sma200": 257.54016311645506,
        "sma50": 254.8492529296875,
        "rsi_weekly": 54.89478731106036,
        "rsi_monthly": 35.12737494005275,
        "52w_high": 309.8533935546875,
        "52w_low": 0
    },
    "HBAN": {
        "close": 18.020000457763672,
        "sma200": 16.066387915611266,
        "sma50": 16.877309951782227,
        "rsi_weekly": 64.92881355877361,
        "rsi_monthly": 64.22573448897685,
        "52w_high": 18.469999313354492,
        "52w_low": 0
    },
    "HII": {
        "close": 425.8999938964844,
        "sma200": 272.36122047424317,
        "sma50": 335.5715490722656,
        "rsi_weekly": 82.02416532241291,
        "rsi_monthly": 77.36116035011933,
        "52w_high": 425.8999938964844,
        "52w_low": 0
    },
    "IBM": {
        "close": 305.6700134277344,
        "sma200": 272.72564834594726,
        "sma50": 303.76949584960937,
        "rsi_weekly": 59.8960030195253,
        "rsi_monthly": 67.61589201025646,
        "52w_high": 314.9800109863281,
        "52w_low": 0
    },
    "IEX": {
        "close": 196.92999267578125,
        "sma200": 171.58274841308594,
        "sma50": 175.76007995605468,
        "rsi_weekly": 60.902828811903035,
        "rsi_monthly": 64.96375375434037,
        "52w_high": 220.8609161376953,
        "52w_low": 0
    },
    "IDXX": {
        "close": 715.3699951171875,
        "sma200": 597.1858491516114,
        "sma50": 707.1561962890624,
        "rsi_weekly": 61.779669831930036,
        "rsi_monthly": 73.80787068804858,
        "52w_high": 766.6799926757812,
        "52w_low": 0
    },
    "ITW": {
        "close": 263.4700012207031,
        "sma200": 247.88925552368164,
        "sma50": 248.69060821533202,
        "rsi_weekly": 54.799050742843434,
        "rsi_monthly": 50.419337823270865,
        "52w_high": 267.75982666015625,
        "52w_low": 0
    },
    "ILMN": {
        "close": 141.64999389648438,
        "sma200": 101.98630046844482,
        "sma50": 131.7674008178711,
        "rsi_weekly": 70.41712073709265,
        "rsi_monthly": 52.99594791379708,
        "52w_high": 150.13999938964844,
        "52w_low": 0
    },
    "INCY": {
        "close": 106.20999908447266,
        "sma200": 81.39269994735717,
        "sma50": 102.4654002380371,
        "rsi_weekly": 66.54768012028586,
        "rsi_monthly": 71.27031840388001,
        "52w_high": 110.56999969482422,
        "52w_low": 0
    },
    "IR": {
        "close": 88.16000366210938,
        "sma200": 80.14024723052978,
        "sma50": 80.08640228271484,
        "rsi_weekly": 57.21262471368192,
        "rsi_monthly": 64.30777495219048,
        "52w_high": 94.13668060302734,
        "52w_low": 0
    },
    "PODD": {
        "close": 287.70001220703125,
        "sma200": 304.2436003875732,
        "sma50": 304.4634033203125,
        "rsi_weekly": 42.158417581686514,
        "rsi_monthly": 43.354514287478466,
        "52w_high": 352.82000732421875,
        "52w_low": 0
    },
    "INTC": {
        "close": 46.959999084472656,
        "sma200": 28.566099977493288,
        "sma50": 39.04140014648438,
        "rsi_weekly": 70.47865297510496,
        "rsi_monthly": 58.602442122534534,
        "52w_high": 48.720001220703125,
        "52w_low": 0
    }
}