{
    "last_scan_index": 25,
    "AAPL": {
        "close": 249.8300018310547,
        "sma200": 234.40597793579101,
        "sma50": 270.2257983398438,
        "rsi_weekly": 51.059659081219834,
        "rsi_monthly": 65.0559905896292,
        "52w_high": 286.19000244140625,
        "52w_low": 0
    },
    "NVDA": {
        "close": 184.7449951171875,
        "sma200": 165.24044452667238,
        "sma50": 184.04820922851562,
        "rsi_weekly": 56.6135227918228,
        "rsi_monthly": 76.36247760655031,
        "52w_high": 207.02847290039062,
        "52w_low": 0
    },
    "TSLA": {
        "close": 448.0740051269531,
        "sma200": 371.6703704071045,
        "sma50": 442.29408203125,
        "rsi_weekly": 55.767272209839355,
        "rsi_monthly": 70.21254147643917,
        "52w_high": 489.8800048828125,
        "52w_low": 0
    },
    "MSFT": {
        "close": 451.25,
        "sma200": 482.25867736816406,
        "sma50": 481.66011474609377,
        "rsi_weekly": 40.9729279966918,
        "rsi_monthly": 64.94487549587335,
        "52w_high": 541.057373046875,
        "52w_low": 0
    },
    "AMD": {
        "close": 253.82000732421875,
        "sma200": 170.95604984283446,
        "sma50": 220.6768005371094,
        "rsi_weekly": 60.57175331207617,
        "rsi_monthly": 69.38721493424931,
        "52w_high": 264.3299865722656,
        "52w_low": 0
    },
    "MMM": {
        "close": 160.82000732421875,
        "sma200": 153.7451866531372,
        "sma50": 165.71217987060547,
        "rsi_weekly": 58.887166136447846,
        "rsi_monthly": 66.94037763289295,
        "52w_high": 173.08999633789062,
        "52w_low": 0
    },
    "AOS": {
        "close": 73.0199966430664,
        "sma200": 67.96973514556885,
        "sma50": 67.6968000793457,
        "rsi_weekly": 60.312195112296024,
        "rsi_monthly": 58.820645412872,
        "52w_high": 73.89897918701172,
        "52w_low": 0
    },
    "ABT": {
        "close": 109.08000183105469,
        "sma200": 128.45700386047363,
        "sma50": 124.88002288818359,
        "rsi_weekly": 40.568399384530196,
        "rsi_monthly": 62.30754962613864,
        "52w_high": 137.63742065429688,
        "52w_low": 0
    },
    "ABBV": {
        "close": 217.92999267578125,
        "sma200": 204.02078758239747,
        "sma50": 224.3675765991211,
        "rsi_weekly": 49.16451815322578,
        "rsi_monthly": 74.25423218214469,
        "52w_high": 240.6942901611328,
        "52w_low": 0
    },
    "ACN": {
        "close": 283.7300109863281,
        "sma200": 272.03394813537597,
        "sma50": 265.1629998779297,
        "rsi_weekly": 59.764015593090534,
        "rsi_monthly": 46.793686696181126,
        "52w_high": 394.31280517578125,
        "52w_low": 0
    },
    "ADBE": {
        "close": 299.6499938964844,
        "sma200": 357.8434992980957,
        "sma50": 332.0207995605469,
        "rsi_weekly": 33.0315900848949,
        "rsi_monthly": 22.841396768378708,
        "52w_high": 464.1099853515625,
        "52w_low": 0
    },
    "AES": {
        "close": 14.574999809265137,
        "sma200": 12.565723695755004,
        "sma50": 14.018499965667724,
        "rsi_weekly": 56.36665716952534,
        "rsi_monthly": 41.769821872274164,
        "52w_high": 15.17705249786377,
        "52w_low": 0
    },
    "AFL": {
        "close": 108.33999633789062,
        "sma200": 106.14114402770996,
        "sma50": 110.28304626464843,
        "rsi_weekly": 53.063859504636135,
        "rsi_monthly": 53.1625691150622,
        "52w_high": 114.41313171386719,
        "52w_low": 0
    },
    "A": {
        "close": 138.81500244140625,
        "sma200": 126.41230365753174,
        "sma50": 143.910888671875,
        "rsi_weekly": 52.80448023967445,
        "rsi_monthly": 59.249716949144904,
        "52w_high": 156.91954040527344,
        "52w_low": 0
    },
    "APD": {
        "close": 264.3450012207031,
        "sma200": 267.79275382995604,
        "sma50": 252.90054382324217,
        "rsi_weekly": 52.51956463926637,
        "rsi_monthly": 35.15970366129386,
        "52w_high": 329.2906799316406,
        "52w_low": 0
    },
    "ABNB": {
        "close": 134.19000244140625,
        "sma200": 127.66765007019043,
        "sma50": 127.99379989624023,
        "rsi_weekly": 51.78294664503753,
        "rsi_monthly": 64.48632187152391,
        "52w_high": 161.4199981689453,
        "52w_low": 0
    },
    "AKAM": {
        "close": 96.86000061035156,
        "sma200": 79.78634963989258,
        "sma50": 88.37259948730468,
        "rsi_weekly": 63.71372599367118,
        "rsi_monthly": 28.03165935349632,
        "52w_high": 102.0999984741211,
        "52w_low": 0
    },
    "ALB": {
        "close": 188.27000427246094,
        "sma200": 89.15403743743896,
        "sma50": 139.06538177490233,
        "rsi_weekly": 78.25271605716397,
        "rsi_monthly": 78.91608447495022,
        "52w_high": 188.27000427246094,
        "52w_low": 0
    },
    "ARE": {
        "close": 58.19499969482422,
        "sma200": 67.53369678497315,
        "sma50": 50.514594650268556,
        "rsi_weekly": 44.79704707008047,
        "rsi_monthly": 31.177532578222777,
        "52w_high": 96.28242492675781,
        "52w_low": 0
    },
    "ALGN": {
        "close": 168.64999389648438,
        "sma200": 159.3577498626709,
        "sma50": 155.99919891357422,
        "rsi_weekly": 58.898416332269164,
        "rsi_monthly": 57.06397118369214,
        "52w_high": 234.88999938964844,
        "52w_low": 0
    },
    "ALLE": {
        "close": 165.7449951171875,
        "sma200": 157.26508018493652,
        "sma50": 162.29530120849608,
        "rsi_weekly": 54.483833270205984,
        "rsi_monthly": 65.98130265809178,
        "52w_high": 179.47000122070312,
        "52w_low": 0
    },
    "LNT": {
        "close": 67.26000213623047,
        "sma200": 63.84331962585449,
        "sma50": 66.36319946289062,
        "rsi_weekly": 57.784348277169414,
        "rsi_monthly": 58.69286605422041,
        "52w_high": 69.47000122070312,
        "52w_low": 0
    },
    "ALL": {
        "close": 194.6750030517578,
        "sma200": 200.53677658081054,
        "sma50": 206.26540161132812,
        "rsi_weekly": 43.13954127406614,
        "rsi_monthly": 63.8469484145696,
        "52w_high": 213.64215087890625,
        "52w_low": 0
    },
    "GOOGL": {
        "close": 331.55999755859375,
        "sma200": 228.76305656433107,
        "sma50": 311.9668829345703,
        "rsi_weekly": 79.03233174626708,
        "rsi_monthly": 79.40274556194399,
        "52w_high": 335.9700012207031,
        "52w_low": 0
    },
    "GOOG": {
        "close": 331.8550109863281,
        "sma200": 229.70573463439942,
        "sma50": 312.62886901855467,
        "rsi_weekly": 79.21188252682867,
        "rsi_monthly": 79.2408036428051,
        "52w_high": 336.42999267578125,
        "52w_low": 0
    },
    "MO": {
        "close": 61.07500076293945,
        "sma200": 59.018638648986816,
        "sma50": 57.83458869934082,
        "rsi_weekly": 59.14780741537481,
        "rsi_monthly": 63.97267200687321,
        "52w_high": 65.45215606689453,
        "52w_low": 0
    },
    "AMZN": {
        "close": 234.61000061035156,
        "sma200": 219.98065017700196,
        "sma50": 232.5529998779297,
        "rsi_weekly": 56.10425910324884,
        "rsi_monthly": 71.52946981803966,
        "52w_high": 254.0,
        "52w_low": 0
    },
    "AMCR": {
        "close": 42.8650016784668,
        "sma200": 43.775465126037595,
        "sma50": 42.137699661254885,
        "rsi_weekly": 42.78317046879209,
        "rsi_monthly": 37.6383472320582,
        "52w_high": 50.73261260986328,
        "52w_low": 0
    },
    "AEE": {
        "close": 103.31500244140625,
        "sma200": 98.8328568649292,
        "sma50": 101.29492050170899,
        "rsi_weekly": 58.373315731834076,
        "rsi_monthly": 68.76176977599879,
        "52w_high": 105.5897445678711,
        "52w_low": 0
    }
}