{
    "last_scan_index": 150,
    "AAPL": {
        "close": 256.5150146484375,
        "sma200": 233.7568161010742,
        "sma50": 271.5138409423828,
        "rsi_weekly": 53.7618531670305,
        "rsi_monthly": 65.05593033135419,
        "52w_high": 286.19000244140625,
        "52w_low": 0
    },
    "NVDA": {
        "close": 188.18499755859375,
        "sma200": 164.05191650390626,
        "sma50": 184.59277313232423,
        "rsi_weekly": 55.832537437362085,
        "rsi_monthly": 76.362472601566,
        "52w_high": 207.02847290039062,
        "52w_low": 0
    },
    "TSLA": {
        "close": 439.8800048828125,
        "sma200": 369.1358003997803,
        "sma50": 443.11640197753906,
        "rsi_weekly": 57.433070397524055,
        "rsi_monthly": 70.21254147643917,
        "52w_high": 489.8800048828125,
        "52w_low": 0
    },
    "MSFT": {
        "close": 462.4508056640625,
        "sma200": 481.0679512023926,
        "sma50": 484.6798474121094,
        "rsi_weekly": 46.92493256715955,
        "rsi_monthly": 64.94485280357418,
        "52w_high": 541.057373046875,
        "52w_low": 0
    },
    "AMD": {
        "close": 230.64999389648438,
        "sma200": 168.6850497817993,
        "sma50": 220.49379974365235,
        "rsi_weekly": 52.90812131363197,
        "rsi_monthly": 69.38721493424931,
        "52w_high": 264.3299865722656,
        "52w_low": 0
    },
    "COO": {
        "close": 82.37000274658203,
        "sma200": 74.49690002441406,
        "sma50": 78.54139984130859,
        "rsi_weekly": 62.35298251220104,
        "rsi_monthly": 48.46041333422471,
        "52w_high": 99.44999694824219,
        "52w_low": 0
    },
    "CPRT": {
        "close": 41.0,
        "sma200": 47.58480001449585,
        "sma50": 39.66259994506836,
        "rsi_weekly": 36.37544266038222,
        "rsi_monthly": 51.94995856135763,
        "52w_high": 63.84000015258789,
        "52w_low": 0
    },
    "GLW": {
        "close": 93.50499725341797,
        "sma200": 67.34506393432618,
        "sma50": 86.81053848266602,
        "rsi_weekly": 62.6130222563919,
        "rsi_monthly": 83.83170568894118,
        "52w_high": 95.97000122070312,
        "52w_low": 0
    },
    "CPAY": {
        "close": 324.42999267578125,
        "sma200": 312.0279501342773,
        "sma50": 302.1305993652344,
        "rsi_weekly": 58.9815898077651,
        "rsi_monthly": 42.64298440673572,
        "52w_high": 389.54998779296875,
        "52w_low": 0
    },
    "CTVA": {
        "close": 69.55000305175781,
        "sma200": 67.74048194885253,
        "sma50": 66.52918815612793,
        "rsi_weekly": 54.941987782912385,
        "rsi_monthly": 72.06120646540234,
        "52w_high": 76.72764587402344,
        "52w_low": 0
    },
    "CSGP": {
        "close": 65.26000213623047,
        "sma200": 78.17105003356933,
        "sma50": 66.36800003051758,
        "rsi_weekly": 28.054894524670246,
        "rsi_monthly": 47.61567195546935,
        "52w_high": 96.83000183105469,
        "52w_low": 0
    },
    "COST": {
        "close": 954.7849731445312,
        "sma200": 948.7979946899414,
        "sma50": 897.2817016601563,
        "rsi_weekly": 51.047876179237235,
        "rsi_monthly": 59.51777196658311,
        "52w_high": 1072.45361328125,
        "52w_low": 0
    },
    "CTRA": {
        "close": 25.795000076293945,
        "sma200": 24.598319454193117,
        "sma50": 26.03989456176758,
        "rsi_weekly": 48.859169327456485,
        "rsi_monthly": 61.894148413684455,
        "52w_high": 28.81731414794922,
        "52w_low": 0
    },
    "CCI": {
        "close": 90.7699966430664,
        "sma200": 95.54549732208253,
        "sma50": 88.51197647094726,
        "rsi_weekly": 36.10339367906129,
        "rsi_monthly": 46.95327497432037,
        "52w_high": 111.32425689697266,
        "52w_low": 0
    },
    "CSX": {
        "close": 36.26499938964844,
        "sma200": 33.336762275695804,
        "sma50": 35.688777465820316,
        "rsi_weekly": 51.91973332457464,
        "rsi_monthly": 66.84471818596174,
        "52w_high": 37.38999938964844,
        "52w_low": 0
    },
    "CMI": {
        "close": 581.0499877929688,
        "sma200": 394.67932327270506,
        "sma50": 507.1300799560547,
        "rsi_weekly": 82.52293575430792,
        "rsi_monthly": 85.2603400682415,
        "52w_high": 581.0499877929688,
        "52w_low": 0
    },
    "CVS": {
        "close": 79.12000274658203,
        "sma200": 70.86156827926635,
        "sma50": 78.82180038452148,
        "rsi_weekly": 61.43105724156303,
        "rsi_monthly": 62.222328667313114,
        "52w_high": 82.44999694824219,
        "52w_low": 0
    },
    "DHR": {
        "close": 237.09500122070312,
        "sma200": 205.57460121154784,
        "sma50": 226.9552035522461,
        "rsi_weekly": 63.63560551323339,
        "rsi_monthly": 64.20377329380152,
        "52w_high": 249.025634765625,
        "52w_low": 0
    },
    "DRI": {
        "close": 215.02499389648438,
        "sma200": 195.5607145690918,
        "sma50": 183.79449127197265,
        "rsi_weekly": 59.92004273181336,
        "rsi_monthly": 62.03544917970879,
        "52w_high": 220.7619171142578,
        "52w_low": 0
    },
    "DVA": {
        "close": 105.16999816894531,
        "sma200": 132.04704998016356,
        "sma50": 116.47380004882812,
        "rsi_weekly": 32.88866900886936,
        "rsi_monthly": 58.53862959030401,
        "52w_high": 177.35000610351562,
        "52w_low": 0
    },
    "DAY": {
        "close": 69.17500305175781,
        "sma200": 63.181874961853026,
        "sma50": 69.09510009765626,
        "rsi_weekly": 60.791485473398616,
        "rsi_monthly": 55.44195534123394,
        "52w_high": 74.08000183105469,
        "52w_low": 0
    },
    "DEW": {
        "close": 63.564998626708984,
        "sma200": 57.62614816665649,
        "sma50": 61.06698509216309,
        "rsi_weekly": 70.41007818230024,
        "rsi_monthly": 82.41921500719855,
        "52w_high": 63.564998626708984,
        "52w_low": 0
    },
    "DE": {
        "close": 514.1900024414062,
        "sma200": 481.29959075927735,
        "sma50": 477.4611883544922,
        "rsi_weekly": 55.057708773348594,
        "rsi_monthly": 42.4046045670388,
        "52w_high": 526.138916015625,
        "52w_low": 0
    },
    "DAL": {
        "close": 70.56999969482422,
        "sma200": 55.97805830001831,
        "sma50": 66.13919952392578,
        "rsi_weekly": 70.3826711062169,
        "rsi_monthly": 69.7417244296548,
        "52w_high": 72.30999755859375,
        "52w_low": 0
    },
    "XRAY": {
        "close": 12.253399848937988,
        "sma200": 13.296210479736327,
        "sma50": 11.258954429626465,
        "rsi_weekly": 51.033967177561735,
        "rsi_monthly": 15.909452916446323,
        "52w_high": 19.363664627075195,
        "52w_low": 0
    },
    "DVN": {
        "close": 36.21500015258789,
        "sma200": 33.375997591018674,
        "sma50": 35.99570930480957,
        "rsi_weekly": 52.89482792091148,
        "rsi_monthly": 58.258934128286725,
        "52w_high": 38.164306640625,
        "52w_low": 0
    },
    "DXCM": {
        "close": 70.16500091552734,
        "sma200": 73.77572513580323,
        "sma50": 64.57830009460449,
        "rsi_weekly": 47.3484117569779,
        "rsi_monthly": 32.1728819719612,
        "52w_high": 90.75,
        "52w_low": 0
    },
    "FANG": {
        "close": 150.33999633789062,
        "sma200": 141.71622859954834,
        "sma50": 149.7190249633789,
        "rsi_weekly": 50.5671437737727,
        "rsi_monthly": 73.0064156665118,
        "52w_high": 175.20565795898438,
        "52w_low": 0
    },
    "DLR": {
        "close": 164.0500030517578,
        "sma200": 163.797952041626,
        "sma50": 157.64109436035156,
        "rsi_weekly": 46.87533718083844,
        "rsi_monthly": 56.82890062276956,
        "52w_high": 178.07101440429688,
        "52w_low": 0
    }
}