{
    "last_scan_index": 50,
    "AAPL": {
        "close": 260.3299865722656,
        "sma200": 232.42377769470215,
        "sma50": 272.95676391601563,
        "rsi_weekly": 63.04886268903684,
        "rsi_monthly": 65.05593603029003,
        "52w_high": 286.19000244140625,
        "52w_low": 0
    },
    "NVDA": {
        "close": 189.11000061035156,
        "sma200": 161.53351963043212,
        "sma50": 186.8209030151367,
        "rsi_weekly": 58.64870588431757,
        "rsi_monthly": 76.3624778284338,
        "52w_high": 207.02847290039062,
        "52w_low": 0
    },
    "TSLA": {
        "close": 431.4100036621094,
        "sma200": 363.17715034484866,
        "sma50": 444.89940185546874,
        "rsi_weekly": 56.31157929953819,
        "rsi_monthly": 70.21254147643917,
        "52w_high": 489.8800048828125,
        "52w_low": 0
    },
    "MSFT": {
        "close": 483.4700012207031,
        "sma200": 478.10302185058595,
        "sma50": 492.66876403808595,
        "rsi_weekly": 44.49072454859251,
        "rsi_monthly": 64.94486363779471,
        "52w_high": 541.057373046875,
        "52w_low": 0
    },
    "AMD": {
        "close": 210.02000427246094,
        "sma200": 164.86284980773925,
        "sma50": 226.1735998535156,
        "rsi_weekly": 60.71614808686848,
        "rsi_monthly": 69.38721493424931,
        "52w_high": 264.3299865722656,
        "52w_low": 0
    },
    "AEP": {
        "close": 113.69999694824219,
        "sma200": 109.27116611480713,
        "sma50": 118.16335327148437,
        "rsi_weekly": 55.409070943118785,
        "rsi_monthly": 75.84523300322968,
        "52w_high": 123.7699966430664,
        "52w_low": 0
    },
    "AXP": {
        "close": 378.2200012207031,
        "sma200": 317.811741104126,
        "sma50": 366.8016516113281,
        "rsi_weekly": 62.42695736770963,
        "rsi_monthly": 80.55172168727353,
        "52w_high": 384.0368957519531,
        "52w_low": 0
    },
    "AIG": {
        "close": 77.06999969482422,
        "sma200": 80.34692920684815,
        "sma50": 79.63818954467773,
        "rsi_weekly": 58.807804862692606,
        "rsi_monthly": 67.04857709305583,
        "52w_high": 86.58999633789062,
        "52w_low": 0
    },
    "AMT": {
        "close": 169.44000244140625,
        "sma200": 198.03020790100098,
        "sma50": 177.2469989013672,
        "rsi_weekly": 37.772520617248645,
        "rsi_monthly": 45.47569613879426,
        "52w_high": 228.10018920898438,
        "52w_low": 0
    },
    "AWK": {
        "close": 127.2699966430664,
        "sma200": 137.96412746429442,
        "sma50": 130.19587509155272,
        "rsi_weekly": 42.138561995188994,
        "rsi_monthly": 40.577440699825075,
        "52w_high": 149.23483276367188,
        "52w_low": 0
    },
    "AMP": {
        "close": 498.0400085449219,
        "sma200": 491.6885678100586,
        "sma50": 473.46582397460935,
        "rsi_weekly": 52.5006451778871,
        "rsi_monthly": 62.214029360776976,
        "52w_high": 567.8557739257812,
        "52w_low": 0
    },
    "AME": {
        "close": 211.17999267578125,
        "sma200": 183.46504508972168,
        "sma50": 199.23346649169923,
        "rsi_weekly": 69.96650610682318,
        "rsi_monthly": 80.05660871472948,
        "52w_high": 214.16000366210938,
        "52w_low": 0
    },
    "AMGN": {
        "close": 341.6400146484375,
        "sma200": 294.5579753112793,
        "sma50": 325.03737976074217,
        "rsi_weekly": 58.162641423139746,
        "rsi_monthly": 39.79332642046098,
        "52w_high": 345.4599914550781,
        "52w_low": 0
    },
    "APH": {
        "close": 138.91000366210938,
        "sma200": 107.79457353591918,
        "sma50": 136.86800888061524,
        "rsi_weekly": 68.33014408025701,
        "rsi_monthly": 87.05902857499919,
        "52w_high": 143.57315063476562,
        "52w_low": 0
    },
    "ADI": {
        "close": 292.8900146484375,
        "sma200": 232.3865054321289,
        "sma50": 257.6855151367188,
        "rsi_weekly": 63.61919325571912,
        "rsi_monthly": 66.93932732603224,
        "52w_high": 292.94000244140625,
        "52w_low": 0
    },
    "AON": {
        "close": 349.9200134277344,
        "sma200": 358.2338621520996,
        "sma50": 347.381201171875,
        "rsi_weekly": 44.829503868655934,
        "rsi_monthly": 61.81320187456414,
        "52w_high": 407.60504150390625,
        "52w_low": 0
    },
    "APA": {
        "close": 23.389999389648438,
        "sma200": 20.703262190818787,
        "sma50": 24.408999938964843,
        "rsi_weekly": 58.189769835686576,
        "rsi_monthly": 43.949567270438116,
        "52w_high": 27.100000381469727,
        "52w_low": 0
    },
    "APO": {
        "close": 144.27999877929688,
        "sma200": 135.38960109710695,
        "sma50": 136.76688613891602,
        "rsi_weekly": 58.28018681498543,
        "rsi_monthly": 67.32149283907131,
        "52w_high": 169.6723175048828,
        "52w_low": 0
    },
    "AMAT": {
        "close": 292.20001220703125,
        "sma200": 193.45554237365724,
        "sma50": 249.69321960449219,
        "rsi_weekly": 72.69143094589295,
        "rsi_monthly": 79.06958654109881,
        "52w_high": 296.010009765625,
        "52w_low": 0
    },
    "APTV": {
        "close": 82.1500015258789,
        "sma200": 72.52535005569457,
        "sma50": 78.79419982910156,
        "rsi_weekly": 52.46330720995351,
        "rsi_monthly": 48.72551059290572,
        "52w_high": 87.9800033569336,
        "52w_low": 0
    },
    "ACGL": {
        "close": 95.16000366210938,
        "sma200": 91.32705013275147,
        "sma50": 92.31420028686523,
        "rsi_weekly": 54.081312340345164,
        "rsi_monthly": 64.04711913398052,
        "52w_high": 97.12000274658203,
        "52w_low": 0
    },
    "ADM": {
        "close": 58.52000045776367,
        "sma200": 54.830370655059816,
        "sma50": 58.775626754760744,
        "rsi_weekly": 53.35648556217526,
        "rsi_monthly": 48.40103170609012,
        "52w_high": 63.673423767089844,
        "52w_low": 0
    },
    "ANET": {
        "close": 130.0800018310547,
        "sma200": 117.19939945220948,
        "sma50": 133.51339950561524,
        "rsi_weekly": 52.94920615497757,
        "rsi_monthly": 65.79748500597414,
        "52w_high": 162.02999877929688,
        "52w_low": 0
    },
    "AJG": {
        "close": 259.0,
        "sma200": 297.4881582641602,
        "sma50": 252.94935119628906,
        "rsi_weekly": 39.75297453092964,
        "rsi_monthly": 52.18139088361821,
        "52w_high": 346.40545654296875,
        "52w_low": 0
    },
    "AIZ": {
        "close": 236.5,
        "sma200": 207.0804850769043,
        "sma50": 227.03468536376954,
        "rsi_weekly": 67.50696074743573,
        "rsi_monthly": 75.56335604261366,
        "52w_high": 242.1300048828125,
        "52w_low": 0
    },
    "T": {
        "close": 23.969999313354492,
        "sma200": 26.726613903045653,
        "sma50": 24.962999992370605,
        "rsi_weekly": 39.500477814674184,
        "rsi_monthly": 50.609162898468114,
        "52w_high": 29.304508209228516,
        "52w_low": 0
    },
    "ATO": {
        "close": 166.14999389648438,
        "sma200": 161.6264734649658,
        "sma50": 171.25861877441406,
        "rsi_weekly": 55.164258037479264,
        "rsi_monthly": 70.51277748227774,
        "52w_high": 178.1669921875,
        "52w_low": 0
    },
    "ADSK": {
        "close": 293.7900085449219,
        "sma200": 296.1253997802734,
        "sma50": 298.69999938964844,
        "rsi_weekly": 43.36920336828304,
        "rsi_monthly": 58.46462061753758,
        "52w_high": 326.7900085449219,
        "52w_low": 0
    }
}