{
    "last_scan_index": 350,
    "AAPL": {
        "close": 252.2899932861328,
        "sma200": 233.8977059173584,
        "sma50": 271.1423727416992,
        "rsi_weekly": 51.05965925787476,
        "rsi_monthly": 65.05591586314256,
        "52w_high": 286.19000244140625,
        "52w_low": 0
    },
    "NVDA": {
        "close": 179.8300018310547,
        "sma200": 164.3892915725708,
        "sma50": 184.24629028320314,
        "rsi_weekly": 56.61352273096031,
        "rsi_monthly": 76.36247285216561,
        "52w_high": 207.02847290039062,
        "52w_low": 0
    },
    "TSLA": {
        "close": 424.1000061035156,
        "sma200": 369.8306003570557,
        "sma50": 442.30940185546876,
        "rsi_weekly": 55.767272209839355,
        "rsi_monthly": 70.21254147643917,
        "52w_high": 489.8800048828125,
        "52w_low": 0
    },
    "MSFT": {
        "close": 452.5899963378906,
        "sma200": 481.4174336242676,
        "sma50": 483.5555798339844,
        "rsi_weekly": 40.97292779944889,
        "rsi_monthly": 64.94486606569917,
        "52w_high": 541.057373046875,
        "52w_low": 0
    },
    "AMD": {
        "close": 233.84249877929688,
        "sma200": 169.34536231994628,
        "sma50": 220.06765014648437,
        "rsi_weekly": 60.57175331207617,
        "rsi_monthly": 69.38721493424931,
        "52w_high": 264.3299865722656,
        "52w_low": 0
    },
    "MSI": {
        "close": 399.5899963378906,
        "sma200": 419.30178802490235,
        "sma50": 377.7164129638672,
        "rsi_weekly": 47.687655910168864,
        "rsi_monthly": 51.60524792396015,
        "52w_high": 487.5675354003906,
        "52w_low": 0
    },
    "MSCI": {
        "close": 593.9099731445312,
        "sma200": 558.9693876647949,
        "sma50": 568.3251708984375,
        "rsi_weekly": 59.14356613154281,
        "rsi_monthly": 36.10716960649242,
        "52w_high": 620.4635009765625,
        "52w_low": 0
    },
    "NDAQ": {
        "close": 99.6449966430664,
        "sma200": 87.9445133972168,
        "sma50": 93.09688552856446,
        "rsi_weekly": 70.20977093437023,
        "rsi_monthly": 65.50110086588508,
        "52w_high": 100.9800033569336,
        "52w_low": 0
    },
    "NTAP": {
        "close": 97.51429748535156,
        "sma200": 106.24136116027832,
        "sma50": 109.75739578247071,
        "rsi_weekly": 42.45409266098163,
        "rsi_monthly": 54.73039452319747,
        "52w_high": 125.20184326171875,
        "52w_low": 0
    },
    "NFLX": {
        "close": 89.08999633789062,
        "sma200": 113.06144008636474,
        "sma50": 99.28477996826172,
        "rsi_weekly": 30.563350054521422,
        "rsi_monthly": 56.023247459645084,
        "52w_high": 133.91299438476562,
        "52w_low": 0
    },
    "NEM": {
        "close": 117.52999877929688,
        "sma200": 73.61255815505982,
        "sma50": 97.29662719726562,
        "rsi_weekly": 76.06149443022557,
        "rsi_monthly": 76.17405109084882,
        "52w_high": 117.52999877929688,
        "52w_low": 0
    },
    "NWL": {
        "close": 4.175000190734863,
        "sma200": 4.803912271261215,
        "sma50": 3.680499997138977,
        "rsi_weekly": 46.65369510306347,
        "rsi_monthly": 28.546734590395747,
        "52w_high": 10.08272933959961,
        "52w_low": 0
    },
    "NWS": {
        "close": 30.40999984741211,
        "sma200": 31.626174669265747,
        "sma50": 29.64800006866455,
        "rsi_weekly": 46.366568943661306,
        "rsi_monthly": 63.47158729663086,
        "52w_high": 35.061614990234375,
        "52w_low": 0
    },
    "NWSA": {
        "close": 26.309999465942383,
        "sma200": 27.664604921340942,
        "sma50": 26.05699993133545,
        "rsi_weekly": 43.089920840054766,
        "rsi_monthly": 62.0595480142092,
        "52w_high": 31.030000686645508,
        "52w_low": 0
    },
    "NEE": {
        "close": 82.58999633789062,
        "sma200": 74.79932806015015,
        "sma50": 82.23880752563477,
        "rsi_weekly": 59.550896144868254,
        "rsi_monthly": 53.79026810350618,
        "52w_high": 86.29000091552734,
        "52w_low": 0
    },
    "NKE": {
        "close": 64.12000274658203,
        "sma200": 65.95146953582764,
        "sma50": 63.63688911437988,
        "rsi_weekly": 47.6208257698623,
        "rsi_monthly": 44.0847100469359,
        "52w_high": 79.8443603515625,
        "52w_low": 0
    },
    "NI": {
        "close": 43.61000061035156,
        "sma200": 40.89195201873779,
        "sma50": 42.39159996032715,
        "rsi_weekly": 59.86145570488862,
        "rsi_monthly": 71.91681514420894,
        "52w_high": 44.130001068115234,
        "52w_low": 0
    },
    "NDSN": {
        "close": 270.1449890136719,
        "sma200": 219.6908992767334,
        "sma50": 241.41472564697267,
        "rsi_weekly": 76.34398855902052,
        "rsi_monthly": 65.829076294373,
        "52w_high": 271.9200134277344,
        "52w_low": 0
    },
    "NSC": {
        "close": 280.7300109863281,
        "sma200": 267.8672646331787,
        "sma50": 289.07039916992187,
        "rsi_weekly": 59.17152290622083,
        "rsi_monthly": 70.52095515083182,
        "52w_high": 299.489990234375,
        "52w_low": 0
    },
    "NTRS": {
        "close": 143.625,
        "sma200": 121.44542316436768,
        "sma50": 135.70158096313477,
        "rsi_weekly": 73.72386593263397,
        "rsi_monthly": 75.58430365568191,
        "52w_high": 147.10000610351562,
        "52w_low": 0
    },
    "NOC": {
        "close": 669.885009765625,
        "sma200": 548.5640914916992,
        "sma50": 578.5176086425781,
        "rsi_weekly": 71.80143971555813,
        "rsi_monthly": 68.49368548594823,
        "52w_high": 669.885009765625,
        "52w_low": 0
    },
    "NCLH": {
        "close": 20.704999923706055,
        "sma200": 21.281675004959105,
        "sma50": 20.679300117492676,
        "rsi_weekly": 50.029765913742985,
        "rsi_monthly": 58.01496446523557,
        "52w_high": 29.06999969482422,
        "52w_low": 0
    },
    "NRG": {
        "close": 149.66000366210938,
        "sma200": 151.37410957336425,
        "sma50": 161.10660095214843,
        "rsi_weekly": 47.5302334812404,
        "rsi_monthly": 70.21419544275224,
        "52w_high": 178.04299926757812,
        "52w_low": 0
    },
    "NUE": {
        "close": 172.52000427246094,
        "sma200": 137.6652173233032,
        "sma50": 159.6318557739258,
        "rsi_weekly": 67.66121424637399,
        "rsi_monthly": 59.89967925401706,
        "52w_high": 174.7899932861328,
        "52w_low": 0
    },
    "NVR": {
        "close": 7487.990234375,
        "sma200": 7533.03705078125,
        "sma50": 7407.146591796875,
        "rsi_weekly": 49.687462123226155,
        "rsi_monthly": 58.86456260855224,
        "52w_high": 8543.0,
        "52w_low": 0
    },
    "NXPI": {
        "close": 232.7100067138672,
        "sma200": 211.78653762817382,
        "sma50": 217.8142446899414,
        "rsi_weekly": 59.10440519987136,
        "rsi_monthly": 70.08245176111315,
        "52w_high": 245.9499969482422,
        "52w_low": 0
    },
    "ORLY": {
        "close": 95.11000061035156,
        "sma200": 96.32821670532226,
        "sma50": 95.58639938354492,
        "rsi_weekly": 47.367688949641014,
        "rsi_monthly": 60.84178922226018,
        "52w_high": 107.81999969482422,
        "52w_low": 0
    },
    "OXY": {
        "close": 42.53499984741211,
        "sma200": 42.443257846832275,
        "sma50": 41.465444793701174,
        "rsi_weekly": 50.04606901842148,
        "rsi_monthly": 49.737903298825415,
        "52w_high": 50.96758270263672,
        "52w_low": 0
    },
    "ODFL": {
        "close": 171.8300018310547,
        "sma200": 152.40947566986085,
        "sma50": 152.07668045043945,
        "rsi_weekly": 65.94639870232511,
        "rsi_monthly": 62.71265166509041,
        "52w_high": 207.7945098876953,
        "52w_low": 0
    }
}