{
    "last_scan_index": 375,
    "AAPL": {
        "close": 255.52999877929688,
        "sma200": 233.7518910217285,
        "sma50": 271.494140625,
        "rsi_weekly": 53.761853069154654,
        "rsi_monthly": 65.05593351342873,
        "52w_high": 286.19000244140625,
        "52w_low": 0
    },
    "NVDA": {
        "close": 186.22999572753906,
        "sma200": 164.04214130401613,
        "sma50": 184.55367309570312,
        "rsi_weekly": 55.83253738636598,
        "rsi_monthly": 76.36247657452401,
        "52w_high": 207.02847290039062,
        "52w_low": 0
    },
    "TSLA": {
        "close": 437.5,
        "sma200": 369.1239003753662,
        "sma50": 443.0688018798828,
        "rsi_weekly": 57.433070397524055,
        "rsi_monthly": 70.21254147643917,
        "52w_high": 489.8800048828125,
        "52w_low": 0
    },
    "MSFT": {
        "close": 459.8599853515625,
        "sma200": 481.05499572753905,
        "sma50": 484.6280310058594,
        "rsi_weekly": 46.924932777806426,
        "rsi_monthly": 64.9448477454845,
        "52w_high": 541.057373046875,
        "52w_low": 0
    },
    "AMD": {
        "close": 231.8300018310547,
        "sma200": 168.69094982147217,
        "sma50": 220.51739990234375,
        "rsi_weekly": 52.90812131363197,
        "rsi_monthly": 69.38721493424931,
        "52w_high": 264.3299865722656,
        "52w_low": 0
    },
    "OMC": {
        "close": 79.79000091552734,
        "sma200": 74.29977836608887,
        "sma50": 76.004765625,
        "rsi_weekly": 54.9005613703788,
        "rsi_monthly": 45.46672254637021,
        "52w_high": 85.14195251464844,
        "52w_low": 0
    },
    "ON": {
        "close": 60.33000183105469,
        "sma200": 49.83965005874634,
        "sma50": 53.5512003326416,
        "rsi_weekly": 66.63842813991741,
        "rsi_monthly": 61.550226337426814,
        "52w_high": 62.45000076293945,
        "52w_low": 0
    },
    "OKE": {
        "close": 74.4000015258789,
        "sma200": 75.12283103942872,
        "sma50": 72.10359970092773,
        "rsi_weekly": 47.72022635923958,
        "rsi_monthly": 59.091545556548915,
        "52w_high": 104.35750579833984,
        "52w_low": 0
    },
    "ORCL": {
        "close": 191.08999633789062,
        "sma200": 216.8200584411621,
        "sma50": 205.48321197509765,
        "rsi_weekly": 42.60087549379588,
        "rsi_monthly": 53.69358590009089,
        "52w_high": 326.8970947265625,
        "52w_low": 0
    },
    "OTIS": {
        "close": 90.16000366210938,
        "sma200": 91.39943096160889,
        "sma50": 88.48306686401367,
        "rsi_weekly": 50.9419325912034,
        "rsi_monthly": 59.907564966923765,
        "52w_high": 102.87491607666016,
        "52w_low": 0
    },
    "PCAR": {
        "close": 121.36000061035156,
        "sma200": 97.43322025299072,
        "sma50": 107.52677185058593,
        "rsi_weekly": 72.59471052090902,
        "rsi_monthly": 72.91687744321878,
        "52w_high": 121.91999816894531,
        "52w_low": 0
    },
    "PKG": {
        "close": 221.3300018310547,
        "sma200": 198.51217308044434,
        "sma50": 203.67197937011719,
        "rsi_weekly": 61.98625928102841,
        "rsi_monthly": 66.4037846316432,
        "52w_high": 236.16151428222656,
        "52w_low": 0
    },
    "PANW": {
        "close": 187.66000366210938,
        "sma200": 192.86125022888183,
        "sma50": 192.95420013427736,
        "rsi_weekly": 47.43266878873063,
        "rsi_monthly": 41.463758262734274,
        "52w_high": 221.3800048828125,
        "52w_low": 0
    },
    "PH": {
        "close": 944.27001953125,
        "sma200": 739.4418399047852,
        "sma50": 873.8411901855469,
        "rsi_weekly": 76.77899915642206,
        "rsi_monthly": 85.1623691361774,
        "52w_high": 944.5800170898438,
        "52w_low": 0
    },
    "PAYX": {
        "close": 111.18000030517578,
        "sma200": 132.2845114517212,
        "sma50": 112.26649551391601,
        "rsi_weekly": 38.209165491469584,
        "rsi_monthly": 41.10533585424841,
        "52w_high": 157.0591278076172,
        "52w_low": 0
    },
    "PAYC": {
        "close": 148.41000366210938,
        "sma200": 209.03743698120118,
        "sma50": 161.79636810302733,
        "rsi_weekly": 31.32847489993825,
        "rsi_monthly": 34.302143168799326,
        "52w_high": 264.6704406738281,
        "52w_low": 0
    },
    "PYPL": {
        "close": 56.88999938964844,
        "sma200": 67.2874531173706,
        "sma50": 60.94821907043457,
        "rsi_weekly": 33.85673439075665,
        "rsi_monthly": 38.232637776079414,
        "52w_high": 91.5982437133789,
        "52w_low": 0
    },
    "PNR": {
        "close": 107.30000305175781,
        "sma200": 102.30100666046143,
        "sma50": 104.86600036621094,
        "rsi_weekly": 46.954924746379085,
        "rsi_monthly": 68.20960357516012,
        "52w_high": 112.33572387695312,
        "52w_low": 0
    },
    "PEP": {
        "close": 146.32000732421875,
        "sma200": 139.32703956604004,
        "sma50": 144.8658709716797,
        "rsi_weekly": 45.327535671665046,
        "rsi_monthly": 42.553428743619484,
        "52w_high": 152.22113037109375,
        "52w_low": 0
    },
    "PFE": {
        "close": 25.649999618530273,
        "sma200": 23.945383052825928,
        "sma50": 25.296883125305175,
        "rsi_weekly": 55.07166412644554,
        "rsi_monthly": 46.70494380919461,
        "52w_high": 26.896394729614258,
        "52w_low": 0
    },
    "PCG": {
        "close": 15.609999656677246,
        "sma200": 15.534943838119506,
        "sma50": 15.786626091003418,
        "rsi_weekly": 51.39526880748017,
        "rsi_monthly": 45.16959456122393,
        "52w_high": 17.75307846069336,
        "52w_low": 0
    },
    "PM": {
        "close": 173.6199951171875,
        "sma200": 162.1155982208252,
        "sma50": 156.18496185302735,
        "rsi_weekly": 54.815673514897064,
        "rsi_monthly": 63.33760192213591,
        "52w_high": 180.2153778076172,
        "52w_low": 0
    },
    "PSX": {
        "close": 138.27999877929688,
        "sma200": 124.29706546783447,
        "sma50": 136.25177764892578,
        "rsi_weekly": 59.223423528263346,
        "rsi_monthly": 49.696598632704855,
        "52w_high": 144.22000122070312,
        "52w_low": 0
    },
    "PNW": {
        "close": 93.70999908447266,
        "sma200": 89.1444877243042,
        "sma50": 88.83300048828124,
        "rsi_weekly": 51.46898017423087,
        "rsi_monthly": 59.384215716856765,
        "52w_high": 93.70999908447266,
        "52w_low": 0
    },
    "PNC": {
        "close": 223.17999267578125,
        "sma200": 186.81308151245116,
        "sma50": 201.42339965820312,
        "rsi_weekly": 67.98248247246423,
        "rsi_monthly": 58.82046446663455,
        "52w_high": 223.17999267578125,
        "52w_low": 0
    },
    "POOL": {
        "close": 267.989990234375,
        "sma200": 287.6266873168945,
        "sma50": 242.01807189941405,
        "rsi_weekly": 41.669122518776206,
        "rsi_monthly": 45.12073591357386,
        "52w_high": 358.43194580078125,
        "52w_low": 0
    },
    "PPG": {
        "close": 110.22000122070312,
        "sma200": 105.54775951385498,
        "sma50": 101.44315948486329,
        "rsi_weekly": 54.8206499677159,
        "rsi_monthly": 39.604179749975664,
        "52w_high": 121.09014129638672,
        "52w_low": 0
    },
    "PPL": {
        "close": 36.83000183105469,
        "sma200": 35.11328842163086,
        "sma50": 35.17456718444824,
        "rsi_weekly": 46.06347265177621,
        "rsi_monthly": 63.58121569227434,
        "52w_high": 37.66332244873047,
        "52w_low": 0
    }
}