{
    "last_scan_index": 425,
    "AAPL": {
        "close": 250.9600067138672,
        "sma200": 233.89105598449706,
        "sma50": 271.1157730102539,
        "rsi_weekly": 51.05965900676993,
        "rsi_monthly": 65.05593369219902,
        "52w_high": 286.19000244140625,
        "52w_low": 0
    },
    "NVDA": {
        "close": 180.02499389648438,
        "sma200": 164.39026653289795,
        "sma50": 184.25019012451173,
        "rsi_weekly": 56.61352274220328,
        "rsi_monthly": 76.3624748542071,
        "52w_high": 207.02847290039062,
        "52w_low": 0
    },
    "TSLA": {
        "close": 425.2301025390625,
        "sma200": 369.8362508392334,
        "sma50": 442.3320037841797,
        "rsi_weekly": 55.767272209839355,
        "rsi_monthly": 70.21254147643917,
        "52w_high": 489.8800048828125,
        "52w_low": 0
    },
    "MSFT": {
        "close": 454.7699890136719,
        "sma200": 481.4283345031738,
        "sma50": 483.5991796875,
        "rsi_weekly": 40.97292761980295,
        "rsi_monthly": 64.9448435277343,
        "52w_high": 541.057373046875,
        "52w_low": 0
    },
    "AMD": {
        "close": 238.2700958251953,
        "sma200": 169.36750030517578,
        "sma50": 220.15620208740233,
        "rsi_weekly": 60.57175331207617,
        "rsi_monthly": 69.38721493424931,
        "52w_high": 264.3299865722656,
        "52w_low": 0
    },
    "ROL": {
        "close": 62.584999084472656,
        "sma200": 57.26397621154785,
        "sma50": 60.083777542114255,
        "rsi_weekly": 65.28779569920798,
        "rsi_monthly": 72.24760187049765,
        "52w_high": 62.72999954223633,
        "52w_low": 0
    },
    "ROP": {
        "close": 407.7099914550781,
        "sma200": 511.97717788696286,
        "sma50": 441.16307861328124,
        "rsi_weekly": 22.05709392275044,
        "rsi_monthly": 36.594961777257595,
        "52w_high": 589.9105834960938,
        "52w_low": 0
    },
    "ROST": {
        "close": 190.6522979736328,
        "sma200": 151.62104705810546,
        "sma50": 177.83171112060546,
        "rsi_weekly": 80.93963246233744,
        "rsi_monthly": 74.96833393672995,
        "52w_high": 193.7899932861328,
        "52w_low": 0
    },
    "RCL": {
        "close": 273.2550048828125,
        "sma200": 284.8660118103027,
        "sma50": 273.34437591552734,
        "rsi_weekly": 47.33950477185866,
        "rsi_monthly": 57.189954412095936,
        "52w_high": 363.48126220703125,
        "52w_low": 0
    },
    "SPGI": {
        "close": 535.0499877929688,
        "sma200": 510.16539978027345,
        "sma50": 510.4360632324219,
        "rsi_weekly": 62.654518675178736,
        "rsi_monthly": 47.477814886939015,
        "52w_high": 562.0632934570312,
        "52w_low": 0
    },
    "CRM": {
        "close": 226.67999267578125,
        "sma200": 254.58582344055176,
        "sma50": 248.13614135742188,
        "rsi_weekly": 40.487157031963726,
        "rsi_monthly": 61.20226036713292,
        "52w_high": 357.6153564453125,
        "52w_low": 0
    },
    "SBAC": {
        "close": 188.72999572753906,
        "sma200": 209.4911494445801,
        "sma50": 191.84133239746095,
        "rsi_weekly": 46.094847659704996,
        "rsi_monthly": 31.93342198418092,
        "52w_high": 239.70611572265625,
        "52w_low": 0
    },
    "SLB": {
        "close": 46.665000915527344,
        "sma200": 35.32413907051087,
        "sma50": 39.07342445373535,
        "rsi_weekly": 72.86036580655194,
        "rsi_monthly": 47.56524745291873,
        "52w_high": 46.970001220703125,
        "52w_low": 0
    },
    "STX": {
        "close": 327.70001220703125,
        "sma200": 186.7311536026001,
        "sma50": 283.6814074707031,
        "rsi_weekly": 74.94780040016097,
        "rsi_monthly": 89.803539520008,
        "52w_high": 330.4200134277344,
        "52w_low": 0
    },
    "SRE": {
        "close": 90.79000091552734,
        "sma200": 81.67957956314086,
        "sma50": 89.90627914428711,
        "rsi_weekly": 62.12463405145142,
        "rsi_monthly": 58.77791978854552,
        "52w_high": 94.03408813476562,
        "52w_low": 0
    },
    "NOW": {
        "close": 128.0399932861328,
        "sma200": 179.9372794342041,
        "sma50": 158.0503189086914,
        "rsi_weekly": 25.709552729998446,
        "rsi_monthly": 42.4680627861414,
        "52w_high": 234.0780029296875,
        "52w_low": 0
    },
    "SHW": {
        "close": 352.1700134277344,
        "sma200": 343.4584521484375,
        "sma50": 335.38823974609375,
        "rsi_weekly": 57.944048024399315,
        "rsi_monthly": 60.75316823752295,
        "52w_high": 374.35516357421875,
        "52w_low": 0
    },
    "SPG": {
        "close": 184.14999389648438,
        "sma200": 168.48571434020997,
        "sma50": 182.86769348144531,
        "rsi_weekly": 60.38247442332332,
        "rsi_monthly": 72.61054180407368,
        "52w_high": 188.2899932861328,
        "52w_low": 0
    },
    "SWKS": {
        "close": 57.814998626708984,
        "sma200": 68.82174325942994,
        "sma50": 64.66944328308105,
        "rsi_weekly": 36.242218923202685,
        "rsi_monthly": 37.666313371711546,
        "52w_high": 90.16692352294922,
        "52w_low": 0
    },
    "SJM": {
        "close": 103.12000274658203,
        "sma200": 105.22163539886475,
        "sma50": 101.70938247680664,
        "rsi_weekly": 47.618719802668735,
        "rsi_monthly": 28.52802627501883,
        "52w_high": 115.06596374511719,
        "52w_low": 0
    },
    "SNA": {
        "close": 363.80950927734375,
        "sma200": 327.68032974243164,
        "sma50": 346.4263787841797,
        "rsi_weekly": 62.31721784426078,
        "rsi_monthly": 51.62141902080981,
        "52w_high": 363.80950927734375,
        "52w_low": 0
    },
    "SO": {
        "close": 88.94000244140625,
        "sma200": 90.23502780914306,
        "sma50": 87.92148498535157,
        "rsi_weekly": 48.420195412492035,
        "rsi_monthly": 51.197941213552085,
        "52w_high": 98.90631866455078,
        "52w_low": 0
    },
    "LUV": {
        "close": 42.88460159301758,
        "sma200": 32.974094982147214,
        "sma50": 38.18354824066162,
        "rsi_weekly": 69.99163096072417,
        "rsi_monthly": 75.95083772180784,
        "52w_high": 44.52000045776367,
        "52w_low": 0
    },
    "SWK": {
        "close": 81.66000366210938,
        "sma200": 68.91478151321411,
        "sma50": 73.1204020690918,
        "rsi_weekly": 64.94505983836962,
        "rsi_monthly": 41.77160182299698,
        "52w_high": 86.36911010742188,
        "52w_low": 0
    },
    "SBUX": {
        "close": 93.23999786376953,
        "sma200": 86.0505863571167,
        "sma50": 86.10767959594726,
        "rsi_weekly": 58.385725030824744,
        "rsi_monthly": 51.02709091066737,
        "52w_high": 113.42715454101562,
        "52w_low": 0
    },
    "STT": {
        "close": 124.83999633789062,
        "sma200": 108.41594032287598,
        "sma50": 124.33018539428711,
        "rsi_weekly": 64.68510679567491,
        "rsi_monthly": 84.02669624689996,
        "52w_high": 136.2899932861328,
        "52w_low": 0
    },
    "SYK": {
        "close": 362.56500244140625,
        "sma200": 372.46044555664065,
        "sma50": 359.4878503417969,
        "rsi_weekly": 48.56577722700476,
        "rsi_monthly": 56.455599821444196,
        "52w_high": 401.61309814453125,
        "52w_low": 0
    },
    "SYF": {
        "close": 77.87999725341797,
        "sma200": 69.05964431762695,
        "sma50": 80.0818000793457,
        "rsi_weekly": 57.39857004926196,
        "rsi_monthly": 77.20157688238815,
        "52w_high": 88.47000122070312,
        "52w_low": 0
    },
    "SNPS": {
        "close": 507.05999755859375,
        "sma200": 493.730350189209,
        "sma50": 454.1913995361328,
        "rsi_weekly": 55.95480495607484,
        "rsi_monthly": 54.61157390579129,
        "52w_high": 645.3499755859375,
        "52w_low": 0
    }
}