{
    "last_scan_index": 375,
    "AAPL": {
        "close": 260.25,
        "sma200": 232.99837615966797,
        "sma50": 272.3954052734375,
        "rsi_weekly": 53.761853253995014,
        "rsi_monthly": 65.05591515357852,
        "52w_high": 286.19000244140625,
        "52w_low": 0
    },
    "NVDA": {
        "close": 184.94000244140625,
        "sma200": 162.5287424468994,
        "sma50": 185.92717041015624,
        "rsi_weekly": 55.832537504886815,
        "rsi_monthly": 76.36247536545226,
        "52w_high": 207.02847290039062,
        "52w_low": 0
    },
    "TSLA": {
        "close": 448.9599914550781,
        "sma200": 365.63305015563964,
        "sma50": 444.0052014160156,
        "rsi_weekly": 57.433070397524055,
        "rsi_monthly": 70.21254147643917,
        "52w_high": 489.8800048828125,
        "52w_low": 0
    },
    "MSFT": {
        "close": 477.17999267578125,
        "sma200": 479.4162347412109,
        "sma50": 489.1177075195312,
        "rsi_weekly": 46.92493296102291,
        "rsi_monthly": 64.94486920326408,
        "52w_high": 541.057373046875,
        "52w_low": 0
    },
    "AMD": {
        "close": 207.69000244140625,
        "sma200": 166.2462997817993,
        "sma50": 222.8441995239258,
        "rsi_weekly": 52.90812131363197,
        "rsi_monthly": 69.38721493424931,
        "52w_high": 264.3299865722656,
        "52w_low": 0
    },
    "OMC": {
        "close": 78.16000366210938,
        "sma200": 74.28023235321045,
        "sma50": 75.51304351806641,
        "rsi_weekly": 54.900561760375176,
        "rsi_monthly": 45.466722076232436,
        "52w_high": 85.1419448852539,
        "52w_low": 0
    },
    "ON": {
        "close": 58.75,
        "sma200": 49.4646000289917,
        "sma50": 52.73260025024414,
        "rsi_weekly": 66.63842813991741,
        "rsi_monthly": 61.550226337426814,
        "52w_high": 62.45000076293945,
        "52w_low": 0
    },
    "OKE": {
        "close": 72.48999786376953,
        "sma200": 75.5341576385498,
        "sma50": 71.37328582763672,
        "rsi_weekly": 47.72022651222576,
        "rsi_monthly": 59.0915287326566,
        "52w_high": 104.35751342773438,
        "52w_low": 0
    },
    "ORCL": {
        "close": 204.67999267578125,
        "sma200": 215.74934909820556,
        "sma50": 210.4027377319336,
        "rsi_weekly": 42.600874442070776,
        "rsi_monthly": 53.69357804236151,
        "52w_high": 326.8970642089844,
        "52w_low": 0
    },
    "OTIS": {
        "close": 89.48999786376953,
        "sma200": 91.63195861816406,
        "sma50": 88.56671813964844,
        "rsi_weekly": 50.94193285185556,
        "rsi_monthly": 59.90756564072963,
        "52w_high": 102.87491607666016,
        "52w_low": 0
    },
    "PCAR": {
        "close": 118.45999908447266,
        "sma200": 96.93456912994385,
        "sma50": 105.60019607543946,
        "rsi_weekly": 72.59470889157213,
        "rsi_monthly": 72.91687241735721,
        "52w_high": 118.80000305175781,
        "52w_low": 0
    },
    "PKG": {
        "close": 217.22000122070312,
        "sma200": 197.9889909362793,
        "sma50": 201.6317202758789,
        "rsi_weekly": 61.98625983187387,
        "rsi_monthly": 66.403799261631,
        "52w_high": 236.1614990234375,
        "52w_low": 0
    },
    "PANW": {
        "close": 188.8800048828125,
        "sma200": 192.52115020751953,
        "sma50": 195.25600036621094,
        "rsi_weekly": 47.43266878873063,
        "rsi_monthly": 41.463758262734274,
        "52w_high": 221.3800048828125,
        "52w_low": 0
    },
    "PH": {
        "close": 928.9400024414062,
        "sma200": 732.7623303222656,
        "sma50": 860.2007177734375,
        "rsi_weekly": 76.77899898355521,
        "rsi_monthly": 85.16236163074424,
        "52w_high": 928.9400024414062,
        "52w_low": 0
    },
    "PAYX": {
        "close": 112.69000244140625,
        "sma200": 133.06146385192872,
        "sma50": 112.6349626159668,
        "rsi_weekly": 38.209167055462835,
        "rsi_monthly": 41.10532335090536,
        "52w_high": 157.05911254882812,
        "52w_low": 0
    },
    "PAYC": {
        "close": 158.94000244140625,
        "sma200": 210.36714332580567,
        "sma50": 164.27957794189453,
        "rsi_weekly": 31.328477078161892,
        "rsi_monthly": 34.302144253147354,
        "52w_high": 264.6704406738281,
        "52w_low": 0
    },
    "PYPL": {
        "close": 57.290000915527344,
        "sma200": 67.47194299697875,
        "sma50": 61.81108947753906,
        "rsi_weekly": 33.85673439075665,
        "rsi_monthly": 38.232637776079414,
        "52w_high": 91.5982437133789,
        "52w_low": 0
    },
    "PNR": {
        "close": 103.08000183105469,
        "sma200": 101.93790477752685,
        "sma50": 104.98440017700196,
        "rsi_weekly": 46.954924820164635,
        "rsi_monthly": 68.20960579787155,
        "52w_high": 112.33572387695312,
        "52w_low": 0
    },
    "PEP": {
        "close": 141.36000061035156,
        "sma200": 139.31878429412842,
        "sma50": 144.71048370361328,
        "rsi_weekly": 45.327535910141904,
        "rsi_monthly": 42.55348243404656,
        "52w_high": 152.22113037109375,
        "52w_low": 0
    },
    "PFE": {
        "close": 25.270000457763672,
        "sma200": 23.908478574752806,
        "sma50": 25.17560230255127,
        "rsi_weekly": 55.07166378374323,
        "rsi_monthly": 46.704944044315525,
        "52w_high": 26.896394729614258,
        "52w_low": 0
    },
    "PCG": {
        "close": 15.699999809265137,
        "sma200": 15.56130018234253,
        "sma50": 15.804650325775146,
        "rsi_weekly": 51.3952689606097,
        "rsi_monthly": 45.16955344782728,
        "52w_high": 17.75307846069336,
        "52w_low": 0
    },
    "PM": {
        "close": 165.16000366210938,
        "sma200": 161.75474601745606,
        "sma50": 154.0644921875,
        "rsi_weekly": 54.81567350686373,
        "rsi_monthly": 63.33758770429562,
        "52w_high": 180.2153778076172,
        "52w_low": 0
    },
    "PSX": {
        "close": 138.85000610351562,
        "sma200": 123.91377395629883,
        "sma50": 135.9495556640625,
        "rsi_weekly": 59.223423427656684,
        "rsi_monthly": 49.69662238911319,
        "52w_high": 144.22000122070312,
        "52w_low": 0
    },
    "PNW": {
        "close": 89.66000366210938,
        "sma200": 89.12860012054443,
        "sma50": 88.53778839111328,
        "rsi_weekly": 51.46898024122411,
        "rsi_monthly": 59.38421107448599,
        "52w_high": 92.81592559814453,
        "52w_low": 0
    },
    "PNC": {
        "close": 215.74000549316406,
        "sma200": 185.8877075958252,
        "sma50": 198.7748001098633,
        "rsi_weekly": 67.98248251953191,
        "rsi_monthly": 58.820430755976666,
        "52w_high": 218.63999938964844,
        "52w_low": 0
    },
    "POOL": {
        "close": 258.4599914550781,
        "sma200": 288.6090766906738,
        "sma50": 241.89009887695312,
        "rsi_weekly": 41.669122832304915,
        "rsi_monthly": 45.120718934669085,
        "52w_high": 358.4319763183594,
        "52w_low": 0
    },
    "PPG": {
        "close": 108.05000305175781,
        "sma200": 105.49239799499512,
        "sma50": 100.35894775390625,
        "rsi_weekly": 54.82064861691434,
        "rsi_monthly": 39.604130341673695,
        "52w_high": 121.09014129638672,
        "52w_low": 0
    },
    "PPL": {
        "close": 34.79999923706055,
        "sma200": 35.095496559143065,
        "sma50": 35.20998268127441,
        "rsi_weekly": 46.063473425153944,
        "rsi_monthly": 63.581206912258175,
        "52w_high": 37.66332244873047,
        "52w_low": 0
    }
}