{
    "last_scan_index": 175,
    "AAPL": {
        "close": 259.0400085449219,
        "sma200": 232.61908866882325,
        "sma50": 272.7665710449219,
        "rsi_weekly": 63.04886179562975,
        "rsi_monthly": 65.05598759157208,
        "52w_high": 286.19000244140625,
        "52w_low": 0
    },
    "NVDA": {
        "close": 185.0399932861328,
        "sma200": 161.85177993774414,
        "sma50": 186.69211608886718,
        "rsi_weekly": 58.64870589478637,
        "rsi_monthly": 76.36247581889458,
        "52w_high": 207.02847290039062,
        "52w_low": 0
    },
    "TSLA": {
        "close": 435.79998779296875,
        "sma200": 363.9642002105713,
        "sma50": 444.56700134277344,
        "rsi_weekly": 56.31157929953819,
        "rsi_monthly": 70.21254147643917,
        "52w_high": 489.8800048828125,
        "52w_low": 0
    },
    "MSFT": {
        "close": 478.1099853515625,
        "sma200": 478.53865203857424,
        "sma50": 491.6204217529297,
        "rsi_weekly": 44.490724487119216,
        "rsi_monthly": 64.9448634397906,
        "52w_high": 541.057373046875,
        "52w_low": 0
    },
    "AMD": {
        "close": 204.67999267578125,
        "sma200": 165.31699977874757,
        "sma50": 225.07379943847656,
        "rsi_weekly": 60.71614808686848,
        "rsi_monthly": 69.38721493424931,
        "52w_high": 264.3299865722656,
        "52w_low": 0
    },
    "DG": {
        "close": 144.0,
        "sma200": 106.16390434265136,
        "sma50": 117.74131256103516,
        "rsi_weekly": 73.77849508828777,
        "rsi_monthly": 72.08828294315931,
        "52w_high": 144.69000244140625,
        "52w_low": 0
    },
    "DLTR": {
        "close": 131.61000061035156,
        "sma200": 100.36010005950928,
        "sma50": 114.5531997680664,
        "rsi_weekly": 68.83190213665095,
        "rsi_monthly": 72.23544045212721,
        "52w_high": 133.77999877929688,
        "52w_low": 0
    },
    "D": {
        "close": 57.79999923706055,
        "sma200": 57.030618305206296,
        "sma50": 59.39370269775391,
        "rsi_weekly": 52.096012344248244,
        "rsi_monthly": 69.1449789015746,
        "52w_high": 62.06929016113281,
        "52w_low": 0
    },
    "DPZ": {
        "close": 406.5799865722656,
        "sma200": 442.81270721435544,
        "sma50": 414.6201489257812,
        "rsi_weekly": 48.15175744838072,
        "rsi_monthly": 54.821069964198706,
        "52w_high": 491.703125,
        "52w_low": 0
    },
    "DOV": {
        "close": 201.99000549316406,
        "sma200": 178.34730049133302,
        "sma50": 189.29163482666016,
        "rsi_weekly": 61.57224865927706,
        "rsi_monthly": 72.213939124856,
        "52w_high": 204.13925170898438,
        "52w_low": 0
    },
    "DOW": {
        "close": 25.920000076293945,
        "sma200": 25.14436131477356,
        "sma50": 23.16265464782715,
        "rsi_weekly": 49.232855262136226,
        "rsi_monthly": 39.84671901103124,
        "52w_high": 39.00429153442383,
        "52w_low": 0
    },
    "DHI": {
        "close": 145.89999389648438,
        "sma200": 143.47376655578614,
        "sma50": 148.5946875,
        "rsi_weekly": 46.34706896636076,
        "rsi_monthly": 54.457060523672254,
        "52w_high": 183.47286987304688,
        "52w_low": 0
    },
    "DTE": {
        "close": 129.6300048828125,
        "sma200": 133.55352172851562,
        "sma50": 132.23303283691405,
        "rsi_weekly": 44.203549133642426,
        "rsi_monthly": 62.68151250772004,
        "52w_high": 142.03366088867188,
        "52w_low": 0
    },
    "DUK": {
        "close": 117.31999969482422,
        "sma200": 118.83363220214844,
        "sma50": 119.70890014648438,
        "rsi_weekly": 45.238193691469526,
        "rsi_monthly": 51.12218394973829,
        "52w_high": 127.91812133789062,
        "52w_low": 0
    },
    "DD": {
        "close": 43.400001525878906,
        "sma200": 32.23927209854126,
        "sma50": 39.595194778442384,
        "rsi_weekly": 70.69921493152727,
        "rsi_monthly": 79.41051157048689,
        "52w_high": 43.439998626708984,
        "52w_low": 0
    },
    "EMN": {
        "close": 68.77999877929688,
        "sma200": 68.67912202835083,
        "sma50": 61.51490142822266,
        "rsi_weekly": 47.80149585579541,
        "rsi_monthly": 46.11038829320413,
        "52w_high": 98.8975830078125,
        "52w_low": 0
    },
    "ETN": {
        "close": 320.5799865722656,
        "sma200": 339.878585357666,
        "sma50": 343.7636016845703,
        "rsi_weekly": 42.94230082305122,
        "rsi_monthly": 63.99908816363415,
        "52w_high": 391.6195373535156,
        "52w_low": 0
    },
    "EBAY": {
        "close": 90.87999725341797,
        "sma200": 81.45304996490478,
        "sma50": 84.57816360473633,
        "rsi_weekly": 54.26753169893191,
        "rsi_monthly": 78.55947164829684,
        "52w_high": 100.1019287109375,
        "52w_low": 0
    },
    "ECL": {
        "close": 271.739990234375,
        "sma200": 262.6966393280029,
        "sma50": 262.450436706543,
        "rsi_weekly": 48.58598848210381,
        "rsi_monthly": 71.90331988174944,
        "52w_high": 283.9881286621094,
        "52w_low": 0
    },
    "EIX": {
        "close": 59.61000061035156,
        "sma200": 53.88960205078125,
        "sma50": 57.45738784790039,
        "rsi_weekly": 61.908484350072136,
        "rsi_monthly": 50.73293908291442,
        "52w_high": 72.80368041992188,
        "52w_low": 0
    },
    "EW": {
        "close": 84.58000183105469,
        "sma200": 78.29195014953613,
        "sma50": 84.81440002441406,
        "rsi_weekly": 58.50741983235858,
        "rsi_monthly": 70.0985485603512,
        "52w_high": 86.94000244140625,
        "52w_low": 0
    },
    "EA": {
        "close": 204.22000122070312,
        "sma200": 171.8558348083496,
        "sma50": 202.50817260742187,
        "rsi_weekly": 77.49164143504504,
        "rsi_monthly": 73.75147572378484,
        "52w_high": 204.7899932861328,
        "52w_low": 0
    },
    "ELV": {
        "close": 374.7699890136719,
        "sma200": 349.05697525024414,
        "sma50": 335.6029321289063,
        "rsi_weekly": 54.63577905097712,
        "rsi_monthly": 44.34681104687083,
        "52w_high": 445.95867919921875,
        "52w_low": 0
    },
    "EMR": {
        "close": 143.85000610351562,
        "sma200": 127.22231155395508,
        "sma50": 133.95674179077147,
        "rsi_weekly": 55.00583794945319,
        "rsi_monthly": 71.20908780105829,
        "52w_high": 148.3981170654297,
        "52w_low": 0
    },
    "ENPH": {
        "close": 35.43000030517578,
        "sma200": 38.972750120162964,
        "sma50": 31.025599975585937,
        "rsi_weekly": 44.629281240762246,
        "rsi_monthly": 57.780371298458256,
        "52w_high": 73.51000213623047,
        "52w_low": 0
    },
    "EOG": {
        "close": 105.56999969482422,
        "sma200": 112.53903701782227,
        "sma50": 106.73039993286133,
        "rsi_weekly": 45.62343783759699,
        "rsi_monthly": 43.56585508166054,
        "52w_high": 133.43551635742188,
        "52w_low": 0
    },
    "EPAM": {
        "close": 219.77999877929688,
        "sma200": 171.06295013427734,
        "sma50": 192.18300048828124,
        "rsi_weekly": 60.22219603839754,
        "rsi_monthly": 60.32420314482,
        "52w_high": 267.6300048828125,
        "52w_low": 0
    },
    "EQT": {
        "close": 52.20000076293945,
        "sma200": 54.05774209976196,
        "sma50": 56.3791902923584,
        "rsi_weekly": 47.74786333215795,
        "rsi_monthly": 62.600801254506074,
        "52w_high": 61.16999816894531,
        "52w_low": 0
    },
    "EFX": {
        "close": 218.02999877929688,
        "sma200": 239.94298706054687,
        "sma50": 213.17624481201173,
        "rsi_weekly": 40.05294138163309,
        "rsi_monthly": 59.0930851153152,
        "52w_high": 278.7853698730469,
        "52w_low": 0
    },
    "EQIX": {
        "close": 781.8800048828125,