{
    "last_scan_index": 450,
    "AAPL": {
        "close": 256.8100891113281,
        "sma200": 232.60793922424315,
        "sma50": 272.72197265625,
        "rsi_weekly": 63.048862524813146,
        "rsi_monthly": 65.05596986604449,
        "52w_high": 286.19000244140625,
        "52w_low": 0
    },
    "NVDA": {
        "close": 184.41000366210938,
        "sma200": 161.8486299133301,
        "sma50": 186.6795162963867,
        "rsi_weekly": 58.648705793022124,
        "rsi_monthly": 76.36247829766374,
        "52w_high": 207.02847290039062,
        "52w_low": 0
    },
    "TSLA": {
        "close": 434.4599914550781,
        "sma200": 363.9575002288818,
        "sma50": 444.54020141601563,
        "rsi_weekly": 56.31157929953819,
        "rsi_monthly": 70.21254147643917,
        "52w_high": 489.8800048828125,
        "52w_low": 0
    },
    "MSFT": {
        "close": 477.2300109863281,
        "sma200": 478.53425308227537,
        "sma50": 491.602822265625,
        "rsi_weekly": 44.49072419850479,
        "rsi_monthly": 64.94485237631208,
        "52w_high": 541.057373046875,
        "52w_low": 0
    },
    "AMD": {
        "close": 204.30499267578125,
        "sma200": 165.31512477874756,
        "sma50": 225.06629943847656,
        "rsi_weekly": 60.71614808686848,
        "rsi_monthly": 69.38721493424931,
        "52w_high": 264.3299865722656,
        "52w_low": 0
    },
    "SYY": {
        "close": 74.5199966430664,
        "sma200": 75.03886051177979,
        "sma50": 73.93411254882812,
        "rsi_weekly": 41.34454854384199,
        "rsi_monthly": 47.01136500443853,
        "52w_high": 82.1237564086914,
        "52w_low": 0
    },
    "TMUS": {
        "close": 197.19500732421875,
        "sma200": 230.87640518188476,
        "sma50": 204.59312133789064,
        "rsi_weekly": 36.160990360379124,
        "rsi_monthly": 49.89461802125272,
        "52w_high": 269.53662109375,
        "52w_low": 0
    },
    "TROW": {
        "close": 108.44999694824219,
        "sma200": 98.00421360015869,
        "sma50": 102.42895126342773,
        "rsi_weekly": 57.10530555863192,
        "rsi_monthly": 60.483574841090345,
        "52w_high": 111.02996826171875,
        "52w_low": 0
    },
    "TTWO": {
        "close": 252.90499877929688,
        "sma200": 237.06282508850097,
        "sma50": 246.7206997680664,
        "rsi_weekly": 56.96502839426922,
        "rsi_monthly": 52.059212934817936,
        "52w_high": 262.2900085449219,
        "52w_low": 0
    },
    "TPR": {
        "close": 133.68499755859375,
        "sma200": 98.0667074584961,
        "sma50": 115.46794036865235,
        "rsi_weekly": 68.4150974163508,
        "rsi_monthly": 84.18372093427936,
        "52w_high": 133.68499755859375,
        "52w_low": 0
    },
    "TRGP": {
        "close": 177.31500244140625,
        "sma200": 167.39104469299318,
        "sma50": 174.0591842651367,
        "rsi_weekly": 62.16780259708772,
        "rsi_monthly": 70.66237554711145,
        "52w_high": 212.51329040527344,
        "52w_low": 0
    },
    "TGT": {
        "close": 107.41999816894531,
        "sma200": 94.32873317718506,
        "sma50": 93.56661666870117,
        "rsi_weekly": 58.12631434986682,
        "rsi_monthly": 58.73194258061865,
        "52w_high": 136.47894287109375,
        "52w_low": 0
    },
    "TEL": {
        "close": 224.75999450683594,
        "sma200": 194.17411087036132,
        "sma50": 233.6401986694336,
        "rsi_weekly": 63.457292017726694,
        "rsi_monthly": 74.71038886566309,
        "52w_high": 249.0,
        "52w_low": 0
    },
    "TDY": {
        "close": 545.1950073242188,
        "sma200": 519.2323252868653,
        "sma50": 511.99550048828127,
        "rsi_weekly": 48.46405922548641,
        "rsi_monthly": 58.290777462975825,
        "52w_high": 593.6199951171875,
        "52w_low": 0
    },
    "TFX": {
        "close": 111.91999816894531,
        "sma200": 122.64807121276856,
        "sma50": 118.90536987304688,
        "rsi_weekly": 48.88332465492558,
        "rsi_monthly": 19.834895038336164,
        "52w_high": 181.6382293701172,
        "52w_low": 0
    },
    "TER": {
        "close": 215.82000732421875,
        "sma200": 122.10367378234864,
        "sma50": 187.56938903808594,
        "rsi_weekly": 73.03474524075739,
        "rsi_monthly": 76.62605364691336,
        "52w_high": 228.83999633789062,
        "52w_low": 0
    },
    "TXN": {
        "close": 187.80999755859375,
        "sma200": 179.52913917541503,
        "sma50": 170.48211303710937,
        "rsi_weekly": 50.24168500652011,
        "rsi_monthly": 54.351919456853636,
        "52w_high": 217.718994140625,
        "52w_low": 0
    },
    "TXT": {
        "close": 91.80000305175781,
        "sma200": 79.31366502761841,
        "sma50": 84.35553970336915,
        "rsi_weekly": 59.33135662202889,
        "rsi_monthly": 65.20719171614854,
        "52w_high": 91.80000305175781,
        "52w_low": 0
    },
    "TMO": {
        "close": 613.9500122070312,
        "sma200": 486.79907775878905,
        "sma50": 578.4873657226562,
        "rsi_weekly": 67.0879360755089,
        "rsi_monthly": 64.82258645331348,
        "52w_high": 620.719970703125,
        "52w_low": 0
    },
    "TJX": {
        "close": 157.7100067138672,
        "sma200": 135.45639030456542,
        "sma50": 150.51458374023437,
        "rsi_weekly": 69.08455067976166,
        "rsi_monthly": 81.40956134254607,
        "52w_high": 157.7100067138672,
        "52w_low": 0
    },
    "TSCO": {
        "close": 51.698001861572266,
        "sma200": 54.18696378707886,
        "sma50": 52.911508865356446,
        "rsi_weekly": 39.38308615566669,
        "rsi_monthly": 62.823041266262564,
        "52w_high": 62.37771224975586,
        "52w_low": 0
    },
    "TT": {
        "close": 379.55999755859375,
        "sma200": 408.94029113769534,
        "sma50": 407.95880004882815,
        "rsi_weekly": 45.48462445422581,
        "rsi_monthly": 65.48619240711525,
        "52w_high": 471.4648742675781,
        "52w_low": 0
    },
    "TDG": {
        "close": 1363.93994140625,
        "sma200": 1330.295228881836,
        "sma50": 1321.8371997070312,
        "rsi_weekly": 54.769985034196104,
        "rsi_monthly": 69.26932000078428,
        "52w_high": 1516.55029296875,
        "52w_low": 0
    },
    "TRV": {
        "close": 284.760009765625,
        "sma200": 269.30824012756347,
        "sma50": 284.34027770996096,
        "rsi_weekly": 56.24150782080585,
        "rsi_monthly": 74.05468667463117,
        "52w_high": 293.8399963378906,
        "52w_low": 0
    },
    "TRU": {
        "close": 83.41500091552734,
        "sma200": 85.23053623199463,
        "sma50": 83.31442428588868,
        "rsi_weekly": 46.96019796825943,
        "rsi_monthly": 65.62875045821542,
        "52w_high": 99.71392822265625,
        "52w_low": 0
    },
    "TYL": {
        "close": 457.70001220703125,
        "sma200": 533.255698852539,
        "sma50": 462.22919982910156,
        "rsi_weekly": 25.92056088045618,
        "rsi_monthly": 44.96701049555504,
        "52w_high": 646.739990234375,
        "52w_low": 0
    },
    "TSN": {
        "close": 57.81999969482422,
        "sma200": 55.22186094284058,
        "sma50": 55.720107879638675,
        "rsi_weekly": 57.94409751169453,
        "rsi_monthly": 54.655987675640255,
        "52w_high": 62.12738037109375,
        "52w_low": 0
    },
    "USB": {
        "close": 55.834999084472656,
        "sma200": 45.47453077316284,
        "sma50": 50.155159378051756,
        "rsi_weekly": 68.40341896848587,
        "rsi_monthly": 70.0845781477183,
        "52w_high": 56.08000183105469,
        "52w_low": 0
    },
    "UDR": {
        "close": 37.26499938964844,
        "sma200": 38.22115131378174,
        "sma50": 35.436700134277345,
        "rsi_weekly": 48.47201159226592,
        "rsi_monthly": 43.748201155365884,
        "52w_high": 44.54217529296875,
        "52w_low": 0
    }
}