{
    "last_scan_index": 75,
    "AAPL": {
        "close": 260.25,
        "sma200": 232.998376083374,
        "sma50": 272.3954052734375,
        "rsi_weekly": 53.761853288721944,
        "rsi_monthly": 65.05591604222255,
        "52w_high": 286.19000244140625,
        "52w_low": 0
    },
    "NVDA": {
        "close": 184.94000244140625,
        "sma200": 162.52874259948732,
        "sma50": 185.92717041015624,
        "rsi_weekly": 55.83253745675469,
        "rsi_monthly": 76.36247629405582,
        "52w_high": 207.02847290039062,
        "52w_low": 0
    },
    "TSLA": {
        "close": 448.9599914550781,
        "sma200": 365.63305015563964,
        "sma50": 444.0052014160156,
        "rsi_weekly": 57.433070397524055,
        "rsi_monthly": 70.21254147643917,
        "52w_high": 489.8800048828125,
        "52w_low": 0
    },
    "MSFT": {
        "close": 477.17999267578125,
        "sma200": 479.41623458862307,
        "sma50": 489.1177075195312,
        "rsi_weekly": 46.92493292241022,
        "rsi_monthly": 64.94486870196339,
        "52w_high": 541.057373046875,
        "52w_low": 0
    },
    "AMD": {
        "close": 207.69000244140625,
        "sma200": 166.2462997817993,
        "sma50": 222.8441995239258,
        "rsi_weekly": 52.90812131363197,
        "rsi_monthly": 69.38721493424931,
        "52w_high": 264.3299865722656,
        "52w_low": 0
    },
    "ADP": {
        "close": 262.79998779296875,
        "sma200": 287.39301856994626,
        "sma50": 256.9132601928711,
        "rsi_weekly": 44.64445753542051,
        "rsi_monthly": 48.93979845671093,
        "52w_high": 321.4271240234375,
        "52w_low": 0
    },
    "AZO": {
        "close": 3523.0,
        "sma200": 3809.3457458496096,
        "sma50": 3619.1160009765626,
        "rsi_weekly": 38.794882181113415,
        "rsi_monthly": 59.03724331970976,
        "52w_high": 4354.5400390625,
        "52w_low": 0
    },
    "AVB": {
        "close": 178.38999938964844,
        "sma200": 189.83715354919434,
        "sma50": 177.76042724609374,
        "rsi_weekly": 43.43434980398233,
        "rsi_monthly": 42.128361012348144,
        "52w_high": 220.14422607421875,
        "52w_low": 0
    },
    "AVY": {
        "close": 187.97000122070312,
        "sma200": 172.3583098602295,
        "sma50": 176.76238220214844,
        "rsi_weekly": 63.258819099612566,
        "rsi_monthly": 66.34416145124445,
        "52w_high": 191.80975341796875,
        "52w_low": 0
    },
    "AXON": {
        "close": 631.72998046875,
        "sma200": 681.7708497619628,
        "sma50": 581.0856018066406,
        "rsi_weekly": 49.00436041366448,
        "rsi_monthly": 60.67064340685401,
        "52w_high": 870.969970703125,
        "52w_low": 0
    },
    "BKR": {
        "close": 47.95000076293945,
        "sma200": 43.08289909362793,
        "sma50": 47.782827606201174,
        "rsi_weekly": 60.63793105713473,
        "rsi_monthly": 63.89123150916031,
        "52w_high": 50.61000061035156,
        "52w_low": 0
    },
    "BALL": {
        "close": 55.470001220703125,
        "sma200": 51.59090303421021,
        "sma50": 50.023320007324216,
        "rsi_weekly": 61.67262450111024,
        "rsi_monthly": 67.95235358333457,
        "52w_high": 59.233028411865234,
        "52w_low": 0
    },
    "BAC": {
        "close": 55.189998626708984,
        "sma200": 47.75397121429443,
        "sma50": 53.959847869873045,
        "rsi_weekly": 67.01206593531562,
        "rsi_monthly": 79.2878560729824,
        "52w_high": 57.25,
        "52w_low": 0
    },
    "BK": {
        "close": 120.66000366210938,
        "sma200": 99.25095539093017,
        "sma50": 113.50299957275391,
        "rsi_weekly": 72.21133033345848,
        "rsi_monthly": 86.43816341375357,
        "52w_high": 121.30999755859375,
        "52w_low": 0
    },
    "BBWI": {
        "close": 22.56999969482422,
        "sma200": 26.403142309188844,
        "sma50": 20.332676162719725,
        "rsi_weekly": 48.65558517671708,
        "rsi_monthly": 45.01091673632347,
        "52w_high": 39.98191833496094,
        "52w_low": 0
    },
    "BAX": {
        "close": 20.149999618530273,
        "sma200": 24.98175510406494,
        "sma50": 18.83774303436279,
        "rsi_weekly": 45.39217468435276,
        "rsi_monthly": 42.31007325550754,
        "52w_high": 36.09502029418945,
        "52w_low": 0
    },
    "BDX": {
        "close": 202.74000549316406,
        "sma200": 185.9324235534668,
        "sma50": 192.1151968383789,
        "rsi_weekly": 59.59179062750696,
        "rsi_monthly": 40.808575475323295,
        "52w_high": 243.80545043945312,
        "52w_low": 0
    },
    "BBY": {
        "close": 67.16999816894531,
        "sma200": 70.33495601654053,
        "sma50": 73.67297439575195,
        "rsi_weekly": 46.535958761634674,
        "rsi_monthly": 57.73043255897691,
        "52w_high": 86.45199584960938,
        "52w_low": 0
    },
    "BIO": {
        "close": 323.0,
        "sma200": 275.09974937438966,
        "sma50": 312.4099981689453,
        "rsi_weekly": 58.6040900729729,
        "rsi_monthly": 52.914979021456986,
        "52w_high": 367.0,
        "52w_low": 0
    },
    "TECH": {
        "close": 66.55999755859375,
        "sma200": 55.185369682312015,
        "sma50": 60.77041061401367,
        "rsi_weekly": 59.037880964550766,
        "rsi_monthly": 52.77789550845805,
        "52w_high": 78.30477905273438,
        "52w_low": 0
    },
    "BIIB": {
        "close": 185.6300048828125,
        "sma200": 142.6449503326416,
        "sma50": 172.14960052490235,
        "rsi_weekly": 69.8578919844878,
        "rsi_monthly": 30.505703427542805,
        "52w_high": 187.6199951171875,
        "52w_low": 0
    },
    "BLK": {
        "close": 1089.260009765625,
        "sma200": 1045.0419708251952,
        "sma50": 1066.0222900390625,
        "rsi_weekly": 52.31745627287674,
        "rsi_monthly": 67.76741250447789,
        "52w_high": 1196.7647705078125,
        "52w_low": 0
    },
    "BX": {
        "close": 156.5800018310547,
        "sma200": 152.18126945495607,
        "sma50": 149.40329223632813,
        "rsi_weekly": 52.567924158750344,
        "rsi_monthly": 58.11288201453024,
        "52w_high": 187.02017211914062,
        "52w_low": 0
    },
    "BA": {
        "close": 239.80999755859375,
        "sma200": 207.20750030517578,
        "sma50": 204.3394009399414,
        "rsi_weekly": 62.485385716632614,
        "rsi_monthly": 50.75980119696621,
        "52w_high": 239.80999755859375,
        "52w_low": 0
    },
    "BKNG": {
        "close": 5391.52001953125,
        "sma200": 5262.427353515625,
        "sma50": 5150.29232421875,
        "rsi_weekly": 57.16983566427612,
        "rsi_monthly": 59.50382583225026,
        "52w_high": 5794.83740234375,
        "52w_low": 0
    },
    "BWA": {
        "close": 48.27000045776367,
        "sma200": 38.183878412246706,
        "sma50": 44.57327621459961,
        "rsi_weekly": 71.88561802803991,
        "rsi_monthly": 55.546777964647355,
        "52w_high": 48.27000045776367,
        "52w_low": 0
    },
    "BSX": {
        "close": 95.72000122070312,
        "sma200": 100.77555015563965,
        "sma50": 97.68179992675782,
        "rsi_weekly": 48.14556723363362,
        "rsi_monthly": 64.00956665114143,
        "52w_high": 108.13999938964844,
        "52w_low": 0
    },
    "BMY": {
        "close": 55.77000045776367,
        "sma200": 47.18783010482788,
        "sma50": 50.207702713012694,
        "rsi_weekly": 71.24680897404926,
        "rsi_monthly": 63.23714148438133,
        "52w_high": 60.075191497802734,
        "52w_low": 0
    },
    "AVGO": {
        "close": 352.2099914550781,
        "sma200": 293.5790867614746,
        "sma50": 359.3119598388672,
        "rsi_weekly": 54.56206725516038,
        "rsi_monthly": 72.8159874263624,
        "52w_high": 412.18133544921875,
        "52w_low": 0
    }
}