{
    "last_scan_index": 25,
    "AAPL": {
        "close": 247.64999389648438,
        "sma200": 234.09551811218262,
        "sma50": 270.59339813232424,
        "rsi_weekly": 51.05965916845156,
        "rsi_monthly": 65.05593194004591,
        "52w_high": 286.19000244140625,
        "52w_low": 0
    },
    "NVDA": {
        "close": 183.32000732421875,
        "sma200": 164.7881841659546,
        "sma50": 184.11609985351564,
        "rsi_weekly": 56.61352268266506,
        "rsi_monthly": 76.36247626503649,
        "52w_high": 207.02847290039062,
        "52w_low": 0
    },
    "TSLA": {
        "close": 431.44000244140625,
        "sma200": 370.62715034484864,
        "sma50": 441.9230017089844,
        "rsi_weekly": 55.767272209839355,
        "rsi_monthly": 70.21254147643917,
        "52w_high": 489.8800048828125,
        "52w_low": 0
    },
    "MSFT": {
        "close": 444.1099853515625,
        "sma200": 481.79203338623046,
        "sma50": 482.55295227050783,
        "rsi_weekly": 40.97292807830295,
        "rsi_monthly": 64.94487182916286,
        "52w_high": 541.057373046875,
        "52w_low": 0
    },
    "AMD": {
        "close": 249.8000030517578,
        "sma200": 170.11574981689452,
        "sma50": 220.27120025634767,
        "rsi_weekly": 60.57175331207617,
        "rsi_monthly": 69.38721493424931,
        "52w_high": 264.3299865722656,
        "52w_low": 0
    },
    "MMM": {
        "close": 155.8800048828125,
        "sma200": 153.56695041656494,
        "sma50": 165.77847412109375,
        "rsi_weekly": 58.88716606227948,
        "rsi_monthly": 66.94037338505963,
        "52w_high": 173.08999633789062,
        "52w_low": 0
    },
    "AOS": {
        "close": 72.23999786376953,
        "sma200": 67.90987609863281,
        "sma50": 67.56160018920899,
        "rsi_weekly": 60.3121951103256,
        "rsi_monthly": 58.820626580059624,
        "52w_high": 73.89897918701172,
        "52w_low": 0
    },
    "ABT": {
        "close": 120.7300033569336,
        "sma200": 128.52234367370605,
        "sma50": 125.2128857421875,
        "rsi_weekly": 40.56839937425975,
        "rsi_monthly": 62.30755402306245,
        "52w_high": 137.6374053955078,
        "52w_low": 0
    },
    "ABBV": {
        "close": 216.14999389648438,
        "sma200": 203.83559616088868,
        "sma50": 224.3571920776367,
        "rsi_weekly": 49.16451801761953,
        "rsi_monthly": 74.25423549258501,
        "52w_high": 240.6942901611328,
        "52w_low": 0
    },
    "ACN": {
        "close": 280.7200012207031,
        "sma200": 272.0265073394775,
        "sma50": 264.40359954833986,
        "rsi_weekly": 59.764015015316474,
        "rsi_monthly": 46.79370422654106,
        "52w_high": 394.31280517578125,
        "52w_low": 0
    },
    "ADBE": {
        "close": 294.2300109863281,
        "sma200": 358.09059936523437,
        "sma50": 332.5667999267578,
        "rsi_weekly": 33.0315900848949,
        "rsi_monthly": 22.841396768378708,
        "52w_high": 464.1099853515625,
        "52w_low": 0
    },
    "AES": {
        "close": 14.239999771118164,
        "sma200": 12.544435524940491,
        "sma50": 14.009599971771241,
        "rsi_weekly": 56.36665706725579,
        "rsi_monthly": 41.76982917248566,
        "52w_high": 15.17705249786377,
        "52w_low": 0
    },
    "AFL": {
        "close": 108.55999755859375,
        "sma200": 106.10117473602295,
        "sma50": 110.3862043762207,
        "rsi_weekly": 53.06385936006769,
        "rsi_monthly": 53.16258906429918,
        "52w_high": 114.41313171386719,
        "52w_low": 0
    },
    "A": {
        "close": 139.77000427246094,
        "sma200": 126.23020141601563,
        "sma50": 144.06415283203125,
        "rsi_weekly": 52.80448097683206,
        "rsi_monthly": 59.249729603415176,
        "52w_high": 156.91954040527344,
        "52w_low": 0
    },
    "APD": {
        "close": 263.1099853515625,
        "sma200": 267.76200408935546,
        "sma50": 252.77080017089844,
        "rsi_weekly": 52.5195647697122,
        "rsi_monthly": 35.159695678461084,
        "52w_high": 329.2906494140625,
        "52w_low": 0
    },
    "ABNB": {
        "close": 133.58999633789062,
        "sma200": 127.53000007629394,
        "sma50": 127.72759979248048,
        "rsi_weekly": 51.78294664503753,
        "rsi_monthly": 64.48632187152391,
        "52w_high": 161.4199981689453,
        "52w_low": 0
    },
    "AKAM": {
        "close": 93.72000122070312,
        "sma200": 79.67049964904785,
        "sma50": 88.11019943237305,
        "rsi_weekly": 63.71372599367118,
        "rsi_monthly": 28.03165935349632,
        "52w_high": 102.0999984741211,
        "52w_low": 0
    },
    "ALB": {
        "close": 180.05999755859375,
        "sma200": 88.50090244293213,
        "sma50": 137.23773315429688,
        "rsi_weekly": 78.25271478213126,
        "rsi_monthly": 78.91608259199657,
        "52w_high": 180.05999755859375,
        "52w_low": 0
    },
    "ARE": {
        "close": 58.45000076293945,
        "sma200": 67.6298524093628,
        "sma50": 50.44670738220215,
        "rsi_weekly": 44.79704663383945,
        "rsi_monthly": 31.17754990701603,
        "52w_high": 96.58303833007812,
        "52w_low": 0
    },
    "ALGN": {
        "close": 169.9499969482422,
        "sma200": 159.28204986572266,
        "sma50": 155.32299896240235,
        "rsi_weekly": 58.898416332269164,
        "rsi_monthly": 57.06397118369214,
        "52w_high": 234.88999938964844,
        "52w_low": 0
    },
    "ALLE": {
        "close": 165.8800048828125,
        "sma200": 157.05228160858155,
        "sma50": 162.32740142822266,
        "rsi_weekly": 54.48383293278883,
        "rsi_monthly": 65.98128810418162,
        "52w_high": 179.47000122070312,
        "52w_low": 0
    },
    "LNT": {
        "close": 67.44000244140625,
        "sma200": 63.806668281555176,
        "sma50": 66.36479934692383,
        "rsi_weekly": 57.784348932436494,
        "rsi_monthly": 58.69282602198096,
        "52w_high": 69.47000122070312,
        "52w_low": 0
    },
    "ALL": {
        "close": 193.66000366210938,
        "sma200": 200.4828742980957,
        "sma50": 206.39870513916014,
        "rsi_weekly": 43.13954033003091,
        "rsi_monthly": 63.846947291418026,
        "52w_high": 213.64215087890625,
        "52w_low": 0
    },
    "GOOGL": {
        "close": 328.3800048828125,
        "sma200": 227.8312516784668,
        "sma50": 310.90863708496096,
        "rsi_weekly": 79.03233251159935,
        "rsi_monthly": 79.40275149281406,
        "52w_high": 335.9700012207031,
        "52w_low": 0
    },
    "GOOG": {
        "close": 328.3800048828125,
        "sma200": 228.78313301086425,
        "sma50": 311.5821215820313,
        "rsi_weekly": 79.2118827096411,
        "rsi_monthly": 79.24078585637139,
        "52w_high": 336.42999267578125,
        "52w_low": 0
    },
    "MO": {
        "close": 61.08000183105469,
        "sma200": 58.97957607269287,
        "sma50": 57.75283012390137,
        "rsi_weekly": 59.147807666269614,
        "rsi_monthly": 63.9726640474256,
        "52w_high": 65.45215606689453,
        "52w_low": 0
    },
    "AMZN": {
        "close": 231.30999755859375,
        "sma200": 219.66260017395018,
        "sma50": 232.74899993896486,
        "rsi_weekly": 56.10425910324884,
        "rsi_monthly": 71.52946981803966,
        "52w_high": 254.0,
        "52w_low": 0
    },
    "AMCR": {
        "close": 42.400001525878906,
        "sma200": 43.78842617034912,
        "sma50": 42.11739959716797,
        "rsi_weekly": 42.783170442563765,
        "rsi_monthly": 37.63833703446742,
        "52w_high": 50.73261260986328,
        "52w_low": 0
    },
    "AEE": {
        "close": 104.12999725341797,
        "sma200": 98.78493713378906,
        "sma50": 101.3066584777832,
        "rsi_weekly": 58.37331967356464,
        "rsi_monthly": 68.76177287418551,
        "52w_high": 105.5897445678711,
        "52w_low": 0
    }
}