{
    "last_scan_index": 100,
    "AAPL": {
        "close": 259.9599914550781,
        "sma200": 233.4022031402588,
        "sma50": 271.9906988525391,
        "rsi_weekly": 53.76185323676936,
        "rsi_monthly": 65.05591857113595,
        "52w_high": 286.19000244140625,
        "52w_low": 0
    },
    "NVDA": {
        "close": 183.13999938964844,
        "sma200": 163.26819328308105,
        "sma50": 185.1990216064453,
        "rsi_weekly": 55.83253759368561,
        "rsi_monthly": 76.36247316001227,
        "52w_high": 207.02847290039062,
        "52w_low": 0
    },
    "TSLA": {
        "close": 439.20001220703125,
        "sma200": 367.38165031433107,
        "sma50": 443.8000018310547,
        "rsi_weekly": 57.433070397524055,
        "rsi_monthly": 70.21254147643917,
        "52w_high": 489.8800048828125,
        "52w_low": 0
    },
    "MSFT": {
        "close": 459.3800048828125,
        "sma200": 480.2400968933105,
        "sma50": 486.88629821777346,
        "rsi_weekly": 46.924933049889525,
        "rsi_monthly": 64.94487752465768,
        "52w_high": 541.057373046875,
        "52w_low": 0
    },
    "AMD": {
        "close": 223.60000610351562,
        "sma200": 167.4197998046875,
        "sma50": 221.51639984130858,
        "rsi_weekly": 52.90812131363197,
        "rsi_monthly": 69.38721493424931,
        "52w_high": 264.3299865722656,
        "52w_low": 0
    },
    "BR": {
        "close": 220.9600067138672,
        "sma200": 235.89412086486817,
        "sma50": 224.97953857421874,
        "rsi_weekly": 42.95865123042908,
        "rsi_monthly": 49.66983180621113,
        "52w_high": 264.7299499511719,
        "52w_low": 0
    },
    "BRO": {
        "close": 79.43000030517578,
        "sma200": 96.65838661193848,
        "sma50": 79.72124877929687,
        "rsi_weekly": 36.95761625103227,
        "rsi_monthly": 51.392247657771065,
        "52w_high": 123.80648040771484,
        "52w_low": 0
    },
    "BLDR": {
        "close": 126.37999725341797,
        "sma200": 120.01249980926514,
        "sma50": 107.81340057373046,
        "rsi_weekly": 53.92409389147409,
        "rsi_monthly": 52.584272979150995,
        "52w_high": 173.50999450683594,
        "52w_low": 0
    },
    "BG": {
        "close": 105.45999908447266,
        "sma200": 83.41374729156495,
        "sma50": 94.02913208007813,
        "rsi_weekly": 64.7803528061902,
        "rsi_monthly": 65.71324231190982,
        "52w_high": 105.45999908447266,
        "52w_low": 0
    },
    "CDNS": {
        "close": 313.1700134277344,
        "sma200": 320.18820014953616,
        "sma50": 319.0044006347656,
        "rsi_weekly": 51.25968358300457,
        "rsi_monthly": 60.02370140142533,
        "52w_high": 373.3699951171875,
        "52w_low": 0
    },
    "CZR": {
        "close": 24.469999313354492,
        "sma200": 25.5014750289917,
        "sma50": 22.64720012664795,
        "rsi_weekly": 49.78319747039222,
        "rsi_monthly": 31.691570134862843,
        "52w_high": 39.7599983215332,
        "52w_low": 0
    },
    "CPT": {
        "close": 107.83999633789062,
        "sma200": 107.72304122924805,
        "sma50": 104.89890014648438,
        "rsi_weekly": 54.499644067647665,
        "rsi_monthly": 56.13714720570041,
        "52w_high": 120.87234497070312,
        "52w_low": 0
    },
    "CPB": {
        "close": 26.809999465942383,
        "sma200": 31.39995942115784,
        "sma50": 28.719501266479494,
        "rsi_weekly": 28.389879652064607,
        "rsi_monthly": 19.080520330440585,
        "52w_high": 40.011085510253906,
        "52w_low": 0
    },
    "COF": {
        "close": 234.4199981689453,
        "sma200": 210.11708602905273,
        "sma50": 230.16187591552733,
        "rsi_weekly": 67.45082500241301,
        "rsi_monthly": 75.86345117536585,
        "52w_high": 257.94000244140625,
        "52w_low": 0
    },
    "CAH": {
        "close": 213.55999755859375,
        "sma200": 164.77800872802734,
        "sma50": 203.63364685058593,
        "rsi_weekly": 67.28236558186396,
        "rsi_monthly": 79.6282241115539,
        "52w_high": 213.55999755859375,
        "52w_low": 0
    },
    "KMX": {
        "close": 46.79999923706055,
        "sma200": 55.10014977455139,
        "sma50": 38.72040004730225,
        "rsi_weekly": 46.53489603220004,
        "rsi_monthly": 45.538095683895804,
        "52w_high": 89.19000244140625,
        "52w_low": 0
    },
    "CCL": {
        "close": 30.18000030517578,
        "sma200": 26.734150094985964,
        "sma50": 28.138400192260743,
        "rsi_weekly": 63.745614591539734,
        "rsi_monthly": 59.18996459797011,
        "52w_high": 32.4900016784668,
        "52w_low": 0
    },
    "CARR": {
        "close": 55.599998474121094,
        "sma200": 63.0432977104187,
        "sma50": 54.128200149536134,
        "rsi_weekly": 43.9684027399498,
        "rsi_monthly": 41.205022087528235,
        "52w_high": 80.42076873779297,
        "52w_low": 0
    },
    "CAT": {
        "close": 638.75,
        "sma200": 445.89994262695313,
        "sma50": 582.918798828125,
        "rsi_weekly": 74.81866945143784,
        "rsi_monthly": 81.48119649990637,
        "52w_high": 638.75,
        "52w_low": 0
    },
    "CBOE": {
        "close": 268.80999755859375,
        "sma200": 238.12777572631836,
        "sma50": 254.88299987792968,
        "rsi_weekly": 60.77530211034613,
        "rsi_monthly": 76.10913300354412,
        "52w_high": 268.80999755859375,
        "52w_low": 0
    },
    "CBRE": {
        "close": 164.89999389648438,
        "sma200": 147.09990028381347,
        "sma50": 159.04480041503905,
        "rsi_weekly": 60.91943027257771,
        "rsi_monthly": 73.58677674784748,
        "52w_high": 166.9199981689453,
        "52w_low": 0
    },
    "CDW": {
        "close": 132.16000366210938,
        "sma200": 159.96654830932619,
        "sma50": 141.0960400390625,
        "rsi_weekly": 34.24016864719487,
        "rsi_monthly": 49.756468308755224,
        "52w_high": 203.0680389404297,
        "52w_low": 0
    },
    "CE": {
        "close": 46.959999084472656,
        "sma200": 46.674488887786865,
        "sma50": 41.119800109863284,
        "rsi_weekly": 49.946154359533516,
        "rsi_monthly": 36.96579482572712,
        "52w_high": 73.93795776367188,
        "52w_low": 0
    },
    "COR": {
        "close": 349.92999267578125,
        "sma200": 308.59120437622073,
        "sma50": 349.53930114746095,
        "rsi_weekly": 56.95372807987858,
        "rsi_monthly": 69.12058809448465,
        "52w_high": 374.75,
        "52w_low": 0
    },
    "CNC": {
        "close": 46.16999816894531,
        "sma200": 42.17704995155334,
        "sma50": 39.52840003967285,
        "rsi_weekly": 62.14367225703761,
        "rsi_monthly": 43.935138280302226,
        "52w_high": 65.88999938964844,
        "52w_low": 0
    },
    "CNP": {
        "close": 39.060001373291016,
        "sma200": 37.640700016021725,
        "sma50": 38.62869590759277,
        "rsi_weekly": 49.53869592224781,
        "rsi_monthly": 64.44411152486413,
        "52w_high": 39.996612548828125,
        "52w_low": 0
    },
    "CF": {
        "close": 85.05000305175781,
        "sma200": 84.5538175201416,
        "sma50": 79.8368962097168,
        "rsi_weekly": 49.62615449747268,
        "rsi_monthly": 58.06334884821497,
        "52w_high": 101.27503967285156,
        "52w_low": 0
    },
    "CHRW": {
        "close": 172.30999755859375,
        "sma200": 121.16671611785888,
        "sma50": 158.76482482910157,
        "rsi_weekly": 76.06362155122955,
        "rsi_monthly": 65.22846141800498,
        "52w_high": 173.4199981689453,
        "52w_low": 0
    },
    "CRL": {
        "close": 216.38999938964844,
        "sma200": 160.63095012664795,
        "sma50": 188.55300048828124,
        "rsi_weekly": 68.84978697774218,
        "rsi_monthly": 69.54139212632656,
        "52w_high": 220.91000366210938,
        "52w_low": 0
    }
}