{
    "last_scan_index": 50,
    "AAPL": {
        "close": 248.64999389648438,
        "sma200": 234.10051803588868,
        "sma50": 270.6133981323242,
        "rsi_weekly": 51.059659239978934,
        "rsi_monthly": 65.05591486598358,
        "52w_high": 286.19000244140625,
        "52w_low": 0
    },
    "NVDA": {
        "close": 183.860107421875,
        "sma200": 164.79088470458984,
        "sma50": 184.12690185546876,
        "rsi_weekly": 56.61352282344722,
        "rsi_monthly": 76.36247205958273,
        "52w_high": 207.02847290039062,
        "52w_low": 0
    },
    "TSLA": {
        "close": 433.7142028808594,
        "sma200": 370.6385213470459,
        "sma50": 441.96848571777343,
        "rsi_weekly": 55.767272209839355,
        "rsi_monthly": 70.21254147643917,
        "52w_high": 489.8800048828125,
        "52w_low": 0
    },
    "MSFT": {
        "close": 443.8699951171875,
        "sma200": 481.7908334350586,
        "sma50": 482.5481524658203,
        "rsi_weekly": 40.972927860418054,
        "rsi_monthly": 64.94486305291741,
        "52w_high": 541.057373046875,
        "52w_low": 0
    },
    "AMD": {
        "close": 249.47999572753906,
        "sma200": 170.11414978027344,
        "sma50": 220.26480010986327,
        "rsi_weekly": 60.57175331207617,
        "rsi_monthly": 69.38721493424931,
        "52w_high": 264.3299865722656,
        "52w_low": 0
    },
    "AEP": {
        "close": 119.04000091552734,
        "sma200": 109.9119276046753,
        "sma50": 118.06140014648437,
        "rsi_weekly": 62.06869023722167,
        "rsi_monthly": 75.84523315712666,
        "52w_high": 123.7699966430664,
        "52w_low": 0
    },
    "AXP": {
        "close": 360.4599914550781,
        "sma200": 322.1198964691162,
        "sma50": 367.247509765625,
        "rsi_weekly": 57.80525067882578,
        "rsi_monthly": 80.55170931052771,
        "52w_high": 384.0368957519531,
        "52w_low": 0
    },
    "AIG": {
        "close": 72.19999694824219,
        "sma200": 79.8908373260498,
        "sma50": 78.89672286987305,
        "rsi_weekly": 39.61865832858654,
        "rsi_monthly": 67.04861250163664,
        "52w_high": 86.58999633789062,
        "52w_low": 0
    },
    "AMT": {
        "close": 178.3699951171875,
        "sma200": 196.54994567871094,
        "sma50": 176.73168701171875,
        "rsi_weekly": 48.166622854504894,
        "rsi_monthly": 45.47565593000035,
        "52w_high": 228.10018920898438,
        "52w_low": 0
    },
    "AWK": {
        "close": 130.92999267578125,
        "sma200": 137.47257041931152,
        "sma50": 130.5012991333008,
        "rsi_weekly": 48.59226021343961,
        "rsi_monthly": 40.57745785769865,
        "52w_high": 149.23484802246094,
        "52w_low": 0
    },
    "AMP": {
        "close": 505.375,
        "sma200": 492.46707733154295,
        "sma50": 481.0360992431641,
        "rsi_weekly": 56.90841942831411,
        "rsi_monthly": 62.214029468581195,
        "52w_high": 567.8557739257812,
        "52w_low": 0
    },
    "AME": {
        "close": 219.63999938964844,
        "sma200": 185.28892623901368,
        "sma50": 202.65168151855468,
        "rsi_weekly": 74.14234160982151,
        "rsi_monthly": 80.05660586688406,
        "52w_high": 219.63999938964844,
        "52w_low": 0
    },
    "AMGN": {
        "close": 342.7799987792969,
        "sma200": 295.86440505981443,
        "sma50": 330.9257366943359,
        "rsi_weekly": 59.00789775983025,
        "rsi_monthly": 39.793326834878755,
        "52w_high": 345.4599914550781,
        "52w_low": 0
    },
    "APH": {
        "close": 154.5,
        "sma200": 111.45650928497315,
        "sma50": 138.63699447631836,
        "rsi_weekly": 76.03381285095462,
        "rsi_monthly": 87.0590255928578,
        "52w_high": 154.5,
        "52w_low": 0
    },
    "ADI": {
        "close": 306.1700134277344,
        "sma200": 236.81603576660157,
        "sma50": 269.35528076171875,
        "rsi_weekly": 71.0399747237549,
        "rsi_monthly": 66.93936047267063,
        "52w_high": 306.1700134277344,
        "52w_low": 0
    },
    "AON": {
        "close": 333.3399963378906,
        "sma200": 355.993914642334,
        "sma50": 348.9386004638672,
        "rsi_weekly": 44.99532204096615,
        "rsi_monthly": 61.813184003551676,
        "52w_high": 407.60504150390625,
        "52w_low": 0
    },
    "APA": {
        "close": 26.344999313354492,
        "sma200": 20.967096090316772,
        "sma50": 24.965900001525878,
        "rsi_weekly": 59.31663086402199,
        "rsi_monthly": 43.94957790752193,
        "52w_high": 27.100000381469727,
        "52w_low": 0
    },
    "APO": {
        "close": 140.0500030517578,
        "sma200": 135.60797046661378,
        "sma50": 139.84137451171875,
        "rsi_weekly": 55.53746040564577,
        "rsi_monthly": 67.3214976084595,
        "52w_high": 169.6723175048828,
        "52w_low": 0
    },
    "AMAT": {
        "close": 326.0199890136719,
        "sma200": 200.81168441772462,
        "sma50": 263.4648910522461,
        "rsi_weekly": 82.40342207177727,
        "rsi_monthly": 79.0695823775126,
        "52w_high": 327.010009765625,
        "52w_low": 0
    },
    "APTV": {
        "close": 80.1500015258789,
        "sma200": 73.52440004348755,
        "sma50": 78.82619995117187,
        "rsi_weekly": 50.97257263116978,
        "rsi_monthly": 48.72551059290572,
        "52w_high": 88.66999816894531,
        "52w_low": 0
    },
    "ACGL": {
        "close": 92.07499694824219,
        "sma200": 91.17897510528564,
        "sma50": 93.3959001159668,
        "rsi_weekly": 47.276131329670385,
        "rsi_monthly": 64.04711913398052,
        "52w_high": 97.12000274658203,
        "52w_low": 0
    },
    "ADM": {
        "close": 67.45999908447266,
        "sma200": 55.644757461547854,
        "sma50": 59.66818855285644,
        "rsi_weekly": 65.46330462169202,
        "rsi_monthly": 48.40104354769759,
        "52w_high": 67.45999908447266,
        "52w_low": 0
    },
    "ANET": {
        "close": 127.18000030517578,
        "sma200": 119.29819931030273,
        "sma50": 128.77039901733397,
        "rsi_weekly": 50.89167196937698,
        "rsi_monthly": 65.79748500597414,
        "52w_high": 162.02999877929688,
        "52w_low": 0
    },
    "AJG": {
        "close": 249.3699951171875,
        "sma200": 293.87116104125977,
        "sma50": 253.44881408691407,
        "rsi_weekly": 41.97622173643774,
        "rsi_monthly": 52.18138422583812,
        "52w_high": 346.40545654296875,
        "52w_low": 0
    },
    "AIZ": {
        "close": 238.52000427246094,
        "sma200": 208.4088508605957,
        "sma50": 231.49854248046876,
        "rsi_weekly": 62.86196483831377,
        "rsi_monthly": 75.56334347276147,
        "52w_high": 242.1300048828125,
        "52w_low": 0
    },
    "T": {
        "close": 23.575000762939453,
        "sma200": 26.27321285247803,
        "sma50": 24.494194374084472,
        "rsi_weekly": 35.051503990788845,
        "rsi_monthly": 50.60913734856602,
        "52w_high": 28.964923858642578,
        "52w_low": 0
    },
    "ATO": {
        "close": 168.38999938964844,
        "sma200": 162.4594147491455,
        "sma50": 170.50640258789062,
        "rsi_weekly": 56.16287573625614,
        "rsi_monthly": 70.51277447237275,
        "52w_high": 178.1669921875,
        "52w_low": 0
    },
    "ADSK": {
        "close": 255.85000610351562,
        "sma200": 296.1437001037598,
        "sma50": 292.2190008544922,
        "rsi_weekly": 35.463218520838495,
        "rsi_monthly": 58.46462061753758,
        "52w_high": 326.7900085449219,
        "52w_low": 0
    }
}