{
    "last_scan_index": 400,
    "AAPL": {
        "close": 248.0399932861328,
        "sma200": 234.73456985473632,
        "sma50": 269.7683984375,
        "rsi_weekly": 51.059659220113765,
        "rsi_monthly": 65.05595324826423,
        "52w_high": 286.19000244140625,
        "52w_low": 0
    },
    "NVDA": {
        "close": 187.6699981689453,
        "sma200": 165.6911583709717,
        "sma50": 183.82273071289063,
        "rsi_weekly": 56.613522713241935,
        "rsi_monthly": 76.36247443855763,
        "52w_high": 207.02847290039062,
        "52w_low": 0
    },
    "TSLA": {
        "close": 449.05999755859375,
        "sma200": 372.75565032958986,
        "sma50": 442.3964013671875,
        "rsi_weekly": 55.767272209839355,
        "rsi_monthly": 70.21254147643917,
        "52w_high": 489.8800048828125,
        "52w_low": 0
    },
    "MSFT": {
        "close": 465.95001220703125,
        "sma200": 482.80811721801757,
        "sma50": 480.8758209228516,
        "rsi_weekly": 40.97292760329486,
        "rsi_monthly": 64.94485629897956,
        "52w_high": 541.057373046875,
        "52w_low": 0
    },
    "AMD": {
        "close": 259.67999267578125,
        "sma200": 171.83579975128174,
        "sma50": 220.9890002441406,
        "rsi_weekly": 60.57175331207617,
        "rsi_monthly": 69.38721493424931,
        "52w_high": 264.3299865722656,
        "52w_low": 0
    },
    "PFG": {
        "close": 91.20999908447266,
        "sma200": 80.06372470855713,
        "sma50": 87.65486221313476,
        "rsi_weekly": 61.96970870761657,
        "rsi_monthly": 65.68605106649765,
        "52w_high": 92.1500015258789,
        "52w_low": 0
    },
    "PG": {
        "close": 150.14999389648438,
        "sma200": 153.20172042846679,
        "sma50": 144.96400085449218,
        "rsi_weekly": 41.56817172509779,
        "rsi_monthly": 42.97760333817423,
        "52w_high": 172.77017211914062,
        "52w_low": 0
    },
    "PGR": {
        "close": 206.02999877929688,
        "sma200": 231.15311241149902,
        "sma50": 211.8267205810547,
        "rsi_weekly": 38.94762047489025,
        "rsi_monthly": 56.73480513656715,
        "52w_high": 273.5130615234375,
        "52w_low": 0
    },
    "PLD": {
        "close": 127.1500015258789,
        "sma200": 113.20154251098633,
        "sma50": 127.50076049804687,
        "rsi_weekly": 69.68556829320474,
        "rsi_monthly": 67.48234242124752,
        "52w_high": 133.2100067138672,
        "52w_low": 0
    },
    "PRU": {
        "close": 107.69000244140625,
        "sma200": 104.27887172698975,
        "sma50": 111.79235717773437,
        "rsi_weekly": 55.25299461726876,
        "rsi_monthly": 65.3044799602402,
        "52w_high": 118.72000122070312,
        "52w_low": 0
    },
    "PEG": {
        "close": 78.27999877929688,
        "sma200": 80.82982116699219,
        "sma50": 80.12226959228515,
        "rsi_weekly": 46.467146249893666,
        "rsi_monthly": 65.5541333140842,
        "52w_high": 88.72160339355469,
        "52w_low": 0
    },
    "PTC": {
        "close": 162.13999938964844,
        "sma200": 183.5960499572754,
        "sma50": 173.2560009765625,
        "rsi_weekly": 36.67637127008923,
        "rsi_monthly": 48.49976701847694,
        "52w_high": 216.52999877929688,
        "52w_low": 0
    },
    "PSA": {
        "close": 282.6300048828125,
        "sma200": 281.80664443969727,
        "sma50": 270.41479858398435,
        "rsi_weekly": 58.007954993650586,
        "rsi_monthly": 43.13086793033373,
        "52w_high": 308.3981628417969,
        "52w_low": 0
    },
    "PHM": {
        "close": 125.16000366210938,
        "sma200": 116.86957050323487,
        "sma50": 123.28576614379882,
        "rsi_weekly": 57.961519724514766,
        "rsi_monthly": 55.686273165316585,
        "52w_high": 140.89910888671875,
        "52w_low": 0
    },
    "QRVO": {
        "close": 80.91000366210938,
        "sma200": 83.70047481536865,
        "sma50": 84.87659942626954,
        "rsi_weekly": 43.23197880204791,
        "rsi_monthly": 64.763389588317,
        "52w_high": 97.41999816894531,
        "52w_low": 0
    },
    "PWR": {
        "close": 468.760009765625,
        "sma200": 391.4768048095703,
        "sma50": 443.1761346435547,
        "rsi_weekly": 63.997129034897355,
        "rsi_monthly": 75.22280013542364,
        "52w_high": 473.239990234375,
        "52w_low": 0
    },
    "QCOM": {
        "close": 155.82000732421875,
        "sma200": 159.03261028289796,
        "sma50": 170.66535369873046,
        "rsi_weekly": 45.79081593321656,
        "rsi_monthly": 63.86821532114989,
        "52w_high": 186.72589111328125,
        "52w_low": 0
    },
    "DGX": {
        "close": 181.02000427246094,
        "sma200": 176.81890800476074,
        "sma50": 181.47098754882813,
        "rsi_weekly": 59.83156185397285,
        "rsi_monthly": 52.72814115040786,
        "52w_high": 191.4753875732422,
        "52w_low": 0
    },
    "RL": {
        "close": 367.3699951171875,
        "sma200": 301.78369033813476,
        "sma50": 357.0011541748047,
        "rsi_weekly": 67.15804841781063,
        "rsi_monthly": 84.52631790245655,
        "52w_high": 370.76129150390625,
        "52w_low": 0
    },
    "RJF": {
        "close": 169.02999877929688,
        "sma200": 157.56353485107422,
        "sma50": 162.71394989013672,
        "rsi_weekly": 61.25418590846938,
        "rsi_monthly": 68.49608139115487,
        "52w_high": 175.32736206054688,
        "52w_low": 0
    },
    "RTX": {
        "close": 195.92999267578125,
        "sma200": 157.07272453308104,
        "sma50": 181.5831103515625,
        "rsi_weekly": 78.62315093626465,
        "rsi_monthly": 82.73181168608812,
        "52w_high": 201.9199981689453,
        "52w_low": 0
    },
    "O": {
        "close": 60.7400016784668,
        "sma200": 56.57295162200928,
        "sma50": 57.54524887084961,
        "rsi_weekly": 65.31944267896115,
        "rsi_monthly": 45.68031540253497,
        "52w_high": 61.790000915527344,
        "52w_low": 0
    },
    "REG": {
        "close": 71.13500213623047,
        "sma200": 69.6840249824524,
        "sma50": 69.18668594360352,
        "rsi_weekly": 55.73316819937507,
        "rsi_monthly": 51.850001645959026,
        "52w_high": 74.66252899169922,
        "52w_low": 0
    },
    "REGN": {
        "close": 753.5499877929688,
        "sma200": 612.5791558837891,
        "sma50": 748.8730505371094,
        "rsi_weekly": 56.947739446265466,
        "rsi_monthly": 54.970040947718644,
        "52w_high": 812.27001953125,
        "52w_low": 0
    },
    "RF": {
        "close": 27.479999542236328,
        "sma200": 24.299823722839356,
        "sma50": 26.770682678222656,
        "rsi_weekly": 63.058529268481216,
        "rsi_monthly": 65.85489342007426,
        "52w_high": 28.84000015258789,
        "52w_low": 0
    },
    "RSG": {
        "close": 217.61000061035156,
        "sma200": 229.2366527557373,
        "sma50": 212.42672088623047,
        "rsi_weekly": 39.09582157992135,
        "rsi_monthly": 61.447342901460836,
        "52w_high": 255.99310302734375,
        "52w_low": 0
    },
    "RMD": {
        "close": 252.3800048828125,
        "sma200": 256.0682345581055,
        "sma50": 250.04922119140625,
        "rsi_weekly": 51.867825445208894,
        "rsi_monthly": 41.17322981542644,
        "52w_high": 293.03302001953125,
        "52w_low": 0
    },
    "RVTY": {
        "close": 116.7300033569336,
        "sma200": 94.4975581741333,
        "sma50": 101.38861358642578,
        "rsi_weekly": 63.517141624783605,
        "rsi_monthly": 49.66725238713296,
        "52w_high": 126.48133087158203,
        "52w_low": 0
    },
    "RHI": {
        "close": 28.56999969482422,
        "sma200": 35.04015172958374,
        "sma50": 27.425171966552735,
        "rsi_weekly": 36.28424192919077,
        "rsi_monthly": 25.48470882851366,
        "52w_high": 66.38263702392578,
        "52w_low": 0
    },