{
    "last_scan_index": 375,
    "AAPL": {
        "close": 259.9599914550781,
        "sma200": 233.4022031402588,
        "sma50": 271.9906988525391,
        "rsi_weekly": 53.76185335763872,
        "rsi_monthly": 65.05595395699085,
        "52w_high": 286.19000244140625,
        "52w_low": 0
    },
    "NVDA": {
        "close": 183.13999938964844,
        "sma200": 163.26819301605224,
        "sma50": 185.1990216064453,
        "rsi_weekly": 55.832537379566745,
        "rsi_monthly": 76.36247426151608,
        "52w_high": 207.02847290039062,
        "52w_low": 0
    },
    "TSLA": {
        "close": 439.20001220703125,
        "sma200": 367.38165031433107,
        "sma50": 443.8000018310547,
        "rsi_weekly": 57.433070397524055,
        "rsi_monthly": 70.21254147643917,
        "52w_high": 489.8800048828125,
        "52w_low": 0
    },
    "MSFT": {
        "close": 459.3800048828125,
        "sma200": 480.24009796142576,
        "sma50": 486.88629821777346,
        "rsi_weekly": 46.924932788985615,
        "rsi_monthly": 64.944854827417,
        "52w_high": 541.057373046875,
        "52w_low": 0
    },
    "AMD": {
        "close": 223.60000610351562,
        "sma200": 167.4197998046875,
        "sma50": 221.51639984130858,
        "rsi_weekly": 52.90812131363197,
        "rsi_monthly": 69.38721493424931,
        "52w_high": 264.3299865722656,
        "52w_low": 0
    },
    "OMC": {
        "close": 80.18000030517578,
        "sma200": 74.28705245971679,
        "sma50": 75.69484756469727,
        "rsi_weekly": 54.90056254473871,
        "rsi_monthly": 45.46670712226171,
        "52w_high": 85.14193725585938,
        "52w_low": 0
    },
    "ON": {
        "close": 60.58000183105469,
        "sma200": 49.641050052642825,
        "sma50": 53.11380027770996,
        "rsi_weekly": 66.63842813991741,
        "rsi_monthly": 61.550226337426814,
        "52w_high": 62.45000076293945,
        "52w_low": 0
    },
    "OKE": {
        "close": 75.8499984741211,
        "sma200": 75.33811393737793,
        "sma50": 71.74199966430665,
        "rsi_weekly": 47.72022635597953,
        "rsi_monthly": 59.09154597163935,
        "52w_high": 104.35750579833984,
        "52w_low": 0
    },
    "ORCL": {
        "close": 193.61000061035156,
        "sma200": 216.30997661590575,
        "sma50": 207.95813018798827,
        "rsi_weekly": 42.600875896710626,
        "rsi_monthly": 53.69357753972245,
        "52w_high": 326.8970947265625,
        "52w_low": 0
    },
    "OTIS": {
        "close": 89.94999694824219,
        "sma200": 91.5190219116211,
        "sma50": 88.47349548339844,
        "rsi_weekly": 50.941932546568545,
        "rsi_monthly": 59.9075532401235,
        "52w_high": 102.87491607666016,
        "52w_low": 0
    },
    "PCAR": {
        "close": 119.0,
        "sma200": 97.17313785552979,
        "sma50": 106.48703491210938,
        "rsi_weekly": 72.59471679210745,
        "rsi_monthly": 72.91688465084803,
        "52w_high": 119.43000030517578,
        "52w_low": 0
    },
    "PKG": {
        "close": 219.9600067138672,
        "sma200": 198.24914115905761,
        "sma50": 202.6132992553711,
        "rsi_weekly": 61.98625924758684,
        "rsi_monthly": 66.4038163442522,
        "52w_high": 236.16151428222656,
        "52w_low": 0
    },
    "PANW": {
        "close": 190.92999267578125,
        "sma200": 192.6940502166748,
        "sma50": 194.12140014648438,
        "rsi_weekly": 47.43266878873063,
        "rsi_monthly": 41.463758262734274,
        "52w_high": 221.3800048828125,
        "52w_low": 0
    },
    "PH": {
        "close": 936.2100219726562,
        "sma200": 736.0415930175782,
        "sma50": 866.8150903320312,
        "rsi_weekly": 76.7789997803263,
        "rsi_monthly": 85.16236004556802,
        "52w_high": 938.3499755859375,
        "52w_low": 0
    },
    "PAYX": {
        "close": 110.29000091552734,
        "sma200": 132.6833015823364,
        "sma50": 112.39361297607422,
        "rsi_weekly": 38.20916639228043,
        "rsi_monthly": 41.10533296741621,
        "52w_high": 157.0591278076172,
        "52w_low": 0
    },
    "PAYC": {
        "close": 154.5800018310547,
        "sma200": 209.71660934448244,
        "sma50": 163.09080322265626,
        "rsi_weekly": 31.32847238289468,
        "rsi_monthly": 34.30215202973468,
        "52w_high": 264.67041015625,
        "52w_low": 0
    },
    "PYPL": {
        "close": 57.65999984741211,
        "sma200": 67.37453840255738,
        "sma50": 61.35781845092774,
        "rsi_weekly": 33.85673439075665,
        "rsi_monthly": 38.232637776079414,
        "52w_high": 91.5982437133789,
        "52w_low": 0
    },
    "PNR": {
        "close": 104.08000183105469,
        "sma200": 102.10051765441895,
        "sma50": 104.86100021362304,
        "rsi_weekly": 46.954925047210565,
        "rsi_monthly": 68.20961506716155,
        "52w_high": 112.33572387695312,
        "52w_low": 0
    },
    "PEP": {
        "close": 145.9199981689453,
        "sma200": 139.31581214904784,
        "sma50": 144.6825686645508,
        "rsi_weekly": 45.327535576763886,
        "rsi_monthly": 42.55347840091086,
        "52w_high": 152.22113037109375,
        "52w_low": 0
    },
    "PFE": {
        "close": 25.579999923706055,
        "sma200": 23.924100065231322,
        "sma50": 25.228339233398437,
        "rsi_weekly": 55.07166465478933,
        "rsi_monthly": 46.704944433411164,
        "52w_high": 26.896394729614258,
        "52w_low": 0
    },
    "PCG": {
        "close": 15.710000038146973,
        "sma200": 15.549116849899292,
        "sma50": 15.798231678009033,
        "rsi_weekly": 51.39526845027924,
        "rsi_monthly": 45.169552740643674,
        "52w_high": 17.75307846069336,
        "52w_low": 0
    },
    "PM": {
        "close": 171.0800018310547,
        "sma200": 161.9282469177246,
        "sma50": 155.05373107910157,
        "rsi_weekly": 54.81567310510803,
        "rsi_monthly": 63.337593873723804,
        "52w_high": 180.2153778076172,
        "52w_low": 0
    },
    "PSX": {
        "close": 141.38999938964844,
        "sma200": 124.11070190429687,
        "sma50": 136.11322784423828,
        "rsi_weekly": 59.22342368501158,
        "rsi_monthly": 49.6966227309196,
        "52w_high": 144.22000122070312,
        "52w_low": 0
    },
    "PNW": {
        "close": 92.30000305175781,
        "sma200": 89.13717384338379,
        "sma50": 88.68120040893555,
        "rsi_weekly": 51.468980659486824,
        "rsi_monthly": 59.38417814394086,
        "52w_high": 92.81592559814453,
        "52w_low": 0
    },
    "PNC": {
        "close": 212.32000732421875,
        "sma200": 186.3254224395752,
        "sma50": 199.97279998779297,
        "rsi_weekly": 67.9824827105553,
        "rsi_monthly": 58.820463551396095,
        "52w_high": 218.63999938964844,
        "52w_low": 0
    },
    "POOL": {
        "close": 265.3399963378906,
        "sma200": 288.09071517944335,
        "sma50": 241.60480224609375,
        "rsi_weekly": 41.66912260410909,
        "rsi_monthly": 45.12073553123396,
        "52w_high": 358.4319763183594,
        "52w_low": 0
    },
    "PPG": {
        "close": 108.56999969482422,
        "sma200": 105.51587799072266,
        "sma50": 100.80694595336914,
        "rsi_weekly": 54.82064879974394,
        "rsi_monthly": 39.60412716251936,
        "52w_high": 121.09014129638672,
        "52w_low": 0
    },
    "PPL": {
        "close": 35.529998779296875,
        "sma200": 35.102930297851564,
        "sma50": 35.16522979736328,
        "rsi_weekly": 46.06347282695089,
        "rsi_monthly": 63.58120477724131,
        "52w_high": 37.66332244873047,
        "52w_low": 0
    }
}